holiday,Ventas_promedio,Precio_promedio
0,11.285714285714286,97.0138029802381
1,12.784974093264248,106.00852032427461
2,14.884146341463415,111.99601527591463
3,22.45,100.16724903325
4,23.886363636363637,105.08935533136363
