entidad,periodo,AutoARIMA,AutoARIMA/MiddleOut_middle_level-entidad/level3/level4_top_down_method-forecast_proportions,Diferencia (%)
40002,2024-12-31 23:59:59.999999999,1596371600000.0,1695228940288.516,-5.8315019175929885
40002,2025-01-31 23:59:59.999999999,1562209700000.0,1687018733568.516,-7.398201909501627
40002,2025-02-28 23:59:59.999999999,1558383600000.0,1694777468928.516,-8.047894946275632
40002,2025-03-31 23:59:59.999999999,1557748800000.0,1699310235648.516,-8.330524686946955
40002,2025-04-30 23:59:59.999999999,1561171500000.0,1700082843648.516,-8.170859677308489
40002,2025-05-31 23:59:59.999999999,1566803500000.0,1704491921408.516,-8.077974839020447
40002,2025-06-30 23:59:59.999999999,1567741000000.0,1706679404544.516,-8.140858399917025
40002,2025-07-31 23:59:59.999999999,1570514900000.0,1709478596608.516,-8.129009001236408
40002,2025-08-31 23:59:59.999999999,1574605700000.0,1713423335424.516,-8.101771921655471
40002,2025-09-30 23:59:59.999999999,1579015700000.0,1719673542656.516,-8.179332060388091
40002,2025-10-31 23:59:59.999999999,1579219300000.0,1725057394688.516,-8.454101705459445
40002,2025-11-30 23:59:59.999999999,1432300600000.0,1662777753600.516,-13.860974559555508
40002,2025-12-31 23:59:59.999999999,1400186600000.0,1654344880128.516,-15.363077053000707
40002,2026-01-31 23:59:59.999999999,1392844900000.0,1653095149568.516,-15.743212609416071
40002,2026-02-28 23:59:59.999999999,1392022700000.0,1659260817408.516,-16.105856519043027
40002,2026-03-31 23:59:59.999999999,1391886200000.0,1662951452672.516,-16.30025021529578
40002,2026-04-30 23:59:59.999999999,1392621800000.0,1663428296704.516,-16.280023385980726
40002,2026-05-31 23:59:59.999999999,1393832100000.0,1666711437312.516,-16.37232044873464
40002,2026-06-30 23:59:59.999999999,1394033700000.0,1668459259904.516,-16.447843703670724
40002,2026-07-31 23:59:59.999999999,1394629700000.0,1670597701632.516,-16.519119378821053
40002,2026-08-31 23:59:59.999999999,1395508900000.0,1673562529792.516,-16.614474864646287
40002,2026-09-30 23:59:59.999999999,1396456700000.0,1678033641472.516,-16.78017346883614
40002,2026-10-31 23:59:59.999999999,1396500300000.0,1681278584832.516,-16.938195422080206
40002,2026-11-30 23:59:59.999999999,1364926400000.0,1637676474368.516,-16.654698298068173
40002,2026-12-31 23:59:59.999999999,1358024900000.0,1631898163200.516,-16.782495133605007
40002,2027-01-31 23:59:59.999999999,1356447100000.0,1631300476928.516,-16.84872849458256
40002,2027-02-28 23:59:59.999999999,1356270400000.0,1635888985088.516,-17.09276020887116
40002,2027-03-31 23:59:59.999999999,1356241000000.0,1638829613056.516,-17.243316043909616
40002,2027-04-30 23:59:59.999999999,1356399100000.0,1639382163456.516,-17.26156679488737
40002,2027-05-31 23:59:59.999999999,1356659300000.0,1642002957312.516,-17.377780096787472
40012,2024-12-31 23:59:59.999999999,7859486000000.0,7829571806720.0,0.3820676105725866
40012,2025-01-31 23:59:59.999999999,7943967700000.0,7890538571264.0,0.6771295021429835
40012,2025-02-28 23:59:59.999999999,8028449000000.0,7953543000064.0,0.9417926403792279
40012,2025-03-31 23:59:59.999999999,8112930000000.0,8019296942592.0,1.1675972051701564
40012,2025-04-30 23:59:59.999999999,8197411000000.0,8087251543552.0,1.3621393164632147
40012,2025-05-31 23:59:59.999999999,8281893000000.0,8152787766784.0,1.5835697496995877
40012,2025-06-30 23:59:59.999999999,8366374000000.0,8217899127808.0,1.8067253488861383
40012,2025-07-31 23:59:59.999999999,8450855000000.0,8285535853568.0,1.9952757519817934
40012,2025-08-31 23:59:59.999999999,8535336300000.0,8351114027008.0,2.205960314422893
40012,2025-09-30 23:59:59.999999999,8619818000000.0,8418904263168.0,2.3864589734673736
40012,2025-10-31 23:59:59.999999999,8704299000000.0,8504691675648.0,2.3470272441215956
40012,2025-11-30 23:59:59.999999999,8788780000000.0,8560273116672.0,2.6693907238422003
40012,2025-12-31 23:59:59.999999999,8873262000000.0,8621219185152.0,2.923516196341275
40012,2026-01-31 23:59:59.999999999,8957743000000.0,8683535021056.0,3.1577868370784064
40012,2026-02-28 23:59:59.999999999,9042224000000.0,8747449478656.0,3.369836432611104
40012,2026-03-31 23:59:59.999999999,9126706000000.0,8813522150400.0,3.5534458702845177
40012,2026-04-30 23:59:59.999999999,9211187000000.0,8881705296384.0,3.7096616527249715
40012,2026-05-31 23:59:59.999999999,9295668000000.0,8947618713088.0,3.889855850058694
40012,2026-06-30 23:59:59.999999999,9380149000000.0,9012788198912.0,4.0759928960091045
40012,2026-07-31 23:59:59.999999999,9464630000000.0,9080782347264.0,4.227038099329093
40012,2026-08-31 23:59:59.999999999,9549112000000.0,9146648726528.0,4.400118923040484
40012,2026-09-30 23:59:59.999999999,9633593000000.0,9214657844224.0,4.546396984220092
40012,2026-10-31 23:59:59.999999999,9718074000000.0,9301015390720.0,4.484016351850323
40012,2026-11-30 23:59:59.999999999,9802556000000.0,9357308796928.0,4.758283878738452
40012,2026-12-31 23:59:59.999999999,9887037000000.0,9418478045696.0,4.974887529797016
40012,2027-01-31 23:59:59.999999999,9971518000000.0,9481064710144.0,5.17298121578321
40012,2027-02-28 23:59:59.999999999,10055999000000.0,9545199909376.0,5.351371628898578
40012,2027-03-31 23:59:59.999999999,10140481000000.0,9611399206912.0,5.504729146236201
40012,2027-04-30 23:59:59.999999999,10224962000000.0,9679686815744.0,5.633194195426962
40012,2027-05-31 23:59:59.999999999,10309443000000.0,9745719861248.0,5.78431497061123
40014,2024-12-31 23:59:59.999999999,3575151900000.0,3576333795584.0,-0.03304898489787064
40014,2025-01-31 23:59:59.999999999,3588711000000.0,3591369427712.0,-0.07402295813643558
40014,2025-02-28 23:59:59.999999999,3599592600000.0,3606617067520.0,-0.19476645633549913
40014,2025-03-31 23:59:59.999999999,3612328000000.0,3621615223296.0,-0.25643685624746854
40014,2025-04-30 23:59:59.999999999,3623780000000.0,3636761632768.0,-0.3569533618874969
40014,2025-05-31 23:59:59.999999999,3636120800000.0,3651643004928.0,-0.42507507188003596
40014,2025-06-30 23:59:59.999999999,3647846200000.0,3666745402880.0,-0.5154211985690599
40014,2025-07-31 23:59:59.999999999,3659997400000.0,3681549714688.0,-0.5854147234251458
40014,2025-08-31 23:59:59.999999999,3671854000000.0,3696591662336.0,-0.6692048517029705
40014,2025-09-30 23:59:59.999999999,3683914600000.0,3711350673920.0,-0.7392473413195824
40014,2025-10-31 23:59:59.999999999,3695833800000.0,3726286708992.0,-0.8172461016086935
40014,2025-11-30 23:59:59.999999999,3707851000000.0,3741009049088.0,-0.8863402166878859
40014,2025-12-31 23:59:59.999999999,3719800300000.0,3755986775552.0,-0.9634348145084147
40014,2026-01-31 23:59:59.999999999,3731796500000.0,3770656252416.0,-1.0305826030973024
40014,2026-02-28 23:59:59.999999999,3743760300000.0,3785497545984.0,-1.1025576571903664
40014,2026-03-31 23:59:59.999999999,3755746500000.0,3800145880320.0,-1.168359229732024
40014,2026-04-30 23:59:59.999999999,3767717300000.0,3814936953856.0,-1.23775631113044
40014,2026-05-31 23:59:59.999999999,3779699000000.0,3829531497728.0,-1.3012717913291716
40014,2026-06-30 23:59:59.999999999,3791672800000.0,3844323538944.0,-1.3695700248596314
40014,2026-07-31 23:59:59.999999999,3803652000000.0,3858882871808.0,-1.4312650365084216
40014,2026-08-31 23:59:59.999999999,3815627600000.0,3873635019264.0,-1.497494321471246
40014,2026-09-30 23:59:59.999999999,3827605700000.0,3888223198720.0,-1.5590025318493863
40014,2026-10-31 23:59:59.999999999,3839582300000.0,3902917093120.0,-1.622755955939869
40014,2026-11-30 23:59:59.999999999,3851559600000.0,3917459883776.0,-1.6822189080460834
40014,2026-12-31 23:59:59.999999999,3863536500000.0,3932201378560.0,-1.746220602189646
40014,2027-01-31 23:59:59.999999999,3875513800000.0,3946716866048.0,-1.8041081014078
40014,2027-02-28 23:59:59.999999999,3887490700000.0,3961374552576.0,-1.865107406416665
40014,2027-03-31 23:59:59.999999999,3899468000000.0,3975896639488.0,-1.9222989091044924
40014,2027-04-30 23:59:59.999999999,3911444900000.0,3990535055360.0,-1.9819447124457097
40014,2027-05-31 23:59:59.999999999,3923422000000.0,4005041228544.0,-2.0379134655168585
40021,2024-12-31 23:59:59.999999999,2053174000000.0,2049997297293.375,0.15495819622880172
40021,2025-01-31 23:59:59.999999999,2061900800000.0,2056518029894.75,0.26174392769731686
40021,2025-02-28 23:59:59.999999999,2070393400000.0,2064078967570.0,0.3059195692223852
40021,2025-03-31 23:59:59.999999999,2078678000000.0,2071173508991.125,0.3623331380155827
40021,2025-04-30 23:59:59.999999999,2086778000000.0,2078989586269.875,0.3746270879643538
40021,2025-05-31 23:59:59.999999999,2094713900000.0,2088192300527.875,0.3123098001307827
40021,2025-06-30 23:59:59.999999999,2102504300000.0,2095380026698.25,0.34000030213974886
40021,2025-07-31 23:59:59.999999999,2110165500000.0,2100371009105.625,0.4663211581150922
40021,2025-08-31 23:59:59.999999999,2117711800000.0,2107653224574.375,0.4772416143389176
40021,2025-09-30 23:59:59.999999999,2125156200000.0,2113585572469.75,0.5474401340055325
40021,2025-10-31 23:59:59.999999999,2132510000000.0,2125821624712.5,0.31462461053873914
40021,2025-11-30 23:59:59.999999999,2139783400000.0,2129591630903.0,0.47857998186621453
40021,2025-12-31 23:59:59.999999999,2146985400000.0,2135429981751.0,0.541130436293903
40021,2026-01-31 23:59:59.999999999,2154124100000.0,2141652622647.0,0.5823318850647998
40021,2026-02-28 23:59:59.999999999,2161206500000.0,2147642203959.0,0.6315898057877313
40021,2026-03-31 23:59:59.999999999,2168238900000.0,2153322971447.0,0.6926934765840874
40021,2026-04-30 23:59:59.999999999,2175227000000.0,2159918302519.0,0.7087629352992778
40021,2026-05-31 23:59:59.999999999,2182175500000.0,2166301816631.0,0.7327559836369685
40021,2026-06-30 23:59:59.999999999,2189089200000.0,2172157054007.0,0.7795073363486835
40021,2026-07-31 23:59:59.999999999,2195971800000.0,2178515355447.0,0.8012985921514514
40021,2026-08-31 23:59:59.999999999,2202826700000.0,2184655500087.0,0.8317651346070978
40021,2026-09-30 23:59:59.999999999,2209657000000.0,2191253807927.0,0.8398533715457709
40021,2026-10-31 23:59:59.999999999,2216466000000.0,2200802084663.0,0.711739170648712
40021,2026-11-30 23:59:59.999999999,2223255300000.0,2204454739511.0,0.852845049437051
40021,2026-12-31 23:59:59.999999999,2230027600000.0,2210069188919.0,0.9030650217227874
40021,2027-01-31 23:59:59.999999999,2236784600000.0,2216098319671.0,0.9334538368347782
40021,2027-02-28 23:59:59.999999999,2243528200000.0,2221931803447.0,0.9719661685158981
40021,2027-03-31 23:59:59.999999999,2250259600000.0,2227551438647.0,1.0194208517488945
40021,2027-04-30 23:59:59.999999999,2256980400000.0,2233927047223.0,1.031965800927013
40021,2027-05-31 23:59:59.999999999,2263691800000.0,2240162551863.0,1.050337582575524
40072,2024-12-31 23:59:59.999999999,4583342500000.0,4583761197717.5,-0.009134954537084204
40072,2025-01-31 23:59:59.999999999,4623038400000.0,4617724638357.5,0.11507348113312538
40072,2025-02-28 23:59:59.999999999,4651309600000.0,4648659126677.5,0.0570157957869961
40072,2025-03-31 23:59:59.999999999,4681445000000.0,4680695591573.5,0.0160137534226622
40072,2025-04-30 23:59:59.999999999,4711445400000.0,4713375490709.5,-0.04094858220619868
40072,2025-05-31 23:59:59.999999999,4737416600000.0,4744529569429.5,-0.14992021201282754
40072,2025-06-30 23:59:59.999999999,4770419000000.0,4778349290901.5,-0.1659647096247296
40072,2025-07-31 23:59:59.999999999,4799324000000.0,4810936775061.5,-0.24138358520314476
40072,2025-08-31 23:59:59.999999999,4834435500000.0,4845666513301.5,-0.23177374090170294
40072,2025-09-30 23:59:59.999999999,4865566700000.0,4878080881301.5,-0.2565389543553682
40072,2025-10-31 23:59:59.999999999,4889513000000.0,4908775991189.5,-0.3924187515599419
40072,2025-11-30 23:59:59.999999999,4916794400000.0,4938569018005.5,-0.4409102741727796
40072,2025-12-31 23:59:59.999999999,4949079500000.0,4969669215893.5,-0.4143077625297876
40072,2026-01-31 23:59:59.999999999,4980674000000.0,5001656154517.5,-0.4195014581829865
40072,2026-02-28 23:59:59.999999999,5013542300000.0,5034456649365.5,-0.4154246981972895
40072,2026-03-31 23:59:59.999999999,5046203000000.0,5067664268949.5,-0.42349835795157853
40072,2026-04-30 23:59:59.999999999,5078878500000.0,5101120257941.5,-0.43601674771093135
40072,2026-05-31 23:59:59.999999999,5112003000000.0,5134414502549.5,-0.4364950940827149
40072,2026-06-30 23:59:59.999999999,5144344000000.0,5167438543509.5,-0.4469294196543073
40072,2026-07-31 23:59:59.999999999,5177141000000.0,5200796724885.5,-0.4548461628640331
40072,2026-08-31 23:59:59.999999999,5209247000000.0,5233783184789.5,-0.468805434294788
40072,2026-09-30 23:59:59.999999999,5241796300000.0,5266777331861.5,-0.4743134859029754
40072,2026-10-31 23:59:59.999999999,5275147000000.0,5300854778261.5,-0.48497834151063746
40072,2026-11-30 23:59:59.999999999,5308125000000.0,5333633637013.5,-0.47825963666644383
40072,2026-12-31 23:59:59.999999999,5340546000000.0,5365427265173.5,-0.46373424593792195
40072,2027-01-31 23:59:59.999999999,5373043400000.0,5398127358869.5,-0.4646787359006141
40072,2027-02-28 23:59:59.999999999,5405399300000.0,5431065312149.5,-0.47257751741788473
40072,2027-03-31 23:59:59.999999999,5437778300000.0,5463840597141.5,-0.4769959856284045
40072,2027-04-30 23:59:59.999999999,5470155700000.0,5496967971221.5,-0.48776469300660585
40072,2027-05-31 23:59:59.999999999,5502483000000.0,5529967938709.5,-0.49702209759852733
40002,2024-12-31 23:59:59.999999999,1596371600000.0,1695228940288.516,-5.8315019175929885
40002,2025-01-31 23:59:59.999999999,1562209700000.0,1687018733568.516,-7.398201909501627
40002,2025-02-28 23:59:59.999999999,1558383600000.0,1694777468928.516,-8.047894946275632
40002,2025-03-31 23:59:59.999999999,1557748800000.0,1699310235648.516,-8.330524686946955
40002,2025-04-30 23:59:59.999999999,1561171500000.0,1700082843648.516,-8.170859677308489
40002,2025-05-31 23:59:59.999999999,1566803500000.0,1704491921408.516,-8.077974839020447
40002,2025-06-30 23:59:59.999999999,1567741000000.0,1706679404544.516,-8.140858399917025
40002,2025-07-31 23:59:59.999999999,1570514900000.0,1709478596608.516,-8.129009001236408
40002,2025-08-31 23:59:59.999999999,1574605700000.0,1713423335424.516,-8.101771921655471
40002,2025-09-30 23:59:59.999999999,1579015700000.0,1719673542656.516,-8.179332060388091
40002,2025-10-31 23:59:59.999999999,1579219300000.0,1725057394688.516,-8.454101705459445
40002,2025-11-30 23:59:59.999999999,1432300600000.0,1662777753600.516,-13.860974559555508
40002,2025-12-31 23:59:59.999999999,1400186600000.0,1654344880128.516,-15.363077053000707
40002,2026-01-31 23:59:59.999999999,1392844900000.0,1653095149568.516,-15.743212609416071
40002,2026-02-28 23:59:59.999999999,1392022700000.0,1659260817408.516,-16.105856519043027
40002,2026-03-31 23:59:59.999999999,1391886200000.0,1662951452672.516,-16.30025021529578
40002,2026-04-30 23:59:59.999999999,1392621800000.0,1663428296704.516,-16.280023385980726
40002,2026-05-31 23:59:59.999999999,1393832100000.0,1666711437312.516,-16.37232044873464
40002,2026-06-30 23:59:59.999999999,1394033700000.0,1668459259904.516,-16.447843703670724
40002,2026-07-31 23:59:59.999999999,1394629700000.0,1670597701632.516,-16.519119378821053
40002,2026-08-31 23:59:59.999999999,1395508900000.0,1673562529792.516,-16.614474864646287
40002,2026-09-30 23:59:59.999999999,1396456700000.0,1678033641472.516,-16.78017346883614
40002,2026-10-31 23:59:59.999999999,1396500300000.0,1681278584832.516,-16.938195422080206
40002,2026-11-30 23:59:59.999999999,1364926400000.0,1637676474368.516,-16.654698298068173
40002,2026-12-31 23:59:59.999999999,1358024900000.0,1631898163200.516,-16.782495133605007
40002,2027-01-31 23:59:59.999999999,1356447100000.0,1631300476928.516,-16.84872849458256
40002,2027-02-28 23:59:59.999999999,1356270400000.0,1635888985088.516,-17.09276020887116
40002,2027-03-31 23:59:59.999999999,1356241000000.0,1638829613056.516,-17.243316043909616
40002,2027-04-30 23:59:59.999999999,1356399100000.0,1639382163456.516,-17.26156679488737
40002,2027-05-31 23:59:59.999999999,1356659300000.0,1642002957312.516,-17.377780096787472
40012,2024-12-31 23:59:59.999999999,7859486000000.0,7829571806720.0,0.3820676105725866
40012,2025-01-31 23:59:59.999999999,7943967700000.0,7890538571264.0,0.6771295021429835
40012,2025-02-28 23:59:59.999999999,8028449000000.0,7953543000064.0,0.9417926403792279
40012,2025-03-31 23:59:59.999999999,8112930000000.0,8019296942592.0,1.1675972051701564
40012,2025-04-30 23:59:59.999999999,8197411000000.0,8087251543552.0,1.3621393164632147
40012,2025-05-31 23:59:59.999999999,8281893000000.0,8152787766784.0,1.5835697496995877
40012,2025-06-30 23:59:59.999999999,8366374000000.0,8217899127808.0,1.8067253488861383
40012,2025-07-31 23:59:59.999999999,8450855000000.0,8285535853568.0,1.9952757519817934
40012,2025-08-31 23:59:59.999999999,8535336300000.0,8351114027008.0,2.205960314422893
40012,2025-09-30 23:59:59.999999999,8619818000000.0,8418904263168.0,2.3864589734673736
40012,2025-10-31 23:59:59.999999999,8704299000000.0,8504691675648.0,2.3470272441215956
40012,2025-11-30 23:59:59.999999999,8788780000000.0,8560273116672.0,2.6693907238422003
40012,2025-12-31 23:59:59.999999999,8873262000000.0,8621219185152.0,2.923516196341275
40012,2026-01-31 23:59:59.999999999,8957743000000.0,8683535021056.0,3.1577868370784064
40012,2026-02-28 23:59:59.999999999,9042224000000.0,8747449478656.0,3.369836432611104
40012,2026-03-31 23:59:59.999999999,9126706000000.0,8813522150400.0,3.5534458702845177
40012,2026-04-30 23:59:59.999999999,9211187000000.0,8881705296384.0,3.7096616527249715
40012,2026-05-31 23:59:59.999999999,9295668000000.0,8947618713088.0,3.889855850058694
40012,2026-06-30 23:59:59.999999999,9380149000000.0,9012788198912.0,4.0759928960091045
40012,2026-07-31 23:59:59.999999999,9464630000000.0,9080782347264.0,4.227038099329093
40012,2026-08-31 23:59:59.999999999,9549112000000.0,9146648726528.0,4.400118923040484
40012,2026-09-30 23:59:59.999999999,9633593000000.0,9214657844224.0,4.546396984220092
40012,2026-10-31 23:59:59.999999999,9718074000000.0,9301015390720.0,4.484016351850323
40012,2026-11-30 23:59:59.999999999,9802556000000.0,9357308796928.0,4.758283878738452
40012,2026-12-31 23:59:59.999999999,9887037000000.0,9418478045696.0,4.974887529797016
40012,2027-01-31 23:59:59.999999999,9971518000000.0,9481064710144.0,5.17298121578321
40012,2027-02-28 23:59:59.999999999,10055999000000.0,9545199909376.0,5.351371628898578
40012,2027-03-31 23:59:59.999999999,10140481000000.0,9611399206912.0,5.504729146236201
40012,2027-04-30 23:59:59.999999999,10224962000000.0,9679686815744.0,5.633194195426962
40012,2027-05-31 23:59:59.999999999,10309443000000.0,9745719861248.0,5.78431497061123
40014,2024-12-31 23:59:59.999999999,3575151900000.0,3576333795584.0,-0.03304898489787064
40014,2025-01-31 23:59:59.999999999,3588711000000.0,3591369427712.0,-0.07402295813643558
40014,2025-02-28 23:59:59.999999999,3599592600000.0,3606617067520.0,-0.19476645633549913
40014,2025-03-31 23:59:59.999999999,3612328000000.0,3621615223296.0,-0.25643685624746854
40014,2025-04-30 23:59:59.999999999,3623780000000.0,3636761632768.0,-0.3569533618874969
40014,2025-05-31 23:59:59.999999999,3636120800000.0,3651643004928.0,-0.42507507188003596
40014,2025-06-30 23:59:59.999999999,3647846200000.0,3666745402880.0,-0.5154211985690599
40014,2025-07-31 23:59:59.999999999,3659997400000.0,3681549714688.0,-0.5854147234251458
40014,2025-08-31 23:59:59.999999999,3671854000000.0,3696591662336.0,-0.6692048517029705
40014,2025-09-30 23:59:59.999999999,3683914600000.0,3711350673920.0,-0.7392473413195824
40014,2025-10-31 23:59:59.999999999,3695833800000.0,3726286708992.0,-0.8172461016086935
40014,2025-11-30 23:59:59.999999999,3707851000000.0,3741009049088.0,-0.8863402166878859
40014,2025-12-31 23:59:59.999999999,3719800300000.0,3755986775552.0,-0.9634348145084147
40014,2026-01-31 23:59:59.999999999,3731796500000.0,3770656252416.0,-1.0305826030973024
40014,2026-02-28 23:59:59.999999999,3743760300000.0,3785497545984.0,-1.1025576571903664
40014,2026-03-31 23:59:59.999999999,3755746500000.0,3800145880320.0,-1.168359229732024
40014,2026-04-30 23:59:59.999999999,3767717300000.0,3814936953856.0,-1.23775631113044
40014,2026-05-31 23:59:59.999999999,3779699000000.0,3829531497728.0,-1.3012717913291716
40014,2026-06-30 23:59:59.999999999,3791672800000.0,3844323538944.0,-1.3695700248596314
40014,2026-07-31 23:59:59.999999999,3803652000000.0,3858882871808.0,-1.4312650365084216
40014,2026-08-31 23:59:59.999999999,3815627600000.0,3873635019264.0,-1.497494321471246
40014,2026-09-30 23:59:59.999999999,3827605700000.0,3888223198720.0,-1.5590025318493863
40014,2026-10-31 23:59:59.999999999,3839582300000.0,3902917093120.0,-1.622755955939869
40014,2026-11-30 23:59:59.999999999,3851559600000.0,3917459883776.0,-1.6822189080460834
40014,2026-12-31 23:59:59.999999999,3863536500000.0,3932201378560.0,-1.746220602189646
40014,2027-01-31 23:59:59.999999999,3875513800000.0,3946716866048.0,-1.8041081014078
40014,2027-02-28 23:59:59.999999999,3887490700000.0,3961374552576.0,-1.865107406416665
40014,2027-03-31 23:59:59.999999999,3899468000000.0,3975896639488.0,-1.9222989091044924
40014,2027-04-30 23:59:59.999999999,3911444900000.0,3990535055360.0,-1.9819447124457097
40014,2027-05-31 23:59:59.999999999,3923422000000.0,4005041228544.0,-2.0379134655168585
40021,2024-12-31 23:59:59.999999999,2053174000000.0,2049997297293.375,0.15495819622880172
40021,2025-01-31 23:59:59.999999999,2061900800000.0,2056518029894.75,0.26174392769731686
40021,2025-02-28 23:59:59.999999999,2070393400000.0,2064078967570.0,0.3059195692223852
40021,2025-03-31 23:59:59.999999999,2078678000000.0,2071173508991.125,0.3623331380155827
40021,2025-04-30 23:59:59.999999999,2086778000000.0,2078989586269.875,0.3746270879643538
40021,2025-05-31 23:59:59.999999999,2094713900000.0,2088192300527.875,0.3123098001307827
40021,2025-06-30 23:59:59.999999999,2102504300000.0,2095380026698.25,0.34000030213974886
40021,2025-07-31 23:59:59.999999999,2110165500000.0,2100371009105.625,0.4663211581150922
40021,2025-08-31 23:59:59.999999999,2117711800000.0,2107653224574.375,0.4772416143389176
40021,2025-09-30 23:59:59.999999999,2125156200000.0,2113585572469.75,0.5474401340055325
40021,2025-10-31 23:59:59.999999999,2132510000000.0,2125821624712.5,0.31462461053873914
40021,2025-11-30 23:59:59.999999999,2139783400000.0,2129591630903.0,0.47857998186621453
40021,2025-12-31 23:59:59.999999999,2146985400000.0,2135429981751.0,0.541130436293903
40021,2026-01-31 23:59:59.999999999,2154124100000.0,2141652622647.0,0.5823318850647998
40021,2026-02-28 23:59:59.999999999,2161206500000.0,2147642203959.0,0.6315898057877313
40021,2026-03-31 23:59:59.999999999,2168238900000.0,2153322971447.0,0.6926934765840874
40021,2026-04-30 23:59:59.999999999,2175227000000.0,2159918302519.0,0.7087629352992778
40021,2026-05-31 23:59:59.999999999,2182175500000.0,2166301816631.0,0.7327559836369685
40021,2026-06-30 23:59:59.999999999,2189089200000.0,2172157054007.0,0.7795073363486835
40021,2026-07-31 23:59:59.999999999,2195971800000.0,2178515355447.0,0.8012985921514514
40021,2026-08-31 23:59:59.999999999,2202826700000.0,2184655500087.0,0.8317651346070978
40021,2026-09-30 23:59:59.999999999,2209657000000.0,2191253807927.0,0.8398533715457709
40021,2026-10-31 23:59:59.999999999,2216466000000.0,2200802084663.0,0.711739170648712
40021,2026-11-30 23:59:59.999999999,2223255300000.0,2204454739511.0,0.852845049437051
40021,2026-12-31 23:59:59.999999999,2230027600000.0,2210069188919.0,0.9030650217227874
40021,2027-01-31 23:59:59.999999999,2236784600000.0,2216098319671.0,0.9334538368347782
40021,2027-02-28 23:59:59.999999999,2243528200000.0,2221931803447.0,0.9719661685158981
40021,2027-03-31 23:59:59.999999999,2250259600000.0,2227551438647.0,1.0194208517488945
40021,2027-04-30 23:59:59.999999999,2256980400000.0,2233927047223.0,1.031965800927013
40021,2027-05-31 23:59:59.999999999,2263691800000.0,2240162551863.0,1.050337582575524
40072,2024-12-31 23:59:59.999999999,4583342500000.0,4583761197717.5,-0.009134954537084204
40072,2025-01-31 23:59:59.999999999,4623038400000.0,4617724638357.5,0.11507348113312538
40072,2025-02-28 23:59:59.999999999,4651309600000.0,4648659126677.5,0.0570157957869961
40072,2025-03-31 23:59:59.999999999,4681445000000.0,4680695591573.5,0.0160137534226622
40072,2025-04-30 23:59:59.999999999,4711445400000.0,4713375490709.5,-0.04094858220619868
40072,2025-05-31 23:59:59.999999999,4737416600000.0,4744529569429.5,-0.14992021201282754
40072,2025-06-30 23:59:59.999999999,4770419000000.0,4778349290901.5,-0.1659647096247296
40072,2025-07-31 23:59:59.999999999,4799324000000.0,4810936775061.5,-0.24138358520314476
40072,2025-08-31 23:59:59.999999999,4834435500000.0,4845666513301.5,-0.23177374090170294
40072,2025-09-30 23:59:59.999999999,4865566700000.0,4878080881301.5,-0.2565389543553682
40072,2025-10-31 23:59:59.999999999,4889513000000.0,4908775991189.5,-0.3924187515599419
40072,2025-11-30 23:59:59.999999999,4916794400000.0,4938569018005.5,-0.4409102741727796
40072,2025-12-31 23:59:59.999999999,4949079500000.0,4969669215893.5,-0.4143077625297876
40072,2026-01-31 23:59:59.999999999,4980674000000.0,5001656154517.5,-0.4195014581829865
40072,2026-02-28 23:59:59.999999999,5013542300000.0,5034456649365.5,-0.4154246981972895
40072,2026-03-31 23:59:59.999999999,5046203000000.0,5067664268949.5,-0.42349835795157853
40072,2026-04-30 23:59:59.999999999,5078878500000.0,5101120257941.5,-0.43601674771093135
40072,2026-05-31 23:59:59.999999999,5112003000000.0,5134414502549.5,-0.4364950940827149
40072,2026-06-30 23:59:59.999999999,5144344000000.0,5167438543509.5,-0.4469294196543073
40072,2026-07-31 23:59:59.999999999,5177141000000.0,5200796724885.5,-0.4548461628640331
40072,2026-08-31 23:59:59.999999999,5209247000000.0,5233783184789.5,-0.468805434294788
40072,2026-09-30 23:59:59.999999999,5241796300000.0,5266777331861.5,-0.4743134859029754
40072,2026-10-31 23:59:59.999999999,5275147000000.0,5300854778261.5,-0.48497834151063746
40072,2026-11-30 23:59:59.999999999,5308125000000.0,5333633637013.5,-0.47825963666644383
40072,2026-12-31 23:59:59.999999999,5340546000000.0,5365427265173.5,-0.46373424593792195
40072,2027-01-31 23:59:59.999999999,5373043400000.0,5398127358869.5,-0.4646787359006141
40072,2027-02-28 23:59:59.999999999,5405399300000.0,5431065312149.5,-0.47257751741788473
40072,2027-03-31 23:59:59.999999999,5437778300000.0,5463840597141.5,-0.4769959856284045
40072,2027-04-30 23:59:59.999999999,5470155700000.0,5496967971221.5,-0.48776469300660585
40072,2027-05-31 23:59:59.999999999,5502483000000.0,5529967938709.5,-0.49702209759852733
40002,2024-12-31 23:59:59.999999999,818871860000.0,818871861248.0,0.0
40002,2025-01-31 23:59:59.999999999,808780700000.0,808780693504.0,0.0
40002,2025-02-28 23:59:59.999999999,813786660000.0,813786660864.0,0.0
40002,2025-03-31 23:59:59.999999999,816810560000.0,816810557440.0,0.0
40002,2025-04-30 23:59:59.999999999,814791500000.0,814791524352.0,0.0
40002,2025-05-31 23:59:59.999999999,817280900000.0,817280909312.0,0.0
40002,2025-06-30 23:59:59.999999999,817161500000.0,817161502720.0,0.0
40002,2025-07-31 23:59:59.999999999,818180400000.0,818180390912.0,0.0
40002,2025-08-31 23:59:59.999999999,819953340000.0,819953336320.0,0.0
40002,2025-09-30 23:59:59.999999999,824092200000.0,824092196864.0,0.0
40002,2025-10-31 23:59:59.999999999,826127300000.0,826127286272.0,0.0
40002,2025-11-30 23:59:59.999999999,762748860000.0,762748862464.0,0.0
40002,2025-12-31 23:59:59.999999999,752196400000.0,752196386816.0,0.0
40002,2026-01-31 23:59:59.999999999,749345200000.0,749345177600.0,0.0
40002,2026-02-28 23:59:59.999999999,753565000000.0,753564975104.0,0.0
40002,2026-03-31 23:59:59.999999999,755814040000.0,755814039552.0,0.0
40002,2026-04-30 23:59:59.999999999,754397600000.0,754397609984.0,0.0
40002,2026-05-31 23:59:59.999999999,756166200000.0,756166230016.0,0.0
40002,2026-06-30 23:59:59.999999999,756081950000.0,756081950720.0,0.0
40002,2026-07-31 23:59:59.999999999,756804900000.0,756804878336.0,0.0
40002,2026-08-31 23:59:59.999999999,758062800000.0,758062776320.0,0.0
40002,2026-09-30 23:59:59.999999999,760999200000.0,760999182336.0,0.0
40002,2026-10-31 23:59:59.999999999,762443100000.0,762443071488.0,0.0
40002,2026-11-30 23:59:59.999999999,717477250000.0,717477249024.0,0.0
40002,2026-12-31 23:59:59.999999999,709990500000.0,709990481920.0,0.0
40002,2027-01-31 23:59:59.999999999,707967600000.0,707967582208.0,0.0
40002,2027-02-28 23:59:59.999999999,710961460000.0,710961463296.0,0.0
40002,2027-03-31 23:59:59.999999999,712557130000.0,712557133824.0,0.0
40002,2027-04-30 23:59:59.999999999,711552200000.0,711552204800.0,0.0
40002,2027-05-31 23:59:59.999999999,712807000000.0,712807022592.0,0.0
40002,2024-12-31 23:59:59.999999999,249683440000.0,249683443712.0,0.0
40002,2025-01-31 23:59:59.999999999,249683440000.0,249683443712.0,0.0
40002,2025-02-28 23:59:59.999999999,249683440000.0,249683443712.0,0.0
40002,2025-03-31 23:59:59.999999999,249683440000.0,249683443712.0,0.0
40002,2025-04-30 23:59:59.999999999,249683440000.0,249683443712.0,0.0
40002,2025-05-31 23:59:59.999999999,249683440000.0,249683443712.0,0.0
40002,2025-06-30 23:59:59.999999999,249683440000.0,249683443712.0,0.0
40002,2025-07-31 23:59:59.999999999,249683440000.0,249683443712.0,0.0
40002,2025-08-31 23:59:59.999999999,249683440000.0,249683443712.0,0.0
40002,2025-09-30 23:59:59.999999999,249683440000.0,249683443712.0,0.0
40002,2025-10-31 23:59:59.999999999,249683440000.0,249683443712.0,0.0
40002,2025-11-30 23:59:59.999999999,249683440000.0,249683443712.0,0.0
40002,2025-12-31 23:59:59.999999999,249683440000.0,249683443712.0,0.0
40002,2026-01-31 23:59:59.999999999,249683440000.0,249683443712.0,0.0
40002,2026-02-28 23:59:59.999999999,249683440000.0,249683443712.0,0.0
40002,2026-03-31 23:59:59.999999999,249683440000.0,249683443712.0,0.0
40002,2026-04-30 23:59:59.999999999,249683440000.0,249683443712.0,0.0
40002,2026-05-31 23:59:59.999999999,249683440000.0,249683443712.0,0.0
40002,2026-06-30 23:59:59.999999999,249683440000.0,249683443712.0,0.0
40002,2026-07-31 23:59:59.999999999,249683440000.0,249683443712.0,0.0
40002,2026-08-31 23:59:59.999999999,249683440000.0,249683443712.0,0.0
40002,2026-09-30 23:59:59.999999999,249683440000.0,249683443712.0,0.0
40002,2026-10-31 23:59:59.999999999,249683440000.0,249683443712.0,0.0
40002,2026-11-30 23:59:59.999999999,249683440000.0,249683443712.0,0.0
40002,2026-12-31 23:59:59.999999999,249683440000.0,249683443712.0,0.0
40002,2027-01-31 23:59:59.999999999,249683440000.0,249683443712.0,0.0
40002,2027-02-28 23:59:59.999999999,249683440000.0,249683443712.0,0.0
40002,2027-03-31 23:59:59.999999999,249683440000.0,249683443712.0,0.0
40002,2027-04-30 23:59:59.999999999,249683440000.0,249683443712.0,0.0
40002,2027-05-31 23:59:59.999999999,249683440000.0,249683443712.0,0.0
40002,2024-12-31 23:59:59.999999999,97404450000.0,97404452864.0,0.0
40002,2025-01-31 23:59:59.999999999,97404450000.0,97404452864.0,0.0
40002,2025-02-28 23:59:59.999999999,97404450000.0,97404452864.0,0.0
40002,2025-03-31 23:59:59.999999999,97404450000.0,97404452864.0,0.0
40002,2025-04-30 23:59:59.999999999,97404450000.0,97404452864.0,0.0
40002,2025-05-31 23:59:59.999999999,97404450000.0,97404452864.0,0.0
40002,2025-06-30 23:59:59.999999999,97404450000.0,97404452864.0,0.0
40002,2025-07-31 23:59:59.999999999,97404450000.0,97404452864.0,0.0
40002,2025-08-31 23:59:59.999999999,97404450000.0,97404452864.0,0.0
40002,2025-09-30 23:59:59.999999999,97404450000.0,97404452864.0,0.0
40002,2025-10-31 23:59:59.999999999,97404450000.0,97404452864.0,0.0
40002,2025-11-30 23:59:59.999999999,97404450000.0,97404452864.0,0.0
40002,2025-12-31 23:59:59.999999999,97404450000.0,97404452864.0,0.0
40002,2026-01-31 23:59:59.999999999,97404450000.0,97404452864.0,0.0
40002,2026-02-28 23:59:59.999999999,97404450000.0,97404452864.0,0.0
40002,2026-03-31 23:59:59.999999999,97404450000.0,97404452864.0,0.0
40002,2026-04-30 23:59:59.999999999,97404450000.0,97404452864.0,0.0
40002,2026-05-31 23:59:59.999999999,97404450000.0,97404452864.0,0.0
40002,2026-06-30 23:59:59.999999999,97404450000.0,97404452864.0,0.0
40002,2026-07-31 23:59:59.999999999,97404450000.0,97404452864.0,0.0
40002,2026-08-31 23:59:59.999999999,97404450000.0,97404452864.0,0.0
40002,2026-09-30 23:59:59.999999999,97404450000.0,97404452864.0,0.0
40002,2026-10-31 23:59:59.999999999,97404450000.0,97404452864.0,0.0
40002,2026-11-30 23:59:59.999999999,97404450000.0,97404452864.0,0.0
40002,2026-12-31 23:59:59.999999999,97404450000.0,97404452864.0,0.0
40002,2027-01-31 23:59:59.999999999,97404450000.0,97404452864.0,0.0
40002,2027-02-28 23:59:59.999999999,97404450000.0,97404452864.0,0.0
40002,2027-03-31 23:59:59.999999999,97404450000.0,97404452864.0,0.0
40002,2027-04-30 23:59:59.999999999,97404450000.0,97404452864.0,0.0
40002,2027-05-31 23:59:59.999999999,97404450000.0,97404452864.0,0.0
40002,2024-12-31 23:59:59.999999999,61510890000.0,61510889472.0,0.0
40002,2025-01-31 23:59:59.999999999,61510890000.0,61510889472.0,0.0
40002,2025-02-28 23:59:59.999999999,61510890000.0,61510889472.0,0.0
40002,2025-03-31 23:59:59.999999999,61510890000.0,61510889472.0,0.0
40002,2025-04-30 23:59:59.999999999,61510890000.0,61510889472.0,0.0
40002,2025-05-31 23:59:59.999999999,61510890000.0,61510889472.0,0.0
40002,2025-06-30 23:59:59.999999999,61510890000.0,61510889472.0,0.0
40002,2025-07-31 23:59:59.999999999,61510890000.0,61510889472.0,0.0
40002,2025-08-31 23:59:59.999999999,61510890000.0,61510889472.0,0.0
40002,2025-09-30 23:59:59.999999999,61510890000.0,61510889472.0,0.0
40002,2025-10-31 23:59:59.999999999,61510890000.0,61510889472.0,0.0
40002,2025-11-30 23:59:59.999999999,61510890000.0,61510889472.0,0.0
40002,2025-12-31 23:59:59.999999999,61510890000.0,61510889472.0,0.0
40002,2026-01-31 23:59:59.999999999,61510890000.0,61510889472.0,0.0
40002,2026-02-28 23:59:59.999999999,61510890000.0,61510889472.0,0.0
40002,2026-03-31 23:59:59.999999999,61510890000.0,61510889472.0,0.0
40002,2026-04-30 23:59:59.999999999,61510890000.0,61510889472.0,0.0
40002,2026-05-31 23:59:59.999999999,61510890000.0,61510889472.0,0.0
40002,2026-06-30 23:59:59.999999999,61510890000.0,61510889472.0,0.0
40002,2026-07-31 23:59:59.999999999,61510890000.0,61510889472.0,0.0
40002,2026-08-31 23:59:59.999999999,61510890000.0,61510889472.0,0.0
40002,2026-09-30 23:59:59.999999999,61510890000.0,61510889472.0,0.0
40002,2026-10-31 23:59:59.999999999,61510890000.0,61510889472.0,0.0
40002,2026-11-30 23:59:59.999999999,61510890000.0,61510889472.0,0.0
40002,2026-12-31 23:59:59.999999999,61510890000.0,61510889472.0,0.0
40002,2027-01-31 23:59:59.999999999,61510890000.0,61510889472.0,0.0
40002,2027-02-28 23:59:59.999999999,61510890000.0,61510889472.0,0.0
40002,2027-03-31 23:59:59.999999999,61510890000.0,61510889472.0,0.0
40002,2027-04-30 23:59:59.999999999,61510890000.0,61510889472.0,0.0
40002,2027-05-31 23:59:59.999999999,61510890000.0,61510889472.0,0.0
40002,2024-12-31 23:59:59.999999999,145192630000.0,145192632320.0,0.0
40002,2025-01-31 23:59:59.999999999,145131030000.0,145131028480.0,0.0
40002,2025-02-28 23:59:59.999999999,145371400000.0,145371398144.0,0.0
40002,2025-03-31 23:59:59.999999999,145223930000.0,145223925760.0,0.0
40002,2025-04-30 23:59:59.999999999,145633350000.0,145633345536.0,0.0
40002,2025-05-31 23:59:59.999999999,145827550000.0,145827545088.0,0.0
40002,2025-06-30 23:59:59.999999999,145758370000.0,145758371840.0,0.0
40002,2025-07-31 23:59:59.999999999,146014550000.0,146014552064.0,0.0
40002,2025-08-31 23:59:59.999999999,146073040000.0,146073042944.0,0.0
40002,2025-09-30 23:59:59.999999999,146455200000.0,146455199744.0,0.0
40002,2025-10-31 23:59:59.999999999,147780450000.0,147780452352.0,0.0
40002,2025-11-30 23:59:59.999999999,147285250000.0,147285245952.0,0.0
40002,2025-12-31 23:59:59.999999999,147259650000.0,147259654144.0,0.0
40002,2026-01-31 23:59:59.999999999,147252670000.0,147252674560.0,0.0
40002,2026-02-28 23:59:59.999999999,147279920000.0,147279921152.0,0.0
40002,2026-03-31 23:59:59.999999999,147263210000.0,147263209472.0,0.0
40002,2026-04-30 23:59:59.999999999,147309630000.0,147309625344.0,0.0
40002,2026-05-31 23:59:59.999999999,147331650000.0,147331645440.0,0.0
40002,2026-06-30 23:59:59.999999999,147323800000.0,147323797504.0,0.0
40002,2026-07-31 23:59:59.999999999,147352850000.0,147352846336.0,0.0
40002,2026-08-31 23:59:59.999999999,147359470000.0,147359465472.0,0.0
40002,2026-09-30 23:59:59.999999999,147402800000.0,147402801152.0,0.0
40002,2026-10-31 23:59:59.999999999,147553040000.0,147553042432.0,0.0
40002,2026-11-30 23:59:59.999999999,147496910000.0,147496910848.0,0.0
40002,2026-12-31 23:59:59.999999999,147494010000.0,147494010880.0,0.0
40002,2027-01-31 23:59:59.999999999,147493200000.0,147493208064.0,0.0
40002,2027-02-28 23:59:59.999999999,147496300000.0,147496304640.0,0.0
40002,2027-03-31 23:59:59.999999999,147494400000.0,147494404096.0,0.0
40002,2027-04-30 23:59:59.999999999,147499660000.0,147499663360.0,0.0
40002,2027-05-31 23:59:59.999999999,147502170000.0,147502170112.0,0.0
40002,2024-12-31 23:59:59.999999999,168261190000.0,168261189632.0,0.0
40002,2025-01-31 23:59:59.999999999,169329850000.0,169329852416.0,0.0
40002,2025-02-28 23:59:59.999999999,170346480000.0,170346479616.0,0.0
40002,2025-03-31 23:59:59.999999999,171313600000.0,171313594368.0,0.0
40002,2025-04-30 23:59:59.999999999,172233620000.0,172233621504.0,0.0
40002,2025-05-31 23:59:59.999999999,173108840000.0,173108838400.0,0.0
40002,2025-06-30 23:59:59.999999999,173941440000.0,173941440512.0,0.0
40002,2025-07-31 23:59:59.999999999,174733500000.0,174733492224.0,0.0
40002,2025-08-31 23:59:59.999999999,175486980000.0,175486976000.0,0.0
40002,2025-09-30 23:59:59.999999999,176203760000.0,176203759616.0,0.0
40002,2025-10-31 23:59:59.999999999,176885650000.0,176885645312.0,0.0
40002,2025-11-30 23:59:59.999999999,177534320000.0,177534320640.0,0.0
40002,2025-12-31 23:59:59.999999999,178151400000.0,178151407616.0,0.0
40002,2026-01-31 23:59:59.999999999,178738450000.0,178738446336.0,0.0
40002,2026-02-28 23:59:59.999999999,179296900000.0,179296894976.0,0.0
40002,2026-03-31 23:59:59.999999999,179828150000.0,179828146176.0,0.0
40002,2026-04-30 23:59:59.999999999,180333530000.0,180333527040.0,0.0
40002,2026-05-31 23:59:59.999999999,180814300000.0,180814299136.0,0.0
40002,2026-06-30 23:59:59.999999999,181271660000.0,181271658496.0,0.0
40002,2026-07-31 23:59:59.999999999,181706750000.0,181706752000.0,0.0
40002,2026-08-31 23:59:59.999999999,182120640000.0,182120644608.0,0.0
40002,2026-09-30 23:59:59.999999999,182514380000.0,182514384896.0,0.0
40002,2026-10-31 23:59:59.999999999,182888960000.0,182888955904.0,0.0
40002,2026-11-30 23:59:59.999999999,183245290000.0,183245291520.0,0.0
40002,2026-12-31 23:59:59.999999999,183584260000.0,183584260096.0,0.0
40002,2027-01-31 23:59:59.999999999,183906730000.0,183906729984.0,0.0
40002,2027-02-28 23:59:59.999999999,184213500000.0,184213504000.0,0.0
40002,2027-03-31 23:59:59.999999999,184505340000.0,184505335808.0,0.0
40002,2027-04-30 23:59:59.999999999,184782950000.0,184782946304.0,0.0
40002,2027-05-31 23:59:59.999999999,185047040000.0,185047040000.0,0.0
40002,2024-12-31 23:59:59.999999999,120822670000.0,120822669312.0,0.0
40002,2025-01-31 23:59:59.999999999,122633806000.0,122633805824.0,0.0
40002,2025-02-28 23:59:59.999999999,124444950000.0,124444950528.0,0.0
40002,2025-03-31 23:59:59.999999999,126256090000.0,126256087040.0,0.0
40002,2025-04-30 23:59:59.999999999,128067230000.0,128067231744.0,0.0
40002,2025-05-31 23:59:59.999999999,129878370000.0,129878368256.0,0.0
40002,2025-06-30 23:59:59.999999999,131689510000.0,131689512960.0,0.0
40002,2025-07-31 23:59:59.999999999,133500660000.0,133500657664.0,0.0
40002,2025-08-31 23:59:59.999999999,135311794000.0,135311794176.0,0.0
40002,2025-09-30 23:59:59.999999999,137122940000.0,137122938880.0,0.0
40002,2025-10-31 23:59:59.999999999,138934080000.0,138934075392.0,0.0
40002,2025-11-30 23:59:59.999999999,140745210000.0,140745211904.0,0.0
40002,2025-12-31 23:59:59.999999999,142556360000.0,142556364800.0,0.0
40002,2026-01-31 23:59:59.999999999,144367500000.0,144367501312.0,0.0
40002,2026-02-28 23:59:59.999999999,146178640000.0,146178637824.0,0.0
40002,2026-03-31 23:59:59.999999999,147989790000.0,147989790720.0,0.0
40002,2026-04-30 23:59:59.999999999,149800930000.0,149800927232.0,0.0
40002,2026-05-31 23:59:59.999999999,151612060000.0,151612063744.0,0.0
40002,2026-06-30 23:59:59.999999999,153423200000.0,153423200256.0,0.0
40002,2026-07-31 23:59:59.999999999,155234350000.0,155234353152.0,0.0
40002,2026-08-31 23:59:59.999999999,157045490000.0,157045489664.0,0.0
40002,2026-09-30 23:59:59.999999999,158856630000.0,158856626176.0,0.0
40002,2026-10-31 23:59:59.999999999,160667760000.0,160667762688.0,0.0
40002,2026-11-30 23:59:59.999999999,162478920000.0,162478915584.0,0.0
40002,2026-12-31 23:59:59.999999999,164290050000.0,164290052096.0,0.0
40002,2027-01-31 23:59:59.999999999,166101190000.0,166101188608.0,0.0
40002,2027-02-28 23:59:59.999999999,167912340000.0,167912341504.0,0.0
40002,2027-03-31 23:59:59.999999999,169723480000.0,169723478016.0,0.0
40002,2027-04-30 23:59:59.999999999,171534610000.0,171534614528.0,0.0
40002,2027-05-31 23:59:59.999999999,173345750000.0,173345751040.0,0.0
40002,2024-12-31 23:59:59.999999999,0.0,0.0,
40002,2025-01-31 23:59:59.999999999,0.0,0.0,
40002,2025-02-28 23:59:59.999999999,0.0,0.0,
40002,2025-03-31 23:59:59.999999999,0.0,0.0,
40002,2025-04-30 23:59:59.999999999,0.0,0.0,
40002,2025-05-31 23:59:59.999999999,0.0,0.0,
40002,2025-06-30 23:59:59.999999999,0.0,0.0,
40002,2025-07-31 23:59:59.999999999,0.0,0.0,
40002,2025-08-31 23:59:59.999999999,0.0,0.0,
40002,2025-09-30 23:59:59.999999999,0.0,0.0,
40002,2025-10-31 23:59:59.999999999,0.0,0.0,
40002,2025-11-30 23:59:59.999999999,0.0,0.0,
40002,2025-12-31 23:59:59.999999999,0.0,0.0,
40002,2026-01-31 23:59:59.999999999,0.0,0.0,
40002,2026-02-28 23:59:59.999999999,0.0,0.0,
40002,2026-03-31 23:59:59.999999999,0.0,0.0,
40002,2026-04-30 23:59:59.999999999,0.0,0.0,
40002,2026-05-31 23:59:59.999999999,0.0,0.0,
40002,2026-06-30 23:59:59.999999999,0.0,0.0,
40002,2026-07-31 23:59:59.999999999,0.0,0.0,
40002,2026-08-31 23:59:59.999999999,0.0,0.0,
40002,2026-09-30 23:59:59.999999999,0.0,0.0,
40002,2026-10-31 23:59:59.999999999,0.0,0.0,
40002,2026-11-30 23:59:59.999999999,0.0,0.0,
40002,2026-12-31 23:59:59.999999999,0.0,0.0,
40002,2027-01-31 23:59:59.999999999,0.0,0.0,
40002,2027-02-28 23:59:59.999999999,0.0,0.0,
40002,2027-03-31 23:59:59.999999999,0.0,0.0,
40002,2027-04-30 23:59:59.999999999,0.0,0.0,
40002,2027-05-31 23:59:59.999999999,0.0,0.0,
40002,2024-12-31 23:59:59.999999999,33481802000.0,33481801728.0,0.0
40002,2025-01-31 23:59:59.999999999,32544567000.0,32544567296.0,0.0
40002,2025-02-28 23:59:59.999999999,32229194000.0,32229193728.0,0.0
40002,2025-03-31 23:59:59.999999999,31107285000.0,31107284992.0,0.0
40002,2025-04-30 23:59:59.999999999,30758334000.0,30758334464.0,0.0
40002,2025-05-31 23:59:59.999999999,29797474000.0,29797474304.0,0.0
40002,2025-06-30 23:59:59.999999999,29529790000.0,29529790464.0,0.0
40002,2025-07-31 23:59:59.999999999,28450718000.0,28450717696.0,0.0
40002,2025-08-31 23:59:59.999999999,27999400000.0,27999399936.0,0.0
40002,2025-09-30 23:59:59.999999999,27200662000.0,27200661504.0,0.0
40002,2025-10-31 23:59:59.999999999,26731150000.0,26731149312.0,0.0
40002,2025-11-30 23:59:59.999999999,25865327000.0,25865326592.0,0.0
40002,2025-12-31 23:59:59.999999999,25582280000.0,25582280704.0,0.0
40002,2026-01-31 23:59:59.999999999,24792564000.0,24792563712.0,0.0
40002,2026-02-28 23:59:59.999999999,24341602000.0,24341602304.0,0.0
40002,2026-03-31 23:59:59.999999999,23457480000.0,23457480704.0,0.0
40002,2026-04-30 23:59:59.999999999,22987821000.0,22987821056.0,0.0
40002,2026-05-31 23:59:59.999999999,22188413000.0,22188412928.0,0.0
40002,2026-06-30 23:59:59.999999999,21759867000.0,21759866880.0,0.0
40002,2026-07-31 23:59:59.999999999,20900086000.0,20900085760.0,0.0
40002,2026-08-31 23:59:59.999999999,20375368000.0,20375367680.0,0.0
40002,2026-09-30 23:59:59.999999999,19661860000.0,19661860864.0,0.0
40002,2026-10-31 23:59:59.999999999,19126966000.0,19126966272.0,0.0
40002,2026-11-30 23:59:59.999999999,18379321000.0,18379321344.0,0.0
40002,2026-12-31 23:59:59.999999999,17940572000.0,17940572160.0,0.0
40002,2027-01-31 23:59:59.999999999,17232982000.0,17232982016.0,0.0
40002,2027-02-28 23:59:59.999999999,16706586000.0,16706585600.0,0.0
40002,2027-03-31 23:59:59.999999999,15950475000.0,15950475264.0,0.0
40002,2027-04-30 23:59:59.999999999,15413948000.0,15413948416.0,0.0
40002,2027-05-31 23:59:59.999999999,14702188000.0,14702187520.0,0.0
40002,2024-12-31 23:59:59.999999999,0.0,0.0,
40002,2025-01-31 23:59:59.999999999,0.0,0.0,
40002,2025-02-28 23:59:59.999999999,0.0,0.0,
40002,2025-03-31 23:59:59.999999999,0.0,0.0,
40002,2025-04-30 23:59:59.999999999,0.0,0.0,
40002,2025-05-31 23:59:59.999999999,0.0,0.0,
40002,2025-06-30 23:59:59.999999999,0.0,0.0,
40002,2025-07-31 23:59:59.999999999,0.0,0.0,
40002,2025-08-31 23:59:59.999999999,0.0,0.0,
40002,2025-09-30 23:59:59.999999999,0.0,0.0,
40002,2025-10-31 23:59:59.999999999,0.0,0.0,
40002,2025-11-30 23:59:59.999999999,0.0,0.0,
40002,2025-12-31 23:59:59.999999999,0.0,0.0,
40002,2026-01-31 23:59:59.999999999,0.0,0.0,
40002,2026-02-28 23:59:59.999999999,0.0,0.0,
40002,2026-03-31 23:59:59.999999999,0.0,0.0,
40002,2026-04-30 23:59:59.999999999,0.0,0.0,
40002,2026-05-31 23:59:59.999999999,0.0,0.0,
40002,2026-06-30 23:59:59.999999999,0.0,0.0,
40002,2026-07-31 23:59:59.999999999,0.0,0.0,
40002,2026-08-31 23:59:59.999999999,0.0,0.0,
40002,2026-09-30 23:59:59.999999999,0.0,0.0,
40002,2026-10-31 23:59:59.999999999,0.0,0.0,
40002,2026-11-30 23:59:59.999999999,0.0,0.0,
40002,2026-12-31 23:59:59.999999999,0.0,0.0,
40002,2027-01-31 23:59:59.999999999,0.0,0.0,
40002,2027-02-28 23:59:59.999999999,0.0,0.0,
40002,2027-03-31 23:59:59.999999999,0.0,0.0,
40002,2027-04-30 23:59:59.999999999,0.0,0.0,
40002,2027-05-31 23:59:59.999999999,0.0,0.0,
40002,2024-12-31 23:59:59.999999999,0.0,0.0,
40002,2025-01-31 23:59:59.999999999,0.0,0.0,
40002,2025-02-28 23:59:59.999999999,0.0,0.0,
40002,2025-03-31 23:59:59.999999999,0.0,0.0,
40002,2025-04-30 23:59:59.999999999,0.0,0.0,
40002,2025-05-31 23:59:59.999999999,0.0,0.0,
40002,2025-06-30 23:59:59.999999999,0.0,0.0,
40002,2025-07-31 23:59:59.999999999,0.0,0.0,
40002,2025-08-31 23:59:59.999999999,0.0,0.0,
40002,2025-09-30 23:59:59.999999999,0.0,0.0,
40002,2025-10-31 23:59:59.999999999,0.0,0.0,
40002,2025-11-30 23:59:59.999999999,0.0,0.0,
40002,2025-12-31 23:59:59.999999999,0.0,0.0,
40002,2026-01-31 23:59:59.999999999,0.0,0.0,
40002,2026-02-28 23:59:59.999999999,0.0,0.0,
40002,2026-03-31 23:59:59.999999999,0.0,0.0,
40002,2026-04-30 23:59:59.999999999,0.0,0.0,
40002,2026-05-31 23:59:59.999999999,0.0,0.0,
40002,2026-06-30 23:59:59.999999999,0.0,0.0,
40002,2026-07-31 23:59:59.999999999,0.0,0.0,
40002,2026-08-31 23:59:59.999999999,0.0,0.0,
40002,2026-09-30 23:59:59.999999999,0.0,0.0,
40002,2026-10-31 23:59:59.999999999,0.0,0.0,
40002,2026-11-30 23:59:59.999999999,0.0,0.0,
40002,2026-12-31 23:59:59.999999999,0.0,0.0,
40002,2027-01-31 23:59:59.999999999,0.0,0.0,
40002,2027-02-28 23:59:59.999999999,0.0,0.0,
40002,2027-03-31 23:59:59.999999999,0.0,0.0,
40002,2027-04-30 23:59:59.999999999,0.0,0.0,
40002,2027-05-31 23:59:59.999999999,0.0,0.0,
40002,2024-12-31 23:59:59.999999999,0.51612574,0.5161257386207581,0.0
40002,2025-01-31 23:59:59.999999999,0.51612574,0.5161257386207581,0.0
40002,2025-02-28 23:59:59.999999999,0.51612574,0.5161257386207581,0.0
40002,2025-03-31 23:59:59.999999999,0.51612574,0.5161257386207581,0.0
40002,2025-04-30 23:59:59.999999999,0.51612574,0.5161257386207581,0.0
40002,2025-05-31 23:59:59.999999999,0.51612574,0.5161257386207581,0.0
40002,2025-06-30 23:59:59.999999999,0.51612574,0.5161257386207581,0.0
40002,2025-07-31 23:59:59.999999999,0.51612574,0.5161257386207581,0.0
40002,2025-08-31 23:59:59.999999999,0.51612574,0.5161257386207581,0.0
40002,2025-09-30 23:59:59.999999999,0.51612574,0.5161257386207581,0.0
40002,2025-10-31 23:59:59.999999999,0.51612574,0.5161257386207581,0.0
40002,2025-11-30 23:59:59.999999999,0.51612574,0.5161257386207581,0.0
40002,2025-12-31 23:59:59.999999999,0.51612574,0.5161257386207581,0.0
40002,2026-01-31 23:59:59.999999999,0.51612574,0.5161257386207581,0.0
40002,2026-02-28 23:59:59.999999999,0.51612574,0.5161257386207581,0.0
40002,2026-03-31 23:59:59.999999999,0.51612574,0.5161257386207581,0.0
40002,2026-04-30 23:59:59.999999999,0.51612574,0.5161257386207581,0.0
40002,2026-05-31 23:59:59.999999999,0.51612574,0.5161257386207581,0.0
40002,2026-06-30 23:59:59.999999999,0.51612574,0.5161257386207581,0.0
40002,2026-07-31 23:59:59.999999999,0.51612574,0.5161257386207581,0.0
40002,2026-08-31 23:59:59.999999999,0.51612574,0.5161257386207581,0.0
40002,2026-09-30 23:59:59.999999999,0.51612574,0.5161257386207581,0.0
40002,2026-10-31 23:59:59.999999999,0.51612574,0.5161257386207581,0.0
40002,2026-11-30 23:59:59.999999999,0.51612574,0.5161257386207581,0.0
40002,2026-12-31 23:59:59.999999999,0.51612574,0.5161257386207581,0.0
40002,2027-01-31 23:59:59.999999999,0.51612574,0.5161257386207581,0.0
40002,2027-02-28 23:59:59.999999999,0.51612574,0.5161257386207581,0.0
40002,2027-03-31 23:59:59.999999999,0.51612574,0.5161257386207581,0.0
40002,2027-04-30 23:59:59.999999999,0.51612574,0.5161257386207581,0.0
40002,2027-05-31 23:59:59.999999999,0.51612574,0.5161257386207581,0.0
40012,2024-12-31 23:59:59.999999999,3930040000000.0,3930040041472.0,0.0
40012,2025-01-31 23:59:59.999999999,3972577600000.0,3972577624064.0,0.0
40012,2025-02-28 23:59:59.999999999,4015115200000.0,4015115206656.0,0.0
40012,2025-03-31 23:59:59.999999999,4057652800000.0,4057652789248.0,0.0
40012,2025-04-30 23:59:59.999999999,4100190400000.0,4100190371840.0,0.0
40012,2025-05-31 23:59:59.999999999,4142728000000.0,4142727954432.0,0.0
40012,2025-06-30 23:59:59.999999999,4185265500000.0,4185265537024.0,0.0
40012,2025-07-31 23:59:59.999999999,4227803000000.0,4227803119616.0,0.0
40012,2025-08-31 23:59:59.999999999,4270340400000.0,4270340440064.0,0.0
40012,2025-09-30 23:59:59.999999999,4312878000000.0,4312878022656.0,0.0
40012,2025-10-31 23:59:59.999999999,4355415600000.0,4355415605248.0,0.0
40012,2025-11-30 23:59:59.999999999,4397953200000.0,4397953187840.0,0.0
40012,2025-12-31 23:59:59.999999999,4440491000000.0,4440490770432.0,0.0
40012,2026-01-31 23:59:59.999999999,4483028400000.0,4483028353024.0,0.0
40012,2026-02-28 23:59:59.999999999,4525566000000.0,4525565935616.0,0.0
40012,2026-03-31 23:59:59.999999999,4568103500000.0,4568103518208.0,0.0
40012,2026-04-30 23:59:59.999999999,4610641000000.0,4610641100800.0,0.0
40012,2026-05-31 23:59:59.999999999,4653178700000.0,4653178683392.0,0.0
40012,2026-06-30 23:59:59.999999999,4695716300000.0,4695716265984.0,0.0
40012,2026-07-31 23:59:59.999999999,4738254000000.0,4738253848576.0,0.0
40012,2026-08-31 23:59:59.999999999,4780791400000.0,4780791431168.0,0.0
40012,2026-09-30 23:59:59.999999999,4823329000000.0,4823329013760.0,0.0
40012,2026-10-31 23:59:59.999999999,4865866600000.0,4865866596352.0,0.0
40012,2026-11-30 23:59:59.999999999,4908404000000.0,4908404178944.0,0.0
40012,2026-12-31 23:59:59.999999999,4950942000000.0,4950941761536.0,0.0
40012,2027-01-31 23:59:59.999999999,4993479300000.0,4993479344128.0,0.0
40012,2027-02-28 23:59:59.999999999,5036017000000.0,5036016926720.0,0.0
40012,2027-03-31 23:59:59.999999999,5078554500000.0,5078554509312.0,0.0
40012,2027-04-30 23:59:59.999999999,5121092000000.0,5121092091904.0,0.0
40012,2027-05-31 23:59:59.999999999,5163629700000.0,5163629674496.0,0.0
40012,2024-12-31 23:59:59.999999999,1651541400000.0,1651541409792.0,0.0
40012,2025-01-31 23:59:59.999999999,1657874500000.0,1657874546688.0,0.0
40012,2025-02-28 23:59:59.999999999,1664457200000.0,1664457244672.0,0.0
40012,2025-03-31 23:59:59.999999999,1671074700000.0,1671074676736.0,0.0
40012,2025-04-30 23:59:59.999999999,1677697100000.0,1677697089536.0,0.0
40012,2025-05-31 23:59:59.999999999,1684320200000.0,1684320157696.0,0.0
40012,2025-06-30 23:59:59.999999999,1690943200000.0,1690943225856.0,0.0
40012,2025-07-31 23:59:59.999999999,1697566300000.0,1697566294016.0,0.0
40012,2025-08-31 23:59:59.999999999,1704189500000.0,1704189493248.0,0.0
40012,2025-09-30 23:59:59.999999999,1710812600000.0,1710812561408.0,0.0
40012,2025-10-31 23:59:59.999999999,1717435800000.0,1717435760640.0,0.0
40012,2025-11-30 23:59:59.999999999,1724058800000.0,1724058828800.0,0.0
40012,2025-12-31 23:59:59.999999999,1730682000000.0,1730682028032.0,0.0
40012,2026-01-31 23:59:59.999999999,1737305200000.0,1737305227264.0,0.0
40012,2026-02-28 23:59:59.999999999,1743928300000.0,1743928295424.0,0.0
40012,2026-03-31 23:59:59.999999999,1750551500000.0,1750551494656.0,0.0
40012,2026-04-30 23:59:59.999999999,1757174600000.0,1757174562816.0,0.0
40012,2026-05-31 23:59:59.999999999,1763797800000.0,1763797762048.0,0.0
40012,2026-06-30 23:59:59.999999999,1770420800000.0,1770420830208.0,0.0
40012,2026-07-31 23:59:59.999999999,1777044000000.0,1777044029440.0,0.0
40012,2026-08-31 23:59:59.999999999,1783667100000.0,1783667097600.0,0.0
40012,2026-09-30 23:59:59.999999999,1790290300000.0,1790290296832.0,0.0
40012,2026-10-31 23:59:59.999999999,1796913400000.0,1796913364992.0,0.0
40012,2026-11-30 23:59:59.999999999,1803536600000.0,1803536564224.0,0.0
40012,2026-12-31 23:59:59.999999999,1810159600000.0,1810159632384.0,0.0
40012,2027-01-31 23:59:59.999999999,1816782800000.0,1816782831616.0,0.0
40012,2027-02-28 23:59:59.999999999,1823405900000.0,1823405899776.0,0.0
40012,2027-03-31 23:59:59.999999999,1830029100000.0,1830029099008.0,0.0
40012,2027-04-30 23:59:59.999999999,1836652200000.0,1836652167168.0,0.0
40012,2027-05-31 23:59:59.999999999,1843275400000.0,1843275366400.0,0.0
40012,2024-12-31 23:59:59.999999999,91293800000.0,91293802496.0,0.0
40012,2025-01-31 23:59:59.999999999,91622490000.0,91622490112.0,0.0
40012,2025-02-28 23:59:59.999999999,91951180000.0,91951177728.0,0.0
40012,2025-03-31 23:59:59.999999999,92279865000.0,92279865344.0,0.0
40012,2025-04-30 23:59:59.999999999,92608550000.0,92608552960.0,0.0
40012,2025-05-31 23:59:59.999999999,92937240000.0,92937240576.0,0.0
40012,2025-06-30 23:59:59.999999999,93265920000.0,93265920000.0,0.0
40012,2025-07-31 23:59:59.999999999,93594610000.0,93594607616.0,0.0
40012,2025-08-31 23:59:59.999999999,93923295000.0,93923295232.0,0.0
40012,2025-09-30 23:59:59.999999999,94251980000.0,94251982848.0,0.0
40012,2025-10-31 23:59:59.999999999,94580670000.0,94580670464.0,0.0
40012,2025-11-30 23:59:59.999999999,94909360000.0,94909358080.0,0.0
40012,2025-12-31 23:59:59.999999999,95238046000.0,95238045696.0,0.0
40012,2026-01-31 23:59:59.999999999,95566730000.0,95566733312.0,0.0
40012,2026-02-28 23:59:59.999999999,95895420000.0,95895420928.0,0.0
40012,2026-03-31 23:59:59.999999999,96224100000.0,96224100352.0,0.0
40012,2026-04-30 23:59:59.999999999,96552790000.0,96552787968.0,0.0
40012,2026-05-31 23:59:59.999999999,96881476000.0,96881475584.0,0.0
40012,2026-06-30 23:59:59.999999999,97210160000.0,97210163200.0,0.0
40012,2026-07-31 23:59:59.999999999,97538850000.0,97538850816.0,0.0
40012,2026-08-31 23:59:59.999999999,97867540000.0,97867538432.0,0.0
40012,2026-09-30 23:59:59.999999999,98196230000.0,98196226048.0,0.0
40012,2026-10-31 23:59:59.999999999,98524910000.0,98524913664.0,0.0
40012,2026-11-30 23:59:59.999999999,98853600000.0,98853601280.0,0.0
40012,2026-12-31 23:59:59.999999999,99182280000.0,99182280704.0,0.0
40012,2027-01-31 23:59:59.999999999,99510970000.0,99510968320.0,0.0
40012,2027-02-28 23:59:59.999999999,99839660000.0,99839655936.0,0.0
40012,2027-03-31 23:59:59.999999999,100168340000.0,100168343552.0,0.0
40012,2027-04-30 23:59:59.999999999,100497030000.0,100497031168.0,0.0
40012,2027-05-31 23:59:59.999999999,100825720000.0,100825718784.0,0.0
40012,2024-12-31 23:59:59.999999999,408075630000.0,408075632640.0,0.0
40012,2025-01-31 23:59:59.999999999,408530600000.0,408530616320.0,0.0
40012,2025-02-28 23:59:59.999999999,409103860000.0,409103859712.0,0.0
40012,2025-03-31 23:59:59.999999999,409783470000.0,409783468032.0,0.0
40012,2025-04-30 23:59:59.999999999,410558800000.0,410558791680.0,0.0
40012,2025-05-31 23:59:59.999999999,411420260000.0,411420262400.0,0.0
40012,2025-06-30 23:59:59.999999999,412359230000.0,412359229440.0,0.0
40012,2025-07-31 23:59:59.999999999,413367930000.0,413367926784.0,0.0
40012,2025-08-31 23:59:59.999999999,414439370000.0,414439374848.0,0.0
40012,2025-09-30 23:59:59.999999999,415567280000.0,415567282176.0,0.0
40012,2025-10-31 23:59:59.999999999,416745980000.0,416745979904.0,0.0
40012,2025-11-30 23:59:59.999999999,417970400000.0,417970388992.0,0.0
40012,2025-12-31 23:59:59.999999999,419235950000.0,419235954688.0,0.0
40012,2026-01-31 23:59:59.999999999,420538500000.0,420538515456.0,0.0
40012,2026-02-28 23:59:59.999999999,421874400000.0,421874401280.0,0.0
40012,2026-03-31 23:59:59.999999999,423240240000.0,423240237056.0,0.0
40012,2026-04-30 23:59:59.999999999,424633040000.0,424633040896.0,0.0
40012,2026-05-31 23:59:59.999999999,426050100000.0,426050093056.0,0.0
40012,2026-06-30 23:59:59.999999999,427489000000.0,427489001472.0,0.0
40012,2026-07-31 23:59:59.999999999,428947540000.0,428947537920.0,0.0
40012,2026-08-31 23:59:59.999999999,430423740000.0,430423736320.0,0.0
40012,2026-09-30 23:59:59.999999999,431915860000.0,431915859968.0,0.0
40012,2026-10-31 23:59:59.999999999,433422300000.0,433422303232.0,0.0
40012,2026-11-30 23:59:59.999999999,434941600000.0,434941591552.0,0.0
40012,2026-12-31 23:59:59.999999999,436472480000.0,436472479744.0,0.0
40012,2027-01-31 23:59:59.999999999,438013820000.0,438013820928.0,0.0
40012,2027-02-28 23:59:59.999999999,439564500000.0,439564500992.0,0.0
40012,2027-03-31 23:59:59.999999999,441123640000.0,441123635200.0,0.0
40012,2027-04-30 23:59:59.999999999,442690370000.0,442690371584.0,0.0
40012,2027-05-31 23:59:59.999999999,444263960000.0,444263956480.0,0.0
40012,2024-12-31 23:59:59.999999999,410025130000.0,410025132032.0,0.0
40012,2025-01-31 23:59:59.999999999,410521370000.0,410521370624.0,0.0
40012,2025-02-28 23:59:59.999999999,412550000000.0,412550004736.0,0.0
40012,2025-03-31 23:59:59.999999999,416623720000.0,416623722496.0,0.0
40012,2025-04-30 23:59:59.999999999,422776440000.0,422776438784.0,0.0
40012,2025-05-31 23:59:59.999999999,426668160000.0,426668163072.0,0.0
40012,2025-06-30 23:59:59.999999999,429758580000.0,429758578688.0,0.0
40012,2025-07-31 23:59:59.999999999,435700100000.0,435700105216.0,0.0
40012,2025-08-31 23:59:59.999999999,439486000000.0,439485988864.0,0.0
40012,2025-09-30 23:59:59.999999999,445392400000.0,445392388096.0,0.0
40012,2025-10-31 23:59:59.999999999,469685200000.0,469685207040.0,0.0
40012,2025-11-30 23:59:59.999999999,463921700000.0,463921709056.0,0.0
40012,2025-12-31 23:59:59.999999999,462962620000.0,462962622464.0,0.0
40012,2026-01-31 23:59:59.999999999,463416920000.0,463416918016.0,0.0
40012,2026-02-28 23:59:59.999999999,465406070000.0,465406066688.0,0.0
40012,2026-03-31 23:59:59.999999999,469442560000.0,469442560000.0,0.0
40012,2026-04-30 23:59:59.999999999,475560250000.0,475560247296.0,0.0
40012,2026-05-31 23:59:59.999999999,479418970000.0,479418974208.0,0.0
40012,2026-06-30 23:59:59.999999999,482478300000.0,482478292992.0,0.0
40012,2026-07-31 23:59:59.999999999,488390560000.0,488390557696.0,0.0
40012,2026-08-31 23:59:59.999999999,492148880000.0,492148883456.0,0.0
40012,2026-09-30 23:59:59.999999999,498029330000.0,498029330432.0,0.0
40012,2026-10-31 23:59:59.999999999,522297670000.0,522297671680.0,0.0
40012,2026-11-30 23:59:59.999999999,516511140000.0,516511137792.0,0.0
40012,2026-12-31 23:59:59.999999999,515530400000.0,515530391552.0,0.0
40012,2027-01-31 23:59:59.999999999,515964270000.0,515964272640.0,0.0
40012,2027-02-28 23:59:59.999999999,517934150000.0,517934153728.0,0.0
40012,2027-03-31 23:59:59.999999999,521952530000.0,521952526336.0,0.0
40012,2027-04-30 23:59:59.999999999,528053170000.0,528053174272.0,0.0
40012,2027-05-31 23:59:59.999999999,531895800000.0,531895812096.0,0.0
40012,2024-12-31 23:59:59.999999999,595825660000.0,595825655808.0,0.0
40012,2025-01-31 23:59:59.999999999,601681300000.0,601681297408.0,0.0
40012,2025-02-28 23:59:59.999999999,607669300000.0,607669321728.0,0.0
40012,2025-03-31 23:59:59.999999999,614161600000.0,614161580032.0,0.0
40012,2025-04-30 23:59:59.999999999,620618450000.0,620618448896.0,0.0
40012,2025-05-31 23:59:59.999999999,626849600000.0,626849611776.0,0.0
40012,2025-06-30 23:59:59.999999999,633441160000.0,633441157120.0,0.0
40012,2025-07-31 23:59:59.999999999,639626100000.0,639626117120.0,0.0
40012,2025-08-31 23:59:59.999999999,645836900000.0,645836898304.0,0.0
40012,2025-09-30 23:59:59.999999999,652057900000.0,652057903104.0,0.0
40012,2025-10-31 23:59:59.999999999,657836300000.0,657836277760.0,0.0
40012,2025-11-30 23:59:59.999999999,663452500000.0,663452516352.0,0.0
40012,2025-12-31 23:59:59.999999999,669571300000.0,669571284992.0,0.0
40012,2026-01-31 23:59:59.999999999,675614300000.0,675614294016.0,0.0
40012,2026-02-28 23:59:59.999999999,681672970000.0,681672966144.0,0.0
40012,2026-03-31 23:59:59.999999999,687791140000.0,687791144960.0,0.0
40012,2026-04-30 23:59:59.999999999,693905200000.0,693905195008.0,0.0
40012,2026-05-31 23:59:59.999999999,699992600000.0,699992571904.0,0.0
40012,2026-06-30 23:59:59.999999999,706122500000.0,706122481664.0,0.0
40012,2026-07-31 23:59:59.999999999,712204400000.0,712204419072.0,0.0
40012,2026-08-31 23:59:59.999999999,718289400000.0,718289371136.0,0.0
40012,2026-09-30 23:59:59.999999999,724375600000.0,724375568384.0,0.0
40012,2026-10-31 23:59:59.999999999,730409500000.0,730409467904.0,0.0
40012,2026-11-30 23:59:59.999999999,736424170000.0,736424165376.0,0.0
40012,2026-12-31 23:59:59.999999999,742498300000.0,742498304000.0,0.0
40012,2027-01-31 23:59:59.999999999,748563400000.0,748563398656.0,0.0
40012,2027-02-28 23:59:59.999999999,754630400000.0,754630393856.0,0.0
40012,2027-03-31 23:59:59.999999999,760704470000.0,760704466944.0,0.0
40012,2027-04-30 23:59:59.999999999,766777950000.0,766777950208.0,0.0
40012,2027-05-31 23:59:59.999999999,772848350000.0,772848353280.0,0.0
40012,2024-12-31 23:59:59.999999999,736162940000.0,736162938880.0,0.0
40012,2025-01-31 23:59:59.999999999,741220400000.0,741220417536.0,0.0
40012,2025-02-28 23:59:59.999999999,746277800000.0,746277830656.0,0.0
40012,2025-03-31 23:59:59.999999999,751335300000.0,751335309312.0,0.0
40012,2025-04-30 23:59:59.999999999,756392700000.0,756392722432.0,0.0
40012,2025-05-31 23:59:59.999999999,761450200000.0,761450201088.0,0.0
40012,2025-06-30 23:59:59.999999999,766507600000.0,766507614208.0,0.0
40012,2025-07-31 23:59:59.999999999,771565100000.0,771565092864.0,0.0
40012,2025-08-31 23:59:59.999999999,776622500000.0,776622505984.0,0.0
40012,2025-09-30 23:59:59.999999999,781680000000.0,781679984640.0,0.0
40012,2025-10-31 23:59:59.999999999,786737400000.0,786737397760.0,0.0
40012,2025-11-30 23:59:59.999999999,791794900000.0,791794876416.0,0.0
40012,2025-12-31 23:59:59.999999999,796852300000.0,796852289536.0,0.0
40012,2026-01-31 23:59:59.999999999,801909800000.0,801909768192.0,0.0
40012,2026-02-28 23:59:59.999999999,806967200000.0,806967181312.0,0.0
40012,2026-03-31 23:59:59.999999999,812024600000.0,812024594432.0,0.0
40012,2026-04-30 23:59:59.999999999,817082100000.0,817082073088.0,0.0
40012,2026-05-31 23:59:59.999999999,822139500000.0,822139486208.0,0.0
40012,2026-06-30 23:59:59.999999999,827196960000.0,827196964864.0,0.0
40012,2026-07-31 23:59:59.999999999,832254400000.0,832254377984.0,0.0
40012,2026-08-31 23:59:59.999999999,837311860000.0,837311856640.0,0.0
40012,2026-09-30 23:59:59.999999999,842369300000.0,842369269760.0,0.0
40012,2026-10-31 23:59:59.999999999,847426750000.0,847426748416.0,0.0
40012,2026-11-30 23:59:59.999999999,852484160000.0,852484161536.0,0.0
40012,2026-12-31 23:59:59.999999999,857541640000.0,857541640192.0,0.0
40012,2027-01-31 23:59:59.999999999,862599050000.0,862599053312.0,0.0
40012,2027-02-28 23:59:59.999999999,867656500000.0,867656531968.0,0.0
40012,2027-03-31 23:59:59.999999999,872713950000.0,872713945088.0,0.0
40012,2027-04-30 23:59:59.999999999,877771360000.0,877771358208.0,0.0
40012,2027-05-31 23:59:59.999999999,882828840000.0,882828836864.0,0.0
40012,2024-12-31 23:59:59.999999999,6607193600.0,6607193600.0,0.0
40012,2025-01-31 23:59:59.999999999,6510208500.0,6510208512.0,0.0
40012,2025-02-28 23:59:59.999999999,6418354000.0,6418354176.0,0.0
40012,2025-03-31 23:59:59.999999999,6385531400.0,6385531392.0,0.0
40012,2025-04-30 23:59:59.999999999,6409127400.0,6409127424.0,0.0
40012,2025-05-31 23:59:59.999999999,6414175700.0,6414175744.0,0.0
40012,2025-06-30 23:59:59.999999999,6357865500.0,6357865472.0,0.0
40012,2025-07-31 23:59:59.999999999,6312590300.0,6312590336.0,0.0
40012,2025-08-31 23:59:59.999999999,6276030500.0,6276030464.0,0.0
40012,2025-09-30 23:59:59.999999999,6264138000.0,6264138240.0,0.0
40012,2025-10-31 23:59:59.999999999,6254777000.0,6254776832.0,0.0
40012,2025-11-30 23:59:59.999999999,6212251000.0,6212251136.0,0.0
40012,2025-12-31 23:59:59.999999999,6186189300.0,6186189312.0,0.0
40012,2026-01-31 23:59:59.999999999,6155212000.0,6155211776.0,0.0
40012,2026-02-28 23:59:59.999999999,6139211300.0,6139211264.0,0.0
40012,2026-03-31 23:59:59.999999999,6144500700.0,6144500736.0,0.0
40012,2026-04-30 23:59:59.999999999,6156288500.0,6156288512.0,0.0
40012,2026-05-31 23:59:59.999999999,6159666700.0,6159666688.0,0.0
40012,2026-06-30 23:59:59.999999999,6154198500.0,6154198528.0,0.0
40012,2026-07-31 23:59:59.999999999,6148726000.0,6148725760.0,0.0
40012,2026-08-31 23:59:59.999999999,6148812000.0,6148811776.0,0.0
40012,2026-09-30 23:59:59.999999999,6152279000.0,6152279040.0,0.0
40012,2026-10-31 23:59:59.999999999,6154324500.0,6154324480.0,0.0
40012,2026-11-30 23:59:59.999999999,6153396000.0,6153396224.0,0.0
40012,2026-12-31 23:59:59.999999999,6151555600.0,6151555584.0,0.0
40012,2027-01-31 23:59:59.999999999,6151020500.0,6151020544.0,0.0
40012,2027-02-28 23:59:59.999999999,6151846400.0,6151846400.0,0.0
40012,2027-03-31 23:59:59.999999999,6152681500.0,6152681472.0,0.0
40012,2027-04-30 23:59:59.999999999,6152671000.0,6152671232.0,0.0
40012,2027-05-31 23:59:59.999999999,6152143000.0,6152142848.0,0.0
40012,2024-12-31 23:59:59.999999999,0.0,0.0,
40012,2025-01-31 23:59:59.999999999,0.0,0.0,
40012,2025-02-28 23:59:59.999999999,0.0,0.0,
40012,2025-03-31 23:59:59.999999999,0.0,0.0,
40012,2025-04-30 23:59:59.999999999,0.0,0.0,
40012,2025-05-31 23:59:59.999999999,0.0,0.0,
40012,2025-06-30 23:59:59.999999999,0.0,0.0,
40012,2025-07-31 23:59:59.999999999,0.0,0.0,
40012,2025-08-31 23:59:59.999999999,0.0,0.0,
40012,2025-09-30 23:59:59.999999999,0.0,0.0,
40012,2025-10-31 23:59:59.999999999,0.0,0.0,
40012,2025-11-30 23:59:59.999999999,0.0,0.0,
40012,2025-12-31 23:59:59.999999999,0.0,0.0,
40012,2026-01-31 23:59:59.999999999,0.0,0.0,
40012,2026-02-28 23:59:59.999999999,0.0,0.0,
40012,2026-03-31 23:59:59.999999999,0.0,0.0,
40012,2026-04-30 23:59:59.999999999,0.0,0.0,
40012,2026-05-31 23:59:59.999999999,0.0,0.0,
40012,2026-06-30 23:59:59.999999999,0.0,0.0,
40012,2026-07-31 23:59:59.999999999,0.0,0.0,
40012,2026-08-31 23:59:59.999999999,0.0,0.0,
40012,2026-09-30 23:59:59.999999999,0.0,0.0,
40012,2026-10-31 23:59:59.999999999,0.0,0.0,
40012,2026-11-30 23:59:59.999999999,0.0,0.0,
40012,2026-12-31 23:59:59.999999999,0.0,0.0,
40012,2027-01-31 23:59:59.999999999,0.0,0.0,
40012,2027-02-28 23:59:59.999999999,0.0,0.0,
40012,2027-03-31 23:59:59.999999999,0.0,0.0,
40012,2027-04-30 23:59:59.999999999,0.0,0.0,
40012,2027-05-31 23:59:59.999999999,0.0,0.0,
40012,2024-12-31 23:59:59.999999999,0.0,0.0,
40012,2025-01-31 23:59:59.999999999,0.0,0.0,
40012,2025-02-28 23:59:59.999999999,0.0,0.0,
40012,2025-03-31 23:59:59.999999999,0.0,0.0,
40012,2025-04-30 23:59:59.999999999,0.0,0.0,
40012,2025-05-31 23:59:59.999999999,0.0,0.0,
40012,2025-06-30 23:59:59.999999999,0.0,0.0,
40012,2025-07-31 23:59:59.999999999,0.0,0.0,
40012,2025-08-31 23:59:59.999999999,0.0,0.0,
40012,2025-09-30 23:59:59.999999999,0.0,0.0,
40012,2025-10-31 23:59:59.999999999,0.0,0.0,
40012,2025-11-30 23:59:59.999999999,0.0,0.0,
40012,2025-12-31 23:59:59.999999999,0.0,0.0,
40012,2026-01-31 23:59:59.999999999,0.0,0.0,
40012,2026-02-28 23:59:59.999999999,0.0,0.0,
40012,2026-03-31 23:59:59.999999999,0.0,0.0,
40012,2026-04-30 23:59:59.999999999,0.0,0.0,
40012,2026-05-31 23:59:59.999999999,0.0,0.0,
40012,2026-06-30 23:59:59.999999999,0.0,0.0,
40012,2026-07-31 23:59:59.999999999,0.0,0.0,
40012,2026-08-31 23:59:59.999999999,0.0,0.0,
40012,2026-09-30 23:59:59.999999999,0.0,0.0,
40012,2026-10-31 23:59:59.999999999,0.0,0.0,
40012,2026-11-30 23:59:59.999999999,0.0,0.0,
40012,2026-12-31 23:59:59.999999999,0.0,0.0,
40012,2027-01-31 23:59:59.999999999,0.0,0.0,
40012,2027-02-28 23:59:59.999999999,0.0,0.0,
40012,2027-03-31 23:59:59.999999999,0.0,0.0,
40012,2027-04-30 23:59:59.999999999,0.0,0.0,
40012,2027-05-31 23:59:59.999999999,0.0,0.0,
40012,2024-12-31 23:59:59.999999999,0.0,0.0,
40012,2025-01-31 23:59:59.999999999,0.0,0.0,
40012,2025-02-28 23:59:59.999999999,0.0,0.0,
40012,2025-03-31 23:59:59.999999999,0.0,0.0,
40012,2025-04-30 23:59:59.999999999,0.0,0.0,
40012,2025-05-31 23:59:59.999999999,0.0,0.0,
40012,2025-06-30 23:59:59.999999999,0.0,0.0,
40012,2025-07-31 23:59:59.999999999,0.0,0.0,
40012,2025-08-31 23:59:59.999999999,0.0,0.0,
40012,2025-09-30 23:59:59.999999999,0.0,0.0,
40012,2025-10-31 23:59:59.999999999,0.0,0.0,
40012,2025-11-30 23:59:59.999999999,0.0,0.0,
40012,2025-12-31 23:59:59.999999999,0.0,0.0,
40012,2026-01-31 23:59:59.999999999,0.0,0.0,
40012,2026-02-28 23:59:59.999999999,0.0,0.0,
40012,2026-03-31 23:59:59.999999999,0.0,0.0,
40012,2026-04-30 23:59:59.999999999,0.0,0.0,
40012,2026-05-31 23:59:59.999999999,0.0,0.0,
40012,2026-06-30 23:59:59.999999999,0.0,0.0,
40012,2026-07-31 23:59:59.999999999,0.0,0.0,
40012,2026-08-31 23:59:59.999999999,0.0,0.0,
40012,2026-09-30 23:59:59.999999999,0.0,0.0,
40012,2026-10-31 23:59:59.999999999,0.0,0.0,
40012,2026-11-30 23:59:59.999999999,0.0,0.0,
40012,2026-12-31 23:59:59.999999999,0.0,0.0,
40012,2027-01-31 23:59:59.999999999,0.0,0.0,
40012,2027-02-28 23:59:59.999999999,0.0,0.0,
40012,2027-03-31 23:59:59.999999999,0.0,0.0,
40012,2027-04-30 23:59:59.999999999,0.0,0.0,
40012,2027-05-31 23:59:59.999999999,0.0,0.0,
40012,2024-12-31 23:59:59.999999999,0.0,0.0,
40012,2025-01-31 23:59:59.999999999,0.0,0.0,
40012,2025-02-28 23:59:59.999999999,0.0,0.0,
40012,2025-03-31 23:59:59.999999999,0.0,0.0,
40012,2025-04-30 23:59:59.999999999,0.0,0.0,
40012,2025-05-31 23:59:59.999999999,0.0,0.0,
40012,2025-06-30 23:59:59.999999999,0.0,0.0,
40012,2025-07-31 23:59:59.999999999,0.0,0.0,
40012,2025-08-31 23:59:59.999999999,0.0,0.0,
40012,2025-09-30 23:59:59.999999999,0.0,0.0,
40012,2025-10-31 23:59:59.999999999,0.0,0.0,
40012,2025-11-30 23:59:59.999999999,0.0,0.0,
40012,2025-12-31 23:59:59.999999999,0.0,0.0,
40012,2026-01-31 23:59:59.999999999,0.0,0.0,
40012,2026-02-28 23:59:59.999999999,0.0,0.0,
40012,2026-03-31 23:59:59.999999999,0.0,0.0,
40012,2026-04-30 23:59:59.999999999,0.0,0.0,
40012,2026-05-31 23:59:59.999999999,0.0,0.0,
40012,2026-06-30 23:59:59.999999999,0.0,0.0,
40012,2026-07-31 23:59:59.999999999,0.0,0.0,
40012,2026-08-31 23:59:59.999999999,0.0,0.0,
40012,2026-09-30 23:59:59.999999999,0.0,0.0,
40012,2026-10-31 23:59:59.999999999,0.0,0.0,
40012,2026-11-30 23:59:59.999999999,0.0,0.0,
40012,2026-12-31 23:59:59.999999999,0.0,0.0,
40012,2027-01-31 23:59:59.999999999,0.0,0.0,
40012,2027-02-28 23:59:59.999999999,0.0,0.0,
40012,2027-03-31 23:59:59.999999999,0.0,0.0,
40012,2027-04-30 23:59:59.999999999,0.0,0.0,
40012,2027-05-31 23:59:59.999999999,0.0,0.0,
40014,2024-12-31 23:59:59.999999999,1788527200000.0,1788527247360.0,0.0
40014,2025-01-31 23:59:59.999999999,1794324700000.0,1794324692992.0,0.0
40014,2025-02-28 23:59:59.999999999,1800122000000.0,1800122007552.0,0.0
40014,2025-03-31 23:59:59.999999999,1805919300000.0,1805919322112.0,0.0
40014,2025-04-30 23:59:59.999999999,1811716600000.0,1811716636672.0,0.0
40014,2025-05-31 23:59:59.999999999,1817514100000.0,1817514082304.0,0.0
40014,2025-06-30 23:59:59.999999999,1823311400000.0,1823311396864.0,0.0
40014,2025-07-31 23:59:59.999999999,1829108700000.0,1829108711424.0,0.0
40014,2025-08-31 23:59:59.999999999,1834906200000.0,1834906157056.0,0.0
40014,2025-09-30 23:59:59.999999999,1840703500000.0,1840703471616.0,0.0
40014,2025-10-31 23:59:59.999999999,1846500800000.0,1846500786176.0,0.0
40014,2025-11-30 23:59:59.999999999,1852298100000.0,1852298100736.0,0.0
40014,2025-12-31 23:59:59.999999999,1858095500000.0,1858095546368.0,0.0
40014,2026-01-31 23:59:59.999999999,1863892900000.0,1863892860928.0,0.0
40014,2026-02-28 23:59:59.999999999,1869690200000.0,1869690175488.0,0.0
40014,2026-03-31 23:59:59.999999999,1875487600000.0,1875487621120.0,0.0
40014,2026-04-30 23:59:59.999999999,1881285000000.0,1881284935680.0,0.0
40014,2026-05-31 23:59:59.999999999,1887082300000.0,1887082250240.0,0.0
40014,2026-06-30 23:59:59.999999999,1892879700000.0,1892879695872.0,0.0
40014,2026-07-31 23:59:59.999999999,1898677000000.0,1898677010432.0,0.0
40014,2026-08-31 23:59:59.999999999,1904474300000.0,1904474324992.0,0.0
40014,2026-09-30 23:59:59.999999999,1910271600000.0,1910271639552.0,0.0
40014,2026-10-31 23:59:59.999999999,1916069100000.0,1916069085184.0,0.0
40014,2026-11-30 23:59:59.999999999,1921866400000.0,1921866399744.0,0.0
40014,2026-12-31 23:59:59.999999999,1927663700000.0,1927663714304.0,0.0
40014,2027-01-31 23:59:59.999999999,1933461200000.0,1933461159936.0,0.0
40014,2027-02-28 23:59:59.999999999,1939258500000.0,1939258474496.0,0.0
40014,2027-03-31 23:59:59.999999999,1945055800000.0,1945055789056.0,0.0
40014,2027-04-30 23:59:59.999999999,1950853100000.0,1950853103616.0,0.0
40014,2027-05-31 23:59:59.999999999,1956650500000.0,1956650549248.0,0.0
40014,2024-12-31 23:59:59.999999999,732528900000.0,732528902144.0,0.0
40014,2025-01-31 23:59:59.999999999,735262340000.0,735262343168.0,0.0
40014,2025-02-28 23:59:59.999999999,737995800000.0,737995784192.0,0.0
40014,2025-03-31 23:59:59.999999999,740729300000.0,740729290752.0,0.0
40014,2025-04-30 23:59:59.999999999,743462700000.0,743462731776.0,0.0
40014,2025-05-31 23:59:59.999999999,746196200000.0,746196172800.0,0.0
40014,2025-06-30 23:59:59.999999999,748929600000.0,748929613824.0,0.0
40014,2025-07-31 23:59:59.999999999,751663050000.0,751663054848.0,0.0
40014,2025-08-31 23:59:59.999999999,754396500000.0,754396495872.0,0.0
40014,2025-09-30 23:59:59.999999999,757129940000.0,757129936896.0,0.0
40014,2025-10-31 23:59:59.999999999,759863440000.0,759863443456.0,0.0
40014,2025-11-30 23:59:59.999999999,762596900000.0,762596884480.0,0.0
40014,2025-12-31 23:59:59.999999999,765330300000.0,765330325504.0,0.0
40014,2026-01-31 23:59:59.999999999,768063770000.0,768063766528.0,0.0
40014,2026-02-28 23:59:59.999999999,770797200000.0,770797207552.0,0.0
40014,2026-03-31 23:59:59.999999999,773530650000.0,773530648576.0,0.0
40014,2026-04-30 23:59:59.999999999,776264100000.0,776264089600.0,0.0
40014,2026-05-31 23:59:59.999999999,778997600000.0,778997596160.0,0.0
40014,2026-06-30 23:59:59.999999999,781731040000.0,781731037184.0,0.0
40014,2026-07-31 23:59:59.999999999,784464500000.0,784464478208.0,0.0
40014,2026-08-31 23:59:59.999999999,787197900000.0,787197919232.0,0.0
40014,2026-09-30 23:59:59.999999999,789931360000.0,789931360256.0,0.0
40014,2026-10-31 23:59:59.999999999,792664800000.0,792664801280.0,0.0
40014,2026-11-30 23:59:59.999999999,795398240000.0,795398242304.0,0.0
40014,2026-12-31 23:59:59.999999999,798131750000.0,798131748864.0,0.0
40014,2027-01-31 23:59:59.999999999,800865200000.0,800865189888.0,0.0
40014,2027-02-28 23:59:59.999999999,803598600000.0,803598630912.0,0.0
40014,2027-03-31 23:59:59.999999999,806332100000.0,806332071936.0,0.0
40014,2027-04-30 23:59:59.999999999,809065500000.0,809065512960.0,0.0
40014,2027-05-31 23:59:59.999999999,811798950000.0,811798953984.0,0.0
40014,2024-12-31 23:59:59.999999999,22989623000.0,22989623296.0,0.0
40014,2025-01-31 23:59:59.999999999,22989623000.0,22989623296.0,0.0
40014,2025-02-28 23:59:59.999999999,22989623000.0,22989623296.0,0.0
40014,2025-03-31 23:59:59.999999999,22989623000.0,22989623296.0,0.0
40014,2025-04-30 23:59:59.999999999,22989623000.0,22989623296.0,0.0
40014,2025-05-31 23:59:59.999999999,22989623000.0,22989623296.0,0.0
40014,2025-06-30 23:59:59.999999999,22989623000.0,22989623296.0,0.0
40014,2025-07-31 23:59:59.999999999,22989623000.0,22989623296.0,0.0
40014,2025-08-31 23:59:59.999999999,22989623000.0,22989623296.0,0.0
40014,2025-09-30 23:59:59.999999999,22989623000.0,22989623296.0,0.0
40014,2025-10-31 23:59:59.999999999,22989623000.0,22989623296.0,0.0
40014,2025-11-30 23:59:59.999999999,22989623000.0,22989623296.0,0.0
40014,2025-12-31 23:59:59.999999999,22989623000.0,22989623296.0,0.0
40014,2026-01-31 23:59:59.999999999,22989623000.0,22989623296.0,0.0
40014,2026-02-28 23:59:59.999999999,22989623000.0,22989623296.0,0.0
40014,2026-03-31 23:59:59.999999999,22989623000.0,22989623296.0,0.0
40014,2026-04-30 23:59:59.999999999,22989623000.0,22989623296.0,0.0
40014,2026-05-31 23:59:59.999999999,22989623000.0,22989623296.0,0.0
40014,2026-06-30 23:59:59.999999999,22989623000.0,22989623296.0,0.0
40014,2026-07-31 23:59:59.999999999,22989623000.0,22989623296.0,0.0
40014,2026-08-31 23:59:59.999999999,22989623000.0,22989623296.0,0.0
40014,2026-09-30 23:59:59.999999999,22989623000.0,22989623296.0,0.0
40014,2026-10-31 23:59:59.999999999,22989623000.0,22989623296.0,0.0
40014,2026-11-30 23:59:59.999999999,22989623000.0,22989623296.0,0.0
40014,2026-12-31 23:59:59.999999999,22989623000.0,22989623296.0,0.0
40014,2027-01-31 23:59:59.999999999,22989623000.0,22989623296.0,0.0
40014,2027-02-28 23:59:59.999999999,22989623000.0,22989623296.0,0.0
40014,2027-03-31 23:59:59.999999999,22989623000.0,22989623296.0,0.0
40014,2027-04-30 23:59:59.999999999,22989623000.0,22989623296.0,0.0
40014,2027-05-31 23:59:59.999999999,22989623000.0,22989623296.0,0.0
40014,2024-12-31 23:59:59.999999999,135918854000.0,135918854144.0,0.0
40014,2025-01-31 23:59:59.999999999,135918854000.0,135918854144.0,0.0
40014,2025-02-28 23:59:59.999999999,135918854000.0,135918854144.0,0.0
40014,2025-03-31 23:59:59.999999999,135918854000.0,135918854144.0,0.0
40014,2025-04-30 23:59:59.999999999,135918854000.0,135918854144.0,0.0
40014,2025-05-31 23:59:59.999999999,135918854000.0,135918854144.0,0.0
40014,2025-06-30 23:59:59.999999999,135918854000.0,135918854144.0,0.0
40014,2025-07-31 23:59:59.999999999,135918854000.0,135918854144.0,0.0
40014,2025-08-31 23:59:59.999999999,135918854000.0,135918854144.0,0.0
40014,2025-09-30 23:59:59.999999999,135918854000.0,135918854144.0,0.0
40014,2025-10-31 23:59:59.999999999,135918854000.0,135918854144.0,0.0
40014,2025-11-30 23:59:59.999999999,135918854000.0,135918854144.0,0.0
40014,2025-12-31 23:59:59.999999999,135918854000.0,135918854144.0,0.0
40014,2026-01-31 23:59:59.999999999,135918854000.0,135918854144.0,0.0
40014,2026-02-28 23:59:59.999999999,135918854000.0,135918854144.0,0.0
40014,2026-03-31 23:59:59.999999999,135918854000.0,135918854144.0,0.0
40014,2026-04-30 23:59:59.999999999,135918854000.0,135918854144.0,0.0
40014,2026-05-31 23:59:59.999999999,135918854000.0,135918854144.0,0.0
40014,2026-06-30 23:59:59.999999999,135918854000.0,135918854144.0,0.0
40014,2026-07-31 23:59:59.999999999,135918854000.0,135918854144.0,0.0
40014,2026-08-31 23:59:59.999999999,135918854000.0,135918854144.0,0.0
40014,2026-09-30 23:59:59.999999999,135918854000.0,135918854144.0,0.0
40014,2026-10-31 23:59:59.999999999,135918854000.0,135918854144.0,0.0
40014,2026-11-30 23:59:59.999999999,135918854000.0,135918854144.0,0.0
40014,2026-12-31 23:59:59.999999999,135918854000.0,135918854144.0,0.0
40014,2027-01-31 23:59:59.999999999,135918854000.0,135918854144.0,0.0
40014,2027-02-28 23:59:59.999999999,135918854000.0,135918854144.0,0.0
40014,2027-03-31 23:59:59.999999999,135918854000.0,135918854144.0,0.0
40014,2027-04-30 23:59:59.999999999,135918854000.0,135918854144.0,0.0
40014,2027-05-31 23:59:59.999999999,135918854000.0,135918854144.0,0.0
40014,2024-12-31 23:59:59.999999999,172311410000.0,172311412736.0,0.0
40014,2025-01-31 23:59:59.999999999,173046200000.0,173046202368.0,0.0
40014,2025-02-28 23:59:59.999999999,173723200000.0,173723205632.0,0.0
40014,2025-03-31 23:59:59.999999999,174346980000.0,174346977280.0,0.0
40014,2025-04-30 23:59:59.999999999,174921700000.0,174921695232.0,0.0
40014,2025-05-31 23:59:59.999999999,175451210000.0,175451209728.0,0.0
40014,2025-06-30 23:59:59.999999999,175939110000.0,175939108864.0,0.0
40014,2025-07-31 23:59:59.999999999,176388620000.0,176388620288.0,0.0
40014,2025-08-31 23:59:59.999999999,176802790000.0,176802791424.0,0.0
40014,2025-09-30 23:59:59.999999999,177184390000.0,177184391168.0,0.0
40014,2025-10-31 23:59:59.999999999,177535990000.0,177535991808.0,0.0
40014,2025-11-30 23:59:59.999999999,177859940000.0,177859936256.0,0.0
40014,2025-12-31 23:59:59.999999999,178158400000.0,178158403584.0,0.0
40014,2026-01-31 23:59:59.999999999,178433410000.0,178433409024.0,0.0
40014,2026-02-28 23:59:59.999999999,178686790000.0,178686787584.0,0.0
40014,2026-03-31 23:59:59.999999999,178920240000.0,178920243200.0,0.0
40014,2026-04-30 23:59:59.999999999,179135330000.0,179135332352.0,0.0
40014,2026-05-31 23:59:59.999999999,179333510000.0,179333513216.0,0.0
40014,2026-06-30 23:59:59.999999999,179516110000.0,179516112896.0,0.0
40014,2026-07-31 23:59:59.999999999,179684340000.0,179684343808.0,0.0
40014,2026-08-31 23:59:59.999999999,179839350000.0,179839352832.0,0.0
40014,2026-09-30 23:59:59.999999999,179982170000.0,179982172160.0,0.0
40014,2026-10-31 23:59:59.999999999,180113750000.0,180113752064.0,0.0
40014,2026-11-30 23:59:59.999999999,180235000000.0,180234993664.0,0.0
40014,2026-12-31 23:59:59.999999999,180346700000.0,180346699776.0,0.0
40014,2027-01-31 23:59:59.999999999,180449620000.0,180449624064.0,0.0
40014,2027-02-28 23:59:59.999999999,180544450000.0,180544454656.0,0.0
40014,2027-03-31 23:59:59.999999999,180631830000.0,180631830528.0,0.0
40014,2027-04-30 23:59:59.999999999,180712330000.0,180712325120.0,0.0
40014,2027-05-31 23:59:59.999999999,180786500000.0,180786495488.0,0.0
40014,2024-12-31 23:59:59.999999999,240674830000.0,240674832384.0,0.0
40014,2025-01-31 23:59:59.999999999,243798720000.0,243798720512.0,0.0
40014,2025-02-28 23:59:59.999999999,246922600000.0,246922592256.0,0.0
40014,2025-03-31 23:59:59.999999999,250046460000.0,250046464000.0,0.0
40014,2025-04-30 23:59:59.999999999,253170350000.0,253170352128.0,0.0
40014,2025-05-31 23:59:59.999999999,256294220000.0,256294223872.0,0.0
40014,2025-06-30 23:59:59.999999999,259418100000.0,259418095616.0,0.0
40014,2025-07-31 23:59:59.999999999,262541980000.0,262541983744.0,0.0
40014,2025-08-31 23:59:59.999999999,265665860000.0,265665855488.0,0.0
40014,2025-09-30 23:59:59.999999999,268789730000.0,268789727232.0,0.0
40014,2025-10-31 23:59:59.999999999,271913600000.0,271913598976.0,0.0
40014,2025-11-30 23:59:59.999999999,275037500000.0,275037487104.0,0.0
40014,2025-12-31 23:59:59.999999999,278161360000.0,278161358848.0,0.0
40014,2026-01-31 23:59:59.999999999,281285230000.0,281285230592.0,0.0
40014,2026-02-28 23:59:59.999999999,284409100000.0,284409102336.0,0.0
40014,2026-03-31 23:59:59.999999999,287533000000.0,287533006848.0,0.0
40014,2026-04-30 23:59:59.999999999,290656880000.0,290656878592.0,0.0
40014,2026-05-31 23:59:59.999999999,293780750000.0,293780750336.0,0.0
40014,2026-06-30 23:59:59.999999999,296904620000.0,296904622080.0,0.0
40014,2026-07-31 23:59:59.999999999,300028500000.0,300028493824.0,0.0
40014,2026-08-31 23:59:59.999999999,303152370000.0,303152365568.0,0.0
40014,2026-09-30 23:59:59.999999999,306276240000.0,306276237312.0,0.0
40014,2026-10-31 23:59:59.999999999,309400140000.0,309400141824.0,0.0
40014,2026-11-30 23:59:59.999999999,312524000000.0,312524013568.0,0.0
40014,2026-12-31 23:59:59.999999999,315647900000.0,315647885312.0,0.0
40014,2027-01-31 23:59:59.999999999,318771760000.0,318771757056.0,0.0
40014,2027-02-28 23:59:59.999999999,321895630000.0,321895628800.0,0.0
40014,2027-03-31 23:59:59.999999999,325019500000.0,325019500544.0,0.0
40014,2027-04-30 23:59:59.999999999,328143400000.0,328143405056.0,0.0
40014,2027-05-31 23:59:59.999999999,331267280000.0,331267276800.0,0.0
40014,2024-12-31 23:59:59.999999999,465712220000.0,465712218112.0,0.0
40014,2025-01-31 23:59:59.999999999,468736640000.0,468736638976.0,0.0
40014,2025-02-28 23:59:59.999999999,471761030000.0,471761027072.0,0.0
40014,2025-03-31 23:59:59.999999999,474785450000.0,474785447936.0,0.0
40014,2025-04-30 23:59:59.999999999,477809840000.0,477809836032.0,0.0
40014,2025-05-31 23:59:59.999999999,480834220000.0,480834224128.0,0.0
40014,2025-06-30 23:59:59.999999999,483858640000.0,483858644992.0,0.0
40014,2025-07-31 23:59:59.999999999,486883030000.0,486883033088.0,0.0
40014,2025-08-31 23:59:59.999999999,489907450000.0,489907453952.0,0.0
40014,2025-09-30 23:59:59.999999999,492931840000.0,492931842048.0,0.0
40014,2025-10-31 23:59:59.999999999,495956230000.0,495956230144.0,0.0
40014,2025-11-30 23:59:59.999999999,498980650000.0,498980651008.0,0.0
40014,2025-12-31 23:59:59.999999999,502005040000.0,502005039104.0,0.0
40014,2026-01-31 23:59:59.999999999,505029430000.0,505029427200.0,0.0
40014,2026-02-28 23:59:59.999999999,508053850000.0,508053848064.0,0.0
40014,2026-03-31 23:59:59.999999999,511078240000.0,511078236160.0,0.0
40014,2026-04-30 23:59:59.999999999,514102660000.0,514102657024.0,0.0
40014,2026-05-31 23:59:59.999999999,517127050000.0,517127045120.0,0.0
40014,2026-06-30 23:59:59.999999999,520151430000.0,520151433216.0,0.0
40014,2026-07-31 23:59:59.999999999,523175850000.0,523175854080.0,0.0
40014,2026-08-31 23:59:59.999999999,526200240000.0,526200242176.0,0.0
40014,2026-09-30 23:59:59.999999999,529224660000.0,529224663040.0,0.0
40014,2026-10-31 23:59:59.999999999,532249050000.0,532249051136.0,0.0
40014,2026-11-30 23:59:59.999999999,535273440000.0,535273439232.0,0.0
40014,2026-12-31 23:59:59.999999999,538297860000.0,538297860096.0,0.0
40014,2027-01-31 23:59:59.999999999,541322250000.0,541322248192.0,0.0
40014,2027-02-28 23:59:59.999999999,544346670000.0,544346669056.0,0.0
40014,2027-03-31 23:59:59.999999999,547371060000.0,547371057152.0,0.0
40014,2027-04-30 23:59:59.999999999,550395450000.0,550395445248.0,0.0
40014,2027-05-31 23:59:59.999999999,553419870000.0,553419866112.0,0.0
40014,2024-12-31 23:59:59.999999999,3915179300.0,3915179264.0,0.0
40014,2025-01-31 23:59:59.999999999,3926926000.0,3926926080.0,0.0
40014,2025-02-28 23:59:59.999999999,3912819700.0,3912819712.0,0.0
40014,2025-03-31 23:59:59.999999999,3950688800.0,3950688768.0,0.0
40014,2025-04-30 23:59:59.999999999,3927943200.0,3927943168.0,0.0
40014,2025-05-31 23:59:59.999999999,3947748400.0,3947748352.0,0.0
40014,2025-06-30 23:59:59.999999999,3960848000.0,3960847872.0,0.0
40014,2025-07-31 23:59:59.999999999,3957581000.0,3957581056.0,0.0
40014,2025-08-31 23:59:59.999999999,3981443300.0,3981443328.0,0.0
40014,2025-09-30 23:59:59.999999999,3979412000.0,3979411968.0,0.0
40014,2025-10-31 23:59:59.999999999,3991914800.0,3991914752.0,0.0
40014,2025-11-30 23:59:59.999999999,4012165600.0,4012165632.0,0.0
40014,2025-12-31 23:59:59.999999999,4013248000.0,4013248000.0,0.0
40014,2026-01-31 23:59:59.999999999,4028846600.0,4028846592.0,0.0
40014,2026-02-28 23:59:59.999999999,4031070500.0,4031070464.0,0.0
40014,2026-03-31 23:59:59.999999999,4042403000.0,4042403072.0,0.0
40014,2026-04-30 23:59:59.999999999,4045145000.0,4045145088.0,0.0
40014,2026-05-31 23:59:59.999999999,4051012900.0,4051012864.0,0.0
40014,2026-06-30 23:59:59.999999999,4064038000.0,4064037888.0,0.0
40014,2026-07-31 23:59:59.999999999,4070615600.0,4070615552.0,0.0
40014,2026-08-31 23:59:59.999999999,4079729200.0,4079729152.0,0.0
40014,2026-09-30 23:59:59.999999999,4089939500.0,4089939456.0,0.0
40014,2026-10-31 23:59:59.999999999,4095993600.0,4095993600.0,0.0
40014,2026-11-30 23:59:59.999999999,4113613600.0,4113613568.0,0.0
40014,2026-12-31 23:59:59.999999999,4120723200.0,4120723200.0,0.0
40014,2027-01-31 23:59:59.999999999,4128327200.0,4128327168.0,0.0
40014,2027-02-28 23:59:59.999999999,4136974800.0,4136974848.0,0.0
40014,2027-03-31 23:59:59.999999999,4145075700.0,4145075712.0,0.0
40014,2027-04-30 23:59:59.999999999,4148049000.0,4148048896.0,0.0
40014,2027-05-31 23:59:59.999999999,4157144800.0,4157144832.0,0.0
40014,2024-12-31 23:59:59.999999999,13755526000.0,13755526144.0,0.0
40014,2025-01-31 23:59:59.999999999,13365426000.0,13365426176.0,0.0
40014,2025-02-28 23:59:59.999999999,13271154000.0,13271153664.0,0.0
40014,2025-03-31 23:59:59.999999999,12928555000.0,12928555008.0,0.0
40014,2025-04-30 23:59:59.999999999,12843960000.0,12843960320.0,0.0
40014,2025-05-31 23:59:59.999999999,12496866000.0,12496866304.0,0.0
40014,2025-06-30 23:59:59.999999999,12419217000.0,12419217408.0,0.0
40014,2025-07-31 23:59:59.999999999,12098253000.0,12098252800.0,0.0
40014,2025-08-31 23:59:59.999999999,12022988000.0,12022987776.0,0.0
40014,2025-09-30 23:59:59.999999999,11723416000.0,11723415552.0,0.0
40014,2025-10-31 23:59:59.999999999,11616266000.0,11616266240.0,0.0
40014,2025-11-30 23:59:59.999999999,11315346000.0,11315346432.0,0.0
40014,2025-12-31 23:59:59.999999999,11314377000.0,11314376704.0,0.0
40014,2026-01-31 23:59:59.999999999,11014234000.0,11014234112.0,0.0
40014,2026-02-28 23:59:59.999999999,10920877000.0,10920877056.0,0.0
40014,2026-03-31 23:59:59.999999999,10645244000.0,10645243904.0,0.0
40014,2026-04-30 23:59:59.999999999,10539438000.0,10539438080.0,0.0
40014,2026-05-31 23:59:59.999999999,10250852000.0,10250852352.0,0.0
40014,2026-06-30 23:59:59.999999999,10168122000.0,10168122368.0,0.0
40014,2026-07-31 23:59:59.999999999,9873598000.0,9873598464.0,0.0
40014,2026-08-31 23:59:59.999999999,9782608000.0,9782607872.0,0.0
40014,2026-09-30 23:59:59.999999999,9538710000.0,9538709504.0,0.0
40014,2026-10-31 23:59:59.999999999,9415791000.0,9415790592.0,0.0
40014,2026-11-30 23:59:59.999999999,9140704000.0,9140704256.0,0.0
40014,2026-12-31 23:59:59.999999999,9084270000.0,9084269568.0,0.0
40014,2027-01-31 23:59:59.999999999,8810082000.0,8810082304.0,0.0
40014,2027-02-28 23:59:59.999999999,8685242000.0,8685242368.0,0.0
40014,2027-03-31 23:59:59.999999999,8432837000.0,8432837120.0,0.0
40014,2027-04-30 23:59:59.999999999,8308737000.0,8308737024.0,0.0
40014,2027-05-31 23:59:59.999999999,8052464600.0,8052464640.0,0.0
40014,2024-12-31 23:59:59.999999999,0.0,0.0,
40014,2025-01-31 23:59:59.999999999,0.0,0.0,
40014,2025-02-28 23:59:59.999999999,0.0,0.0,
40014,2025-03-31 23:59:59.999999999,0.0,0.0,
40014,2025-04-30 23:59:59.999999999,0.0,0.0,
40014,2025-05-31 23:59:59.999999999,0.0,0.0,
40014,2025-06-30 23:59:59.999999999,0.0,0.0,
40014,2025-07-31 23:59:59.999999999,0.0,0.0,
40014,2025-08-31 23:59:59.999999999,0.0,0.0,
40014,2025-09-30 23:59:59.999999999,0.0,0.0,
40014,2025-10-31 23:59:59.999999999,0.0,0.0,
40014,2025-11-30 23:59:59.999999999,0.0,0.0,
40014,2025-12-31 23:59:59.999999999,0.0,0.0,
40014,2026-01-31 23:59:59.999999999,0.0,0.0,
40014,2026-02-28 23:59:59.999999999,0.0,0.0,
40014,2026-03-31 23:59:59.999999999,0.0,0.0,
40014,2026-04-30 23:59:59.999999999,0.0,0.0,
40014,2026-05-31 23:59:59.999999999,0.0,0.0,
40014,2026-06-30 23:59:59.999999999,0.0,0.0,
40014,2026-07-31 23:59:59.999999999,0.0,0.0,
40014,2026-08-31 23:59:59.999999999,0.0,0.0,
40014,2026-09-30 23:59:59.999999999,0.0,0.0,
40014,2026-10-31 23:59:59.999999999,0.0,0.0,
40014,2026-11-30 23:59:59.999999999,0.0,0.0,
40014,2026-12-31 23:59:59.999999999,0.0,0.0,
40014,2027-01-31 23:59:59.999999999,0.0,0.0,
40014,2027-02-28 23:59:59.999999999,0.0,0.0,
40014,2027-03-31 23:59:59.999999999,0.0,0.0,
40014,2027-04-30 23:59:59.999999999,0.0,0.0,
40014,2027-05-31 23:59:59.999999999,0.0,0.0,
40014,2024-12-31 23:59:59.999999999,0.0,0.0,
40014,2025-01-31 23:59:59.999999999,0.0,0.0,
40014,2025-02-28 23:59:59.999999999,0.0,0.0,
40014,2025-03-31 23:59:59.999999999,0.0,0.0,
40014,2025-04-30 23:59:59.999999999,0.0,0.0,
40014,2025-05-31 23:59:59.999999999,0.0,0.0,
40014,2025-06-30 23:59:59.999999999,0.0,0.0,
40014,2025-07-31 23:59:59.999999999,0.0,0.0,
40014,2025-08-31 23:59:59.999999999,0.0,0.0,
40014,2025-09-30 23:59:59.999999999,0.0,0.0,
40014,2025-10-31 23:59:59.999999999,0.0,0.0,
40014,2025-11-30 23:59:59.999999999,0.0,0.0,
40014,2025-12-31 23:59:59.999999999,0.0,0.0,
40014,2026-01-31 23:59:59.999999999,0.0,0.0,
40014,2026-02-28 23:59:59.999999999,0.0,0.0,
40014,2026-03-31 23:59:59.999999999,0.0,0.0,
40014,2026-04-30 23:59:59.999999999,0.0,0.0,
40014,2026-05-31 23:59:59.999999999,0.0,0.0,
40014,2026-06-30 23:59:59.999999999,0.0,0.0,
40014,2026-07-31 23:59:59.999999999,0.0,0.0,
40014,2026-08-31 23:59:59.999999999,0.0,0.0,
40014,2026-09-30 23:59:59.999999999,0.0,0.0,
40014,2026-10-31 23:59:59.999999999,0.0,0.0,
40014,2026-11-30 23:59:59.999999999,0.0,0.0,
40014,2026-12-31 23:59:59.999999999,0.0,0.0,
40014,2027-01-31 23:59:59.999999999,0.0,0.0,
40014,2027-02-28 23:59:59.999999999,0.0,0.0,
40014,2027-03-31 23:59:59.999999999,0.0,0.0,
40014,2027-04-30 23:59:59.999999999,0.0,0.0,
40014,2027-05-31 23:59:59.999999999,0.0,0.0,
40014,2024-12-31 23:59:59.999999999,0.0,0.0,
40014,2025-01-31 23:59:59.999999999,0.0,0.0,
40014,2025-02-28 23:59:59.999999999,0.0,0.0,
40014,2025-03-31 23:59:59.999999999,0.0,0.0,
40014,2025-04-30 23:59:59.999999999,0.0,0.0,
40014,2025-05-31 23:59:59.999999999,0.0,0.0,
40014,2025-06-30 23:59:59.999999999,0.0,0.0,
40014,2025-07-31 23:59:59.999999999,0.0,0.0,
40014,2025-08-31 23:59:59.999999999,0.0,0.0,
40014,2025-09-30 23:59:59.999999999,0.0,0.0,
40014,2025-10-31 23:59:59.999999999,0.0,0.0,
40014,2025-11-30 23:59:59.999999999,0.0,0.0,
40014,2025-12-31 23:59:59.999999999,0.0,0.0,
40014,2026-01-31 23:59:59.999999999,0.0,0.0,
40014,2026-02-28 23:59:59.999999999,0.0,0.0,
40014,2026-03-31 23:59:59.999999999,0.0,0.0,
40014,2026-04-30 23:59:59.999999999,0.0,0.0,
40014,2026-05-31 23:59:59.999999999,0.0,0.0,
40014,2026-06-30 23:59:59.999999999,0.0,0.0,
40014,2026-07-31 23:59:59.999999999,0.0,0.0,
40014,2026-08-31 23:59:59.999999999,0.0,0.0,
40014,2026-09-30 23:59:59.999999999,0.0,0.0,
40014,2026-10-31 23:59:59.999999999,0.0,0.0,
40014,2026-11-30 23:59:59.999999999,0.0,0.0,
40014,2026-12-31 23:59:59.999999999,0.0,0.0,
40014,2027-01-31 23:59:59.999999999,0.0,0.0,
40014,2027-02-28 23:59:59.999999999,0.0,0.0,
40014,2027-03-31 23:59:59.999999999,0.0,0.0,
40014,2027-04-30 23:59:59.999999999,0.0,0.0,
40014,2027-05-31 23:59:59.999999999,0.0,0.0,
40021,2024-12-31 23:59:59.999999999,1025217660000.0,1025217658880.0,0.0
40021,2025-01-31 23:59:59.999999999,1028343600000.0,1028343595008.0,0.0
40021,2025-02-28 23:59:59.999999999,1031469470000.0,1031469465600.0,0.0
40021,2025-03-31 23:59:59.999999999,1034595400000.0,1034595401728.0,0.0
40021,2025-04-30 23:59:59.999999999,1037721340000.0,1037721337856.0,0.0
40021,2025-05-31 23:59:59.999999999,1040847300000.0,1040847273984.0,0.0
40021,2025-06-30 23:59:59.999999999,1043973140000.0,1043973144576.0,0.0
40021,2025-07-31 23:59:59.999999999,1047099100000.0,1047099080704.0,0.0
40021,2025-08-31 23:59:59.999999999,1050225000000.0,1050225016832.0,0.0
40021,2025-09-30 23:59:59.999999999,1053350950000.0,1053350952960.0,0.0
40021,2025-10-31 23:59:59.999999999,1056476900000.0,1056476889088.0,0.0
40021,2025-11-30 23:59:59.999999999,1059602760000.0,1059602759680.0,0.0
40021,2025-12-31 23:59:59.999999999,1062728700000.0,1062728695808.0,0.0
40021,2026-01-31 23:59:59.999999999,1065854600000.0,1065854631936.0,0.0
40021,2026-02-28 23:59:59.999999999,1068980600000.0,1068980568064.0,0.0
40021,2026-03-31 23:59:59.999999999,1072106440000.0,1072106438656.0,0.0
40021,2026-04-30 23:59:59.999999999,1075232400000.0,1075232374784.0,0.0
40021,2026-05-31 23:59:59.999999999,1078358300000.0,1078358310912.0,0.0
40021,2026-06-30 23:59:59.999999999,1081484250000.0,1081484247040.0,0.0
40021,2026-07-31 23:59:59.999999999,1084610200000.0,1084610183168.0,0.0
40021,2026-08-31 23:59:59.999999999,1087736050000.0,1087736053760.0,0.0
40021,2026-09-30 23:59:59.999999999,1090862000000.0,1090861989888.0,0.0
40021,2026-10-31 23:59:59.999999999,1093987900000.0,1093987926016.0,0.0
40021,2026-11-30 23:59:59.999999999,1097113860000.0,1097113862144.0,0.0
40021,2026-12-31 23:59:59.999999999,1100239700000.0,1100239732736.0,0.0
40021,2027-01-31 23:59:59.999999999,1103365700000.0,1103365668864.0,0.0
40021,2027-02-28 23:59:59.999999999,1106491600000.0,1106491604992.0,0.0
40021,2027-03-31 23:59:59.999999999,1109617500000.0,1109617541120.0,0.0
40021,2027-04-30 23:59:59.999999999,1112743500000.0,1112743477248.0,0.0
40021,2027-05-31 23:59:59.999999999,1115869400000.0,1115869413376.0,0.0
40021,2024-12-31 23:59:59.999999999,439894180000.0,439894179840.0,0.0
40021,2025-01-31 23:59:59.999999999,441631970000.0,441631965184.0,0.0
40021,2025-02-28 23:59:59.999999999,444768550000.0,444768550912.0,0.0
40021,2025-03-31 23:59:59.999999999,447551730000.0,447551733760.0,0.0
40021,2025-04-30 23:59:59.999999999,449805120000.0,449805123584.0,0.0
40021,2025-05-31 23:59:59.999999999,453723650000.0,453723652096.0,0.0
40021,2025-06-30 23:59:59.999999999,456220900000.0,456220901376.0,0.0
40021,2025-07-31 23:59:59.999999999,455939650000.0,455939653632.0,0.0
40021,2025-08-31 23:59:59.999999999,458259920000.0,458259922944.0,0.0
40021,2025-09-30 23:59:59.999999999,458686330000.0,458686332928.0,0.0
40021,2025-10-31 23:59:59.999999999,462034670000.0,462034665472.0,0.0
40021,2025-11-30 23:59:59.999999999,463586530000.0,463586525184.0,0.0
40021,2025-12-31 23:59:59.999999999,465271650000.0,465271652352.0,0.0
40021,2026-01-31 23:59:59.999999999,466732550000.0,466732548096.0,0.0
40021,2026-02-28 23:59:59.999999999,468200600000.0,468200587264.0,0.0
40021,2026-03-31 23:59:59.999999999,469668600000.0,469668593664.0,0.0
40021,2026-04-30 23:59:59.999999999,471136630000.0,471136632832.0,0.0
40021,2026-05-31 23:59:59.999999999,472604640000.0,472604639232.0,0.0
40021,2026-06-30 23:59:59.999999999,474072680000.0,474072678400.0,0.0
40021,2026-07-31 23:59:59.999999999,475540700000.0,475540684800.0,0.0
40021,2026-08-31 23:59:59.999999999,477008720000.0,477008723968.0,0.0
40021,2026-09-30 23:59:59.999999999,478476760000.0,478476763136.0,0.0
40021,2026-10-31 23:59:59.999999999,479944770000.0,479944769536.0,0.0
40021,2026-11-30 23:59:59.999999999,481412800000.0,481412808704.0,0.0
40021,2026-12-31 23:59:59.999999999,482880800000.0,482880815104.0,0.0
40021,2027-01-31 23:59:59.999999999,484348850000.0,484348854272.0,0.0
40021,2027-02-28 23:59:59.999999999,485816900000.0,485816893440.0,0.0
40021,2027-03-31 23:59:59.999999999,487284900000.0,487284899840.0,0.0
40021,2027-04-30 23:59:59.999999999,488752940000.0,488752939008.0,0.0
40021,2027-05-31 23:59:59.999999999,490220950000.0,490220945408.0,0.0
40021,2024-12-31 23:59:59.999999999,28412682000.0,28412682240.0,0.0
40021,2025-01-31 23:59:59.999999999,28412682000.0,28412682240.0,0.0
40021,2025-02-28 23:59:59.999999999,28412682000.0,28412682240.0,0.0
40021,2025-03-31 23:59:59.999999999,28412682000.0,28412682240.0,0.0
40021,2025-04-30 23:59:59.999999999,28412682000.0,28412682240.0,0.0
40021,2025-05-31 23:59:59.999999999,28412682000.0,28412682240.0,0.0
40021,2025-06-30 23:59:59.999999999,28412682000.0,28412682240.0,0.0
40021,2025-07-31 23:59:59.999999999,28412682000.0,28412682240.0,0.0
40021,2025-08-31 23:59:59.999999999,28412682000.0,28412682240.0,0.0
40021,2025-09-30 23:59:59.999999999,28412682000.0,28412682240.0,0.0
40021,2025-10-31 23:59:59.999999999,28412682000.0,28412682240.0,0.0
40021,2025-11-30 23:59:59.999999999,28412682000.0,28412682240.0,0.0
40021,2025-12-31 23:59:59.999999999,28412682000.0,28412682240.0,0.0
40021,2026-01-31 23:59:59.999999999,28412682000.0,28412682240.0,0.0
40021,2026-02-28 23:59:59.999999999,28412682000.0,28412682240.0,0.0
40021,2026-03-31 23:59:59.999999999,28412682000.0,28412682240.0,0.0
40021,2026-04-30 23:59:59.999999999,28412682000.0,28412682240.0,0.0
40021,2026-05-31 23:59:59.999999999,28412682000.0,28412682240.0,0.0
40021,2026-06-30 23:59:59.999999999,28412682000.0,28412682240.0,0.0
40021,2026-07-31 23:59:59.999999999,28412682000.0,28412682240.0,0.0
40021,2026-08-31 23:59:59.999999999,28412682000.0,28412682240.0,0.0
40021,2026-09-30 23:59:59.999999999,28412682000.0,28412682240.0,0.0
40021,2026-10-31 23:59:59.999999999,28412682000.0,28412682240.0,0.0
40021,2026-11-30 23:59:59.999999999,28412682000.0,28412682240.0,0.0
40021,2026-12-31 23:59:59.999999999,28412682000.0,28412682240.0,0.0
40021,2027-01-31 23:59:59.999999999,28412682000.0,28412682240.0,0.0
40021,2027-02-28 23:59:59.999999999,28412682000.0,28412682240.0,0.0
40021,2027-03-31 23:59:59.999999999,28412682000.0,28412682240.0,0.0
40021,2027-04-30 23:59:59.999999999,28412682000.0,28412682240.0,0.0
40021,2027-05-31 23:59:59.999999999,28412682000.0,28412682240.0,0.0
40021,2024-12-31 23:59:59.999999999,34687880000.0,34687881216.0,0.0
40021,2025-01-31 23:59:59.999999999,34687880000.0,34687881216.0,0.0
40021,2025-02-28 23:59:59.999999999,34687880000.0,34687881216.0,0.0
40021,2025-03-31 23:59:59.999999999,34687880000.0,34687881216.0,0.0
40021,2025-04-30 23:59:59.999999999,34687880000.0,34687881216.0,0.0
40021,2025-05-31 23:59:59.999999999,34687880000.0,34687881216.0,0.0
40021,2025-06-30 23:59:59.999999999,34687880000.0,34687881216.0,0.0
40021,2025-07-31 23:59:59.999999999,34687880000.0,34687881216.0,0.0
40021,2025-08-31 23:59:59.999999999,34687880000.0,34687881216.0,0.0
40021,2025-09-30 23:59:59.999999999,34687880000.0,34687881216.0,0.0
40021,2025-10-31 23:59:59.999999999,34687880000.0,34687881216.0,0.0
40021,2025-11-30 23:59:59.999999999,34687880000.0,34687881216.0,0.0
40021,2025-12-31 23:59:59.999999999,34687880000.0,34687881216.0,0.0
40021,2026-01-31 23:59:59.999999999,34687880000.0,34687881216.0,0.0
40021,2026-02-28 23:59:59.999999999,34687880000.0,34687881216.0,0.0
40021,2026-03-31 23:59:59.999999999,34687880000.0,34687881216.0,0.0
40021,2026-04-30 23:59:59.999999999,34687880000.0,34687881216.0,0.0
40021,2026-05-31 23:59:59.999999999,34687880000.0,34687881216.0,0.0
40021,2026-06-30 23:59:59.999999999,34687880000.0,34687881216.0,0.0
40021,2026-07-31 23:59:59.999999999,34687880000.0,34687881216.0,0.0
40021,2026-08-31 23:59:59.999999999,34687880000.0,34687881216.0,0.0
40021,2026-09-30 23:59:59.999999999,34687880000.0,34687881216.0,0.0
40021,2026-10-31 23:59:59.999999999,34687880000.0,34687881216.0,0.0
40021,2026-11-30 23:59:59.999999999,34687880000.0,34687881216.0,0.0
40021,2026-12-31 23:59:59.999999999,34687880000.0,34687881216.0,0.0
40021,2027-01-31 23:59:59.999999999,34687880000.0,34687881216.0,0.0
40021,2027-02-28 23:59:59.999999999,34687880000.0,34687881216.0,0.0
40021,2027-03-31 23:59:59.999999999,34687880000.0,34687881216.0,0.0
40021,2027-04-30 23:59:59.999999999,34687880000.0,34687881216.0,0.0
40021,2027-05-31 23:59:59.999999999,34687880000.0,34687881216.0,0.0
40021,2024-12-31 23:59:59.999999999,90650430000.0,90650427392.0,0.0
40021,2025-01-31 23:59:59.999999999,91146396000.0,91146395648.0,0.0
40021,2025-02-28 23:59:59.999999999,91369005000.0,91369005056.0,0.0
40021,2025-03-31 23:59:59.999999999,91346700000.0,91346698240.0,0.0
40021,2025-04-30 23:59:59.999999999,92258976000.0,92258975744.0,0.0
40021,2025-05-31 23:59:59.999999999,93006470000.0,93006471168.0,0.0
40021,2025-06-30 23:59:59.999999999,93096580000.0,93096583168.0,0.0
40021,2025-07-31 23:59:59.999999999,93893100000.0,93893099520.0,0.0
40021,2025-08-31 23:59:59.999999999,94400210000.0,94400208896.0,0.0
40021,2025-09-30 23:59:59.999999999,95436470000.0,95436472320.0,0.0
40021,2025-10-31 23:59:59.999999999,99856065000.0,99856064512.0,0.0
40021,2025-11-30 23:59:59.999999999,97523680000.0,97523679232.0,0.0
40021,2025-12-31 23:59:59.999999999,97475625000.0,97475624960.0,0.0
40021,2026-01-31 23:59:59.999999999,97842720000.0,97842716672.0,0.0
40021,2026-02-28 23:59:59.999999999,97974985000.0,97974984704.0,0.0
40021,2026-03-31 23:59:59.999999999,97896990000.0,97896988672.0,0.0
40021,2026-04-30 23:59:59.999999999,98641240000.0,98641240064.0,0.0
40021,2026-05-31 23:59:59.999999999,99244850000.0,99244851200.0,0.0
40021,2026-06-30 23:59:59.999999999,99276235000.0,99276234752.0,0.0
40021,2026-07-31 23:59:59.999999999,99929350000.0,99929350144.0,0.0
40021,2026-08-31 23:59:59.999999999,100332000000.0,100332003328.0,0.0
40021,2026-09-30 23:59:59.999999999,101200770000.0,101200773120.0,0.0
40021,2026-10-31 23:59:59.999999999,105034695000.0,105034694656.0,0.0
40021,2026-11-30 23:59:59.999999999,102958730000.0,102958727168.0,0.0
40021,2026-12-31 23:59:59.999999999,102885260000.0,102885261312.0,0.0
40021,2027-01-31 23:59:59.999999999,103177404000.0,103177404416.0,0.0
40021,2027-02-28 23:59:59.999999999,103265890000.0,103265886208.0,0.0
40021,2027-03-31 23:59:59.999999999,103172080000.0,103172079616.0,0.0
40021,2027-04-30 23:59:59.999999999,103799955000.0,103799955456.0,0.0
40021,2027-05-31 23:59:59.999999999,104306290000.0,104306286592.0,0.0
40021,2024-12-31 23:59:59.999999999,123990750000.0,123990753280.0,0.0
40021,2025-01-31 23:59:59.999999999,124122070000.0,124122071040.0,0.0
40021,2025-02-28 23:59:59.999999999,124083420000.0,124083421184.0,0.0
40021,2025-03-31 23:59:59.999999999,124405694000.0,124405694464.0,0.0
40021,2025-04-30 23:59:59.999999999,124781710000.0,124781707264.0,0.0
40021,2025-05-31 23:59:59.999999999,125173105000.0,125173104640.0,0.0
40021,2025-06-30 23:59:59.999999999,125626000000.0,125625999360.0,0.0
40021,2025-07-31 23:59:59.999999999,126097410000.0,126097408000.0,0.0
40021,2025-08-31 23:59:59.999999999,126579474000.0,126579474432.0,0.0
40021,2025-09-30 23:59:59.999999999,127074070000.0,127074066432.0,0.0
40021,2025-10-31 23:59:59.999999999,127574245000.0,127574245376.0,0.0
40021,2025-11-30 23:59:59.999999999,128078004000.0,128078004224.0,0.0
40021,2025-12-31 23:59:59.999999999,128584690000.0,128584687616.0,0.0
40021,2026-01-31 23:59:59.999999999,129092960000.0,129092960256.0,0.0
40021,2026-02-28 23:59:59.999999999,129602280000.0,129602281472.0,0.0
40021,2026-03-31 23:59:59.999999999,130112330000.0,130112331776.0,0.0
40021,2026-04-30 23:59:59.999999999,130622830000.0,130622832640.0,0.0
40021,2026-05-31 23:59:59.999999999,131133620000.0,131133620224.0,0.0
40021,2026-06-30 23:59:59.999999999,131644604000.0,131644604416.0,0.0
40021,2026-07-31 23:59:59.999999999,132155710000.0,132155711488.0,0.0
40021,2026-08-31 23:59:59.999999999,132666890000.0,132666892288.0,0.0
40021,2026-09-30 23:59:59.999999999,133178120000.0,133178122240.0,0.0
40021,2026-10-31 23:59:59.999999999,133689390000.0,133689393152.0,0.0
40021,2026-11-30 23:59:59.999999999,134200690000.0,134200688640.0,0.0
40021,2026-12-31 23:59:59.999999999,134711990000.0,134711992320.0,0.0
40021,2027-01-31 23:59:59.999999999,135223304000.0,135223304192.0,0.0
40021,2027-02-28 23:59:59.999999999,135734624000.0,135734624256.0,0.0
40021,2027-03-31 23:59:59.999999999,136245944000.0,136245944320.0,0.0
40021,2027-04-30 23:59:59.999999999,136757270000.0,136757272576.0,0.0
40021,2027-05-31 23:59:59.999999999,137268590000.0,137268592640.0,0.0
40021,2024-12-31 23:59:59.999999999,304982230000.0,304982228992.0,0.0
40021,2025-01-31 23:59:59.999999999,305999700000.0,305999708160.0,0.0
40021,2025-02-28 23:59:59.999999999,307099600000.0,307099598848.0,0.0
40021,2025-03-31 23:59:59.999999999,307976040000.0,307976044544.0,0.0
40021,2025-04-30 23:59:59.999999999,309107650000.0,309107654656.0,0.0
40021,2025-05-31 23:59:59.999999999,310121800000.0,310121791488.0,0.0
40021,2025-06-30 23:59:59.999999999,311126160000.0,311126163456.0,0.0
40021,2025-07-31 23:59:59.999999999,311998050000.0,311998054400.0,0.0
40021,2025-08-31 23:59:59.999999999,312829020000.0,312829018112.0,0.0
40021,2025-09-30 23:59:59.999999999,313669400000.0,313669386240.0,0.0
40021,2025-10-31 23:59:59.999999999,314494650000.0,314494648320.0,0.0
40021,2025-11-30 23:59:59.999999999,315408400000.0,315408384000.0,0.0
40021,2025-12-31 23:59:59.999999999,315962980000.0,315962982400.0,0.0
40021,2026-01-31 23:59:59.999999999,316705140000.0,316705144832.0,0.0
40021,2026-02-28 23:59:59.999999999,317440300000.0,317440294912.0,0.0
40021,2026-03-31 23:59:59.999999999,318077630000.0,318077632512.0,0.0
40021,2026-04-30 23:59:59.999999999,318804820000.0,318804819968.0,0.0
40021,2026-05-31 23:59:59.999999999,319463420000.0,319463424000.0,0.0
40021,2026-06-30 23:59:59.999999999,320162820000.0,320162824192.0,0.0
40021,2026-07-31 23:59:59.999999999,320746060000.0,320746061824.0,0.0
40021,2026-08-31 23:59:59.999999999,321359280000.0,321359282176.0,0.0
40021,2026-09-30 23:59:59.999999999,321966150000.0,321966145536.0,0.0
40021,2026-10-31 23:59:59.999999999,322555900000.0,322555904000.0,0.0
40021,2026-11-30 23:59:59.999999999,323162240000.0,323162243072.0,0.0
40021,2026-12-31 23:59:59.999999999,323726250000.0,323726245888.0,0.0
40021,2027-01-31 23:59:59.999999999,324338200000.0,324338188288.0,0.0
40021,2027-02-28 23:59:59.999999999,324958000000.0,324957995008.0,0.0
40021,2027-03-31 23:59:59.999999999,325546600000.0,325546606592.0,0.0
40021,2027-04-30 23:59:59.999999999,326169000000.0,326169001984.0,0.0
40021,2027-05-31 23:59:59.999999999,326773570000.0,326773571584.0,0.0
40021,2024-12-31 23:59:59.999999999,0.0,0.0,
40021,2025-01-31 23:59:59.999999999,0.0,0.0,
40021,2025-02-28 23:59:59.999999999,0.0,0.0,
40021,2025-03-31 23:59:59.999999999,0.0,0.0,
40021,2025-04-30 23:59:59.999999999,0.0,0.0,
40021,2025-05-31 23:59:59.999999999,0.0,0.0,
40021,2025-06-30 23:59:59.999999999,0.0,0.0,
40021,2025-07-31 23:59:59.999999999,0.0,0.0,
40021,2025-08-31 23:59:59.999999999,0.0,0.0,
40021,2025-09-30 23:59:59.999999999,0.0,0.0,
40021,2025-10-31 23:59:59.999999999,0.0,0.0,
40021,2025-11-30 23:59:59.999999999,0.0,0.0,
40021,2025-12-31 23:59:59.999999999,0.0,0.0,
40021,2026-01-31 23:59:59.999999999,0.0,0.0,
40021,2026-02-28 23:59:59.999999999,0.0,0.0,
40021,2026-03-31 23:59:59.999999999,0.0,0.0,
40021,2026-04-30 23:59:59.999999999,0.0,0.0,
40021,2026-05-31 23:59:59.999999999,0.0,0.0,
40021,2026-06-30 23:59:59.999999999,0.0,0.0,
40021,2026-07-31 23:59:59.999999999,0.0,0.0,
40021,2026-08-31 23:59:59.999999999,0.0,0.0,
40021,2026-09-30 23:59:59.999999999,0.0,0.0,
40021,2026-10-31 23:59:59.999999999,0.0,0.0,
40021,2026-11-30 23:59:59.999999999,0.0,0.0,
40021,2026-12-31 23:59:59.999999999,0.0,0.0,
40021,2027-01-31 23:59:59.999999999,0.0,0.0,
40021,2027-02-28 23:59:59.999999999,0.0,0.0,
40021,2027-03-31 23:59:59.999999999,0.0,0.0,
40021,2027-04-30 23:59:59.999999999,0.0,0.0,
40021,2027-05-31 23:59:59.999999999,0.0,0.0,
40021,2024-12-31 23:59:59.999999999,2159674600.0,2159674624.0,0.0
40021,2025-01-31 23:59:59.999999999,2171883000.0,2171883008.0,0.0
40021,2025-02-28 23:59:59.999999999,2186500400.0,2186500352.0,0.0
40021,2025-03-31 23:59:59.999999999,2195487200.0,2195487232.0,0.0
40021,2025-04-30 23:59:59.999999999,2212363800.0,2212363776.0,0.0
40021,2025-05-31 23:59:59.999999999,2217526300.0,2217526272.0,0.0
40021,2025-06-30 23:59:59.999999999,2234724000.0,2234724096.0,0.0
40021,2025-07-31 23:59:59.999999999,2241244000.0,2241243904.0,0.0
40021,2025-08-31 23:59:59.999999999,2257151500.0,2257151488.0,0.0
40021,2025-09-30 23:59:59.999999999,2266018800.0,2266018816.0,0.0
40021,2025-10-31 23:59:59.999999999,2282759700.0,2282759680.0,0.0
40021,2025-11-30 23:59:59.999999999,2289748500.0,2289748480.0,0.0
40021,2025-12-31 23:59:59.999999999,2303808500.0,2303808512.0,0.0
40021,2026-01-31 23:59:59.999999999,2322090800.0,2322090752.0,0.0
40021,2026-02-28 23:59:59.999999999,2340957400.0,2340957440.0,0.0
40021,2026-03-31 23:59:59.999999999,2358456000.0,2358456064.0,0.0
40021,2026-04-30 23:59:59.999999999,2377872100.0,2377872128.0,0.0
40021,2026-05-31 23:59:59.999999999,2394441000.0,2394440960.0,0.0
40021,2026-06-30 23:59:59.999999999,2413935000.0,2413935104.0,0.0
40021,2026-07-31 23:59:59.999999999,2430834000.0,2430833920.0,0.0
40021,2026-08-31 23:59:59.999999999,2450014500.0,2450014464.0,0.0
40021,2026-09-30 23:59:59.999999999,2467484000.0,2467483904.0,0.0
40021,2026-10-31 23:59:59.999999999,2486867200.0,2486867200.0,0.0
40021,2026-11-30 23:59:59.999999999,2503879700.0,2503879680.0,0.0
40021,2026-12-31 23:59:59.999999999,2522611500.0,2522611456.0,0.0
40021,2027-01-31 23:59:59.999999999,2542369500.0,2542369536.0,0.0
40021,2027-02-28 23:59:59.999999999,2562269400.0,2562269440.0,0.0
40021,2027-03-31 23:59:59.999999999,2581837000.0,2581837056.0,0.0
40021,2027-04-30 23:59:59.999999999,2601870800.0,2601870848.0,0.0
40021,2027-05-31 23:59:59.999999999,2621212200.0,2621212160.0,0.0
40021,2024-12-31 23:59:59.999999999,0.0,0.0,
40021,2025-01-31 23:59:59.999999999,0.0,0.0,
40021,2025-02-28 23:59:59.999999999,0.0,0.0,
40021,2025-03-31 23:59:59.999999999,0.0,0.0,
40021,2025-04-30 23:59:59.999999999,0.0,0.0,
40021,2025-05-31 23:59:59.999999999,0.0,0.0,
40021,2025-06-30 23:59:59.999999999,0.0,0.0,
40021,2025-07-31 23:59:59.999999999,0.0,0.0,
40021,2025-08-31 23:59:59.999999999,0.0,0.0,
40021,2025-09-30 23:59:59.999999999,0.0,0.0,
40021,2025-10-31 23:59:59.999999999,0.0,0.0,
40021,2025-11-30 23:59:59.999999999,0.0,0.0,
40021,2025-12-31 23:59:59.999999999,0.0,0.0,
40021,2026-01-31 23:59:59.999999999,0.0,0.0,
40021,2026-02-28 23:59:59.999999999,0.0,0.0,
40021,2026-03-31 23:59:59.999999999,0.0,0.0,
40021,2026-04-30 23:59:59.999999999,0.0,0.0,
40021,2026-05-31 23:59:59.999999999,0.0,0.0,
40021,2026-06-30 23:59:59.999999999,0.0,0.0,
40021,2026-07-31 23:59:59.999999999,0.0,0.0,
40021,2026-08-31 23:59:59.999999999,0.0,0.0,
40021,2026-09-30 23:59:59.999999999,0.0,0.0,
40021,2026-10-31 23:59:59.999999999,0.0,0.0,
40021,2026-11-30 23:59:59.999999999,0.0,0.0,
40021,2026-12-31 23:59:59.999999999,0.0,0.0,
40021,2027-01-31 23:59:59.999999999,0.0,0.0,
40021,2027-02-28 23:59:59.999999999,0.0,0.0,
40021,2027-03-31 23:59:59.999999999,0.0,0.0,
40021,2027-04-30 23:59:59.999999999,0.0,0.0,
40021,2027-05-31 23:59:59.999999999,0.0,0.0,
40021,2024-12-31 23:59:59.999999999,0.0,0.0,
40021,2025-01-31 23:59:59.999999999,0.0,0.0,
40021,2025-02-28 23:59:59.999999999,0.0,0.0,
40021,2025-03-31 23:59:59.999999999,0.0,0.0,
40021,2025-04-30 23:59:59.999999999,0.0,0.0,
40021,2025-05-31 23:59:59.999999999,0.0,0.0,
40021,2025-06-30 23:59:59.999999999,0.0,0.0,
40021,2025-07-31 23:59:59.999999999,0.0,0.0,
40021,2025-08-31 23:59:59.999999999,0.0,0.0,
40021,2025-09-30 23:59:59.999999999,0.0,0.0,
40021,2025-10-31 23:59:59.999999999,0.0,0.0,
40021,2025-11-30 23:59:59.999999999,0.0,0.0,
40021,2025-12-31 23:59:59.999999999,0.0,0.0,
40021,2026-01-31 23:59:59.999999999,0.0,0.0,
40021,2026-02-28 23:59:59.999999999,0.0,0.0,
40021,2026-03-31 23:59:59.999999999,0.0,0.0,
40021,2026-04-30 23:59:59.999999999,0.0,0.0,
40021,2026-05-31 23:59:59.999999999,0.0,0.0,
40021,2026-06-30 23:59:59.999999999,0.0,0.0,
40021,2026-07-31 23:59:59.999999999,0.0,0.0,
40021,2026-08-31 23:59:59.999999999,0.0,0.0,
40021,2026-09-30 23:59:59.999999999,0.0,0.0,
40021,2026-10-31 23:59:59.999999999,0.0,0.0,
40021,2026-11-30 23:59:59.999999999,0.0,0.0,
40021,2026-12-31 23:59:59.999999999,0.0,0.0,
40021,2027-01-31 23:59:59.999999999,0.0,0.0,
40021,2027-02-28 23:59:59.999999999,0.0,0.0,
40021,2027-03-31 23:59:59.999999999,0.0,0.0,
40021,2027-04-30 23:59:59.999999999,0.0,0.0,
40021,2027-05-31 23:59:59.999999999,0.0,0.0,
40021,2024-12-31 23:59:59.999999999,1810829.4,1810829.375,0.0
40021,2025-01-31 23:59:59.999999999,1848390.8,1848390.75,0.0
40021,2025-02-28 23:59:59.999999999,1862162.0,1862162.0,0.0
40021,2025-03-31 23:59:59.999999999,1885567.1,1885567.125,0.0
40021,2025-04-30 23:59:59.999999999,1859933.9,1859933.875,0.0
40021,2025-05-31 23:59:59.999999999,1917423.9,1917423.875,0.0
40021,2025-06-30 23:59:59.999999999,1947210.2,1947210.25,0.0
40021,2025-07-31 23:59:59.999999999,1905489.6,1905489.625,0.0
40021,2025-08-31 23:59:59.999999999,1868414.4,1868414.375,0.0
40021,2025-09-30 23:59:59.999999999,1779317.8,1779317.75,0.0
40021,2025-10-31 23:59:59.999999999,1788808.5,1788808.5,0.0
40021,2025-11-30 23:59:59.999999999,1966647.0,1966647.0,0.0
40021,2025-12-31 23:59:59.999999999,1966647.0,1966647.0,0.0
40021,2026-01-31 23:59:59.999999999,1966647.0,1966647.0,0.0
40021,2026-02-28 23:59:59.999999999,1966647.0,1966647.0,0.0
40021,2026-03-31 23:59:59.999999999,1966647.0,1966647.0,0.0
40021,2026-04-30 23:59:59.999999999,1966647.0,1966647.0,0.0
40021,2026-05-31 23:59:59.999999999,1966647.0,1966647.0,0.0
40021,2026-06-30 23:59:59.999999999,1966647.0,1966647.0,0.0
40021,2026-07-31 23:59:59.999999999,1966647.0,1966647.0,0.0
40021,2026-08-31 23:59:59.999999999,1966647.0,1966647.0,0.0
40021,2026-09-30 23:59:59.999999999,1966647.0,1966647.0,0.0
40021,2026-10-31 23:59:59.999999999,1966647.0,1966647.0,0.0
40021,2026-11-30 23:59:59.999999999,1966647.0,1966647.0,0.0
40021,2026-12-31 23:59:59.999999999,1966647.0,1966647.0,0.0
40021,2027-01-31 23:59:59.999999999,1966647.0,1966647.0,0.0
40021,2027-02-28 23:59:59.999999999,1966647.0,1966647.0,0.0
40021,2027-03-31 23:59:59.999999999,1966647.0,1966647.0,0.0
40021,2027-04-30 23:59:59.999999999,1966647.0,1966647.0,0.0
40021,2027-05-31 23:59:59.999999999,1966647.0,1966647.0,0.0
40072,2024-12-31 23:59:59.999999999,2291370000000.0,2291370033152.0,0.0
40072,2025-01-31 23:59:59.999999999,2310318300000.0,2310318325760.0,0.0
40072,2025-02-28 23:59:59.999999999,2324658000000.0,2324658126848.0,0.0
40072,2025-03-31 23:59:59.999999999,2339750000000.0,2339750019072.0,0.0
40072,2025-04-30 23:59:59.999999999,2354787600000.0,2354787647488.0,0.0
40072,2025-05-31 23:59:59.999999999,2368199700000.0,2368199720960.0,0.0
40072,2025-06-30 23:59:59.999999999,2384448200000.0,2384448192512.0,0.0
40072,2025-07-31 23:59:59.999999999,2399043800000.0,2399043846144.0,0.0
40072,2025-08-31 23:59:59.999999999,2416142700000.0,2416142712832.0,0.0
40072,2025-09-30 23:59:59.999999999,2431636500000.0,2431636471808.0,0.0
40072,2025-10-31 23:59:59.999999999,2444232000000.0,2444231966720.0,0.0
40072,2025-11-30 23:59:59.999999999,2458172800000.0,2458172784640.0,0.0
40072,2025-12-31 23:59:59.999999999,2474158900000.0,2474158850048.0,0.0
40072,2026-01-31 23:59:59.999999999,2489920300000.0,2489920258048.0,0.0
40072,2026-02-28 23:59:59.999999999,2506096000000.0,2506096115712.0,0.0
40072,2026-03-31 23:59:59.999999999,2522204300000.0,2522204340224.0,0.0
40072,2026-04-30 23:59:59.999999999,2538317500000.0,2538317545472.0,0.0
40072,2026-05-31 23:59:59.999999999,2554576800000.0,2554576764928.0,0.0
40072,2026-06-30 23:59:59.999999999,2570581000000.0,2570580918272.0,0.0
40072,2026-07-31 23:59:59.999999999,2586733700000.0,2586733707264.0,0.0
40072,2026-08-31 23:59:59.999999999,2602661300000.0,2602661314560.0,0.0
40072,2026-09-30 23:59:59.999999999,2618733600000.0,2618733625344.0,0.0
40072,2026-10-31 23:59:59.999999999,2635066200000.0,2635066245120.0,0.0
40072,2026-11-30 23:59:59.999999999,2651277800000.0,2651277754368.0,0.0
40072,2026-12-31 23:59:59.999999999,2667305800000.0,2667305762816.0,0.0
40072,2027-01-31 23:59:59.999999999,2683353700000.0,2683353694208.0,0.0
40072,2027-02-28 23:59:59.999999999,2699364400000.0,2699364401152.0,0.0
40072,2027-03-31 23:59:59.999999999,2715381100000.0,2715381137408.0,0.0
40072,2027-04-30 23:59:59.999999999,2731397600000.0,2731397611520.0,0.0
40072,2027-05-31 23:59:59.999999999,2747401000000.0,2747400978432.0,0.0
40072,2024-12-31 23:59:59.999999999,907992760000.0,907992760320.0,0.0
40072,2025-01-31 23:59:59.999999999,916030800000.0,916030816256.0,0.0
40072,2025-02-28 23:59:59.999999999,924068940000.0,924068937728.0,0.0
40072,2025-03-31 23:59:59.999999999,932107000000.0,932106993664.0,0.0
40072,2025-04-30 23:59:59.999999999,940145100000.0,940145115136.0,0.0
40072,2025-05-31 23:59:59.999999999,948183200000.0,948183171072.0,0.0
40072,2025-06-30 23:59:59.999999999,956221300000.0,956221292544.0,0.0
40072,2025-07-31 23:59:59.999999999,964259350000.0,964259348480.0,0.0
40072,2025-08-31 23:59:59.999999999,972297500000.0,972297469952.0,0.0
40072,2025-09-30 23:59:59.999999999,980335500000.0,980335525888.0,0.0
40072,2025-10-31 23:59:59.999999999,988373650000.0,988373647360.0,0.0
40072,2025-11-30 23:59:59.999999999,996411700000.0,996411703296.0,0.0
40072,2025-12-31 23:59:59.999999999,1004449800000.0,1004449824768.0,0.0
40072,2026-01-31 23:59:59.999999999,1012487900000.0,1012487880704.0,0.0
40072,2026-02-28 23:59:59.999999999,1020526000000.0,1020526002176.0,0.0
40072,2026-03-31 23:59:59.999999999,1028564060000.0,1028564058112.0,0.0
40072,2026-04-30 23:59:59.999999999,1036602200000.0,1036602179584.0,0.0
40072,2026-05-31 23:59:59.999999999,1044640240000.0,1044640235520.0,0.0
40072,2026-06-30 23:59:59.999999999,1052678360000.0,1052678356992.0,0.0
40072,2026-07-31 23:59:59.999999999,1060716400000.0,1060716412928.0,0.0
40072,2026-08-31 23:59:59.999999999,1068754530000.0,1068754534400.0,0.0
40072,2026-09-30 23:59:59.999999999,1076792600000.0,1076792590336.0,0.0
40072,2026-10-31 23:59:59.999999999,1084830700000.0,1084830711808.0,0.0
40072,2026-11-30 23:59:59.999999999,1092868800000.0,1092868767744.0,0.0
40072,2026-12-31 23:59:59.999999999,1100906900000.0,1100906889216.0,0.0
40072,2027-01-31 23:59:59.999999999,1108945000000.0,1108945010688.0,0.0
40072,2027-02-28 23:59:59.999999999,1116983000000.0,1116983001088.0,0.0
40072,2027-03-31 23:59:59.999999999,1125021100000.0,1125021122560.0,0.0
40072,2027-04-30 23:59:59.999999999,1133059200000.0,1133059244032.0,0.0
40072,2027-05-31 23:59:59.999999999,1141097400000.0,1141097365504.0,0.0
40072,2024-12-31 23:59:59.999999999,117085000000.0,117085003776.0,0.0
40072,2025-01-31 23:59:59.999999999,117223610000.0,117223612416.0,0.0
40072,2025-02-28 23:59:59.999999999,117662110000.0,117662113792.0,0.0
40072,2025-03-31 23:59:59.999999999,118055340000.0,118055337984.0,0.0
40072,2025-04-30 23:59:59.999999999,118455400000.0,118455402496.0,0.0
40072,2025-05-31 23:59:59.999999999,118854435000.0,118854434816.0,0.0
40072,2025-06-30 23:59:59.999999999,119253615000.0,119253614592.0,0.0
40072,2025-07-31 23:59:59.999999999,119652780000.0,119652777984.0,0.0
40072,2025-08-31 23:59:59.999999999,120051950000.0,120051949568.0,0.0
40072,2025-09-30 23:59:59.999999999,120451110000.0,120451112960.0,0.0
40072,2025-10-31 23:59:59.999999999,120850280000.0,120850276352.0,0.0
40072,2025-11-30 23:59:59.999999999,121249450000.0,121249447936.0,0.0
40072,2025-12-31 23:59:59.999999999,121648610000.0,121648611328.0,0.0
40072,2026-01-31 23:59:59.999999999,122047775000.0,122047774720.0,0.0
40072,2026-02-28 23:59:59.999999999,122446940000.0,122446938112.0,0.0
40072,2026-03-31 23:59:59.999999999,122846110000.0,122846109696.0,0.0
40072,2026-04-30 23:59:59.999999999,123245270000.0,123245273088.0,0.0
40072,2026-05-31 23:59:59.999999999,123644440000.0,123644436480.0,0.0
40072,2026-06-30 23:59:59.999999999,124043610000.0,124043608064.0,0.0
40072,2026-07-31 23:59:59.999999999,124442770000.0,124442771456.0,0.0
40072,2026-08-31 23:59:59.999999999,124841935000.0,124841934848.0,0.0
40072,2026-09-30 23:59:59.999999999,125241100000.0,125241098240.0,0.0
40072,2026-10-31 23:59:59.999999999,125640270000.0,125640269824.0,0.0
40072,2026-11-30 23:59:59.999999999,126039430000.0,126039433216.0,0.0
40072,2026-12-31 23:59:59.999999999,126438600000.0,126438596608.0,0.0
40072,2027-01-31 23:59:59.999999999,126837760000.0,126837760000.0,0.0
40072,2027-02-28 23:59:59.999999999,127236930000.0,127236931584.0,0.0
40072,2027-03-31 23:59:59.999999999,127636095000.0,127636094976.0,0.0
40072,2027-04-30 23:59:59.999999999,128035260000.0,128035258368.0,0.0
40072,2027-05-31 23:59:59.999999999,128434430000.0,128434429952.0,0.0
40072,2024-12-31 23:59:59.999999999,305713300000.0,305713315840.0,0.0
40072,2025-01-31 23:59:59.999999999,305514200000.0,305514184704.0,0.0
40072,2025-02-28 23:59:59.999999999,305853000000.0,305853005824.0,0.0
40072,2025-03-31 23:59:59.999999999,306539900000.0,306539888640.0,0.0
40072,2025-04-30 23:59:59.999999999,307451900000.0,307451887616.0,0.0
40072,2025-05-31 23:59:59.999999999,308509570000.0,308509573120.0,0.0
40072,2025-06-30 23:59:59.999999999,309661470000.0,309661466624.0,0.0
40072,2025-07-31 23:59:59.999999999,310874340000.0,310874341376.0,0.0
40072,2025-08-31 23:59:59.999999999,312126670000.0,312126668800.0,0.0
40072,2025-09-30 23:59:59.999999999,313404520000.0,313404522496.0,0.0
40072,2025-10-31 23:59:59.999999999,314698860000.0,314698858496.0,0.0
40072,2025-11-30 23:59:59.999999999,316003900000.0,316003909632.0,0.0
40072,2025-12-31 23:59:59.999999999,317315840000.0,317315842048.0,0.0
40072,2026-01-31 23:59:59.999999999,318632260000.0,318632263680.0,0.0
40072,2026-02-28 23:59:59.999999999,319951540000.0,319951536128.0,0.0
40072,2026-03-31 23:59:59.999999999,321272700000.0,321272709120.0,0.0
40072,2026-04-30 23:59:59.999999999,322595100000.0,322595094528.0,0.0
40072,2026-05-31 23:59:59.999999999,323918270000.0,323918266368.0,0.0
40072,2026-06-30 23:59:59.999999999,325241930000.0,325241929728.0,0.0
40072,2026-07-31 23:59:59.999999999,326565950000.0,326565953536.0,0.0
40072,2026-08-31 23:59:59.999999999,327890140000.0,327890141184.0,0.0
40072,2026-09-30 23:59:59.999999999,329214500000.0,329214492672.0,0.0
40072,2026-10-31 23:59:59.999999999,330538940000.0,330538942464.0,0.0
40072,2026-11-30 23:59:59.999999999,331863430000.0,331863425024.0,0.0
40072,2026-12-31 23:59:59.999999999,333187970000.0,333187973120.0,0.0
40072,2027-01-31 23:59:59.999999999,334512520000.0,334512521216.0,0.0
40072,2027-02-28 23:59:59.999999999,335837100000.0,335837102080.0,0.0
40072,2027-03-31 23:59:59.999999999,337161680000.0,337161682944.0,0.0
40072,2027-04-30 23:59:59.999999999,338486260000.0,338486263808.0,0.0
40072,2027-05-31 23:59:59.999999999,339810840000.0,339810844672.0,0.0
40072,2024-12-31 23:59:59.999999999,131239230000.0,131239231488.0,0.0
40072,2025-01-31 23:59:59.999999999,132014260000.0,132014260224.0,0.0
40072,2025-02-28 23:59:59.999999999,133020830000.0,133020827648.0,0.0
40072,2025-03-31 23:59:59.999999999,134555280000.0,134555279360.0,0.0
40072,2025-04-30 23:59:59.999999999,135940320000.0,135940317184.0,0.0
40072,2025-05-31 23:59:59.999999999,137302220000.0,137302220800.0,0.0
40072,2025-06-30 23:59:59.999999999,138695310000.0,138695311360.0,0.0
40072,2025-07-31 23:59:59.999999999,140168330000.0,140168331264.0,0.0
40072,2025-08-31 23:59:59.999999999,141862450000.0,141862453248.0,0.0
40072,2025-09-30 23:59:59.999999999,143197000000.0,143196995584.0,0.0
40072,2025-10-31 23:59:59.999999999,145721070000.0,145721065472.0,0.0
40072,2025-11-30 23:59:59.999999999,146318920000.0,146318917632.0,0.0
40072,2025-12-31 23:59:59.999999999,147565530000.0,147565527040.0,0.0
40072,2026-01-31 23:59:59.999999999,148597080000.0,148597080064.0,0.0
40072,2026-02-28 23:59:59.999999999,149777900000.0,149777907712.0,0.0
40072,2026-03-31 23:59:59.999999999,151165500000.0,151165501440.0,0.0
40072,2026-04-30 23:59:59.999999999,152490400000.0,152490393600.0,0.0
40072,2026-05-31 23:59:59.999999999,153743000000.0,153742999552.0,0.0
40072,2026-06-30 23:59:59.999999999,155098600000.0,155098595328.0,0.0
40072,2026-07-31 23:59:59.999999999,156499410000.0,156499410944.0,0.0
40072,2026-08-31 23:59:59.999999999,157952970000.0,157952966656.0,0.0
40072,2026-09-30 23:59:59.999999999,159265260000.0,159265259520.0,0.0
40072,2026-10-31 23:59:59.999999999,161109700000.0,161109704704.0,0.0
40072,2026-11-30 23:59:59.999999999,162106280000.0,162106277888.0,0.0
40072,2026-12-31 23:59:59.999999999,163398830000.0,163398828032.0,0.0
40072,2027-01-31 23:59:59.999999999,164691380000.0,164691378176.0,0.0
40072,2027-02-28 23:59:59.999999999,165983940000.0,165983944704.0,0.0
40072,2027-03-31 23:59:59.999999999,167276500000.0,167276494848.0,0.0
40072,2027-04-30 23:59:59.999999999,168569040000.0,168569044992.0,0.0
40072,2027-05-31 23:59:59.999999999,169861600000.0,169861595136.0,0.0
40072,2024-12-31 23:59:59.999999999,278851850000.0,278851846144.0,0.0
40072,2025-01-31 23:59:59.999999999,281746960000.0,281746964480.0,0.0
40072,2025-02-28 23:59:59.999999999,284663100000.0,284663087104.0,0.0
40072,2025-03-31 23:59:59.999999999,287645400000.0,287645401088.0,0.0
40072,2025-04-30 23:59:59.999999999,290598160000.0,290598158336.0,0.0
40072,2025-05-31 23:59:59.999999999,293618250000.0,293618253824.0,0.0
40072,2025-06-30 23:59:59.999999999,296627700000.0,296627699712.0,0.0
40072,2025-07-31 23:59:59.999999999,299641630000.0,299641634816.0,0.0
40072,2025-08-31 23:59:59.999999999,302518670000.0,302518665216.0,0.0
40072,2025-09-30 23:59:59.999999999,305511400000.0,305511399424.0,0.0
40072,2025-10-31 23:59:59.999999999,308312150000.0,308312145920.0,0.0
40072,2025-11-30 23:59:59.999999999,311070520000.0,311070523392.0,0.0
40072,2025-12-31 23:59:59.999999999,313943520000.0,313943523328.0,0.0
40072,2026-01-31 23:59:59.999999999,316838670000.0,316838674432.0,0.0
40072,2026-02-28 23:59:59.999999999,319735900000.0,319735889920.0,0.0
40072,2026-03-31 23:59:59.999999999,322639600000.0,322639593472.0,0.0
40072,2026-04-30 23:59:59.999999999,325540380000.0,325540380672.0,0.0
40072,2026-05-31 23:59:59.999999999,328447750000.0,328447754240.0,0.0
40072,2026-06-30 23:59:59.999999999,331354100000.0,331354112000.0,0.0
40072,2026-07-31 23:59:59.999999999,334260900000.0,334260895744.0,0.0
40072,2026-08-31 23:59:59.999999999,337154280000.0,337154277376.0,0.0
40072,2026-09-30 23:59:59.999999999,340058960000.0,340058963968.0,0.0
40072,2026-10-31 23:59:59.999999999,342944900000.0,342944907264.0,0.0
40072,2026-11-30 23:59:59.999999999,345826700000.0,345826689024.0,0.0
40072,2026-12-31 23:59:59.999999999,348719680000.0,348719677440.0,0.0
40072,2027-01-31 23:59:59.999999999,351614830000.0,351614828544.0,0.0
40072,2027-02-28 23:59:59.999999999,354510180000.0,354510176256.0,0.0
40072,2027-03-31 23:59:59.999999999,357406180000.0,357406179328.0,0.0
40072,2027-04-30 23:59:59.999999999,360301900000.0,360301887488.0,0.0
40072,2027-05-31 23:59:59.999999999,363198250000.0,363198251008.0,0.0
40072,2024-12-31 23:59:59.999999999,547925800000.0,547925786624.0,0.0
40072,2025-01-31 23:59:59.999999999,551371400000.0,551371407360.0,0.0
40072,2025-02-28 23:59:59.999999999,555229400000.0,555229380608.0,0.0
40072,2025-03-31 23:59:59.999999999,558616740000.0,558616739840.0,0.0
40072,2025-04-30 23:59:59.999999999,562572900000.0,562572886016.0,0.0
40072,2025-05-31 23:59:59.999999999,566515400000.0,566515400704.0,0.0
40072,2025-06-30 23:59:59.999999999,570097200000.0,570097205248.0,0.0
40072,2025-07-31 23:59:59.999999999,574028840000.0,574028840960.0,0.0
40072,2025-08-31 23:59:59.999999999,577401650000.0,577401651200.0,0.0
40072,2025-09-30 23:59:59.999999999,580356340000.0,580356341760.0,0.0
40072,2025-10-31 23:59:59.999999999,583402650000.0,583402651648.0,0.0
40072,2025-11-30 23:59:59.999999999,586232370000.0,586232365056.0,0.0
40072,2025-12-31 23:59:59.999999999,587481200000.0,587481219072.0,0.0
40072,2026-01-31 23:59:59.999999999,590102000000.0,590102003712.0,0.0
40072,2026-02-28 23:59:59.999999999,592896000000.0,592896000000.0,0.0
40072,2026-03-31 23:59:59.999999999,596020900000.0,596020887552.0,0.0
40072,2026-04-30 23:59:59.999999999,599382700000.0,599382687744.0,0.0
40072,2026-05-31 23:59:59.999999999,602572100000.0,602572128256.0,0.0
40072,2026-06-30 23:59:59.999999999,605573900000.0,605573873664.0,0.0
40072,2026-07-31 23:59:59.999999999,608784800000.0,608784809984.0,0.0
40072,2026-08-31 23:59:59.999999999,611740400000.0,611740418048.0,0.0
40072,2026-09-30 23:59:59.999999999,614757700000.0,614757695488.0,0.0
40072,2026-10-31 23:59:59.999999999,618015950000.0,618015948800.0,0.0
40072,2026-11-30 23:59:59.999999999,621016840000.0,621016842240.0,0.0
40072,2026-12-31 23:59:59.999999999,622841040000.0,622841036800.0,0.0
40072,2027-01-31 23:59:59.999999999,625616900000.0,625616879616.0,0.0
40072,2027-02-28 23:59:59.999999999,628600800000.0,628600799232.0,0.0
40072,2027-03-31 23:59:59.999999999,631481760000.0,631481761792.0,0.0
40072,2027-04-30 23:59:59.999999999,634649250000.0,634649247744.0,0.0
40072,2027-05-31 23:59:59.999999999,637767500000.0,637767516160.0,0.0
40072,2024-12-31 23:59:59.999999999,2716565.5,2716565.5,0.0
40072,2025-01-31 23:59:59.999999999,2716565.5,2716565.5,0.0
40072,2025-02-28 23:59:59.999999999,2716565.5,2716565.5,0.0
40072,2025-03-31 23:59:59.999999999,2716565.5,2716565.5,0.0
40072,2025-04-30 23:59:59.999999999,2716565.5,2716565.5,0.0
40072,2025-05-31 23:59:59.999999999,2716565.5,2716565.5,0.0
40072,2025-06-30 23:59:59.999999999,2716565.5,2716565.5,0.0
40072,2025-07-31 23:59:59.999999999,2716565.5,2716565.5,0.0
40072,2025-08-31 23:59:59.999999999,2716565.5,2716565.5,0.0
40072,2025-09-30 23:59:59.999999999,2716565.5,2716565.5,0.0
40072,2025-10-31 23:59:59.999999999,2716565.5,2716565.5,0.0
40072,2025-11-30 23:59:59.999999999,2716565.5,2716565.5,0.0
40072,2025-12-31 23:59:59.999999999,2716565.5,2716565.5,0.0
40072,2026-01-31 23:59:59.999999999,2716565.5,2716565.5,0.0
40072,2026-02-28 23:59:59.999999999,2716565.5,2716565.5,0.0
40072,2026-03-31 23:59:59.999999999,2716565.5,2716565.5,0.0
40072,2026-04-30 23:59:59.999999999,2716565.5,2716565.5,0.0
40072,2026-05-31 23:59:59.999999999,2716565.5,2716565.5,0.0
40072,2026-06-30 23:59:59.999999999,2716565.5,2716565.5,0.0
40072,2026-07-31 23:59:59.999999999,2716565.5,2716565.5,0.0
40072,2026-08-31 23:59:59.999999999,2716565.5,2716565.5,0.0
40072,2026-09-30 23:59:59.999999999,2716565.5,2716565.5,0.0
40072,2026-10-31 23:59:59.999999999,2716565.5,2716565.5,0.0
40072,2026-11-30 23:59:59.999999999,2716565.5,2716565.5,0.0
40072,2026-12-31 23:59:59.999999999,2716565.5,2716565.5,0.0
40072,2027-01-31 23:59:59.999999999,2716565.5,2716565.5,0.0
40072,2027-02-28 23:59:59.999999999,2716565.5,2716565.5,0.0
40072,2027-03-31 23:59:59.999999999,2716565.5,2716565.5,0.0
40072,2027-04-30 23:59:59.999999999,2716565.5,2716565.5,0.0
40072,2027-05-31 23:59:59.999999999,2716565.5,2716565.5,0.0
40072,2024-12-31 23:59:59.999999999,3580503800.0,3580503808.0,0.0
40072,2025-01-31 23:59:59.999999999,3502350600.0,3502350592.0,0.0
40072,2025-02-28 23:59:59.999999999,3500930600.0,3500930560.0,0.0
40072,2025-03-31 23:59:59.999999999,3423215400.0,3423215360.0,0.0
40072,2025-04-30 23:59:59.999999999,3421359900.0,3421359872.0,0.0
40072,2025-05-31 23:59:59.999999999,3344077600.0,3344077568.0,0.0
40072,2025-06-30 23:59:59.999999999,3341791700.0,3341791744.0,0.0
40072,2025-07-31 23:59:59.999999999,3264937500.0,3264937472.0,0.0
40072,2025-08-31 23:59:59.999999999,3262226000.0,3262225920.0,0.0
40072,2025-09-30 23:59:59.999999999,3185794800.0,3185794816.0,0.0
40072,2025-10-31 23:59:59.999999999,3182662700.0,3182662656.0,0.0
40072,2025-11-30 23:59:59.999999999,3106649900.0,3106649856.0,0.0
40072,2025-12-31 23:59:59.999999999,3103101700.0,3103101696.0,0.0
40072,2026-01-31 23:59:59.999999999,3027502600.0,3027502592.0,0.0
40072,2026-02-28 23:59:59.999999999,3023543000.0,3023543040.0,0.0
40072,2026-03-31 23:59:59.999999999,2948352800.0,2948352768.0,0.0
40072,2026-04-30 23:59:59.999999999,2943986700.0,2943986688.0,0.0
40072,2026-05-31 23:59:59.999999999,2869200600.0,2869200640.0,0.0
40072,2026-06-30 23:59:59.999999999,2864433000.0,2864432896.0,0.0
40072,2026-07-31 23:59:59.999999999,2790046500.0,2790046464.0,0.0
40072,2026-08-31 23:59:59.999999999,2784881200.0,2784881152.0,0.0
40072,2026-09-30 23:59:59.999999999,2710889700.0,2710889728.0,0.0
40072,2026-10-31 23:59:59.999999999,2705331700.0,2705331712.0,0.0
40072,2026-11-30 23:59:59.999999999,2631731000.0,2631730944.0,0.0
40072,2026-12-31 23:59:59.999999999,2625784600.0,2625784576.0,0.0
40072,2027-01-31 23:59:59.999999999,2552569900.0,2552569856.0,0.0
40072,2027-02-28 23:59:59.999999999,2546239500.0,2546239488.0,0.0
40072,2027-03-31 23:59:59.999999999,2473406700.0,2473406720.0,0.0
40072,2027-04-30 23:59:59.999999999,2466696700.0,2466696704.0,0.0
40072,2027-05-31 23:59:59.999999999,2394241300.0,2394241280.0,0.0
40072,2024-12-31 23:59:59.999999999,0.0,0.0,
40072,2025-01-31 23:59:59.999999999,0.0,0.0,
40072,2025-02-28 23:59:59.999999999,0.0,0.0,
40072,2025-03-31 23:59:59.999999999,0.0,0.0,
40072,2025-04-30 23:59:59.999999999,0.0,0.0,
40072,2025-05-31 23:59:59.999999999,0.0,0.0,
40072,2025-06-30 23:59:59.999999999,0.0,0.0,
40072,2025-07-31 23:59:59.999999999,0.0,0.0,
40072,2025-08-31 23:59:59.999999999,0.0,0.0,
40072,2025-09-30 23:59:59.999999999,0.0,0.0,
40072,2025-10-31 23:59:59.999999999,0.0,0.0,
40072,2025-11-30 23:59:59.999999999,0.0,0.0,
40072,2025-12-31 23:59:59.999999999,0.0,0.0,
40072,2026-01-31 23:59:59.999999999,0.0,0.0,
40072,2026-02-28 23:59:59.999999999,0.0,0.0,
40072,2026-03-31 23:59:59.999999999,0.0,0.0,
40072,2026-04-30 23:59:59.999999999,0.0,0.0,
40072,2026-05-31 23:59:59.999999999,0.0,0.0,
40072,2026-06-30 23:59:59.999999999,0.0,0.0,
40072,2026-07-31 23:59:59.999999999,0.0,0.0,
40072,2026-08-31 23:59:59.999999999,0.0,0.0,
40072,2026-09-30 23:59:59.999999999,0.0,0.0,
40072,2026-10-31 23:59:59.999999999,0.0,0.0,
40072,2026-11-30 23:59:59.999999999,0.0,0.0,
40072,2026-12-31 23:59:59.999999999,0.0,0.0,
40072,2027-01-31 23:59:59.999999999,0.0,0.0,
40072,2027-02-28 23:59:59.999999999,0.0,0.0,
40072,2027-03-31 23:59:59.999999999,0.0,0.0,
40072,2027-04-30 23:59:59.999999999,0.0,0.0,
40072,2027-05-31 23:59:59.999999999,0.0,0.0,
40072,2024-12-31 23:59:59.999999999,0.0,0.0,
40072,2025-01-31 23:59:59.999999999,0.0,0.0,
40072,2025-02-28 23:59:59.999999999,0.0,0.0,
40072,2025-03-31 23:59:59.999999999,0.0,0.0,
40072,2025-04-30 23:59:59.999999999,0.0,0.0,
40072,2025-05-31 23:59:59.999999999,0.0,0.0,
40072,2025-06-30 23:59:59.999999999,0.0,0.0,
40072,2025-07-31 23:59:59.999999999,0.0,0.0,
40072,2025-08-31 23:59:59.999999999,0.0,0.0,
40072,2025-09-30 23:59:59.999999999,0.0,0.0,
40072,2025-10-31 23:59:59.999999999,0.0,0.0,
40072,2025-11-30 23:59:59.999999999,0.0,0.0,
40072,2025-12-31 23:59:59.999999999,0.0,0.0,
40072,2026-01-31 23:59:59.999999999,0.0,0.0,
40072,2026-02-28 23:59:59.999999999,0.0,0.0,
40072,2026-03-31 23:59:59.999999999,0.0,0.0,
40072,2026-04-30 23:59:59.999999999,0.0,0.0,
40072,2026-05-31 23:59:59.999999999,0.0,0.0,
40072,2026-06-30 23:59:59.999999999,0.0,0.0,
40072,2026-07-31 23:59:59.999999999,0.0,0.0,
40072,2026-08-31 23:59:59.999999999,0.0,0.0,
40072,2026-09-30 23:59:59.999999999,0.0,0.0,
40072,2026-10-31 23:59:59.999999999,0.0,0.0,
40072,2026-11-30 23:59:59.999999999,0.0,0.0,
40072,2026-12-31 23:59:59.999999999,0.0,0.0,
40072,2027-01-31 23:59:59.999999999,0.0,0.0,
40072,2027-02-28 23:59:59.999999999,0.0,0.0,
40072,2027-03-31 23:59:59.999999999,0.0,0.0,
40072,2027-04-30 23:59:59.999999999,0.0,0.0,
40072,2027-05-31 23:59:59.999999999,0.0,0.0,
40072,2024-12-31 23:59:59.999999999,0.0,0.0,
40072,2025-01-31 23:59:59.999999999,0.0,0.0,
40072,2025-02-28 23:59:59.999999999,0.0,0.0,
40072,2025-03-31 23:59:59.999999999,0.0,0.0,
40072,2025-04-30 23:59:59.999999999,0.0,0.0,
40072,2025-05-31 23:59:59.999999999,0.0,0.0,
40072,2025-06-30 23:59:59.999999999,0.0,0.0,
40072,2025-07-31 23:59:59.999999999,0.0,0.0,
40072,2025-08-31 23:59:59.999999999,0.0,0.0,
40072,2025-09-30 23:59:59.999999999,0.0,0.0,
40072,2025-10-31 23:59:59.999999999,0.0,0.0,
40072,2025-11-30 23:59:59.999999999,0.0,0.0,
40072,2025-12-31 23:59:59.999999999,0.0,0.0,
40072,2026-01-31 23:59:59.999999999,0.0,0.0,
40072,2026-02-28 23:59:59.999999999,0.0,0.0,
40072,2026-03-31 23:59:59.999999999,0.0,0.0,
40072,2026-04-30 23:59:59.999999999,0.0,0.0,
40072,2026-05-31 23:59:59.999999999,0.0,0.0,
40072,2026-06-30 23:59:59.999999999,0.0,0.0,
40072,2026-07-31 23:59:59.999999999,0.0,0.0,
40072,2026-08-31 23:59:59.999999999,0.0,0.0,
40072,2026-09-30 23:59:59.999999999,0.0,0.0,
40072,2026-10-31 23:59:59.999999999,0.0,0.0,
40072,2026-11-30 23:59:59.999999999,0.0,0.0,
40072,2026-12-31 23:59:59.999999999,0.0,0.0,
40072,2027-01-31 23:59:59.999999999,0.0,0.0,
40072,2027-02-28 23:59:59.999999999,0.0,0.0,
40072,2027-03-31 23:59:59.999999999,0.0,0.0,
40072,2027-04-30 23:59:59.999999999,0.0,0.0,
40072,2027-05-31 23:59:59.999999999,0.0,0.0,
40002,2024-12-31 23:59:59.999999999,818871860000.0,818871861248.0,0.0
40002,2025-01-31 23:59:59.999999999,808780700000.0,808780693504.0,0.0
40002,2025-02-28 23:59:59.999999999,813786660000.0,813786660864.0,0.0
40002,2025-03-31 23:59:59.999999999,816810560000.0,816810557440.0,0.0
40002,2025-04-30 23:59:59.999999999,814791500000.0,814791524352.0,0.0
40002,2025-05-31 23:59:59.999999999,817280900000.0,817280909312.0,0.0
40002,2025-06-30 23:59:59.999999999,817161500000.0,817161502720.0,0.0
40002,2025-07-31 23:59:59.999999999,818180400000.0,818180390912.0,0.0
40002,2025-08-31 23:59:59.999999999,819953340000.0,819953336320.0,0.0
40002,2025-09-30 23:59:59.999999999,824092200000.0,824092196864.0,0.0
40002,2025-10-31 23:59:59.999999999,826127300000.0,826127286272.0,0.0
40002,2025-11-30 23:59:59.999999999,762748860000.0,762748862464.0,0.0
40002,2025-12-31 23:59:59.999999999,752196400000.0,752196386816.0,0.0
40002,2026-01-31 23:59:59.999999999,749345200000.0,749345177600.0,0.0
40002,2026-02-28 23:59:59.999999999,753565000000.0,753564975104.0,0.0
40002,2026-03-31 23:59:59.999999999,755814040000.0,755814039552.0,0.0
40002,2026-04-30 23:59:59.999999999,754397600000.0,754397609984.0,0.0
40002,2026-05-31 23:59:59.999999999,756166200000.0,756166230016.0,0.0
40002,2026-06-30 23:59:59.999999999,756081950000.0,756081950720.0,0.0
40002,2026-07-31 23:59:59.999999999,756804900000.0,756804878336.0,0.0
40002,2026-08-31 23:59:59.999999999,758062800000.0,758062776320.0,0.0
40002,2026-09-30 23:59:59.999999999,760999200000.0,760999182336.0,0.0
40002,2026-10-31 23:59:59.999999999,762443100000.0,762443071488.0,0.0
40002,2026-11-30 23:59:59.999999999,717477250000.0,717477249024.0,0.0
40002,2026-12-31 23:59:59.999999999,709990500000.0,709990481920.0,0.0
40002,2027-01-31 23:59:59.999999999,707967600000.0,707967582208.0,0.0
40002,2027-02-28 23:59:59.999999999,710961460000.0,710961463296.0,0.0
40002,2027-03-31 23:59:59.999999999,712557130000.0,712557133824.0,0.0
40002,2027-04-30 23:59:59.999999999,711552200000.0,711552204800.0,0.0
40002,2027-05-31 23:59:59.999999999,712807000000.0,712807022592.0,0.0
40002,2024-12-31 23:59:59.999999999,168122220000.0,168941257572.3248,-0.4848058077075481
40002,2025-01-31 23:59:59.999999999,168122220000.0,169266005406.02835,-0.6757321762776208
40002,2025-02-28 23:59:59.999999999,168122220000.0,170125830720.23074,-1.1777224938437767
40002,2025-03-31 23:59:59.999999999,168122220000.0,170618468263.37527,-1.463058334061434
40002,2025-04-30 23:59:59.999999999,168122220000.0,171507223667.75296,-1.9736796219793356
40002,2025-05-31 23:59:59.999999999,168122220000.0,172077932138.8397,-2.2987907546727473
40002,2025-06-30 23:59:59.999999999,168122220000.0,172929212899.32126,-2.7797456975183663
40002,2025-07-31 23:59:59.999999999,168122220000.0,173527864366.7238,-3.115144557590941
40002,2025-08-31 23:59:59.999999999,168122220000.0,174344968543.70795,-3.5692157058997176
40002,2025-09-30 23:59:59.999999999,168122220000.0,174976030076.3843,-3.9169991051873425
40002,2025-10-31 23:59:59.999999999,168122220000.0,175781578709.4808,-4.357315608218334
40002,2025-11-30 23:59:59.999999999,168122220000.0,176448742114.6165,-4.718946403827461
40002,2025-12-31 23:59:59.999999999,168122220000.0,177251525619.48764,-5.15048039422005
40002,2026-01-31 23:59:59.999999999,168122220000.0,177948793600.48468,-5.522135248944961
40002,2026-02-28 23:59:59.999999999,168122220000.0,178750575825.60324,-5.945913870494449
40002,2026-03-31 23:59:59.999999999,168122220000.0,179472392636.59875,-6.324188319916665
40002,2026-04-30 23:59:59.999999999,168122220000.0,180275840092.75696,-6.741679607485718
40002,2026-05-31 23:59:59.999999999,168122220000.0,181019736824.48404,-7.124922677900816
40002,2026-06-30 23:59:59.999999999,168122220000.0,181828149248.55707,-7.537847556167562
40002,2026-07-31 23:59:59.999999999,168122220000.0,182592741907.57397,-7.925025503422672
40002,2026-08-31 23:59:59.999999999,168122220000.0,183408622898.3408,-8.33461486857883
40002,2026-09-30 23:59:59.999999999,168122220000.0,184192629664.8051,-8.724784020973122
40002,2026-10-31 23:59:59.999999999,168122220000.0,185017734006.46588,-9.131834606662856
40002,2026-11-30 23:59:59.999999999,168122220000.0,185820146861.13867,-9.524223619500278
40002,2026-12-31 23:59:59.999999999,168122220000.0,186655916200.12552,-9.929337378331143
40002,2027-01-31 23:59:59.999999999,168122220000.0,187476115531.32294,-10.323392359860021
40002,2027-02-28 23:59:59.999999999,168122220000.0,188323801568.28403,-10.727046106787075
40002,2027-03-31 23:59:59.999999999,168122220000.0,189161443667.36633,-11.12236337145061
40002,2027-04-30 23:59:59.999999999,168122220000.0,190022119609.64133,-11.524920946377113
40002,2027-05-31 23:59:59.999999999,168122220000.0,190877042814.51752,-11.92119384028243
40002,2024-12-31 23:59:59.999999999,25234470000.0,25357405084.53375,-0.4848058077075478
40002,2025-01-31 23:59:59.999999999,25234470000.0,25406148431.705887,-0.6757321762776131
40002,2025-02-28 23:59:59.999999999,25234470000.0,25535204762.33509,-1.1777224938437885
40002,2025-03-31 23:59:59.999999999,25234470000.0,25609147681.43534,-1.4630583340614365
40002,2025-04-30 23:59:59.999999999,25234470000.0,25742546302.552067,-1.9736796219793424
40002,2025-05-31 23:59:59.999999999,25234470000.0,25828207354.769142,-2.298790754672757
40002,2025-06-30 23:59:59.999999999,25234470000.0,25955981182.159763,-2.779745697518368
40002,2025-07-31 23:59:59.999999999,25234470000.0,26045836366.0356,-3.115144557590936
40002,2025-08-31 23:59:59.999999999,25234470000.0,26168480425.336403,-3.5692157058997283
40002,2025-09-30 23:59:59.999999999,25234470000.0,26263200230.00277,-3.9169991051873456
40002,2025-10-31 23:59:59.999999999,25234470000.0,26384109848.518986,-4.357315608218324
40002,2025-11-30 23:59:59.999999999,25234470000.0,26484248399.42542,-4.7189464038274656
40002,2025-12-31 23:59:59.999999999,25234470000.0,26604742983.28682,-5.150480394220041
40002,2026-01-31 23:59:59.999999999,25234470000.0,26709400110.27102,-5.522135248944957
40002,2026-02-28 23:59:59.999999999,25234470000.0,26829744406.05801,-5.945913870494443
40002,2026-03-31 23:59:59.999999999,25234470000.0,26938086213.95182,-6.324188319916657
40002,2026-04-30 23:59:59.999999999,25234470000.0,27058680454.238094,-6.741679607485722
40002,2026-05-31 23:59:59.999999999,25234470000.0,27170336369.66413,-7.124922677900809
40002,2026-06-30 23:59:59.999999999,25234470000.0,27291675831.718353,-7.537847556167556
40002,2026-07-31 23:59:59.999999999,25234470000.0,27406438122.812656,-7.925025503422671
40002,2026-08-31 23:59:59.999999999,25234470000.0,27528898586.76882,-8.33461486857883
40002,2026-09-30 23:59:59.999999999,25234470000.0,27646574857.514828,-8.724784020973127
40002,2026-10-31 23:59:59.999999999,25234470000.0,27770419709.442383,-9.131834606662858
40002,2026-11-30 23:59:59.999999999,25234470000.0,27890858660.19581,-9.52422361950028
40002,2026-12-31 23:59:59.999999999,25234470000.0,28016304285.44131,-9.929337378331132
40002,2027-01-31 23:59:59.999999999,25234470000.0,28139412914.973877,-10.323392359860021
40002,2027-02-28 23:59:59.999999999,25234470000.0,28266647188.783657,-10.72704610678708
40002,2027-03-31 23:59:59.999999999,25234470000.0,28392373907.807255,-11.122363371450612
40002,2027-04-30 23:59:59.999999999,25234470000.0,28521557914.29801,-11.524920946377117
40002,2027-05-31 23:59:59.999999999,25234470000.0,28649878457.981266,-11.921193840282433
40002,2024-12-31 23:59:59.999999999,-4.9889228e-11,-5.013227233309624e-11,-0.4848058077075555
40002,2025-01-31 23:59:59.999999999,-9.25691e-11,-9.319887299282616e-11,-0.6757321762776196
40002,2025-02-28 23:59:59.999999999,-1.2908141e-10,-1.306197504076266e-10,-1.1777224938437831
40002,2025-03-31 23:59:59.999999999,-1.6031743e-10,-1.6269778957084975e-10,-1.4630583340614374
40002,2025-04-30 23:59:59.999999999,-1.870396e-10,-1.9080549520192466e-10,-1.9736796219793395
40002,2025-05-31 23:59:59.999999999,-2.0990024e-10,-2.1483893362474284e-10,-2.2987907546727517
40002,2025-06-30 23:59:59.999999999,-2.2945734e-10,-2.36018043423274e-10,-2.7797456975183583
40002,2025-07-31 23:59:59.999999999,-2.461883e-10,-2.5410399886594046e-10,-3.11514455759093
40002,2025-08-31 23:59:59.999999999,-2.605015e-10,-2.701435139822433e-10,-3.5692157058997234
40002,2025-09-30 23:59:59.999999999,-2.7274635e-10,-2.83865356764752e-10,-3.916999105187345
40002,2025-10-31 23:59:59.999999999,-2.8322172e-10,-2.9612481670960805e-10,-4.357315608218326
40002,2025-11-30 23:59:59.999999999,-2.9218333e-10,-3.0665417945747956e-10,-4.718946403827472
40002,2025-12-31 23:59:59.999999999,-2.9984992e-10,-3.161322523460727e-10,-5.150480394220041
40002,2026-01-31 23:59:59.999999999,-3.0640862e-10,-3.243178934088735e-10,-5.522135248944964
40002,2026-02-28 23:59:59.999999999,-3.1201955e-10,-3.317448097441039e-10,-5.945913870494449
40002,2026-03-31 23:59:59.999999999,-3.1681965e-10,-3.3820860280024856e-10,-6.3241883199166695
40002,2026-04-30 23:59:59.999999999,-3.2092612e-10,-3.441259907557483e-10,-6.741679607485727
40002,2026-05-31 23:59:59.999999999,-3.2443917e-10,-3.4932855974802705e-10,-7.124922677900819
40002,2026-06-30 23:59:59.999999999,-3.2744454e-10,-3.5413900179397956e-10,-7.537847556167566
40002,2026-07-31 23:59:59.999999999,-3.3001563e-10,-3.584205455849309e-10,-7.925025503422675
40002,2026-08-31 23:59:59.999999999,-3.3221517e-10,-3.624216181084402e-10,-8.334614868578827
40002,2026-09-30 23:59:59.999999999,-3.3409686e-10,-3.6603239740814217e-10,-8.724784020973129
40002,2026-10-31 23:59:59.999999999,-3.3570666e-10,-3.694436389955311e-10,-9.131834606662864
40002,2026-11-30 23:59:59.999999999,-3.370838e-10,-3.725680163222065e-10,-9.524223619500289
40002,2026-12-31 23:59:59.999999999,-3.3826195e-10,-3.75551746135064e-10,-9.92933737833113
40002,2027-01-31 23:59:59.999999999,-3.3926983e-10,-3.7832590167758557e-10,-10.323392359860021
40002,2027-02-28 23:59:59.999999999,-3.4013206e-10,-3.810023602577226e-10,-10.727046106787077
40002,2027-03-31 23:59:59.999999999,-3.4086972e-10,-3.835269863921783e-10,-11.12236337145062
40002,2027-04-30 23:59:59.999999999,-3.4150077e-10,-3.859852692511151e-10,-11.52492094637712
40002,2027-05-31 23:59:59.999999999,-3.4204062e-10,-3.883347572068e-10,-11.921193840282438
40002,2024-12-31 23:59:59.999999999,46203184.0,46428270.95400321,-0.484805807707555
40002,2025-01-31 23:59:59.999999999,46203184.0,46517517.83562097,-0.6757321762776155
40002,2025-02-28 23:59:59.999999999,46203184.0,46753814.18640319,-1.1777224938437756
40002,2025-03-31 23:59:59.999999999,46203184.0,46889200.353547335,-1.4630583340614278
40002,2025-04-30 23:59:59.999999999,46203184.0,47133447.24337895,-1.9736796219793376
40002,2025-05-31 23:59:59.999999999,46203184.0,47290288.786481686,-2.2987907546727517
40002,2025-06-30 23:59:59.999999999,46203184.0,47524236.931378424,-2.779745697518362
40002,2025-07-31 23:59:59.999999999,46203184.0,47688757.74136279,-3.1151445575909333
40002,2025-08-31 23:59:59.999999999,46203184.0,47913313.511053495,-3.5692157058997225
40002,2025-09-30 23:59:59.999999999,46203184.0,48086741.22343574,-3.9169991051873554
40002,2025-10-31 23:59:59.999999999,46203184.0,48308121.3098721,-4.357315608218322
40002,2025-11-30 23:59:59.999999999,46203184.0,48491470.50348737,-4.71894640382746
40002,2025-12-31 23:59:59.999999999,46203184.0,48712090.68009287,-5.150480394220041
40002,2026-01-31 23:59:59.999999999,46203184.0,48903713.18376355,-5.522135248944957
40002,2026-02-28 23:59:59.999999999,46203184.0,49124058.18964805,-5.945913870494448
40002,2026-03-31 23:59:59.999999999,46203184.0,49322427.1787371,-6.3241883199166695
40002,2026-04-30 23:59:59.999999999,46203184.0,49543229.82178507,-6.741679607485724
40002,2026-05-31 23:59:59.999999999,46203184.0,49747666.79306567,-7.124922677900812
40002,2026-06-30 23:59:59.999999999,46203184.0,49969833.903733574,-7.537847556167568
40002,2026-07-31 23:59:59.999999999,46203184.0,50179958.50948349,-7.925025503422682
40002,2026-08-31 23:59:59.999999999,46203184.0,50404178.124335855,-8.334614868578832
40002,2026-09-30 23:59:59.999999999,46203184.0,50619638.09608133,-8.72478402097313
40002,2026-10-31 23:59:59.999999999,46203184.0,50846392.46319352,-9.131834606662856
40002,2026-11-30 23:59:59.999999999,46203184.0,51066910.77807451,-9.524223619500287
40002,2026-12-31 23:59:59.999999999,46203184.0,51296596.08930712,-9.929337378331141
40002,2027-01-31 23:59:59.999999999,46203184.0,51522002.466247484,-10.323392359860021
40002,2027-02-28 23:59:59.999999999,46203184.0,51754962.712746814,-10.727046106787084
40002,2027-03-31 23:59:59.999999999,46203184.0,51985162.69407478,-11.122363371450609
40002,2027-04-30 23:59:59.999999999,46203184.0,52221692.81363086,-11.524920946377119
40002,2027-05-31 23:59:59.999999999,46203184.0,52456641.97152892,-11.921193840282438
40002,2024-12-31 23:59:59.999999999,663768100.0,667001791.4223288,-0.48480580770754705
40002,2025-01-31 23:59:59.999999999,663768100.0,668283937.5952259,-0.6757321762776107
40002,2025-02-28 23:59:59.999999999,663768100.0,671678638.4109089,-1.1777224938437854
40002,2025-03-31 23:59:59.999999999,663768100.0,673623634.728097,-1.463058334061432
40002,2025-04-30 23:59:59.999999999,663768100.0,677132555.2568933,-1.973679621979337
40002,2025-05-31 23:59:59.999999999,663768100.0,679385785.628591,-2.2987907546727597
40002,2025-06-30 23:59:59.999999999,663768100.0,682746751.4483314,-2.779745697518359
40002,2025-07-31 23:59:59.999999999,663768100.0,685110304.3597577,-3.1151445575909325
40002,2025-08-31 23:59:59.999999999,663768100.0,688336336.6366501,-3.5692157058997207
40002,2025-09-30 23:59:59.999999999,663768100.0,690827848.6500057,-3.916999105187344
40002,2025-10-31 23:59:59.999999999,663768100.0,694008258.154908,-4.357315608218327
40002,2025-11-30 23:59:59.999999999,663768100.0,696642304.9993055,-4.718946403827465
40002,2025-12-31 23:59:59.999999999,663768100.0,699811797.4226948,-5.150480394220047
40002,2026-01-31 23:59:59.999999999,663768100.0,702564701.0005988,-5.522135248944954
40002,2026-02-28 23:59:59.999999999,663768100.0,705730240.2428749,-5.9459138704944445
40002,2026-03-31 23:59:59.999999999,663768100.0,708580065.7557852,-6.3241883199166695
40002,2026-04-30 23:59:59.999999999,663768100.0,711752179.5441641,-6.741679607485721
40002,2026-05-31 23:59:59.999999999,663768100.0,714689179.4210755,-7.124922677900816
40002,2026-06-30 23:59:59.999999999,663768100.0,717880895.5407091,-7.537847556167559
40002,2026-07-31 23:59:59.999999999,663768100.0,720899605.5976905,-7.925025503422677
40002,2026-08-31 23:59:59.999999999,663768100.0,724120808.5782348,-8.334614868578829
40002,2026-09-30 23:59:59.999999999,663768100.0,727216168.0258527,-8.724784020973127
40002,2026-10-31 23:59:59.999999999,663768100.0,730473785.9807945,-9.131834606662855
40002,2026-11-30 23:59:59.999999999,663768100.0,733641815.0295776,-9.524223619500285
40002,2026-12-31 23:59:59.999999999,663768100.0,736941539.7642618,-9.929337378331134
40002,2027-01-31 23:59:59.999999999,663768100.0,740179792.1076711,-10.323392359860026
40002,2027-02-28 23:59:59.999999999,663768100.0,743526565.4970825,-10.72704610678708
40002,2027-03-31 23:59:59.999999999,663768100.0,746833684.1292465,-11.122363371450612
40002,2027-04-30 23:59:59.999999999,663768100.0,750231743.3338535,-11.524920946377117
40002,2027-05-31 23:59:59.999999999,663768100.0,753607089.9920658,-11.921193840282426
40002,2024-12-31 23:59:59.999999999,54229987000.0,54494178269.11116,-0.4848058077075569
40002,2025-01-31 23:59:59.999999999,53659267000.0,54024326831.41727,-0.6757321762776141
40002,2025-02-28 23:59:59.999999999,52379877000.0,53004118805.84006,-1.1777224938437758
40002,2025-03-31 23:59:59.999999999,51715895000.0,52483763370.01407,-1.4630583340614256
40002,2025-04-30 23:59:59.999999999,50517496000.0,51534624183.77888,-1.9736796219793338
40002,2025-05-31 23:59:59.999999999,49783180000.0,50954519085.83309,-2.2987907546727473
40002,2025-06-30 23:59:59.999999999,48645860000.0,50036755946.60347,-2.779745697518355
40002,2025-07-31 23:59:59.999999999,47858504000.0,49397301014.138756,-3.115144557590936
40002,2025-08-31 23:59:59.999999999,46767243000.0,48498250435.63528,-3.569215705899727
40002,2025-09-30 23:59:59.999999999,45939890000.0,47812711614.0897,-3.916999105187344
40002,2025-10-31 23:59:59.999999999,44883360000.0,46928170280.273636,-4.357315608218324
40002,2025-11-30 23:59:59.999999999,44025848000.0,46206298257.987076,-4.71894640382747
40002,2025-12-31 23:59:59.999999999,42995507000.0,45330231907.02585,-5.150480394220051
40002,2026-01-31 23:59:59.999999999,42115252000.0,44576845946.90176,-5.522135248944964
40002,2026-02-28 23:59:59.999999999,41104667000.0,43703222598.32699,-5.945913870494447
40002,2026-03-31 23:59:59.999999999,40207254000.0,42921702820.482285,-6.3241883199166695
40002,2026-04-30 23:59:59.999999999,39211560000.0,42046179681.30108,-6.741679607485719
40002,2026-05-31 23:59:59.999999999,38301217000.0,41239499198.6579,-7.124922677900806
40002,2026-06-30 23:59:59.999999999,37316760000.0,40358956141.18289,-7.537847556167559
40002,2026-07-31 23:59:59.999999999,36396660000.0,39529371457.33661,-7.925025503422672
40002,2026-08-31 23:59:59.999999999,35420670000.0,38641273310.7674,-8.33461486857883
40002,2026-09-30 23:59:59.999999999,34493215000.0,37790340291.19779,-8.724784020973122
40002,2026-10-31 23:59:59.999999999,33523616000.0,36892585647.44623,-9.131834606662855
40002,2026-11-30 23:59:59.999999999,32590615000.0,36021370395.252304,-9.524223619500289
40002,2026-12-31 23:59:59.999999999,31625828000.0,35112241246.45396,-9.929337378331141
40002,2027-01-31 23:59:59.999999999,30688645000.0,34221460788.469337,-10.323392359860025
40002,2027-02-28 23:59:59.999999999,29727492000.0,33299550199.223404,-10.727046106787082
40002,2027-03-31 23:59:59.999999999,28787155000.0,32389649450.639145,-11.12236337145062
40002,2027-04-30 23:59:59.999999999,27828742000.0,31453763524.905792,-11.524920946377113
40002,2027-05-31 23:59:59.999999999,26886023000.0,30524963200.84797,-11.921193840282438
40002,2024-12-31 23:59:59.999999999,-49820348.0,-50063056.60594153,-0.48480580770755755
40002,2025-01-31 23:59:59.999999999,-99640696.0,-100318580.93012999,-0.6757321762776172
40002,2025-02-28 23:59:59.999999999,-149461040.0,-151242254.04609725,-1.1777224938437847
40002,2025-03-31 23:59:59.999999999,-199281390.0,-202240285.34963748,-1.4630583340614252
40002,2025-04-30 23:59:59.999999999,-249101730.0,-254117187.13849968,-1.9736796219793418
40002,2025-05-31 23:59:59.999999999,-298922080.0,-305955353.37685347,-2.2987907546727557
40002,2025-06-30 23:59:59.999999999,-348742430.0,-358713762.37605464,-2.779745697518369
40002,2025-07-31 23:59:59.999999999,-398562780.0,-411377797.0561316,-3.115144557590944
40002,2025-08-31 23:59:59.999999999,-448383100.0,-464979215.1772766,-3.56921570589972
40002,2025-09-30 23:59:59.999999999,-498203460.0,-518513630.2574591,-3.9169991051873474
40002,2025-10-31 23:59:59.999999999,-548023800.0,-572990826.7266182,-4.357315608218328
40002,2025-11-30 23:59:59.999999999,-597844160.0,-627453347.1615763,-4.718946403827466
40002,2025-12-31 23:59:59.999999999,-647664500.0,-682833729.3555807,-5.150480394220036
40002,2026-01-31 23:59:59.999999999,-697484860.0,-738252145.9792106,-5.522135248944964
40002,2026-02-28 23:59:59.999999999,-747305200.0,-794548378.2289009,-5.945913870494448
40002,2026-03-31 23:59:59.999999999,-797125570.0,-850940657.682584,-6.324188319916667
40002,2026-04-30 23:59:59.999999999,-846945900.0,-908171964.1049671,-6.741679607485722
40002,2026-05-31 23:59:59.999999999,-896766200.0,-965561735.0281534,-7.124922677900809
40002,2026-06-30 23:59:59.999999999,-946586560.0,-1023755704.3407773,-7.537847556167561
40002,2026-07-31 23:59:59.999999999,-996406900.0,-1082169088.2325892,-7.925025503422667
40002,2026-08-31 23:59:59.999999999,-1046227260.0,-1141354790.033357,-8.334614868578836
40002,2026-09-30 23:59:59.999999999,-1096047600.0,-1200816239.3741677,-8.724784020973116
40002,2026-10-31 23:59:59.999999999,-1145868000.0,-1261022523.1685157,-9.131834606662858
40002,2026-11-30 23:59:59.999999999,-1195688300.0,-1321556296.9821692,-9.52422361950029
40002,2026-12-31 23:59:59.999999999,-1245508600.0,-1382812751.3967686,-9.929337378331137
40002,2027-01-31 23:59:59.999999999,-1295329000.0,-1444444719.851557,-10.323392359860014
40002,2027-02-28 23:59:59.999999999,-1345149300.0,-1506782573.3749654,-10.727046106787082
40002,2027-03-31 23:59:59.999999999,-1394969700.0,-1569539628.770806,-11.122363371450614
40002,2027-04-30 23:59:59.999999999,-1444790000.0,-1632990929.7106626,-11.524920946377119
40002,2027-05-31 23:59:59.999999999,-1494610400.0,-1696901328.6689541,-11.921193840282433
40002,2024-12-31 23:59:59.999999999,226134130.0,227235780.2598895,-0.48480580770755105
40002,2025-01-31 23:59:59.999999999,369963200.0,372480168.347779,-0.6757321762776164
40002,2025-02-28 23:59:59.999999999,445786530.0,451099225.04288507,-1.1777224938437876
40002,2025-03-31 23:59:59.999999999,447152600.0,453791847.4433107,-1.463058334061428
40002,2025-04-30 23:59:59.999999999,420435620.0,428900742.5543125,-1.9736796219793376
40002,2025-05-31 23:59:59.999999999,392821800.0,402064411.5198477,-2.2987907546727584
40002,2025-06-30 23:59:59.999999999,379097200.0,389936457.91186047,-2.779745697518369
40002,2025-07-31 23:59:59.999999999,378839840.0,391020700.05687577,-3.1151445575909418
40002,2025-08-31 23:59:59.999999999,386180100.0,400473872.3499388,-3.569215705899719
40002,2025-09-30 23:59:59.999999999,394998000.0,411100831.9072237,-3.916999105187349
40002,2025-10-31 23:59:59.999999999,401947300.0,420259320.98842084,-4.357315608218332
40002,2025-11-30 23:59:59.999999999,406349400.0,426474511.62979496,-4.7189464038274656
40002,2025-12-31 23:59:59.999999999,409041440.0,431253043.45249814,-5.150480394220038
40002,2026-01-31 23:59:59.999999999,411156130.0,435187786.1373964,-5.522135248944965
40002,2026-02-28 23:59:59.999999999,413457020.0,439594961.8081453,-5.945913870494449
40002,2026-03-31 23:59:59.999999999,416201820.0,444300205.7152068,-6.32418831991666
40002,2026-04-30 23:59:59.999999999,419308100.0,449620038.44287264,-6.741679607485731
40002,2026-05-31 23:59:59.999999999,422578080.0,454996208.00794697,-7.1249226779008135
40002,2026-06-30 23:59:59.999999999,425850600.0,460567465.4380229,-7.537847556167566
40002,2026-07-31 23:59:59.999999999,429052580.0,465981748.4021666,-7.925025503422679
40002,2026-08-31 23:59:59.999999999,432182800.0,471478719.4537798,-8.334614868578834
40002,2026-09-30 23:59:59.999999999,435272640.0,476879331.7344946,-8.724784020973129
40002,2026-10-31 23:59:59.999999999,438354100.0,482406693.37002164,-9.131834606662864
40002,2026-11-30 23:59:59.999999999,441445220.0,487915366.5877189,-9.52422361950028
40002,2026-12-31 23:59:59.999999999,444549700.0,493556595.52242696,-9.929337378331136
40002,2027-01-31 23:59:59.999999999,447663300.0,499197402.51149094,-10.323392359860023
40002,2027-02-28 23:59:59.999999999,450780030.0,504945800.87404394,-10.727046106787073
40002,2027-03-31 23:59:59.999999999,453895840.0,510697468.13474447,-11.122363371450609
40002,2027-04-30 23:59:59.999999999,457009300.0,516540156.71804744,-11.524920946377119
40002,2027-05-31 23:59:59.999999999,460120900.0,522396835.3585998,-11.921193840282438
40002,2024-12-31 23:59:59.999999999,8251281400.0,7295022206.782212,13.108379578731777
40002,2025-01-31 23:59:59.999999999,9702142000.0,8166483556.347197,18.80440198106137
40002,2025-02-28 23:59:59.999999999,8266922500.0,6823709533.900621,21.149976489025583
40002,2025-03-31 23:59:59.999999999,12890263000.0,9964106226.095686,29.366972164957467
40002,2025-04-30 23:59:59.999999999,14921129000.0,11084805896.61274,34.608842943831355
40002,2025-05-31 23:59:59.999999999,15515031000.0,11235174233.09468,38.093368256795166
40002,2025-06-30 23:59:59.999999999,17566994000.0,12300004829.282856,42.82103686803375
40002,2025-07-31 23:59:59.999999999,18651503000.0,12746438192.146189,46.327172429175235
40002,2025-08-31 23:59:59.999999999,19123761000.0,12834792333.86864,48.99938117063207
40002,2025-09-30 23:59:59.999999999,19921265000.0,13121568874.314875,51.82075276833208
40002,2025-10-31 23:59:59.999999999,20371730000.0,13218128602.584171,54.119626495518325
40002,2025-11-30 23:59:59.999999999,20586435000.0,13194153339.242817,56.026946410957876
40002,2025-12-31 23:59:59.999999999,20867420000.0,13218286417.943687,57.8678166004384
40002,2026-01-31 23:59:59.999999999,21029808000.0,13187650326.86209,59.46592157637151
40002,2026-02-28 23:59:59.999999999,21108247000.0,13121389031.371271,60.86899395737259
40002,2026-03-31 23:59:59.999999999,21199057000.0,13070762762.306686,62.18683853044593
40002,2026-04-30 23:59:59.999999999,21251486000.0,13007621062.813282,63.37718936750559
40002,2026-05-31 23:59:59.999999999,21275998000.0,12936911054.184563,64.45964665667299
40002,2026-06-30 23:59:59.999999999,21302866000.0,12873905512.983294,65.4732194400225
40002,2026-07-31 23:59:59.999999999,21318056000.0,12810510522.017653,66.41066645517583
40002,2026-08-31 23:59:59.999999999,21324554000.0,12747705313.796877,67.28151235909397
40002,2026-09-30 23:59:59.999999999,21331704000.0,12689806068.054317,68.10110173157841
40002,2026-10-31 23:59:59.999999999,21335554000.0,12634260001.82988,68.87062673167934
40002,2026-11-30 23:59:59.999999999,21336881000.0,12581037561.95293,69.59556035764602
40002,2026-12-31 23:59:59.999999999,21338507000.0,12531200716.944252,70.28302192260647
40002,2027-01-31 23:59:59.999999999,21339290000.0,12483816566.514868,70.93562282257511
40002,2027-02-28 23:59:59.999999999,21339396000.0,12438667266.082693,71.55693322698238
40002,2027-03-31 23:59:59.999999999,21339662000.0,12395903541.866577,72.15092279418197
40002,2027-04-30 23:59:59.999999999,21339742000.0,12355110590.053577,72.71996112426106
40002,2027-05-31 23:59:59.999999999,21339662000.0,12316087836.286081,73.26656499743656
40002,2024-12-31 23:59:59.999999999,101921320000.0,90109430657.21779,13.10837957873178
40002,2025-01-31 23:59:59.999999999,106018636000.0,89237969307.6528,18.804401981061368
40002,2025-02-28 23:59:59.999999999,109738550000.0,90580743330.09938,21.149976489025573
40002,2025-03-31 23:59:59.999999999,113118930000.0,87440346637.90431,29.366972164957474
40002,2025-04-30 23:59:59.999999999,116193880000.0,86319646967.38725,34.60884294383136
40002,2025-05-31 23:59:59.999999999,118994060000.0,86169278630.90532,38.09336825679518
40002,2025-06-30 23:59:59.999999999,121547055000.0,85104448034.71715,42.821036868033744
40002,2025-07-31 23:59:59.999999999,123877680000.0,84658014671.8538,46.32717242917525
40002,2025-08-31 23:59:59.999999999,126008270000.0,84569660530.13136,48.999381170632056
40002,2025-09-30 23:59:59.999999999,127958910000.0,84282883989.68512,51.8207527683321
40002,2025-10-31 23:59:59.999999999,129747650000.0,84186324261.41583,54.11962649551831
40002,2025-11-30 23:59:59.999999999,131390760000.0,84210299524.75719,56.02694641095787
40002,2025-12-31 23:59:59.999999999,132902860000.0,84186166446.05632,57.867816600438395
40002,2026-01-31 23:59:59.999999999,134297100000.0,84216802537.13791,59.465921576371514
40002,2026-02-28 23:59:59.999999999,135585320000.0,84283063832.62872,60.86899395737261
40002,2026-03-31 23:59:59.999999999,136778146000.0,84333690101.69331,62.18683853044593
40002,2026-04-30 23:59:59.999999999,137885170000.0,84396831801.18672,63.37718936750558
40002,2026-05-31 23:59:59.999999999,138915020000.0,84467541809.81544,64.45964665667299
40002,2026-06-30 23:59:59.999999999,139875420000.0,84530547351.01671,65.47321944002249
40002,2026-07-31 23:59:59.999999999,140773340000.0,84593942341.98235,66.41066645517584
40002,2026-08-31 23:59:59.999999999,141615090000.0,84656747550.20312,67.28151235909394
40002,2026-09-30 23:59:59.999999999,142406250000.0,84714646795.94568,68.10110173157844
40002,2026-10-31 23:59:59.999999999,143151960000.0,84770192862.17012,68.87062673167935
40002,2026-11-30 23:59:59.999999999,143856750000.0,84823415302.04707,69.59556035764602
40002,2026-12-31 23:59:59.999999999,144524740000.0,84873252147.05574,70.28302192260648
40002,2027-01-31 23:59:59.999999999,145159620000.0,84920636297.48514,70.9356228225751
40002,2027-02-28 23:59:59.999999999,145764700000.0,84965785597.91731,71.55693322698237
40002,2027-03-31 23:59:59.999999999,146343000000.0,85008549322.13342,72.15092279418197
40002,2027-04-30 23:59:59.999999999,146897190000.0,85049342273.94643,72.71996112426106
40002,2027-05-31 23:59:59.999999999,147429690000.0,85088365027.71391,73.26656499743656
40002,2024-12-31 23:59:59.999999999,0.0,0.0,
40002,2025-01-31 23:59:59.999999999,0.0,0.0,
40002,2025-02-28 23:59:59.999999999,0.0,0.0,
40002,2025-03-31 23:59:59.999999999,0.0,0.0,
40002,2025-04-30 23:59:59.999999999,0.0,0.0,
40002,2025-05-31 23:59:59.999999999,0.0,0.0,
40002,2025-06-30 23:59:59.999999999,0.0,0.0,
40002,2025-07-31 23:59:59.999999999,0.0,0.0,
40002,2025-08-31 23:59:59.999999999,0.0,0.0,
40002,2025-09-30 23:59:59.999999999,0.0,0.0,
40002,2025-10-31 23:59:59.999999999,0.0,0.0,
40002,2025-11-30 23:59:59.999999999,0.0,0.0,
40002,2025-12-31 23:59:59.999999999,0.0,0.0,
40002,2026-01-31 23:59:59.999999999,0.0,0.0,
40002,2026-02-28 23:59:59.999999999,0.0,0.0,
40002,2026-03-31 23:59:59.999999999,0.0,0.0,
40002,2026-04-30 23:59:59.999999999,0.0,0.0,
40002,2026-05-31 23:59:59.999999999,0.0,0.0,
40002,2026-06-30 23:59:59.999999999,0.0,0.0,
40002,2026-07-31 23:59:59.999999999,0.0,0.0,
40002,2026-08-31 23:59:59.999999999,0.0,0.0,
40002,2026-09-30 23:59:59.999999999,0.0,0.0,
40002,2026-10-31 23:59:59.999999999,0.0,0.0,
40002,2026-11-30 23:59:59.999999999,0.0,0.0,
40002,2026-12-31 23:59:59.999999999,0.0,0.0,
40002,2027-01-31 23:59:59.999999999,0.0,0.0,
40002,2027-02-28 23:59:59.999999999,0.0,0.0,
40002,2027-03-31 23:59:59.999999999,0.0,0.0,
40002,2027-04-30 23:59:59.999999999,0.0,0.0,
40002,2027-05-31 23:59:59.999999999,0.0,0.0,
40002,2024-12-31 23:59:59.999999999,8299222000.0,6404434230.004099,29.585560846561904
40002,2025-01-31 23:59:59.999999999,9292315000.0,6909491677.09899,34.48622645857876
40002,2025-02-28 23:59:59.999999999,9049027000.0,6644473435.110612,36.18876873197039
40002,2025-03-31 23:59:59.999999999,9492951000.0,6839651239.688479,38.792910739588656
40002,2025-04-30 23:59:59.999999999,9149549000.0,6527917210.078694,40.16030304234973
40002,2025-05-31 23:59:59.999999999,9491254000.0,6662941780.335788,42.448404697326886
40002,2025-06-30 23:59:59.999999999,9180484000.0,6408693474.974752,43.2504709399628
40002,2025-07-31 23:59:59.999999999,9471863000.0,6530910455.398412,45.03127624679978
40002,2025-08-31 23:59:59.999999999,9201525000.0,6314930203.845813,45.710632405663674
40002,2025-09-30 23:59:59.999999999,9453247000.0,6423483596.930267,47.166990393151046
40002,2025-10-31 23:59:59.999999999,9219149000.0,6236822126.797878,47.81804920149798
40002,2025-11-30 23:59:59.999999999,9436951000.0,6335388699.077276,48.95614107109883
40002,2025-12-31 23:59:59.999999999,9234341000.0,6176074490.123526,49.51796450588644
40002,2026-01-31 23:59:59.999999999,9422828000.0,6255065048.974646,50.64315792438683
40002,2026-02-28 23:59:59.999999999,9247483000.0,6119690342.525001,51.110307260815816
40002,2026-03-31 23:59:59.999999999,9410603000.0,6188476467.008436,52.06655560813933
40002,2026-04-30 23:59:59.999999999,9258855000.0,6073182938.713396,52.45474271785214
40002,2026-05-31 23:59:59.999999999,9400024000.0,6133082971.562521,53.26751827075255
40002,2026-06-30 23:59:59.999999999,9268697000.0,6034705677.723454,53.589877998765026
40002,2026-07-31 23:59:59.999999999,9390868000.0,6086868123.51036,54.28079415303956
40002,2026-08-31 23:59:59.999999999,9277215000.0,6002792906.773792,54.54830549844921
40002,2026-09-30 23:59:59.999999999,9382945000.0,6048217204.462191,55.13571108321885
40002,2026-10-31 23:59:59.999999999,9284585000.0,5976269426.866551,55.35754513109441
40002,2026-11-30 23:59:59.999999999,9376087000.0,6015826435.614867,55.85700718510983
40002,2026-12-31 23:59:59.999999999,9290965000.0,5954188773.130406,56.04082010176658
40002,2027-01-31 23:59:59.999999999,9370153000.0,5988635939.05475,56.465563366321284
40002,2027-02-28 23:59:59.999999999,9296485000.0,5935780335.77319,56.61774611120356
40002,2027-03-31 23:59:59.999999999,9365017000.0,5965776897.462676,56.97899430303982
40002,2027-04-30 23:59:59.999999999,9301263000.0,5920416676.030026,57.10487739246458
40002,2027-05-31 23:59:59.999999999,9360572000.0,5946536754.052035,57.41216784074534
40002,2024-12-31 23:59:59.999999999,53354172000.0,41172930122.34207,29.585560846561904
40002,2025-01-31 23:59:59.999999999,53341340000.0,39663050300.86403,34.486226458578756
40002,2025-02-28 23:59:59.999999999,53352055000.0,39175076829.573814,36.18876873197039
40002,2025-03-31 23:59:59.999999999,53334176000.0,38427161344.04637,38.79291073958866
40002,2025-04-30 23:59:59.999999999,53438470000.0,38126678478.89388,40.160303042349724
40002,2025-05-31 23:59:59.999999999,53511800000.0,37565741011.77293,42.44840469732689
40002,2025-06-30 23:59:59.999999999,53404205000.0,37280299817.22157,43.25047093996282
40002,2025-07-31 23:59:59.999999999,53370606000.0,36799376623.54927,45.03127624679977
40002,2025-08-31 23:59:59.999999999,53289300000.0,36572005136.619446,45.71063240566368
40002,2025-09-30 23:59:59.999999999,53226430000.0,36167370360.57312,47.16699039315104
40002,2025-10-31 23:59:59.999999999,53211505000.0,35997975164.36224,47.81804920149797
40002,2025-11-30 23:59:59.999999999,53097054000.0,35646099466.7256,48.95614107109885
40002,2025-12-31 23:59:59.999999999,53097054000.0,35512156939.44897,49.517964505886454
40002,2026-01-31 23:59:59.999999999,53097054000.0,35246907287.12106,50.64315792438685
40002,2026-02-28 23:59:59.999999999,53097054000.0,35137943380.89373,51.11030726081579
40002,2026-03-31 23:59:59.999999999,53097054000.0,34916983550.8249,52.06655560813931
40002,2026-04-30 23:59:59.999999999,53097054000.0,34828076359.85892,52.454742717852156
40002,2026-05-31 23:59:59.999999999,53097054000.0,34643383547.3229,53.26751827075253
40002,2026-06-30 23:59:59.999999999,53097054000.0,34570672820.2668,53.58987799876503
40002,2026-07-31 23:59:59.999999999,53097054000.0,34415854870.00419,54.280794153039544
40002,2026-08-31 23:59:59.999999999,53097054000.0,34356283646.56045,54.54830549844923
40002,2026-09-30 23:59:59.999999999,53097054000.0,34226197074.326332,55.135711083218844
40002,2026-10-31 23:59:59.999999999,53097054000.0,34177325705.806847,55.3575451310944
40002,2026-11-30 23:59:59.999999999,53097054000.0,34067800458.23487,55.85700718510982
40002,2026-12-31 23:59:59.999999999,53097054000.0,34027669281.2632,56.040820101766585
40002,2027-01-31 23:59:59.999999999,53097054000.0,33935297368.71735,56.46556336632127
40002,2027-02-28 23:59:59.999999999,53097054000.0,33902323029.409073,56.61774611120357
40002,2027-03-31 23:59:59.999999999,53097054000.0,33824305247.808434,56.97899430303982
40002,2027-04-30 23:59:59.999999999,53097054000.0,33797202919.01438,57.10487739246457
40002,2027-05-31 23:59:59.999999999,53097054000.0,33731226077.59176,57.41216784074534
40002,2024-12-31 23:59:59.999999999,14346355000.0,11070951573.830866,29.585560846561908
40002,2025-01-31 23:59:59.999999999,15739419000.0,11703368470.114433,34.48622645857875
40002,2025-02-28 23:59:59.999999999,17019240000.0,12496801760.132753,36.188768731970384
40002,2025-03-31 23:59:59.999999999,18195026000.0,13109477871.055365,38.79291073958866
40002,2025-04-30 23:59:59.999999999,19275231000.0,13752275654.09583,40.160303042349724
40002,2025-05-31 23:59:59.999999999,20267626000.0,14228047368.49421,42.44840469732689
40002,2025-06-30 23:59:59.999999999,21179350000.0,14784837252.560518,43.2504709399628
40002,2025-07-31 23:59:59.999999999,22016958000.0,15180834805.958498,45.03127624679978
40002,2025-08-31 23:59:59.999999999,22786480000.0,15638172555.974922,45.71063240566369
40002,2025-09-30 23:59:59.999999999,23493446000.0,15963801100.530865,47.16699039315105
40002,2025-10-31 23:59:59.999999999,24142942000.0,16332878385.56818,47.81804920149797
40002,2025-11-30 23:59:59.999999999,24739641000.0,16608674987.217497,48.95614107109883
40002,2025-12-31 23:59:59.999999999,25287834000.0,16912906541.744976,49.51796450588645
40002,2026-01-31 23:59:59.999999999,25791463000.0,17120899335.465109,50.64315792438684
40002,2026-02-28 23:59:59.999999999,26254156000.0,17374166098.8654,51.110307260815816
40002,2026-03-31 23:59:59.999999999,26679233000.0,17544444539.63288,52.06655560813933
40002,2026-04-30 23:59:59.999999999,27069757000.0,17755930027.114983,52.454742717852135
40002,2026-05-31 23:59:59.999999999,27428534000.0,17895855939.643074,53.267518270752525
40002,2026-06-30 23:59:59.999999999,27758148000.0,18072901642.79133,53.589877998765026
40002,2026-07-31 23:59:59.999999999,28060965000.0,18188242430.33439,54.280794153039565
40002,2026-08-31 23:59:59.999999999,28339167000.0,18336769944.258213,54.548305498449224
40002,2026-09-30 23:59:59.999999999,28594756000.0,18432091092.592487,55.135711083218865
40002,2026-10-31 23:59:59.999999999,28829567000.0,18556914600.87949,55.3575451310944
40002,2026-11-30 23:59:59.999999999,29045289000.0,18635856984.924137,55.85700718510981
40002,2026-12-31 23:59:59.999999999,29243476000.0,18740914043.471455,56.04082010176658
40002,2027-01-31 23:59:59.999999999,29425551000.0,18806407446.415623,56.465563366321284
40002,2027-02-28 23:59:59.999999999,29592828000.0,18894939199.921925,56.61774611120357
40002,2027-03-31 23:59:59.999999999,29746504000.0,18949352945.00353,56.97899430303983
40002,2027-04-30 23:59:59.999999999,29887689000.0,19024036172.560955,57.10487739246458
40002,2027-05-31 23:59:59.999999999,30017397000.0,19069298865.36392,57.412167840745354
40002,2024-12-31 23:59:59.999999999,3709482000.0,2862573545.8229628,29.585560846561904
40002,2025-01-31 23:59:59.999999999,4350601000.0,3234979023.9225492,34.48622645857875
40002,2025-02-28 23:59:59.999999999,4350601000.0,3194537447.182819,36.18876873197039
40002,2025-03-31 23:59:59.999999999,4350601000.0,3134599017.2097845,38.79291073958867
40002,2025-04-30 23:59:59.999999999,4350601000.0,3104018128.9315968,40.16030304234973
40002,2025-05-31 23:59:59.999999999,4350601000.0,3054159311.3970766,42.4484046973269
40002,2025-06-30 23:59:59.999999999,4350601000.0,3037058927.2431536,43.25047093996281
40002,2025-07-31 23:59:59.999999999,4350601000.0,2999767587.093821,45.03127624679979
40002,2025-08-31 23:59:59.999999999,4350601000.0,2985781575.5598183,45.710632405663674
40002,2025-09-30 23:59:59.999999999,4350601000.0,2956234413.9657497,47.16699039315104
40002,2025-10-31 23:59:59.999999999,4350601000.0,2943213795.271702,47.81804920149798
40002,2025-11-30 23:59:59.999999999,4350601000.0,2920726318.9796233,48.95614107109884
40002,2025-12-31 23:59:59.999999999,4350601000.0,2909751500.682528,49.51796450588643
40002,2026-01-31 23:59:59.999999999,4350601000.0,2888017800.439182,50.64315792438685
40002,2026-02-28 23:59:59.999999999,4350601000.0,2879089649.7158723,51.1103072608158
40002,2026-03-31 23:59:59.999999999,4350601000.0,2860984914.5337877,52.06655560813934
40002,2026-04-30 23:59:59.999999999,4350601000.0,2853700146.312702,52.454742717852135
40002,2026-05-31 23:59:59.999999999,4350601000.0,2838567013.471509,53.26751827075255
40002,2026-06-30 23:59:59.999999999,4350601000.0,2832609331.2184167,53.589877998765026
40002,2026-07-31 23:59:59.999999999,4350601000.0,2819924048.151062,54.28079415303956
40002,2026-08-31 23:59:59.999999999,4350601000.0,2815042974.407542,54.548305498449224
40002,2026-09-30 23:59:59.999999999,4350601000.0,2804384100.618989,55.135711083218844
40002,2026-10-31 23:59:59.999999999,4350601000.0,2800379738.447115,55.3575451310944
40002,2026-11-30 23:59:59.999999999,4350601000.0,2791405593.2261257,55.85700718510982
40002,2026-12-31 23:59:59.999999999,4350601000.0,2788117374.13494,56.04082010176658
40002,2027-01-31 23:59:59.999999999,4350601000.0,2780548717.812276,56.46556336632127
40002,2027-02-28 23:59:59.999999999,4350601000.0,2777846906.8958097,56.61774611120355
40002,2027-03-31 23:59:59.999999999,4350601000.0,2771454381.72536,56.97899430303981
40002,2027-04-30 23:59:59.999999999,4350601000.0,2769233704.3946376,57.10487739246457
40002,2027-05-31 23:59:59.999999999,4350601000.0,2763827774.992289,57.412167840745354
40002,2024-12-31 23:59:59.999999999,0.0,0.0,
40002,2025-01-31 23:59:59.999999999,0.0,0.0,
40002,2025-02-28 23:59:59.999999999,0.0,0.0,
40002,2025-03-31 23:59:59.999999999,0.0,0.0,
40002,2025-04-30 23:59:59.999999999,0.0,0.0,
40002,2025-05-31 23:59:59.999999999,0.0,0.0,
40002,2025-06-30 23:59:59.999999999,0.0,0.0,
40002,2025-07-31 23:59:59.999999999,0.0,0.0,
40002,2025-08-31 23:59:59.999999999,0.0,0.0,
40002,2025-09-30 23:59:59.999999999,0.0,0.0,
40002,2025-10-31 23:59:59.999999999,0.0,0.0,
40002,2025-11-30 23:59:59.999999999,0.0,0.0,
40002,2025-12-31 23:59:59.999999999,0.0,0.0,
40002,2026-01-31 23:59:59.999999999,0.0,0.0,
40002,2026-02-28 23:59:59.999999999,0.0,0.0,
40002,2026-03-31 23:59:59.999999999,0.0,0.0,
40002,2026-04-30 23:59:59.999999999,0.0,0.0,
40002,2026-05-31 23:59:59.999999999,0.0,0.0,
40002,2026-06-30 23:59:59.999999999,0.0,0.0,
40002,2026-07-31 23:59:59.999999999,0.0,0.0,
40002,2026-08-31 23:59:59.999999999,0.0,0.0,
40002,2026-09-30 23:59:59.999999999,0.0,0.0,
40002,2026-10-31 23:59:59.999999999,0.0,0.0,
40002,2026-11-30 23:59:59.999999999,0.0,0.0,
40002,2026-12-31 23:59:59.999999999,0.0,0.0,
40002,2027-01-31 23:59:59.999999999,0.0,0.0,
40002,2027-02-28 23:59:59.999999999,0.0,0.0,
40002,2027-03-31 23:59:59.999999999,0.0,0.0,
40002,2027-04-30 23:59:59.999999999,0.0,0.0,
40002,2027-05-31 23:59:59.999999999,0.0,0.0,
40002,2024-12-31 23:59:59.999999999,145192630000.0,145192632320.0,0.0
40002,2025-01-31 23:59:59.999999999,145131030000.0,145131028480.0,0.0
40002,2025-02-28 23:59:59.999999999,145371400000.0,145371398144.0,0.0
40002,2025-03-31 23:59:59.999999999,145223930000.0,145223925760.0,0.0
40002,2025-04-30 23:59:59.999999999,145633350000.0,145633345536.0,0.0
40002,2025-05-31 23:59:59.999999999,145827550000.0,145827545088.0,0.0
40002,2025-06-30 23:59:59.999999999,145758370000.0,145758371840.0,0.0
40002,2025-07-31 23:59:59.999999999,146014550000.0,146014552064.0,0.0
40002,2025-08-31 23:59:59.999999999,146073040000.0,146073042944.0,0.0
40002,2025-09-30 23:59:59.999999999,146455200000.0,146455199744.0,0.0
40002,2025-10-31 23:59:59.999999999,147780450000.0,147780452352.0,0.0
40002,2025-11-30 23:59:59.999999999,147285250000.0,147285245952.0,0.0
40002,2025-12-31 23:59:59.999999999,147259650000.0,147259654144.0,0.0
40002,2026-01-31 23:59:59.999999999,147252670000.0,147252674560.0,0.0
40002,2026-02-28 23:59:59.999999999,147279920000.0,147279921152.0,0.0
40002,2026-03-31 23:59:59.999999999,147263210000.0,147263209472.0,0.0
40002,2026-04-30 23:59:59.999999999,147309630000.0,147309625344.0,0.0
40002,2026-05-31 23:59:59.999999999,147331650000.0,147331645440.0,0.0
40002,2026-06-30 23:59:59.999999999,147323800000.0,147323797504.0,0.0
40002,2026-07-31 23:59:59.999999999,147352850000.0,147352846336.0,0.0
40002,2026-08-31 23:59:59.999999999,147359470000.0,147359465472.0,0.0
40002,2026-09-30 23:59:59.999999999,147402800000.0,147402801152.0,0.0
40002,2026-10-31 23:59:59.999999999,147553040000.0,147553042432.0,0.0
40002,2026-11-30 23:59:59.999999999,147496910000.0,147496910848.0,0.0
40002,2026-12-31 23:59:59.999999999,147494010000.0,147494010880.0,0.0
40002,2027-01-31 23:59:59.999999999,147493200000.0,147493208064.0,0.0
40002,2027-02-28 23:59:59.999999999,147496300000.0,147496304640.0,0.0
40002,2027-03-31 23:59:59.999999999,147494400000.0,147494404096.0,0.0
40002,2027-04-30 23:59:59.999999999,147499660000.0,147499663360.0,0.0
40002,2027-05-31 23:59:59.999999999,147502170000.0,147502170112.0,0.0
40002,2024-12-31 23:59:59.999999999,42962370000.0,43171112160.031906,-0.4835214790346783
40002,2025-01-31 23:59:59.999999999,42962370000.0,43268045273.518265,-0.7064675826835876
40002,2025-02-28 23:59:59.999999999,42962370000.0,43295412708.15822,-0.7692319516692417
40002,2025-03-31 23:59:59.999999999,42962370000.0,43329737875.56051,-0.8478410753731257
40002,2025-04-30 23:59:59.999999999,42962370000.0,43343484249.351295,-0.8792871545784864
40002,2025-05-31 23:59:59.999999999,42962370000.0,43361198380.81437,-0.9197804389807521
40002,2025-06-30 23:59:59.999999999,42962370000.0,43365869974.93543,-0.9304538688342853
40002,2025-07-31 23:59:59.999999999,42962370000.0,43326388469.43465,-0.8401759811839599
40002,2025-08-31 23:59:59.999999999,42962370000.0,43295049615.94309,-0.7683997567716973
40002,2025-09-30 23:59:59.999999999,42962370000.0,43225708652.32781,-0.6092163680782844
40002,2025-10-31 23:59:59.999999999,42962370000.0,43189454042.08411,-0.5257845627380118
40002,2025-11-30 23:59:59.999999999,42962370000.0,43206984781.26549,-0.5661450862721441
40002,2025-12-31 23:59:59.999999999,42962370000.0,43199574412.699715,-0.5490884017366199
40002,2026-01-31 23:59:59.999999999,42962370000.0,43159009595.65553,-0.455615264339446
40002,2026-02-28 23:59:59.999999999,42962370000.0,43097058654.10379,-0.31252270644452673
40002,2026-03-31 23:59:59.999999999,42962370000.0,43034339474.235664,-0.1672360145756428
40002,2026-04-30 23:59:59.999999999,42962370000.0,42963740478.45859,-0.0031885456045767343
40002,2026-05-31 23:59:59.999999999,42962370000.0,42891952332.03161,0.16417585150537262
40002,2026-06-30 23:59:59.999999999,42962370000.0,42814649938.64933,0.3450235411531897
40002,2026-07-31 23:59:59.999999999,42962370000.0,42723774426.94759,0.5584622057687726
40002,2026-08-31 23:59:59.999999999,42962370000.0,42633304190.90634,0.7718528397896218
40002,2026-09-30 23:59:59.999999999,42962370000.0,42531189722.7746,1.0137991437246678
40002,2026-10-31 23:59:59.999999999,42962370000.0,42436333857.21332,1.2395903580093701
40002,2026-11-30 23:59:59.999999999,42962370000.0,42354272717.74313,1.4357414334779048
40002,2026-12-31 23:59:59.999999999,42962370000.0,42264344133.81657,1.6515728340024762
40002,2027-01-31 23:59:59.999999999,42962370000.0,42164547270.413,1.8921661472381872
40002,2027-02-28 23:59:59.999999999,42962370000.0,42058100273.58372,2.150050241295007
40002,2027-03-31 23:59:59.999999999,42962370000.0,41950501584.17991,2.412054534770284
40002,2027-04-30 23:59:59.999999999,42962370000.0,41839983963.80077,2.682569374716529
40002,2027-05-31 23:59:59.999999999,42962370000.0,41728379082.51927,2.957199643533885
40002,2024-12-31 23:59:59.999999999,124482790000.0,125087614861.46738,-0.48352147903468434
40002,2025-01-31 23:59:59.999999999,125171350000.0,126061938280.05115,-0.7064675826835829
40002,2025-02-28 23:59:59.999999999,126076710000.0,127054047142.50908,-0.7692319516692401
40002,2025-03-31 23:59:59.999999999,126904920000.0,127990070405.29507,-0.8478410753731257
40002,2025-04-30 23:59:59.999999999,127766440000.0,128899837602.30963,-0.8792871545784811
40002,2025-05-31 23:59:59.999999999,128567760000.0,129761281831.65828,-0.9197804389807536
40002,2025-06-30 23:59:59.999999999,129378080000.0,130593192225.49634,-0.9304538688342946
40002,2025-07-31 23:59:59.999999999,130324726000.0,131428960316.90242,-0.8401759811839657
40002,2025-08-31 23:59:59.999999999,131202280000.0,132218242026.13664,-0.7683997567716931
40002,2025-09-30 23:59:59.999999999,132198650000.0,133008966345.99153,-0.609216368078295
40002,2025-10-31 23:59:59.999999999,133028725000.0,133731866244.17331,-0.5257845627380118
40002,2025-11-30 23:59:59.999999999,133607370000.0,134368084966.55614,-0.566145086272144
40002,2025-12-31 23:59:59.999999999,134256640000.0,134997897799.4048,-0.5490884017366295
40002,2026-01-31 23:59:59.999999999,135013010000.0,135630962729.36554,-0.45561526433944993
40002,2026-02-28 23:59:59.999999999,135831120000.0,136256951737.2882,-0.31252270644453195
40002,2026-03-31 23:59:59.999999999,136627790000.0,136856663453.64107,-0.16723601457564127
40002,2026-04-30 23:59:59.999999999,137434120000.0,137438502481.32985,-0.0031885456045656125
40002,2026-05-31 23:59:59.999999999,138223620000.0,137997058154.7221,0.16417585150538264
40002,2026-06-30 23:59:59.999999999,139015780000.0,138537794395.9396,0.34502354115318845
40002,2026-07-31 23:59:59.999999999,139846570000.0,139069912984.3867,0.5584622057687677
40002,2026-08-31 23:59:59.999999999,140657870000.0,139580512649.3233,0.7718528397896094
40002,2026-09-30 23:59:59.999999999,141502800000.0,140082651344.16602,1.0137991437246803
40002,2026-10-31 23:59:59.999999999,142300790000.0,140558441890.95157,1.2395903580093646
40002,2026-11-30 23:59:59.999999999,143027750000.0,141003305977.50732,1.4357414334778877
40002,2026-12-31 23:59:59.999999999,143774680000.0,141438715635.79715,1.6515728340024844
40002,2027-01-31 23:59:59.999999999,144551890000.0,141867517704.07632,1.8921661472381883
40002,2027-02-28 23:59:59.999999999,145346540000.0,142287295280.4897,2.150050241295012
40002,2027-03-31 23:59:59.999999999,146135150000.0,142693314133.6259,2.4120545347702738
40002,2027-04-30 23:59:59.999999999,146926490000.0,143088049314.2175,2.6825693747165418
40002,2027-05-31 23:59:59.999999999,147713080000.0,143470375899.32834,2.957199643533884
40002,2024-12-31 23:59:59.999999999,1577704.0,1585369.602550418,-0.4835214790346867
40002,2025-01-31 23:59:59.999999999,-1003210.4,-1010348.1572028793,-0.7064675826835838
40002,2025-02-28 23:59:59.999999999,-3830309.0,-3860001.3638254134,-0.7692319516692372
40002,2025-03-31 23:59:59.999999999,-7034228.0,-7094377.042609081,-0.8478410753731214
40002,2025-04-30 23:59:59.999999999,-10488053.0,-10581091.17552059,-0.8792871545784795
40002,2025-05-31 23:59:59.999999999,-14389337.0,-14522915.939985605,-0.9197804389807502
40002,2025-06-30 23:59:59.999999999,-18330726.0,-18502886.82632154,-0.9304538688342878
40002,2025-07-31 23:59:59.999999999,-22545928.0,-22736958.46386517,-0.8401759811839591
40002,2025-08-31 23:59:59.999999999,-26986432.0,-27195401.39819683,-0.7683997567716977
40002,2025-09-30 23:59:59.999999999,-31600040.0,-31793732.623163357,-0.6092163680782873
40002,2025-10-31 23:59:59.999999999,-36360400.0,-36552587.86427159,-0.5257845627380137
40002,2025-11-30 23:59:59.999999999,-41391410.0,-41627077.65470078,-0.5661450862721448
40002,2025-12-31 23:59:59.999999999,-46684660.0,-46942415.35822706,-0.5490884017366299
40002,2026-01-31 23:59:59.999999999,-52164228.0,-52402983.99404623,-0.4556152643394503
40002,2026-02-28 23:59:59.999999999,-57809916.0,-57991151.51621683,-0.31252270644453084
40002,2026-03-31 23:59:59.999999999,-63624630.0,-63731213.54156761,-0.16723601457564072
40002,2026-04-30 23:59:59.999999999,-69586730.0,-69588946.87530686,-0.0031885456045706653
40002,2026-05-31 23:59:59.999999999,-75707010.0,-75582919.09897664,0.1641758515053677
40002,2026-06-30 23:59:59.999999999,-81937570.0,-81655836.14258263,0.3450235411531776
40002,2026-07-31 23:59:59.999999999,-88293910.0,-87803562.28929564,0.5584622057687701
40002,2026-08-31 23:59:59.999999999,-94764380.0,-94038544.82129997,0.7718528397896108
40002,2026-09-30 23:59:59.999999999,-101337460.0,-100320408.55706736,1.013799143724666
40002,2026-10-31 23:59:59.999999999,-108004580.0,-106682154.30156116,1.2395903580093772
40002,2026-11-30 23:59:59.999999999,-114772330.0,-113147817.89737132,1.4357414334778957
40002,2026-12-31 23:59:59.999999999,-121634740.0,-119658488.9036888,1.6515728340024804
40002,2027-01-31 23:59:59.999999999,-128579540.0,-126191777.89801574,1.8921661472381934
40002,2027-02-28 23:59:59.999999999,-135600290.0,-132746178.46950647,2.150050241295009
40002,2027-03-31 23:59:59.999999999,-142693120.0,-139332347.78680643,2.412054534770282
40002,2027-04-30 23:59:59.999999999,-149852030.0,-145937166.27127758,2.682569374716523
40002,2027-05-31 23:59:59.999999999,-157074500.0,-152562906.27934235,2.957199643533885
40002,2024-12-31 23:59:59.999999999,0.0,0.0,
40002,2025-01-31 23:59:59.999999999,0.0,0.0,
40002,2025-02-28 23:59:59.999999999,0.0,0.0,
40002,2025-03-31 23:59:59.999999999,0.0,0.0,
40002,2025-04-30 23:59:59.999999999,0.0,0.0,
40002,2025-05-31 23:59:59.999999999,0.0,0.0,
40002,2025-06-30 23:59:59.999999999,0.0,0.0,
40002,2025-07-31 23:59:59.999999999,0.0,0.0,
40002,2025-08-31 23:59:59.999999999,0.0,0.0,
40002,2025-09-30 23:59:59.999999999,0.0,0.0,
40002,2025-10-31 23:59:59.999999999,0.0,0.0,
40002,2025-11-30 23:59:59.999999999,0.0,0.0,
40002,2025-12-31 23:59:59.999999999,0.0,0.0,
40002,2026-01-31 23:59:59.999999999,0.0,0.0,
40002,2026-02-28 23:59:59.999999999,0.0,0.0,
40002,2026-03-31 23:59:59.999999999,0.0,0.0,
40002,2026-04-30 23:59:59.999999999,0.0,0.0,
40002,2026-05-31 23:59:59.999999999,0.0,0.0,
40002,2026-06-30 23:59:59.999999999,0.0,0.0,
40002,2026-07-31 23:59:59.999999999,0.0,0.0,
40002,2026-08-31 23:59:59.999999999,0.0,0.0,
40002,2026-09-30 23:59:59.999999999,0.0,0.0,
40002,2026-10-31 23:59:59.999999999,0.0,0.0,
40002,2026-11-30 23:59:59.999999999,0.0,0.0,
40002,2026-12-31 23:59:59.999999999,0.0,0.0,
40002,2027-01-31 23:59:59.999999999,0.0,0.0,
40002,2027-02-28 23:59:59.999999999,0.0,0.0,
40002,2027-03-31 23:59:59.999999999,0.0,0.0,
40002,2027-04-30 23:59:59.999999999,0.0,0.0,
40002,2027-05-31 23:59:59.999999999,0.0,0.0,
40002,2024-12-31 23:59:59.999999999,0.0,0.0,
40002,2025-01-31 23:59:59.999999999,0.0,0.0,
40002,2025-02-28 23:59:59.999999999,0.0,0.0,
40002,2025-03-31 23:59:59.999999999,0.0,0.0,
40002,2025-04-30 23:59:59.999999999,0.0,0.0,
40002,2025-05-31 23:59:59.999999999,0.0,0.0,
40002,2025-06-30 23:59:59.999999999,0.0,0.0,
40002,2025-07-31 23:59:59.999999999,0.0,0.0,
40002,2025-08-31 23:59:59.999999999,0.0,0.0,
40002,2025-09-30 23:59:59.999999999,0.0,0.0,
40002,2025-10-31 23:59:59.999999999,0.0,0.0,
40002,2025-11-30 23:59:59.999999999,0.0,0.0,
40002,2025-12-31 23:59:59.999999999,0.0,0.0,
40002,2026-01-31 23:59:59.999999999,0.0,0.0,
40002,2026-02-28 23:59:59.999999999,0.0,0.0,
40002,2026-03-31 23:59:59.999999999,0.0,0.0,
40002,2026-04-30 23:59:59.999999999,0.0,0.0,
40002,2026-05-31 23:59:59.999999999,0.0,0.0,
40002,2026-06-30 23:59:59.999999999,0.0,0.0,
40002,2026-07-31 23:59:59.999999999,0.0,0.0,
40002,2026-08-31 23:59:59.999999999,0.0,0.0,
40002,2026-09-30 23:59:59.999999999,0.0,0.0,
40002,2026-10-31 23:59:59.999999999,0.0,0.0,
40002,2026-11-30 23:59:59.999999999,0.0,0.0,
40002,2026-12-31 23:59:59.999999999,0.0,0.0,
40002,2027-01-31 23:59:59.999999999,0.0,0.0,
40002,2027-02-28 23:59:59.999999999,0.0,0.0,
40002,2027-03-31 23:59:59.999999999,0.0,0.0,
40002,2027-04-30 23:59:59.999999999,0.0,0.0,
40002,2027-05-31 23:59:59.999999999,0.0,0.0,
40002,2024-12-31 23:59:59.999999999,872999.25,877240.898165507,-0.48352147903468445
40002,2025-01-31 23:59:59.999999999,872999.25,879210.5877862315,-0.7064675826835861
40002,2025-02-28 23:59:59.999999999,872999.25,879766.6965298526,-0.769231951669239
40002,2025-03-31 23:59:59.999999999,872999.25,880464.187031604,-0.8478410753731257
40002,2025-04-30 23:59:59.999999999,872999.25,880743.5145885603,-0.8792871545784885
40002,2025-05-31 23:59:59.999999999,872999.25,881103.4673397724,-0.9197804389807517
40002,2025-06-30 23:59:59.999999999,872999.25,881198.3945542355,-0.9304538688342866
40002,2025-07-31 23:59:59.999999999,872999.25,880396.1267966192,-0.8401759811839685
40002,2025-08-31 23:59:59.999999999,872999.25,879759.3184632479,-0.7683997567716874
40002,2025-09-30 23:59:59.999999999,872999.25,878350.3038199365,-0.6092163680782927
40002,2025-10-31 23:59:59.999999999,872999.25,877613.6068653864,-0.525784562738
40002,2025-11-30 23:59:59.999999999,872999.25,877969.8330688712,-0.5661450862721454
40002,2025-12-31 23:59:59.999999999,872999.25,877819.2537103344,-0.5490884017366224
40002,2026-01-31 23:59:59.999999999,872999.25,876994.9729643151,-0.45561526433945465
40002,2026-02-28 23:59:59.999999999,872999.25,875736.1242367772,-0.3125227064445282
40002,2026-03-31 23:59:59.999999999,872999.25,874461.6648372656,-0.16723601457563844
40002,2026-04-30 23:59:59.999999999,872999.25,873027.086866805,-0.003188545604568127
40002,2026-05-31 23:59:59.999999999,872999.25,871568.3452477383,0.16417585150536615
40002,2026-06-30 23:59:59.999999999,872999.25,869997.5536325111,0.34502354115318173
40002,2026-07-31 23:59:59.999999999,872999.25,868150.9550271527,0.558462205768776
40002,2026-08-31 23:59:59.999999999,872999.25,866312.5916598187,0.7718528397896172
40002,2026-09-30 23:59:59.999999999,872999.25,864237.6164447367,1.0137991437246747
40002,2026-10-31 23:59:59.999999999,872999.25,862310.13668946,1.2395903580093717
40002,2026-11-30 23:59:59.999999999,872999.25,860642.6469239322,1.4357414334778937
40002,2026-12-31 23:59:59.999999999,872999.25,858815.2899764887,1.6515728340024807
40002,2027-01-31 23:59:59.999999999,872999.25,856787.4086988019,1.8921661472381988
40002,2027-02-28 23:59:59.999999999,872999.25,854624.3961092862,2.150050241295015
40002,2027-03-31 23:59:59.999999999,872999.25,852437.9810226392,2.4120545347702813
40002,2027-04-30 23:59:59.999999999,872999.25,850192.252994945,2.68256937471654
40002,2027-05-31 23:59:59.999999999,872999.25,847924.4317275172,2.9571996435338823
40002,2024-12-31 23:59:59.999999999,120822670000.0,120822669312.0,0.0
40002,2025-01-31 23:59:59.999999999,122633806000.0,122633805824.0,0.0
40002,2025-02-28 23:59:59.999999999,124444950000.0,124444950528.0,0.0
40002,2025-03-31 23:59:59.999999999,126256090000.0,126256087040.0,0.0
40002,2025-04-30 23:59:59.999999999,128067230000.0,128067231744.0,0.0
40002,2025-05-31 23:59:59.999999999,129878370000.0,129878368256.0,0.0
40002,2025-06-30 23:59:59.999999999,131689510000.0,131689512960.0,0.0
40002,2025-07-31 23:59:59.999999999,133500660000.0,133500657664.0,0.0
40002,2025-08-31 23:59:59.999999999,135311794000.0,135311794176.0,0.0
40002,2025-09-30 23:59:59.999999999,137122940000.0,137122938880.0,0.0
40002,2025-10-31 23:59:59.999999999,138934080000.0,138934075392.0,0.0
40002,2025-11-30 23:59:59.999999999,140745210000.0,140745211904.0,0.0
40002,2025-12-31 23:59:59.999999999,142556360000.0,142556364800.0,0.0
40002,2026-01-31 23:59:59.999999999,144367500000.0,144367501312.0,0.0
40002,2026-02-28 23:59:59.999999999,146178640000.0,146178637824.0,0.0
40002,2026-03-31 23:59:59.999999999,147989790000.0,147989790720.0,0.0
40002,2026-04-30 23:59:59.999999999,149800930000.0,149800927232.0,0.0
40002,2026-05-31 23:59:59.999999999,151612060000.0,151612063744.0,0.0
40002,2026-06-30 23:59:59.999999999,153423200000.0,153423200256.0,0.0
40002,2026-07-31 23:59:59.999999999,155234350000.0,155234353152.0,0.0
40002,2026-08-31 23:59:59.999999999,157045490000.0,157045489664.0,0.0
40002,2026-09-30 23:59:59.999999999,158856630000.0,158856626176.0,0.0
40002,2026-10-31 23:59:59.999999999,160667760000.0,160667762688.0,0.0
40002,2026-11-30 23:59:59.999999999,162478920000.0,162478915584.0,0.0
40002,2026-12-31 23:59:59.999999999,164290050000.0,164290052096.0,0.0
40002,2027-01-31 23:59:59.999999999,166101190000.0,166101188608.0,0.0
40002,2027-02-28 23:59:59.999999999,167912340000.0,167912341504.0,0.0
40002,2027-03-31 23:59:59.999999999,169723480000.0,169723478016.0,0.0
40002,2027-04-30 23:59:59.999999999,171534610000.0,171534614528.0,0.0
40002,2027-05-31 23:59:59.999999999,173345750000.0,173345751040.0,0.0
40002,2024-12-31 23:59:59.999999999,0.0,,
40002,2025-01-31 23:59:59.999999999,0.0,,
40002,2025-02-28 23:59:59.999999999,0.0,,
40002,2025-03-31 23:59:59.999999999,0.0,,
40002,2025-04-30 23:59:59.999999999,0.0,,
40002,2025-05-31 23:59:59.999999999,0.0,,
40002,2025-06-30 23:59:59.999999999,0.0,,
40002,2025-07-31 23:59:59.999999999,0.0,,
40002,2025-08-31 23:59:59.999999999,0.0,,
40002,2025-09-30 23:59:59.999999999,0.0,,
40002,2025-10-31 23:59:59.999999999,0.0,,
40002,2025-11-30 23:59:59.999999999,0.0,,
40002,2025-12-31 23:59:59.999999999,0.0,,
40002,2026-01-31 23:59:59.999999999,0.0,,
40002,2026-02-28 23:59:59.999999999,0.0,,
40002,2026-03-31 23:59:59.999999999,0.0,,
40002,2026-04-30 23:59:59.999999999,0.0,,
40002,2026-05-31 23:59:59.999999999,0.0,,
40002,2026-06-30 23:59:59.999999999,0.0,,
40002,2026-07-31 23:59:59.999999999,0.0,,
40002,2026-08-31 23:59:59.999999999,0.0,,
40002,2026-09-30 23:59:59.999999999,0.0,,
40002,2026-10-31 23:59:59.999999999,0.0,,
40002,2026-11-30 23:59:59.999999999,0.0,,
40002,2026-12-31 23:59:59.999999999,0.0,,
40002,2027-01-31 23:59:59.999999999,0.0,,
40002,2027-02-28 23:59:59.999999999,0.0,,
40002,2027-03-31 23:59:59.999999999,0.0,,
40002,2027-04-30 23:59:59.999999999,0.0,,
40002,2027-05-31 23:59:59.999999999,0.0,,
40002,2024-12-31 23:59:59.999999999,33481802000.0,33481801728.0,0.0
40002,2025-01-31 23:59:59.999999999,32544567000.0,32544567296.0,0.0
40002,2025-02-28 23:59:59.999999999,32229194000.0,32229193728.0,0.0
40002,2025-03-31 23:59:59.999999999,31107285000.0,31107284992.0,0.0
40002,2025-04-30 23:59:59.999999999,30758334000.0,30758334464.0,0.0
40002,2025-05-31 23:59:59.999999999,29797474000.0,29797474304.0,0.0
40002,2025-06-30 23:59:59.999999999,29529790000.0,29529790464.0,0.0
40002,2025-07-31 23:59:59.999999999,28450718000.0,28450717696.0,0.0
40002,2025-08-31 23:59:59.999999999,27999400000.0,27999399936.0,0.0
40002,2025-09-30 23:59:59.999999999,27200662000.0,27200661504.0,0.0
40002,2025-10-31 23:59:59.999999999,26731150000.0,26731149312.0,0.0
40002,2025-11-30 23:59:59.999999999,25865327000.0,25865326592.0,0.0
40002,2025-12-31 23:59:59.999999999,25582280000.0,25582280704.0,0.0
40002,2026-01-31 23:59:59.999999999,24792564000.0,24792563712.0,0.0
40002,2026-02-28 23:59:59.999999999,24341602000.0,24341602304.0,0.0
40002,2026-03-31 23:59:59.999999999,23457480000.0,23457480704.0,0.0
40002,2026-04-30 23:59:59.999999999,22987821000.0,22987821056.0,0.0
40002,2026-05-31 23:59:59.999999999,22188413000.0,22188412928.0,0.0
40002,2026-06-30 23:59:59.999999999,21759867000.0,21759866880.0,0.0
40002,2026-07-31 23:59:59.999999999,20900086000.0,20900085760.0,0.0
40002,2026-08-31 23:59:59.999999999,20375368000.0,20375367680.0,0.0
40002,2026-09-30 23:59:59.999999999,19661860000.0,19661860864.0,0.0
40002,2026-10-31 23:59:59.999999999,19126966000.0,19126966272.0,0.0
40002,2026-11-30 23:59:59.999999999,18379321000.0,18379321344.0,0.0
40002,2026-12-31 23:59:59.999999999,17940572000.0,17940572160.0,0.0
40002,2027-01-31 23:59:59.999999999,17232982000.0,17232982016.0,0.0
40002,2027-02-28 23:59:59.999999999,16706586000.0,16706585600.0,0.0
40002,2027-03-31 23:59:59.999999999,15950475000.0,15950475264.0,0.0
40002,2027-04-30 23:59:59.999999999,15413948000.0,15413948416.0,0.0
40002,2027-05-31 23:59:59.999999999,14702188000.0,14702187520.0,0.0
40002,2024-12-31 23:59:59.999999999,0.0,,
40002,2025-01-31 23:59:59.999999999,0.0,,
40002,2025-02-28 23:59:59.999999999,0.0,,
40002,2025-03-31 23:59:59.999999999,0.0,,
40002,2025-04-30 23:59:59.999999999,0.0,,
40002,2025-05-31 23:59:59.999999999,0.0,,
40002,2025-06-30 23:59:59.999999999,0.0,,
40002,2025-07-31 23:59:59.999999999,0.0,,
40002,2025-08-31 23:59:59.999999999,0.0,,
40002,2025-09-30 23:59:59.999999999,0.0,,
40002,2025-10-31 23:59:59.999999999,0.0,,
40002,2025-11-30 23:59:59.999999999,0.0,,
40002,2025-12-31 23:59:59.999999999,0.0,,
40002,2026-01-31 23:59:59.999999999,0.0,,
40002,2026-02-28 23:59:59.999999999,0.0,,
40002,2026-03-31 23:59:59.999999999,0.0,,
40002,2026-04-30 23:59:59.999999999,0.0,,
40002,2026-05-31 23:59:59.999999999,0.0,,
40002,2026-06-30 23:59:59.999999999,0.0,,
40002,2026-07-31 23:59:59.999999999,0.0,,
40002,2026-08-31 23:59:59.999999999,0.0,,
40002,2026-09-30 23:59:59.999999999,0.0,,
40002,2026-10-31 23:59:59.999999999,0.0,,
40002,2026-11-30 23:59:59.999999999,0.0,,
40002,2026-12-31 23:59:59.999999999,0.0,,
40002,2027-01-31 23:59:59.999999999,0.0,,
40002,2027-02-28 23:59:59.999999999,0.0,,
40002,2027-03-31 23:59:59.999999999,0.0,,
40002,2027-04-30 23:59:59.999999999,0.0,,
40002,2027-05-31 23:59:59.999999999,0.0,,
40002,2024-12-31 23:59:59.999999999,0.0,,
40002,2025-01-31 23:59:59.999999999,0.0,,
40002,2025-02-28 23:59:59.999999999,0.0,,
40002,2025-03-31 23:59:59.999999999,0.0,,
40002,2025-04-30 23:59:59.999999999,0.0,,
40002,2025-05-31 23:59:59.999999999,0.0,,
40002,2025-06-30 23:59:59.999999999,0.0,,
40002,2025-07-31 23:59:59.999999999,0.0,,
40002,2025-08-31 23:59:59.999999999,0.0,,
40002,2025-09-30 23:59:59.999999999,0.0,,
40002,2025-10-31 23:59:59.999999999,0.0,,
40002,2025-11-30 23:59:59.999999999,0.0,,
40002,2025-12-31 23:59:59.999999999,0.0,,
40002,2026-01-31 23:59:59.999999999,0.0,,
40002,2026-02-28 23:59:59.999999999,0.0,,
40002,2026-03-31 23:59:59.999999999,0.0,,
40002,2026-04-30 23:59:59.999999999,0.0,,
40002,2026-05-31 23:59:59.999999999,0.0,,
40002,2026-06-30 23:59:59.999999999,0.0,,
40002,2026-07-31 23:59:59.999999999,0.0,,
40002,2026-08-31 23:59:59.999999999,0.0,,
40002,2026-09-30 23:59:59.999999999,0.0,,
40002,2026-10-31 23:59:59.999999999,0.0,,
40002,2026-11-30 23:59:59.999999999,0.0,,
40002,2026-12-31 23:59:59.999999999,0.0,,
40002,2027-01-31 23:59:59.999999999,0.0,,
40002,2027-02-28 23:59:59.999999999,0.0,,
40002,2027-03-31 23:59:59.999999999,0.0,,
40002,2027-04-30 23:59:59.999999999,0.0,,
40002,2027-05-31 23:59:59.999999999,0.0,,
40002,2024-12-31 23:59:59.999999999,0.51612574,0.5161257386207581,0.0
40002,2025-01-31 23:59:59.999999999,0.51612574,0.5161257386207581,0.0
40002,2025-02-28 23:59:59.999999999,0.51612574,0.5161257386207581,0.0
40002,2025-03-31 23:59:59.999999999,0.51612574,0.5161257386207581,0.0
40002,2025-04-30 23:59:59.999999999,0.51612574,0.5161257386207581,0.0
40002,2025-05-31 23:59:59.999999999,0.51612574,0.5161257386207581,0.0
40002,2025-06-30 23:59:59.999999999,0.51612574,0.5161257386207581,0.0
40002,2025-07-31 23:59:59.999999999,0.51612574,0.5161257386207581,0.0
40002,2025-08-31 23:59:59.999999999,0.51612574,0.5161257386207581,0.0
40002,2025-09-30 23:59:59.999999999,0.51612574,0.5161257386207581,0.0
40002,2025-10-31 23:59:59.999999999,0.51612574,0.5161257386207581,0.0
40002,2025-11-30 23:59:59.999999999,0.51612574,0.5161257386207581,0.0
40002,2025-12-31 23:59:59.999999999,0.51612574,0.5161257386207581,0.0
40002,2026-01-31 23:59:59.999999999,0.51612574,0.5161257386207581,0.0
40002,2026-02-28 23:59:59.999999999,0.51612574,0.5161257386207581,0.0
40002,2026-03-31 23:59:59.999999999,0.51612574,0.5161257386207581,0.0
40002,2026-04-30 23:59:59.999999999,0.51612574,0.5161257386207581,0.0
40002,2026-05-31 23:59:59.999999999,0.51612574,0.5161257386207581,0.0
40002,2026-06-30 23:59:59.999999999,0.51612574,0.5161257386207581,0.0
40002,2026-07-31 23:59:59.999999999,0.51612574,0.5161257386207581,0.0
40002,2026-08-31 23:59:59.999999999,0.51612574,0.5161257386207581,0.0
40002,2026-09-30 23:59:59.999999999,0.51612574,0.5161257386207581,0.0
40002,2026-10-31 23:59:59.999999999,0.51612574,0.5161257386207581,0.0
40002,2026-11-30 23:59:59.999999999,0.51612574,0.5161257386207581,0.0
40002,2026-12-31 23:59:59.999999999,0.51612574,0.5161257386207581,0.0
40002,2027-01-31 23:59:59.999999999,0.51612574,0.5161257386207581,0.0
40002,2027-02-28 23:59:59.999999999,0.51612574,0.5161257386207581,0.0
40002,2027-03-31 23:59:59.999999999,0.51612574,0.5161257386207581,0.0
40002,2027-04-30 23:59:59.999999999,0.51612574,0.5161257386207581,0.0
40002,2027-05-31 23:59:59.999999999,0.51612574,0.5161257386207581,0.0
40012,2024-12-31 23:59:59.999999999,3930040000000.0,3930040041472.0,0.0
40012,2025-01-31 23:59:59.999999999,3972577600000.0,3972577624064.0,0.0
40012,2025-02-28 23:59:59.999999999,4015115200000.0,4015115206656.0,0.0
40012,2025-03-31 23:59:59.999999999,4057652800000.0,4057652789248.0,0.0
40012,2025-04-30 23:59:59.999999999,4100190400000.0,4100190371840.0,0.0
40012,2025-05-31 23:59:59.999999999,4142728000000.0,4142727954432.0,0.0
40012,2025-06-30 23:59:59.999999999,4185265500000.0,4185265537024.0,0.0
40012,2025-07-31 23:59:59.999999999,4227803000000.0,4227803119616.0,0.0
40012,2025-08-31 23:59:59.999999999,4270340400000.0,4270340440064.0,0.0
40012,2025-09-30 23:59:59.999999999,4312878000000.0,4312878022656.0,0.0
40012,2025-10-31 23:59:59.999999999,4355415600000.0,4355415605248.0,0.0
40012,2025-11-30 23:59:59.999999999,4397953200000.0,4397953187840.0,0.0
40012,2025-12-31 23:59:59.999999999,4440491000000.0,4440490770432.0,0.0
40012,2026-01-31 23:59:59.999999999,4483028400000.0,4483028353024.0,0.0
40012,2026-02-28 23:59:59.999999999,4525566000000.0,4525565935616.0,0.0
40012,2026-03-31 23:59:59.999999999,4568103500000.0,4568103518208.0,0.0
40012,2026-04-30 23:59:59.999999999,4610641000000.0,4610641100800.0,0.0
40012,2026-05-31 23:59:59.999999999,4653178700000.0,4653178683392.0,0.0
40012,2026-06-30 23:59:59.999999999,4695716300000.0,4695716265984.0,0.0
40012,2026-07-31 23:59:59.999999999,4738254000000.0,4738253848576.0,0.0
40012,2026-08-31 23:59:59.999999999,4780791400000.0,4780791431168.0,0.0
40012,2026-09-30 23:59:59.999999999,4823329000000.0,4823329013760.0,0.0
40012,2026-10-31 23:59:59.999999999,4865866600000.0,4865866596352.0,0.0
40012,2026-11-30 23:59:59.999999999,4908404000000.0,4908404178944.0,0.0
40012,2026-12-31 23:59:59.999999999,4950942000000.0,4950941761536.0,0.0
40012,2027-01-31 23:59:59.999999999,4993479300000.0,4993479344128.0,0.0
40012,2027-02-28 23:59:59.999999999,5036017000000.0,5036016926720.0,0.0
40012,2027-03-31 23:59:59.999999999,5078554500000.0,5078554509312.0,0.0
40012,2027-04-30 23:59:59.999999999,5121092000000.0,5121092091904.0,0.0
40012,2027-05-31 23:59:59.999999999,5163629700000.0,5163629674496.0,0.0
40012,2024-12-31 23:59:59.999999999,109689900000.0,109844354677.78908,-0.1406150714273436
40012,2025-01-31 23:59:59.999999999,109429030000.0,109661818578.39845,-0.2122777730810932
40012,2025-02-28 23:59:59.999999999,111689360000.0,111786761220.82526,-0.08713183901342955
40012,2025-03-31 23:59:59.999999999,114547080000.0,114476010125.65442,0.06208382897654276
40012,2025-04-30 23:59:59.999999999,115484780000.0,115224515503.23627,0.22587466879513415
40012,2025-05-31 23:59:59.999999999,116404410000.0,115959782427.16069,0.38343465254309256
40012,2025-06-30 23:59:59.999999999,119268470000.0,118613289798.14105,0.5523638126671502
40012,2025-07-31 23:59:59.999999999,117662500000.0,117159597699.25223,0.4292444892468097
40012,2025-08-31 23:59:59.999999999,113795350000.0,113508063123.8507,0.25309867532127894
40012,2025-09-30 23:59:59.999999999,112593730000.0,112374744536.66594,0.19487212027664186
40012,2025-10-31 23:59:59.999999999,115904496000.0,115378194568.55724,0.45615295802712397
40012,2025-11-30 23:59:59.999999999,117226490000.0,116457213601.20697,0.660563809664305
40012,2025-12-31 23:59:59.999999999,117392700000.0,116620487582.04486,0.6621614451850664
40012,2026-01-31 23:59:59.999999999,117544710000.0,116794589107.70961,0.6422531608879771
40012,2026-02-28 23:59:59.999999999,118515000000.0,117695472884.15909,0.6963109045388047
40012,2026-03-31 23:59:59.999999999,119681310000.0,118794119878.3866,0.7468306028292052
40012,2026-04-30 23:59:59.999999999,120229530000.0,119236871547.14763,0.8325075892819476
40012,2026-05-31 23:59:59.999999999,120774180000.0,119675487066.81136,0.9180608528255042
40012,2026-06-30 23:59:59.999999999,121949420000.0,120756389108.6524,0.9879663247251838
40012,2026-07-31 23:59:59.999999999,121681470000.0,120530922438.24136,0.9545658313103538
40012,2026-08-31 23:59:59.999999999,120684160000.0,119582957712.03004,0.9208680610006141
40012,2026-09-30 23:59:59.999999999,120549925000.0,119458101461.55135,0.9139802065246009
40012,2026-10-31 23:59:59.999999999,121875644000.0,120648122459.93462,1.0174397504387398
40012,2026-11-30 23:59:59.999999999,122559580000.0,121213041051.12802,1.1108846450803964
40012,2026-12-31 23:59:59.999999999,122870874000.0,121506899422.15987,1.122549169081487
40012,2027-01-31 23:59:59.999999999,123178470000.0,121814242133.30612,1.1199225729294877
40012,2027-02-28 23:59:59.999999999,123751350000.0,122346730521.18309,1.1480648030669802
40012,2027-03-31 23:59:59.999999999,124388295000.0,122946567293.95056,1.1726454782608453
40012,2027-04-30 23:59:59.999999999,124826040000.0,123317571816.66783,1.2232405561591515
40012,2027-05-31 23:59:59.999999999,125263180000.0,123680145588.1013,1.2799453593552317
40012,2024-12-31 23:59:59.999999999,28381805000.0,28421769835.955746,-0.14061507142734828
40012,2025-01-31 23:59:59.999999999,28226435000.0,28286480983.91566,-0.2122777730810854
40012,2025-02-28 23:59:59.999999999,28212703000.0,28237306916.804478,-0.08713183901342816
40012,2025-03-31 23:59:59.999999999,28306203000.0,28288639953.151695,0.062083828976543125
40012,2025-04-30 23:59:59.999999999,28747194000.0,28682408073.760925,0.22587466879512857
40012,2025-05-31 23:59:59.999999999,29733843000.0,29620268570.125805,0.38343465254310055
40012,2025-06-30 23:59:59.999999999,29948787000.0,29784269163.274693,0.5523638126671403
40012,2025-07-31 23:59:59.999999999,29985632000.0,29857470708.3559,0.42924448924681674
40012,2025-08-31 23:59:59.999999999,30102209000.0,30026212565.746944,0.25309867532127445
40012,2025-09-30 23:59:59.999999999,30216892000.0,30158122642.970013,0.19487212027664733
40012,2025-10-31 23:59:59.999999999,30376851000.0,30238915747.343163,0.45615295802712996
40012,2025-11-30 23:59:59.999999999,30797490000.0,30595388114.688038,0.6605638096643012
40012,2025-12-31 23:59:59.999999999,30815650000.0,30612942688.281597,0.6621614451850708
40012,2026-01-31 23:59:59.999999999,30720735000.0,30524689449.161522,0.642253160887975
40012,2026-02-28 23:59:59.999999999,30737381000.0,30524833630.83616,0.6963109045388072
40012,2026-03-31 23:59:59.999999999,30838493000.0,30609889164.229435,0.7468306028292012
40012,2026-04-30 23:59:59.999999999,31213318000.0,30955610338.62242,0.8325075892819472
40012,2026-05-31 23:59:59.999999999,32017945000.0,31726674398.44447,0.9180608528255052
40012,2026-06-30 23:59:59.999999999,32214716000.0,31899559510.302544,0.987966324725176
40012,2026-07-31 23:59:59.999999999,32271202000.0,31966065168.289112,0.9545658313103522
40012,2026-08-31 23:59:59.999999999,32390492000.0,32094940107.3541,0.920868061000616
40012,2026-09-30 23:59:59.999999999,32508291000.0,32213862742.774044,0.9139802065245956
40012,2026-10-31 23:59:59.999999999,32661752000.0,32332785198.96179,1.0174397504387434
40012,2026-11-30 23:59:59.999999999,33020545000.0,32657755037.856483,1.1108846450803942
40012,2026-12-31 23:59:59.999999999,33062314000.0,32695293241.390022,1.1225491690814822
40012,2027-01-31 23:59:59.999999999,33015013000.0,32649365758.947243,1.119922572929476
40012,2027-02-28 23:59:59.999999999,33055590000.0,32680398250.18748,1.1480648030669782
40012,2027-03-31 23:59:59.999999999,33162699000.0,32778325203.649765,1.1726454782608484
40012,2027-04-30 23:59:59.999999999,33485406000.0,33080749069.10546,1.2232405561591513
40012,2027-05-31 23:59:59.999999999,34146658000.0,33715123149.842686,1.279945359355236
40012,2024-12-31 23:59:59.999999999,58168705000.0,58250614166.7174,-0.14061507142734977
40012,2025-01-31 23:59:59.999999999,58431460000.0,58555760191.74574,-0.21227777308109264
40012,2025-02-28 23:59:59.999999999,58694218000.0,58745403678.561,-0.08713183901343623
40012,2025-03-31 23:59:59.999999999,58956970000.0,58920391996.600525,0.06208382897653773
40012,2025-04-30 23:59:59.999999999,59219730000.0,59086269516.42638,0.22587466879512613
40012,2025-05-31 23:59:59.999999999,59482485000.0,59255279461.084946,0.3834346525431006
40012,2025-06-30 23:59:59.999999999,59745243000.0,59417044881.518295,0.5523638126671475
40012,2025-07-31 23:59:59.999999999,60007997000.0,59751517344.55714,0.42924448924681013
40012,2025-08-31 23:59:59.999999999,60270756000.0,60118596468.715935,0.253098675321279
40012,2025-09-30 23:59:59.999999999,60533510000.0,60415776639.08182,0.19487212027664774
40012,2025-10-31 23:59:59.999999999,60796270000.0,60520203843.96172,0.4561529580271241
40012,2025-11-30 23:59:59.999999999,61059023000.0,60658335833.936386,0.6605638096642974
40012,2025-12-31 23:59:59.999999999,61321780000.0,60918403069.84902,0.6621614451850696
40012,2026-01-31 23:59:59.999999999,61584536000.0,61191531009.89322,0.6422531608879691
40012,2026-02-28 23:59:59.999999999,61847294000.0,61419622423.538345,0.6963109045387986
40012,2026-03-31 23:59:59.999999999,62110050000.0,61649629952.98019,0.746830602829201
40012,2026-04-30 23:59:59.999999999,62372807000.0,61857835481.05468,0.8325075892819453
40012,2026-05-31 23:59:59.999999999,62635560000.0,62065759518.84863,0.9180608528255024
40012,2026-06-30 23:59:59.999999999,62898320000.0,62282984447.62366,0.9879663247251798
40012,2026-07-31 23:59:59.999999999,63161074000.0,62563860429.59043,0.9545658313103528
40012,2026-08-31 23:59:59.999999999,63423832000.0,62845111504.25707,0.9208680610006166
40012,2026-09-30 23:59:59.999999999,63686586000.0,63109775511.4433,0.9139802065246012
40012,2026-10-31 23:59:59.999999999,63949345000.0,63305251970.33837,1.0174397504387438
40012,2026-11-30 23:59:59.999999999,64212100000.0,63506613850.12842,1.1108846450804044
40012,2026-12-31 23:59:59.999999999,64474857000.0,63759129889.215034,1.1225491690814808
40012,2027-01-31 23:59:59.999999999,64737610000.0,64020630286.0943,1.1199225729294855
40012,2027-02-28 23:59:59.999999999,65000370000.0,64262593953.28449,1.1480648030669782
40012,2027-03-31 23:59:59.999999999,65263124000.0,64506689700.05653,1.1726454782608435
40012,2027-04-30 23:59:59.999999999,65525883000.0,64734029971.74934,1.2232405561591597
40012,2027-05-31 23:59:59.999999999,65788637000.0,64957220257.744835,1.2799453593552372
40012,2024-12-31 23:59:59.999999999,78156590000.0,78266641702.13324,-0.14061507142734614
40012,2025-01-31 23:59:59.999999999,78148550000.0,78314795560.0078,-0.21227777308109552
40012,2025-02-28 23:59:59.999999999,78471100000.0,78539535405.55147,-0.08713183901343882
40012,2025-03-31 23:59:59.999999999,78459600000.0,78410920394.28348,0.06208382897654553
40012,2025-04-30 23:59:59.999999999,80276800000.0,80095883177.15506,0.22587466879513868
40012,2025-05-31 23:59:59.999999999,81481720000.0,81170484044.53629,0.3834346525430932
40012,2025-06-30 23:59:59.999999999,81726775000.0,81277825997.46742,0.5523638126671431
40012,2025-07-31 23:59:59.999999999,81684610000.0,81335482993.44835,0.42924448924680714
40012,2025-08-31 23:59:59.999999999,82903920000.0,82694617562.3876,0.25309867532127356
40012,2025-09-30 23:59:59.999999999,83453500000.0,83291190131.78653,0.1948721202766526
40012,2025-10-31 23:59:59.999999999,84925310000.0,84539678682.98096,0.4561529580271232
40012,2025-11-30 23:59:59.999999999,87179080000.0,86606989347.72908,0.6605638096643071
40012,2025-12-31 23:59:59.999999999,87508400000.0,86932766910.28748,0.662161445185066
40012,2026-01-31 23:59:59.999999999,87591470000.0,87032500073.27954,0.6422531608879658
40012,2026-02-28 23:59:59.999999999,88031820000.0,87423085347.64012,0.6963109045387983
40012,2026-03-31 23:59:59.999999999,88137190000.0,87483831303.29948,0.7468306028292044
40012,2026-04-30 23:59:59.999999999,89211130000.0,88474576388.97672,0.8325075892819472
40012,2026-05-31 23:59:59.999999999,89868140000.0,89050601829.39877,0.9180608528255091
40012,2026-06-30 23:59:59.999999999,90236715000.0,89353928286.70824,0.9879663247251789
40012,2026-07-31 23:59:59.999999999,90362240000.0,89507829863.77301,0.9545658313103624
40012,2026-08-31 23:59:59.999999999,91144454000.0,90312792483.02605,0.9208680610006172
40012,2026-09-30 23:59:59.999999999,91540865000.0,90711777334.17894,0.9139802065245959
40012,2026-10-31 23:59:59.999999999,92423320000.0,91492443162.61597,1.017439750438748
40012,2026-11-30 23:59:59.999999999,93575460000.0,92547368406.9413,1.1108846450804006
40012,2026-12-31 23:59:59.999999999,93949280000.0,92906360676.20541,1.1225491690814793
40012,2027-01-31 23:59:59.999999999,94157780000.0,93114967500.18942,1.1199225729294875
40012,2027-02-28 23:59:59.999999999,94573806000.0,93500360834.51828,1.1480648030669716
40012,2027-03-31 23:59:59.999999999,94797790000.0,93699033749.56166,1.1726454782608464
40012,2027-04-30 23:59:59.999999999,95486280000.0,94332367898.28294,1.2232405561591548
40012,2027-05-31 23:59:59.999999999,95956430000.0,94743758412.91516,1.279945359355231
40012,2024-12-31 23:59:59.999999999,15332215000.0,15353804547.230904,-0.14061507142734464
40012,2025-01-31 23:59:59.999999999,15389167000.0,15421903866.09365,-0.2122777730810945
40012,2025-02-28 23:59:59.999999999,15446119000.0,15459589648.764898,-0.08713183901342729
40012,2025-03-31 23:59:59.999999999,15503071000.0,15493452303.56929,0.062083828976540543
40012,2025-04-30 23:59:59.999999999,15560023000.0,15524956096.835682,0.22587466879513737
40012,2025-05-31 23:59:59.999999999,15616975000.0,15557322681.829918,0.3834346525430914
40012,2025-06-30 23:59:59.999999999,15673927000.0,15587825150.685783,0.5523638126671481
40012,2025-07-31 23:59:59.999999999,15730878000.0,15663643139.010511,0.42924448924680964
40012,2025-08-31 23:59:59.999999999,15787830000.0,15747972362.5604,0.25309867532126945
40012,2025-09-30 23:59:59.999999999,15844783000.0,15813966092.97479,0.19487212027664333
40012,2025-10-31 23:59:59.999999999,15901735000.0,15829528051.551117,0.4561529580271194
40012,2025-11-30 23:59:59.999999999,15958687000.0,15853961189.980762,0.6605638096643063
40012,2025-12-31 23:59:59.999999999,16015639000.0,15910286743.367031,0.6621614451850772
40012,2026-01-31 23:59:59.999999999,16072590000.0,15970022362.581802,0.6422531608879721
40012,2026-02-28 23:59:59.999999999,16129542000.0,16018007014.468466,0.6963109045388024
40012,2026-03-31 23:59:59.999999999,16186494000.0,16066504380.481668,0.7468306028292029
40012,2026-04-30 23:59:59.999999999,16243446000.0,16109334329.127214,0.8325075892819438
40012,2026-05-31 23:59:59.999999999,16300399000.0,16152112371.413666,0.9180608528255052
40012,2026-06-30 23:59:59.999999999,16357350000.0,16197326270.937275,0.9879663247251801
40012,2026-07-31 23:59:59.999999999,16414302000.0,16259098410.098078,0.9545658313103599
40012,2026-08-31 23:59:59.999999999,16471254000.0,16320959512.599628,0.9208680610006145
40012,2026-09-30 23:59:59.999999999,16528206000.0,16378509489.145456,0.9139802065246051
40012,2026-10-31 23:59:59.999999999,16585158000.0,16418113221.809273,1.0174397504387473
40012,2026-11-30 23:59:59.999999999,16642109000.0,16459265981.518372,1.1108846450803942
40012,2026-12-31 23:59:59.999999999,16699062000.0,16513688004.520546,1.1225491690814837
40012,2027-01-31 23:59:59.999999999,16756014000.0,16570438004.355932,1.1199225729294826
40012,2027-02-28 23:59:59.999999999,16812966000.0,16622133029.173092,1.1480648030669838
40012,2027-03-31 23:59:59.999999999,16869918000.0,16674386259.500223,1.172645478260844
40012,2027-04-30 23:59:59.999999999,16926870000.0,16722315360.580547,1.2232405561591513
40012,2027-05-31 23:59:59.999999999,16983821000.0,16769184907.968756,1.2799453593552335
40012,2024-12-31 23:59:59.999999999,410778.97,411357.39925077814,-0.14061507142734167
40012,2025-01-31 23:59:59.999999999,425375.8,426280.71170187497,-0.21227777308109205
40012,2025-02-28 23:59:59.999999999,661041.1,661617.6045861125,-0.08713183901343942
40012,2025-03-31 23:59:59.999999999,939528.4,938945.4417177809,0.06208382897654226
40012,2025-04-30 23:59:59.999999999,939528.4,937411.001006228,0.22587466879513377
40012,2025-05-31 23:59:59.999999999,939528.4,935939.6580242417,0.3834346525430988
40012,2025-06-30 23:59:59.999999999,939528.4,934367.2683323257,0.5523638126671423
40012,2025-07-31 23:59:59.999999999,939528.4,935512.7381253948,0.42924448924681047
40012,2025-08-31 23:59:59.999999999,939528.4,937156.4444534006,0.2530986753212668
40012,2025-09-30 23:59:59.999999999,939528.4,937701.0570682345,0.1948721202766531
40012,2025-10-31 23:59:59.999999999,939528.4,935262.1490418377,0.4561529580271181
40012,2025-11-30 23:59:59.999999999,939528.4,933362.9173551251,0.6605638096643067
40012,2025-12-31 23:59:59.999999999,939528.4,933348.1037078805,0.662161445185067
40012,2026-01-31 23:59:59.999999999,939528.4,933532.7315238642,0.6422531608879669
40012,2026-02-28 23:59:59.999999999,939528.4,933031.5744046305,0.6963109045388054
40012,2026-03-31 23:59:59.999999999,939528.4,932563.7038686316,0.7468306028291958
40012,2026-04-30 23:59:59.999999999,939528.4,931771.3081449417,0.832507589281946
40012,2026-05-31 23:59:59.999999999,939528.4,930981.3992266133,0.918060852825504
40012,2026-06-30 23:59:59.999999999,939528.4,930336.9591372517,0.9879663247251776
40012,2026-07-31 23:59:59.999999999,939528.4,930644.758128029,0.9545658313103542
40012,2026-08-31 23:59:59.999999999,939528.4,930955.5031097349,0.920868061000616
40012,2026-09-30 23:59:59.999999999,939528.4,931019.0452078262,0.913980206524596
40012,2026-10-31 23:59:59.999999999,939528.4,930065.5187075451,1.0174397504387458
40012,2026-11-30 23:59:59.999999999,939528.4,929205.9685739415,1.1108846450803975
40012,2026-12-31 23:59:59.999999999,939528.4,929098.7843167067,1.122549169081477
40012,2027-01-31 23:59:59.999999999,939528.4,929122.917714257,1.1199225729294813
40012,2027-02-28 23:59:59.999999999,939528.4,928864.4096446539,1.148064803066973
40012,2027-03-31 23:59:59.999999999,939528.4,928638.7348662126,1.1726454782608506
40012,2027-04-30 23:59:59.999999999,939528.4,928174.5672613049,1.2232405561591597
40012,2027-05-31 23:59:59.999999999,939528.4,927654.8991672769,1.2799453593552388
40012,2024-12-31 23:59:59.999999999,57223094000.0,57303671871.13209,-0.14061507142735183
40012,2025-01-31 23:59:59.999999999,57752940000.0,57875797999.14549,-0.21227777308108386
40012,2025-02-28 23:59:59.999999999,58282783000.0,58333609867.04007,-0.08713183901342642
40012,2025-03-31 23:59:59.999999999,58812625000.0,58776134421.226906,0.06208382897653729
40012,2025-04-30 23:59:59.999999999,59342470000.0,59208733636.99963,0.22587466879513432
40012,2025-05-31 23:59:59.999999999,59872313000.0,59643619040.56767,0.38343465254309395
40012,2025-06-30 23:59:59.999999999,60402156000.0,60070348651.9039,0.5523638126671392
40012,2025-07-31 23:59:59.999999999,60932000000.0,60671572410.88688,0.42924448924681186
40012,2025-08-31 23:59:59.999999999,61461844000.0,61306677579.16365,0.25309867532127694
40012,2025-09-30 23:59:59.999999999,61991686000.0,61871116587.267555,0.19487212027664738
40012,2025-10-31 23:59:59.999999999,62521530000.0,62237629531.884346,0.456152958027125
40012,2025-11-30 23:59:59.999999999,63051375000.0,62637613188.04228,0.6605638096642965
40012,2025-12-31 23:59:59.999999999,63581217000.0,63162975893.998405,0.6621614451850657
40012,2026-01-31 23:59:59.999999999,64111060000.0,63701931276.82789,0.6422531608879731
40012,2026-02-28 23:59:59.999999999,64640905000.0,64193915978.98783,0.6963109045388023
40012,2026-03-31 23:59:59.999999999,65170747000.0,64687640298.00642,0.7468306028291967
40012,2026-04-30 23:59:59.999999999,65700590000.0,65158143081.808754,0.8325075892819442
40012,2026-05-31 23:59:59.999999999,66230436000.0,65627931492.44869,0.9180608528254974
40012,2026-06-30 23:59:59.999999999,66760280000.0,66107161521.93163,0.987966324725181
40012,2026-07-31 23:59:59.999999999,67290120000.0,66653865169.84103,0.9545658313103513
40012,2026-08-31 23:59:59.999999999,67819966000.0,67201132696.36851,0.9208680610006055
40012,2026-09-30 23:59:59.999999999,68349810000.0,67730762873.60712,0.9139802065246028
40012,2026-10-31 23:59:59.999999999,68879655000.0,68185904416.272675,1.0174397504387442
40012,2026-11-30 23:59:59.999999999,69409500000.0,68646909115.31566,1.1108846450804033
40012,2026-12-31 23:59:59.999999999,69939340000.0,69162951130.76932,1.122549169081482
40012,2027-01-31 23:59:59.999999999,70469180000.0,69688721714.73073,1.1199225729294717
40012,2027-02-28 23:59:59.999999999,70999020000.0,70193160644.48045,1.1480648030669844
40012,2027-03-31 23:59:59.999999999,71528866000.0,70699807693.93793,1.1726454782608402
40012,2027-04-30 23:59:59.999999999,72058720000.0,71187916691.9394,1.2232405561591508
40012,2027-05-31 23:59:59.999999999,72588560000.0,71671206060.04059,1.2799453593552268
40012,2024-12-31 23:59:59.999999999,1302266400000.0,1304100141633.6423,-0.14061507142735116
40012,2025-01-31 23:59:59.999999999,1306977200000.0,1309757563227.9814,-0.21227777308108517
40012,2025-02-28 23:59:59.999999999,1312210000000.0,1313354376316.8481,-0.08713183901342321
40012,2025-03-31 23:59:59.999999999,1317525700000.0,1316708188596.072,0.06208382897653206
40012,2025-04-30 23:59:59.999999999,1322854600000.0,1319873386120.585,0.22587466879513762
40012,2025-05-31 23:59:59.999999999,1328185700000.0,1323112465531.0366,0.3834346525431004
40012,2025-06-30 23:59:59.999999999,1333517100000.0,1326191687845.7405,0.5523638126671471
40012,2025-07-31 23:59:59.999999999,1338848400000.0,1333126074207.751,0.42924448924680353
40012,2025-08-31 23:59:59.999999999,1344179900000.0,1340786416429.1304,0.253098675321268
40012,2025-09-30 23:59:59.999999999,1349511400000.0,1346886707076.1963,0.19487212027664816
40012,2025-10-31 23:59:59.999999999,1354842800000.0,1348690674951.5725,0.4561529580271172
40012,2025-11-30 23:59:59.999999999,1360174300000.0,1351248394161.499,0.6605638096643075
40012,2025-12-31 23:59:59.999999999,1365505600000.0,1356523231796.0679,0.6621614451850751
40012,2026-01-31 23:59:59.999999999,1370837100000.0,1362089030451.815,0.642253160887968
40012,2026-02-28 23:59:59.999999999,1376168600000.0,1366652425112.7957,0.6963109045387994
40012,2026-03-31 23:59:59.999999999,1381499900000.0,1371258947114.9124,0.7468306028292004
40012,2026-04-30 23:59:59.999999999,1386831400000.0,1375381259877.9543,0.832507589281949
40012,2026-05-31 23:59:59.999999999,1392162900000.0,1379498264389.235,0.918060852825508
40012,2026-06-30 23:59:59.999999999,1397494300000.0,1383822550724.885,0.9879663247251875
40012,2026-07-31 23:59:59.999999999,1402825700000.0,1389561457315.409,0.9545658313103512
40012,2026-08-31 23:59:59.999999999,1408157200000.0,1395308272628.8616,0.9208680610006046
40012,2026-09-30 23:59:59.999999999,1413488600000.0,1400686576400.2546,0.9139802065245974
40012,2026-10-31 23:59:59.999999999,1418820000000.0,1404529814496.5486,1.0174397504387425
40012,2026-11-30 23:59:59.999999999,1424151500000.0,1408504681575.143,1.1108846450804062
40012,2026-12-31 23:59:59.999999999,1429482900000.0,1413614380920.9556,1.1225491690814757
40012,2027-01-31 23:59:59.999999999,1434814400000.0,1418923537095.4585,1.1199225729294844
40012,2027-02-28 23:59:59.999999999,1440145700000.0,1423799593678.7634,1.148064803066981
40012,2027-03-31 23:59:59.999999999,1445477200000.0,1428723360468.6084,1.1726454782608502
40012,2027-04-30 23:59:59.999999999,1450808700000.0,1433276288185.1072,1.2232405561591566
40012,2027-05-31 23:59:59.999999999,1456140000000.0,1437737800368.4875,1.2799453593552323
40012,2024-12-31 23:59:59.999999999,3569400600.0,3598287472.3605866,-0.8027956794023451
40012,2025-01-31 23:59:59.999999999,3569400600.0,3598099013.4511547,-0.7975999922144527
40012,2025-02-28 23:59:59.999999999,3569400600.0,3597911598.2954597,-0.792432540837498
40012,2025-03-31 23:59:59.999999999,3569400600.0,3597725859.463133,-0.7873107782414436
40012,2025-04-30 23:59:59.999999999,3569400600.0,3597541137.315732,-0.7822165262779676
40012,2025-05-31 23:59:59.999999999,3569400600.0,3597357740.535024,-0.7771583076101344
40012,2025-06-30 23:59:59.999999999,3569400600.0,3597175657.3665023,-0.7721358090929722
40012,2025-07-31 23:59:59.999999999,3569400600.0,3596994868.857645,-0.7671485187969865
40012,2025-08-31 23:59:59.999999999,3569400600.0,3596815363.68035,-0.7621961348691066
40012,2025-09-30 23:59:59.999999999,3569400600.0,3596637443.2087946,-0.7572869837137326
40012,2025-10-31 23:59:59.999999999,3569400600.0,3596460462.912086,-0.7524032918236332
40012,2025-11-30 23:59:59.999999999,3569400600.0,3596285038.4259543,-0.747562057475881
40012,2025-12-31 23:59:59.999999999,3569400600.0,3596110530.0952787,-0.7427456378703426
40012,2026-01-31 23:59:59.999999999,3569400600.0,3595937238.9164295,-0.7379623489876553
40012,2026-02-28 23:59:59.999999999,3569400600.0,3595765461.641811,-0.7332203927942731
40012,2026-03-31 23:59:59.999999999,3569400600.0,3595594259.677397,-0.728493867373871
40012,2026-04-30 23:59:59.999999999,3569400600.0,3595424544.4934597,-0.7238079445532094
40012,2026-05-31 23:59:59.999999999,3569400600.0,3595256302.951232,-0.7191622730765483
40012,2026-06-30 23:59:59.999999999,3569400600.0,3595088909.570572,-0.7145395904447974
40012,2026-07-31 23:59:59.999999999,3569400600.0,3594922659.788015,-0.7099480629583245
40012,2026-08-31 23:59:59.999999999,3569400600.0,3594757844.9609094,-0.7053957472115931
40012,2026-09-30 23:59:59.999999999,3569400600.0,3594593846.453096,-0.7008655644908239
40012,2026-10-31 23:59:59.999999999,3569400600.0,3594431257.9453754,-0.6963739225794322
40012,2026-11-30 23:59:59.999999999,3569400600.0,3594269465.277944,-0.6919038630293954
40012,2026-12-31 23:59:59.999999999,3569400600.0,3594108462.5274734,-0.6874552280511368
40012,2027-01-31 23:59:59.999999999,3569400600.0,3593949131.3859625,-0.6830523885711103
40012,2027-02-28 23:59:59.999999999,3569400600.0,3593790566.4258337,-0.6786703335940499
40012,2027-03-31 23:59:59.999999999,3569400600.0,3593633055.934395,-0.6743170367485962
40012,2027-04-30 23:59:59.999999999,3569400600.0,3593476884.325567,-0.6700003673485567
40012,2027-05-31 23:59:59.999999999,3569400600.0,3593321450.4724884,-0.6657037173599659
40012,2024-12-31 23:59:59.999999999,87013450000.0,87717643177.50256,-0.802795679402353
40012,2025-01-31 23:59:59.999999999,87344260000.0,88046518093.45853,-0.7975999922144581
40012,2025-02-28 23:59:59.999999999,87675080000.0,88375391972.07945,-0.7924325408375038
40012,2025-03-31 23:59:59.999999999,88005890000.0,88704264184.68579,-0.7873107782414382
40012,2025-04-30 23:59:59.999999999,88336700000.0,89033135386.85945,-0.7822165262779669
40012,2025-05-31 23:59:59.999999999,88667520000.0,89362005271.81693,-0.7771583076101272
40012,2025-06-30 23:59:59.999999999,88998330000.0,89690865659.24046,-0.7721358090929679
40012,2025-07-31 23:59:59.999999999,89329150000.0,90019732951.96602,-0.7671485187969961
40012,2025-08-31 23:59:59.999999999,89659965000.0,90348598969.25203,-0.7621961348691076
40012,2025-09-30 23:59:59.999999999,89990775000.0,90677463411.57765,-0.7572869837137238
40012,2025-10-31 23:59:59.999999999,90321590000.0,91006326919.51018,-0.7524032918236395
40012,2025-11-30 23:59:59.999999999,90652400000.0,91335188881.19978,-0.7475620574758856
40012,2025-12-31 23:59:59.999999999,90983220000.0,91664049932.36795,-0.7427456378703369
40012,2026-01-31 23:59:59.999999999,91314040000.0,91992909773.86934,-0.7379623489876536
40012,2026-02-28 23:59:59.999999999,91644850000.0,92321768110.77644,-0.7332203927942628
40012,2026-03-31 23:59:59.999999999,91975660000.0,92650617683.9113,-0.7284938673738662
40012,2026-04-30 23:59:59.999999999,92306480000.0,92979473971.40884,-0.723807944553213
40012,2026-05-31 23:59:59.999999999,92637290000.0,93308328794.32703,-0.7191622730765533
40012,2026-06-30 23:59:59.999999999,92968110000.0,93637182774.29953,-0.7145395904448014
40012,2026-07-31 23:59:59.999999999,93298926000.0,93966035617.70663,-0.7099480629583212
40012,2026-08-31 23:59:59.999999999,93629735000.0,94294887034.98274,-0.7053957472115912
40012,2026-09-30 23:59:59.999999999,93960550000.0,94623737640.95963,-0.700865564490821
40012,2026-10-31 23:59:59.999999999,94291360000.0,94952586845.6074,-0.696373922579441
40012,2026-11-30 23:59:59.999999999,94622180000.0,95281435259.30902,-0.6919038630294053
40012,2026-12-31 23:59:59.999999999,94953000000.0,95610274695.95137,-0.6874552280511361
40012,2027-01-31 23:59:59.999999999,95283810000.0,95939120663.26454,-0.6830523885711035
40012,2027-02-28 23:59:59.999999999,95614620000.0,96267965869.10808,-0.6786703335940458
40012,2027-03-31 23:59:59.999999999,95945440000.0,96596810026.96751,-0.6743170367485919
40012,2027-04-30 23:59:59.999999999,96276250000.0,96925652854.17798,-0.670000367348556
40012,2027-05-31 23:59:59.999999999,96607070000.0,97254494948.16963,-0.6657037173599726
40012,2024-12-31 23:59:59.999999999,-21950510.0,-22128153.86314483,-0.8027956794023454
40012,2025-01-31 23:59:59.999999999,-21950510.0,-22126994.909676876,-0.7975999922144563
40012,2025-02-28 23:59:59.999999999,-21950510.0,-22125842.374913227,-0.7924325408375076
40012,2025-03-31 23:59:59.999999999,-21950510.0,-22124700.148926094,-0.7873107782414359
40012,2025-04-30 23:59:59.999999999,-21950510.0,-22123564.17517997,-0.782216526277967
40012,2025-05-31 23:59:59.999999999,-21950510.0,-22122436.35195498,-0.7771583076101308
40012,2025-06-30 23:59:59.999999999,-21950510.0,-22121316.606965207,-0.772135809092962
40012,2025-07-31 23:59:59.999999999,-21950510.0,-22120204.823659565,-0.7671485187969928
40012,2025-08-31 23:59:59.999999999,-21950510.0,-22119100.932374354,-0.7621961348691093
40012,2025-09-30 23:59:59.999999999,-21950510.0,-22118006.78645071,-0.7572869837137276
40012,2025-10-31 23:59:59.999999999,-21950510.0,-22116918.422259025,-0.7524032918236369
40012,2025-11-30 23:59:59.999999999,-21950510.0,-22115839.625734206,-0.7475620574758877
40012,2025-12-31 23:59:59.999999999,-21950510.0,-22114766.46323086,-0.7427456378703373
40012,2026-01-31 23:59:59.999999999,-21950510.0,-22113700.785766747,-0.7379623489876597
40012,2026-02-28 23:59:59.999999999,-21950510.0,-22112644.41826077,-0.7332203927942696
40012,2026-03-31 23:59:59.999999999,-21950510.0,-22111591.588702455,-0.7284938673738759
40012,2026-04-30 23:59:59.999999999,-21950510.0,-22110547.9023011,-0.7238079445532131
40012,2026-05-31 23:59:59.999999999,-21950510.0,-22109513.27825808,-0.7191622730765458
40012,2026-06-30 23:59:59.999999999,-21950510.0,-22108483.87009896,-0.7145395904447994
40012,2026-07-31 23:59:59.999999999,-21950510.0,-22107461.494650528,-0.7099480629583198
40012,2026-08-31 23:59:59.999999999,-21950510.0,-22106447.94365408,-0.705395747211586
40012,2026-09-30 23:59:59.999999999,-21950510.0,-22105439.412723158,-0.7008655644908163
40012,2026-10-31 23:59:59.999999999,-21950510.0,-22104439.55277788,-0.6963739225794328
40012,2026-11-30 23:59:59.999999999,-21950510.0,-22103444.58695974,-0.6919038630294048
40012,2026-12-31 23:59:59.999999999,-21950510.0,-22102454.478842426,-0.6874552280511422
40012,2027-01-31 23:59:59.999999999,-21950510.0,-22101474.650509745,-0.6830523885711086
40012,2027-02-28 23:59:59.999999999,-21950510.0,-22100499.533912756,-0.6786703335940427
40012,2027-03-31 23:59:59.999999999,-21950510.0,-22099530.90191312,-0.6743170367485983
40012,2027-04-30 23:59:59.999999999,-21950510.0,-22098570.503552582,-0.6700003673485568
40012,2027-05-31 23:59:59.999999999,-21950510.0,-22097614.642120477,-0.6657037173599689
40012,2024-12-31 23:59:59.999999999,103648900000.0,103223651202.70348,0.4119714429219749
40012,2025-01-31 23:59:59.999999999,103648900000.0,103550332804.64813,0.095190774072957
40012,2025-02-28 23:59:59.999999999,103648900000.0,103847248401.88312,-0.1909971009684653
40012,2025-03-31 23:59:59.999999999,103648900000.0,104120425952.25827,-0.4528629036481995
40012,2025-04-30 23:59:59.999999999,103648900000.0,104374880154.5992,-0.6955476121494811
40012,2025-05-31 23:59:59.999999999,103648900000.0,104614753491.83546,-0.9232448498871081
40012,2025-06-30 23:59:59.999999999,103648900000.0,104843412250.28859,-1.1393267890184502
40012,2025-07-31 23:59:59.999999999,103648900000.0,105063613079.31905,-1.3465269943181886
40012,2025-08-31 23:59:59.999999999,103648900000.0,105277563864.63393,-1.547015942283829
40012,2025-09-30 23:59:59.999999999,103648900000.0,105487039825.8796,-1.7425236890841589
40012,2025-10-31 23:59:59.999999999,103648900000.0,105693451571.94696,-1.9344135076856759
40012,2025-11-30 23:59:59.999999999,103648900000.0,105897905594.36327,-2.123745898221972
40012,2025-12-31 23:59:59.999999999,103648900000.0,106101260761.68576,-2.3113369022013845
40012,2026-01-31 23:59:59.999999999,103648900000.0,106304176235.1346,-2.4978069170691746
40012,2026-02-28 23:59:59.999999999,103648900000.0,106507148492.79036,-2.6836182972111384
40012,2026-03-31 23:59:59.999999999,103648900000.0,106710527495.4411,-2.8690930494855817
40012,2026-04-30 23:59:59.999999999,103648900000.0,106914578252.9668,-3.0544712782198875
40012,2026-05-31 23:59:59.999999999,103648900000.0,107119461407.50116,-3.2398951543441292
40012,2026-06-30 23:59:59.999999999,103648900000.0,107325299811.71886,-3.425470648736479
40012,2026-07-31 23:59:59.999999999,103648900000.0,107532128014.15588,-3.6112229134391196
40012,2026-08-31 23:59:59.999999999,103648900000.0,107739954630.01025,-3.7971535035997857
40012,2026-09-30 23:59:59.999999999,103648900000.0,107948781189.39127,-3.983257591252767
40012,2026-10-31 23:59:59.999999999,103648900000.0,108158555712.70912,-4.169482954901567
40012,2026-11-30 23:59:59.999999999,103648900000.0,108369208575.02937,-4.35576255386351
40012,2026-12-31 23:59:59.999999999,103648900000.0,108580685158.43091,-4.542043534938933
40012,2027-01-31 23:59:59.999999999,103648900000.0,108792912775.41608,-4.728258005220417
40012,2027-02-28 23:59:59.999999999,103648900000.0,109005788420.2573,-4.914312652466249
40012,2027-03-31 23:59:59.999999999,103648900000.0,109219246548.33119,-5.100148148216926
40012,2027-04-30 23:59:59.999999999,103648900000.0,109433197158.50816,-5.285684911617744
40012,2027-05-31 23:59:59.999999999,103648900000.0,109647567506.74074,-5.470859477454401
40012,2024-12-31 23:59:59.999999999,183532800000.0,182779797383.34995,0.41197144292197824
40012,2025-01-31 23:59:59.999999999,184212700000.0,184037514449.41098,0.09519077407295448
40012,2025-02-28 23:59:59.999999999,184892590000.0,185246403291.93594,-0.1909971009684622
40012,2025-03-31 23:59:59.999999999,185572470000.0,186416686901.1855,-0.4528629036482019
40012,2025-04-30 23:59:59.999999999,186252380000.0,187556925831.03876,-0.6955476121494779
40012,2025-05-31 23:59:59.999999999,186932260000.0,188674189699.46655,-0.9232448498871056
40012,2025-06-30 23:59:59.999999999,187612170000.0,189774317833.75702,-1.139326789018454
40012,2025-07-31 23:59:59.999999999,188292060000.0,190862064257.13525,-1.346526994318189
40012,2025-08-31 23:59:59.999999999,188971940000.0,191941304467.9467,-1.5470159422838328
40012,2025-09-30 23:59:59.999999999,189651850000.0,193015180361.3246,-1.7425236890841533
40012,2025-10-31 23:59:59.999999999,190331730000.0,194086160880.62332,-1.9344135076856717
40012,2025-11-30 23:59:59.999999999,191011620000.0,195156241489.763,-2.1237458982219684
40012,2025-12-31 23:59:59.999999999,191691520000.0,196226988853.44833,-2.3113369022013766
40012,2026-01-31 23:59:59.999999999,192371410000.0,197299571233.62122,-2.4978069170691755
40012,2026-02-28 23:59:59.999999999,193051300000.0,198374921432.64465,-2.683618297211129
40012,2026-03-31 23:59:59.999999999,193731200000.0,199453711551.05228,-2.8690930494855893
40012,2026-04-30 23:59:59.999999999,194411090000.0,200536412960.24304,-3.0544712782198844
40012,2026-05-31 23:59:59.999999999,195090990000.0,201623375013.07367,-3.239895154344131
40012,2026-06-30 23:59:59.999999999,195770880000.0,202714812299.97696,-3.4254706487364803
40012,2026-07-31 23:59:59.999999999,196450760000.0,203810826000.60333,-3.6112229134391245
40012,2026-08-31 23:59:59.999999999,197130670000.0,204911469008.7433,-3.7971535035997865
40012,2026-09-30 23:59:59.999999999,197810550000.0,206016729863.54016,-3.9832575912527624
40012,2026-10-31 23:59:59.999999999,198490440000.0,207126545697.9525,-4.169482954901557
40012,2026-11-30 23:59:59.999999999,199170340000.0,208240818506.35886,-4.355762553863511
40012,2026-12-31 23:59:59.999999999,199850230000.0,209359426035.00836,-4.542043534938936
40012,2027-01-31 23:59:59.999999999,200530120000.0,210482260961.48013,-4.728258005220427
40012,2027-02-28 23:59:59.999999999,201210020000.0,211609155334.3741,-4.914312652466253
40012,2027-03-31 23:59:59.999999999,201889900000.0,212739959808.7009,-5.100148148216928
40012,2027-04-30 23:59:59.999999999,202569810000.0,213874544445.5496,-5.28568491161774
40012,2027-05-31 23:59:59.999999999,203249700000.0,215012741726.47757,-5.470859477454409
40012,2024-12-31 23:59:59.999999999,112251216000.0,111790670234.78162,0.4119714429219814
40012,2025-01-31 23:59:59.999999999,110734025000.0,110628716372.53801,0.09519077407295276
40012,2025-02-28 23:59:59.999999999,109457120000.0,109666581270.95876,-0.19099710096846378
40012,2025-03-31 23:59:59.999999999,108382460000.0,108875518787.74422,-0.4528629036481972
40012,2025-04-30 23:59:59.999999999,107478010000.0,108230804584.90045,-0.6955476121494861
40012,2025-05-31 23:59:59.999999999,106716810000.0,107711245696.64351,-0.9232448498871065
40012,2025-06-30 23:59:59.999999999,106076170000.0,107298650460.95695,-1.1393267890184535
40012,2025-07-31 23:59:59.999999999,105536990000.0,106977467615.27771,-1.3465269943181863
40012,2025-08-31 23:59:59.999999999,105083216000.0,106734414276.76482,-1.5470159422838266
40012,2025-09-30 23:59:59.999999999,104701305000.0,106558105055.2265,-1.7425236890841542
40012,2025-10-31 23:59:59.999999999,104379880000.0,106438851031.78427,-1.9344135076856777
40012,2025-11-30 23:59:59.999999999,104109370000.0,106368360999.73787,-2.123745898221969
40012,2025-12-31 23:59:59.999999999,103881700000.0,106339569126.87132,-2.3113369022013797
40012,2026-01-31 23:59:59.999999999,103690090000.0,106346420798.7671,-2.497806917069183
40012,2026-02-28 23:59:59.999999999,103528830000.0,106383767267.65736,-2.6836182972111358
40012,2026-03-31 23:59:59.999999999,103393110000.0,106447176510.64044,-2.8690930494855897
40012,2026-04-30 23:59:59.999999999,103278890000.0,106532903862.32841,-3.0544712782198764
40012,2026-05-31 23:59:59.999999999,103182750000.0,106637703583.09247,-3.239895154344129
40012,2026-06-30 23:59:59.999999999,103101840000.0,106758833929.17729,-3.425470648736481
40012,2026-07-31 23:59:59.999999999,103033750000.0,106893927507.21558,-3.6112229134391245
40012,2026-08-31 23:59:59.999999999,102976450000.0,107040955870.10854,-3.797153503599794
40012,2026-09-30 23:59:59.999999999,102928210000.0,107198192092.1982,-3.983257591252756
40012,2026-10-31 23:59:59.999999999,102887620000.0,107364150565.50352,-4.169482954901568
40012,2026-11-30 23:59:59.999999999,102853450000.0,107537531295.5195,-4.355762553863519
40012,2026-12-31 23:59:59.999999999,102824710000.0,107717271410.09483,-4.54204353493893
40012,2027-01-31 23:59:59.999999999,102800510000.0,107902411279.1314,-4.728258005220422
40012,2027-02-28 23:59:59.999999999,102780130000.0,108092118007.5645,-4.914312652466257
40012,2027-03-31 23:59:59.999999999,102762996000.0,108285728277.52965,-5.100148148216933
40012,2027-04-30 23:59:59.999999999,102748570000.0,108482619025.56187,-5.285684911617735
40012,2027-05-31 23:59:59.999999999,102736430000.0,108682284095.7672,-5.470859477454401
40012,2024-12-31 23:59:59.999999999,10323871000.0,10281513819.164963,0.4119714429219854
40012,2025-01-31 23:59:59.999999999,10323871000.0,10314052693.402859,0.09519077407294163
40012,2025-02-28 23:59:59.999999999,10323871000.0,10343626747.222193,-0.1909971009684615
40012,2025-03-31 23:59:59.999999999,10323871000.0,10370836390.812035,-0.4528629036481907
40012,2025-04-30 23:59:59.999999999,10323871000.0,10396181109.461596,-0.6955476121494808
40012,2025-05-31 23:59:59.999999999,10323871000.0,10420073512.054493,-0.9232448498870998
40012,2025-06-30 23:59:59.999999999,10323871000.0,10442848894.997423,-1.1393267890184533
40012,2025-07-31 23:59:59.999999999,10323871000.0,10464781832.267994,-1.3465269943181872
40012,2025-08-31 23:59:59.999999999,10323871000.0,10486092238.654573,-1.5470159422838283
40012,2025-09-30 23:59:59.999999999,10323871000.0,10506956933.569315,-1.7425236890841505
40012,2025-10-31 23:59:59.999999999,10323871000.0,10527516419.645449,-1.9344135076856728
40012,2025-11-30 23:59:59.999999999,10323871000.0,10547880908.135874,-2.1237458982219692
40012,2025-12-31 23:59:59.999999999,10323871000.0,10568135945.994581,-2.3113369022013757
40012,2026-01-31 23:59:59.999999999,10323871000.0,10588347188.47708,-2.4978069170691692
40012,2026-02-28 23:59:59.999999999,10323871000.0,10608564086.907621,-2.6836182972111264
40012,2026-03-31 23:59:59.999999999,10323871000.0,10628821498.8662,-2.869093049485583
40012,2026-04-30 23:59:59.999999999,10323871000.0,10649145820.461758,-3.0544712782198844
40012,2026-05-31 23:59:59.999999999,10323871000.0,10669553052.332703,-3.2398951543441226
40012,2026-06-30 23:59:59.999999999,10323871000.0,10690055431.126911,-3.4254706487364692
40012,2026-07-31 23:59:59.999999999,10323871000.0,10710656398.025219,-3.611222913439112
40012,2026-08-31 23:59:59.999999999,10323871000.0,10731356811.137918,-3.7971535035997928
40012,2026-09-30 23:59:59.999999999,10323871000.0,10752156822.870386,-3.983257591252759
40012,2026-10-31 23:59:59.999999999,10323871000.0,10773051255.834843,-4.169482954901564
40012,2026-11-30 23:59:59.999999999,10323871000.0,10794033175.092274,-4.35576255386351
40012,2026-12-31 23:59:59.999999999,10323871000.0,10815097140.465897,-4.542043534938933
40012,2027-01-31 23:59:59.999999999,10323871000.0,10836235911.972404,-4.728258005220414
40012,2027-02-28 23:59:59.999999999,10323871000.0,10857439229.804096,-4.914312652466244
40012,2027-03-31 23:59:59.999999999,10323871000.0,10878700565.438265,-5.100148148216935
40012,2027-04-30 23:59:59.999999999,10323871000.0,10900010954.380363,-5.285684911617738
40012,2027-05-31 23:59:59.999999999,10323871000.0,10921363151.01449,-5.470859477454413
40012,2024-12-31 23:59:59.999999999,1.231029e-05,1.2259783197631639e-05,0.4119714429219749
40012,2025-01-31 23:59:59.999999999,8.361247e-07,8.353295275126485e-07,0.09519077407295497
40012,2025-02-28 23:59:59.999999999,-3.040636e-07,-3.0464546853019306e-07,-0.19099710096846487
40012,2025-03-31 23:59:59.999999999,1.3195607e-06,1.3255637243831538e-06,-0.45286290364819776
40012,2025-04-30 23:59:59.999999999,1.3364057e-06,1.3457661611554495e-06,-0.695547612149484
40012,2025-05-31 23:59:59.999999999,1.0288757e-06,1.0384632166140301e-06,-0.9232448498871051
40012,2025-06-30 23:59:59.999999999,1.0412273e-06,1.0532269757031265e-06,-1.1393267890184655
40012,2025-07-31 23:59:59.999999999,1.1315507e-06,1.1469952764020397e-06,-1.3465269943181932
40012,2025-08-31 23:59:59.999999999,1.1582234e-06,1.1764228759400934e-06,-1.5470159422838208
40012,2025-09-30 23:59:59.999999999,9.547662e-07,9.716982367576433e-07,-1.7425236890841518
40012,2025-10-31 23:59:59.999999999,1.034401e-06,1.0548052476388813e-06,-1.9344135076856797
40012,2025-11-30 23:59:59.999999999,1.1345955e-06,1.1592143164537173e-06,-2.123745898221962
40012,2025-12-31 23:59:59.999999999,1.144376e-06,1.171452236438077e-06,-2.311336902201384
40012,2026-01-31 23:59:59.999999999,1.150242e-06,1.1797088923733624e-06,-2.497806917069178
40012,2026-02-28 23:59:59.999999999,1.1537604e-06,1.185576777644544e-06,-2.6836182972111366
40012,2026-03-31 23:59:59.999999999,1.1558706e-06,1.190013148231e-06,-2.869093049485579
40012,2026-04-30 23:59:59.999999999,1.1571362e-06,1.1935942322748179e-06,-3.0544712782198724
40012,2026-05-31 23:59:59.999999999,1.1578953e-06,1.1966660517099952e-06,-3.239895154344134
40012,2026-06-30 23:59:59.999999999,1.1583505e-06,1.199436886895938e-06,-3.4254706487364714
40012,2026-07-31 23:59:59.999999999,1.1586236e-06,1.2020316464114047e-06,-3.6112229134391236
40012,2026-08-31 23:59:59.999999999,1.1587874e-06,1.204525093699721e-06,-3.7971535035997914
40012,2026-09-30 23:59:59.999999999,1.1588857e-06,1.2069620602175094e-06,-3.9832575912527606
40012,2026-10-31 23:59:59.999999999,1.1589445e-06,1.209368975403616e-06,-4.169482954901568
40012,2026-11-30 23:59:59.999999999,1.1589799e-06,1.2117613456550619e-06,-4.35576255386352
40012,2026-12-31 23:59:59.999999999,1.159001e-06,1.2141481835459705e-06,-4.542043534938934
40012,2027-01-31 23:59:59.999999999,1.1590138e-06,1.2165346755809035e-06,-4.728258005220427
40012,2027-02-28 23:59:59.999999999,1.1590214e-06,1.2189230858461646e-06,-4.914312652466258
40012,2027-03-31 23:59:59.999999999,1.159026e-06,1.2213149261656767e-06,-5.1001481482169275
40012,2027-04-30 23:59:59.999999999,1.1590288e-06,1.223710252222701e-06,-5.28568491161774
40012,2027-05-31 23:59:59.999999999,1.1590304e-06,1.2261090805097723e-06,-5.4708594774544
40012,2024-12-31 23:59:59.999999999,410025130000.0,410025132032.0,0.0
40012,2025-01-31 23:59:59.999999999,410521370000.0,410521370624.0,0.0
40012,2025-02-28 23:59:59.999999999,412550000000.0,412550004736.0,0.0
40012,2025-03-31 23:59:59.999999999,416623720000.0,416623722496.0,0.0
40012,2025-04-30 23:59:59.999999999,422776440000.0,422776438784.0,0.0
40012,2025-05-31 23:59:59.999999999,426668160000.0,426668163072.0,0.0
40012,2025-06-30 23:59:59.999999999,429758580000.0,429758578688.0,0.0
40012,2025-07-31 23:59:59.999999999,435700100000.0,435700105216.0,0.0
40012,2025-08-31 23:59:59.999999999,439486000000.0,439485988864.0,0.0
40012,2025-09-30 23:59:59.999999999,445392400000.0,445392388096.0,0.0
40012,2025-10-31 23:59:59.999999999,469685200000.0,469685207040.0,0.0
40012,2025-11-30 23:59:59.999999999,463921700000.0,463921709056.0,0.0
40012,2025-12-31 23:59:59.999999999,462962620000.0,462962622464.0,0.0
40012,2026-01-31 23:59:59.999999999,463416920000.0,463416918016.0,0.0
40012,2026-02-28 23:59:59.999999999,465406070000.0,465406066688.0,0.0
40012,2026-03-31 23:59:59.999999999,469442560000.0,469442560000.0,0.0
40012,2026-04-30 23:59:59.999999999,475560250000.0,475560247296.0,0.0
40012,2026-05-31 23:59:59.999999999,479418970000.0,479418974208.0,0.0
40012,2026-06-30 23:59:59.999999999,482478300000.0,482478292992.0,0.0
40012,2026-07-31 23:59:59.999999999,488390560000.0,488390557696.0,0.0
40012,2026-08-31 23:59:59.999999999,492148880000.0,492148883456.0,0.0
40012,2026-09-30 23:59:59.999999999,498029330000.0,498029330432.0,0.0
40012,2026-10-31 23:59:59.999999999,522297670000.0,522297671680.0,0.0
40012,2026-11-30 23:59:59.999999999,516511140000.0,516511137792.0,0.0
40012,2026-12-31 23:59:59.999999999,515530400000.0,515530391552.0,0.0
40012,2027-01-31 23:59:59.999999999,515964270000.0,515964272640.0,0.0
40012,2027-02-28 23:59:59.999999999,517934150000.0,517934153728.0,0.0
40012,2027-03-31 23:59:59.999999999,521952530000.0,521952526336.0,0.0
40012,2027-04-30 23:59:59.999999999,528053170000.0,528053174272.0,0.0
40012,2027-05-31 23:59:59.999999999,531895800000.0,531895812096.0,0.0
40012,2024-12-31 23:59:59.999999999,135531454000.0,135326926344.31685,0.1511363076131379
40012,2025-01-31 23:59:59.999999999,135927520000.0,136036210704.14417,-0.07989742112160579
40012,2025-02-28 23:59:59.999999999,136323600000.0,136569927551.81758,-0.1803700625997021
40012,2025-03-31 23:59:59.999999999,136719670000.0,136901614046.6543,-0.13290036930630572
40012,2025-04-30 23:59:59.999999999,137115740000.0,137324283929.48402,-0.151863757462673
40012,2025-05-31 23:59:59.999999999,137511810000.0,137928884724.20685,-0.3023816258942396
40012,2025-06-30 23:59:59.999999999,137907880000.0,138268867213.56674,-0.26107632530840785
40012,2025-07-31 23:59:59.999999999,138303960000.0,138770261335.82855,-0.33602170619257926
40012,2025-08-31 23:59:59.999999999,138700030000.0,139171196156.31445,-0.33855152310773284
40012,2025-09-30 23:59:59.999999999,139096100000.0,139545446325.7128,-0.32200947400603314
40012,2025-10-31 23:59:59.999999999,139492180000.0,140340254236.21713,-0.6042986546038855
40012,2025-11-30 23:59:59.999999999,139888250000.0,141381419335.29562,-1.0561306841562141
40012,2025-12-31 23:59:59.999999999,140284310000.0,141808194336.6361,-1.0746069673650829
40012,2026-01-31 23:59:59.999999999,140680400000.0,142649274729.11404,-1.3802228808052996
40012,2026-02-28 23:59:59.999999999,141076460000.0,143365107527.43347,-1.5963744253430219
40012,2026-03-31 23:59:59.999999999,141472530000.0,143742044191.1947,-1.5788795630149577
40012,2026-04-30 23:59:59.999999999,141868610000.0,144213149405.75476,-1.6257434106499051
40012,2026-05-31 23:59:59.999999999,142264680000.0,144842938391.01642,-1.780037032979945
40012,2026-06-30 23:59:59.999999999,142660750000.0,145239259880.86234,-1.7753551064481132
40012,2026-07-31 23:59:59.999999999,143056830000.0,145865238876.41556,-1.9253445399660876
40012,2026-08-31 23:59:59.999999999,143452900000.0,146505075089.91928,-2.0833256513782676
40012,2026-09-30 23:59:59.999999999,143848960000.0,147058923216.0469,-2.1827707219990296
40012,2026-10-31 23:59:59.999999999,144245030000.0,148017181654.0055,-2.5484546455039294
40012,2026-11-30 23:59:59.999999999,144641110000.0,149184161435.22537,-3.045261158771153
40012,2026-12-31 23:59:59.999999999,145037180000.0,149792427532.4705,-3.1745574077432552
40012,2027-01-31 23:59:59.999999999,145433250000.0,150729617439.78738,-3.5138214942416
40012,2027-02-28 23:59:59.999999999,145829330000.0,151565582306.1246,-3.7846661985165
40012,2027-03-31 23:59:59.999999999,146225400000.0,152196007947.54248,-3.9229742409540567
40012,2027-04-30 23:59:59.999999999,146621460000.0,152894994129.18243,-4.103162166239314
40012,2027-05-31 23:59:59.999999999,147017550000.0,153708118909.4102,-4.352776665852868
40012,2024-12-31 23:59:59.999999999,321033860000.0,320549396645.8333,0.15113630761313254
40012,2025-01-31 23:59:59.999999999,322665870000.0,322923881261.3136,-0.0798974211216097
40012,2025-02-28 23:59:59.999999999,325126620000.0,325714109879.8864,-0.1803700625997021
40012,2025-03-31 23:59:59.999999999,328699350000.0,329136770928.0863,-0.13290036930631408
40012,2025-04-30 23:59:59.999999999,331863260000.0,332368007729.1413,-0.1518637574626715
40012,2025-05-31 23:59:59.999999999,334349530000.0,335363611123.9743,-0.3023816258942383
40012,2025-06-30 23:59:59.999999999,337648120000.0,338531950680.8324,-0.2610763253084104
40012,2025-07-31 23:59:59.999999999,340341500000.0,341488966716.4199,-0.3360217061925788
40012,2025-08-31 23:59:59.999999999,343474100000.0,344640897471.64246,-0.3385515231077475
40012,2025-09-30 23:59:59.999999999,346894140000.0,348014779954.3944,-0.322009474006036
40012,2025-10-31 23:59:59.999999999,348186700000.0,350303585775.8728,-0.6042986546038955
40012,2025-11-30 23:59:59.999999999,347664450000.0,351375433303.70734,-1.0561306841562228
40012,2025-12-31 23:59:59.999999999,350831250000.0,354642257771.2305,-1.0746069673650969
40012,2026-01-31 23:59:59.999999999,352296700000.0,357227229818.4208,-1.3802228808052999
40012,2026-02-28 23:59:59.999999999,354377300000.0,360126265619.2892,-1.5963744253430143
40012,2026-03-31 23:59:59.999999999,358030150000.0,363773696127.7857,-1.5788795630149475
40012,2026-04-30 23:59:59.999999999,361297970000.0,367268817756.04065,-1.6257434106499078
40012,2026-05-31 23:59:59.999999999,363985240000.0,370581732133.43365,-1.7800370329799438
40012,2026-06-30 23:59:59.999999999,367553150000.0,374196467062.1361,-1.7753551064481246
40012,2026-07-31 23:59:59.999999999,370239600000.0,377507931025.947,-1.9253445399660891
40012,2026-08-31 23:59:59.999999999,372874640000.0,380808114540.75757,-2.0833256513782756
40012,2026-09-30 23:59:59.999999999,376017320000.0,384408068761.93744,-2.182770721999022
40012,2026-10-31 23:59:59.999999999,377303600000.0,387170460646.36115,-2.548454645503927
40012,2026-11-30 23:59:59.999999999,377388340000.0,389241763336.6056,-3.045261158771155
40012,2026-12-31 23:59:59.999999999,380374450000.0,392845557936.4623,-3.174557407743254
40012,2027-01-31 23:59:59.999999999,381926240000.0,395835186206.7024,-3.5138214942416055
40012,2027-02-28 23:59:59.999999999,383994820000.0,399099402854.3082,-3.7846661985165073
40012,2027-03-31 23:59:59.999999999,387044740000.0,402848375005.57056,-3.922974240954062
40012,2027-04-30 23:59:59.999999999,389808260000.0,406487083283.95703,-4.103162166239318
40012,2027-05-31 23:59:59.999999999,392119350000.0,409964178441.55963,-4.352776665852871
40012,2024-12-31 23:59:59.999999999,140123230000.0,139911768630.9749,0.1511363076131332
40012,2025-01-31 23:59:59.999999999,142569550000.0,142683554400.3305,-0.07989742112160426
40012,2025-02-28 23:59:59.999999999,145085430000.0,145347595356.73212,-0.180370062599714
40012,2025-03-31 23:59:59.999999999,147888720000.0,148085524032.32816,-0.1329003693063147
40012,2025-04-30 23:59:59.999999999,150659330000.0,150888479057.87555,-0.15186375746266043
40012,2025-05-31 23:59:59.999999999,153055170000.0,153519380863.9191,-0.3023816258942456
40012,2025-06-30 23:59:59.999999999,156193770000.0,156602619789.08203,-0.2610763253084068
40012,2025-07-31 23:59:59.999999999,158793760000.0,159329141266.94717,-0.33602170619257504
40012,2025-08-31 23:59:59.999999999,161438650000.0,161987055917.04456,-0.33855152310774916
40012,2025-09-30 23:59:59.999999999,163930360000.0,164459934329.48505,-0.3220094740060356
40012,2025-10-31 23:59:59.999999999,166144480000.0,167154588062.772,-0.6042986546038884
40012,2025-11-30 23:59:59.999999999,168855270000.0,170657641185.41638,-1.0561306841562064
40012,2025-12-31 23:59:59.999999999,171222840000.0,173082803255.09,-1.0746069673650833
40012,2026-01-31 23:59:59.999999999,173274600000.0,175699641988.21432,-1.380222880805297
40012,2026-02-28 23:59:59.999999999,175299530000.0,178143361722.99216,-1.5963744253430219
40012,2026-03-31 23:59:59.999999999,177391450000.0,180237180162.5408,-1.5788795630149552
40012,2026-04-30 23:59:59.999999999,179419870000.0,182384985158.22467,-1.625743410649919
40012,2026-05-31 23:59:59.999999999,181244900000.0,184529598616.17722,-1.780037032979952
40012,2026-06-30 23:59:59.999999999,183334780000.0,186648453783.34915,-1.775355106448122
40012,2026-07-31 23:59:59.999999999,185157980000.0,188792889656.85242,-1.925344539966092
40012,2026-08-31 23:59:59.999999999,186959900000.0,190937760102.38,-2.0833256513782796
40012,2026-09-30 23:59:59.999999999,188660200000.0,192870115942.27353,-2.1827707219990296
40012,2026-10-31 23:59:59.999999999,190209060000.0,195183220818.18524,-2.5484546455039334
40012,2026-11-30 23:59:59.999999999,191931060000.0,197959438003.64673,-3.0452611587711598
40012,2026-12-31 23:59:59.999999999,193478020000.0,199821464115.33438,-3.1745574077432566
40012,2027-01-31 23:59:59.999999999,194863100000.0,201959603974.12814,-3.5138214942416077
40012,2027-02-28 23:59:59.999999999,196208380000.0,203926307901.0123,-3.7846661985165015
40012,2027-03-31 23:59:59.999999999,197554470000.0,205620926908.63678,-3.922974240954052
40012,2027-04-30 23:59:59.999999999,198848460000.0,207356642137.3646,-4.103162166239315
40012,2027-05-31 23:59:59.999999999,200033470000.0,209136722889.671,-4.352776665852876
40012,2024-12-31 23:59:59.999999999,0.0,0.0,
40012,2025-01-31 23:59:59.999999999,0.0,0.0,
40012,2025-02-28 23:59:59.999999999,0.0,0.0,
40012,2025-03-31 23:59:59.999999999,0.0,0.0,
40012,2025-04-30 23:59:59.999999999,0.0,0.0,
40012,2025-05-31 23:59:59.999999999,0.0,0.0,
40012,2025-06-30 23:59:59.999999999,0.0,0.0,
40012,2025-07-31 23:59:59.999999999,0.0,0.0,
40012,2025-08-31 23:59:59.999999999,0.0,0.0,
40012,2025-09-30 23:59:59.999999999,0.0,0.0,
40012,2025-10-31 23:59:59.999999999,0.0,0.0,
40012,2025-11-30 23:59:59.999999999,0.0,0.0,
40012,2025-12-31 23:59:59.999999999,0.0,0.0,
40012,2026-01-31 23:59:59.999999999,0.0,0.0,
40012,2026-02-28 23:59:59.999999999,0.0,0.0,
40012,2026-03-31 23:59:59.999999999,0.0,0.0,
40012,2026-04-30 23:59:59.999999999,0.0,0.0,
40012,2026-05-31 23:59:59.999999999,0.0,0.0,
40012,2026-06-30 23:59:59.999999999,0.0,0.0,
40012,2026-07-31 23:59:59.999999999,0.0,0.0,
40012,2026-08-31 23:59:59.999999999,0.0,0.0,
40012,2026-09-30 23:59:59.999999999,0.0,0.0,
40012,2026-10-31 23:59:59.999999999,0.0,0.0,
40012,2026-11-30 23:59:59.999999999,0.0,0.0,
40012,2026-12-31 23:59:59.999999999,0.0,0.0,
40012,2027-01-31 23:59:59.999999999,0.0,0.0,
40012,2027-02-28 23:59:59.999999999,0.0,0.0,
40012,2027-03-31 23:59:59.999999999,0.0,0.0,
40012,2027-04-30 23:59:59.999999999,0.0,0.0,
40012,2027-05-31 23:59:59.999999999,0.0,0.0,
40012,2024-12-31 23:59:59.999999999,0.0,0.0,
40012,2025-01-31 23:59:59.999999999,0.0,0.0,
40012,2025-02-28 23:59:59.999999999,0.0,0.0,
40012,2025-03-31 23:59:59.999999999,0.0,0.0,
40012,2025-04-30 23:59:59.999999999,0.0,0.0,
40012,2025-05-31 23:59:59.999999999,0.0,0.0,
40012,2025-06-30 23:59:59.999999999,0.0,0.0,
40012,2025-07-31 23:59:59.999999999,0.0,0.0,
40012,2025-08-31 23:59:59.999999999,0.0,0.0,
40012,2025-09-30 23:59:59.999999999,0.0,0.0,
40012,2025-10-31 23:59:59.999999999,0.0,0.0,
40012,2025-11-30 23:59:59.999999999,0.0,0.0,
40012,2025-12-31 23:59:59.999999999,0.0,0.0,
40012,2026-01-31 23:59:59.999999999,0.0,0.0,
40012,2026-02-28 23:59:59.999999999,0.0,0.0,
40012,2026-03-31 23:59:59.999999999,0.0,0.0,
40012,2026-04-30 23:59:59.999999999,0.0,0.0,
40012,2026-05-31 23:59:59.999999999,0.0,0.0,
40012,2026-06-30 23:59:59.999999999,0.0,0.0,
40012,2026-07-31 23:59:59.999999999,0.0,0.0,
40012,2026-08-31 23:59:59.999999999,0.0,0.0,
40012,2026-09-30 23:59:59.999999999,0.0,0.0,
40012,2026-10-31 23:59:59.999999999,0.0,0.0,
40012,2026-11-30 23:59:59.999999999,0.0,0.0,
40012,2026-12-31 23:59:59.999999999,0.0,0.0,
40012,2027-01-31 23:59:59.999999999,0.0,0.0,
40012,2027-02-28 23:59:59.999999999,0.0,0.0,
40012,2027-03-31 23:59:59.999999999,0.0,0.0,
40012,2027-04-30 23:59:59.999999999,0.0,0.0,
40012,2027-05-31 23:59:59.999999999,0.0,0.0,
40012,2024-12-31 23:59:59.999999999,37620960.0,37564186.87497227,0.15113630761313523
40012,2025-01-31 23:59:59.999999999,37620960.0,37651042.21175259,-0.07989742112159513
40012,2025-02-28 23:59:59.999999999,37620960.0,37688939.56388454,-0.18037006259969932
40012,2025-03-31 23:59:59.999999999,37620960.0,37671024.93125511,-0.13290036930630855
40012,2025-04-30 23:59:59.999999999,37620960.0,37678179.49913091,-0.15186375746267666
40012,2025-05-31 23:59:59.999999999,37620960.0,37735063.899752304,-0.3023816258942467
40012,2025-06-30 23:59:59.999999999,37620960.0,37719436.5187903,-0.2610763253084128
40012,2025-07-31 23:59:59.999999999,37620960.0,37747800.80431283,-0.33602170619259125
40012,2025-08-31 23:59:59.999999999,37620960.0,37748758.99854384,-0.33855152310774894
40012,2025-09-30 23:59:59.999999999,37620960.0,37742494.40771905,-0.3220094740060351
40012,2025-10-31 23:59:59.999999999,37620960.0,37849685.13806111,-0.6042986546038949
40012,2025-11-30 23:59:59.999999999,37620960.0,38022527.58067123,-1.0561306841562148
40012,2025-12-31 23:59:59.999999999,37620960.0,38029629.04336308,-1.074606967365095
40012,2026-01-31 23:59:59.999999999,37620960.0,38147480.25087323,-1.380222880805287
40012,2026-02-28 23:59:59.999999999,37620960.0,38231274.28517122,-1.596374425343026
40012,2026-03-31 23:59:59.999999999,37620960.0,38224478.47877035,-1.57887956301495
40012,2026-04-30 23:59:59.999999999,37620960.0,38242687.97988845,-1.6257434106499231
40012,2026-05-31 23:59:59.999999999,37620960.0,38302763.37268854,-1.7800370329799582
40012,2026-06-30 23:59:59.999999999,37620960.0,38300937.65242992,-1.775355106448115
40012,2026-07-31 23:59:59.999999999,37620960.0,38359512.78496288,-1.9253445399660916
40012,2026-08-31 23:59:59.999999999,37620960.0,38421402.94313371,-2.0833256513782743
40012,2026-09-30 23:59:59.999999999,37620960.0,38460463.74210778,-2.1827707219990238
40012,2026-10-31 23:59:59.999999999,37620960.0,38604785.44813994,-2.5484546455039188
40012,2026-11-30 23:59:59.999999999,37620960.0,38802600.52229869,-3.0452611587711504
40012,2026-12-31 23:59:59.999999999,37620960.0,38854415.73288362,-3.1745574077432543
40012,2027-01-31 23:59:59.999999999,37620960.0,38991035.382082984,-3.5138214942416117
40012,2027-02-28 23:59:59.999999999,37620960.0,39100794.55486953,-3.7846661985165135
40012,2027-03-31 23:59:59.999999999,37620960.0,39157082.25018391,-3.922974240954062
40012,2027-04-30 23:59:59.999999999,37620960.0,39230657.49594035,-4.103162166239309
40012,2027-05-31 23:59:59.999999999,37620960.0,39333039.35919789,-4.352776665852873
40012,2024-12-31 23:59:59.999999999,736162940000.0,736162938880.0,0.0
40012,2025-01-31 23:59:59.999999999,741220400000.0,741220417536.0,0.0
40012,2025-02-28 23:59:59.999999999,746277800000.0,746277830656.0,0.0
40012,2025-03-31 23:59:59.999999999,751335300000.0,751335309312.0,0.0
40012,2025-04-30 23:59:59.999999999,756392700000.0,756392722432.0,0.0
40012,2025-05-31 23:59:59.999999999,761450200000.0,761450201088.0,0.0
40012,2025-06-30 23:59:59.999999999,766507600000.0,766507614208.0,0.0
40012,2025-07-31 23:59:59.999999999,771565100000.0,771565092864.0,0.0
40012,2025-08-31 23:59:59.999999999,776622500000.0,776622505984.0,0.0
40012,2025-09-30 23:59:59.999999999,781680000000.0,781679984640.0,0.0
40012,2025-10-31 23:59:59.999999999,786737400000.0,786737397760.0,0.0
40012,2025-11-30 23:59:59.999999999,791794900000.0,791794876416.0,0.0
40012,2025-12-31 23:59:59.999999999,796852300000.0,796852289536.0,0.0
40012,2026-01-31 23:59:59.999999999,801909800000.0,801909768192.0,0.0
40012,2026-02-28 23:59:59.999999999,806967200000.0,806967181312.0,0.0
40012,2026-03-31 23:59:59.999999999,812024600000.0,812024594432.0,0.0
40012,2026-04-30 23:59:59.999999999,817082100000.0,817082073088.0,0.0
40012,2026-05-31 23:59:59.999999999,822139500000.0,822139486208.0,0.0
40012,2026-06-30 23:59:59.999999999,827196960000.0,827196964864.0,0.0
40012,2026-07-31 23:59:59.999999999,832254400000.0,832254377984.0,0.0
40012,2026-08-31 23:59:59.999999999,837311860000.0,837311856640.0,0.0
40012,2026-09-30 23:59:59.999999999,842369300000.0,842369269760.0,0.0
40012,2026-10-31 23:59:59.999999999,847426750000.0,847426748416.0,0.0
40012,2026-11-30 23:59:59.999999999,852484160000.0,852484161536.0,0.0
40012,2026-12-31 23:59:59.999999999,857541640000.0,857541640192.0,0.0
40012,2027-01-31 23:59:59.999999999,862599050000.0,862599053312.0,0.0
40012,2027-02-28 23:59:59.999999999,867656500000.0,867656531968.0,0.0
40012,2027-03-31 23:59:59.999999999,872713950000.0,872713945088.0,0.0
40012,2027-04-30 23:59:59.999999999,877771360000.0,877771358208.0,0.0
40012,2027-05-31 23:59:59.999999999,882828840000.0,882828836864.0,0.0
40012,2024-12-31 23:59:59.999999999,6607193600.0,6607193600.0,0.0
40012,2025-01-31 23:59:59.999999999,6510208500.0,6510208512.0,0.0
40012,2025-02-28 23:59:59.999999999,6418354000.0,6418354176.0,0.0
40012,2025-03-31 23:59:59.999999999,6385531400.0,6385531392.0,0.0
40012,2025-04-30 23:59:59.999999999,6409127400.0,6409127424.0,0.0
40012,2025-05-31 23:59:59.999999999,6414175700.0,6414175744.0,0.0
40012,2025-06-30 23:59:59.999999999,6357865500.0,6357865472.0,0.0
40012,2025-07-31 23:59:59.999999999,6312590300.0,6312590336.0,0.0
40012,2025-08-31 23:59:59.999999999,6276030500.0,6276030464.0,0.0
40012,2025-09-30 23:59:59.999999999,6264138000.0,6264138240.0,0.0
40012,2025-10-31 23:59:59.999999999,6254777000.0,6254776832.0,0.0
40012,2025-11-30 23:59:59.999999999,6212251000.0,6212251136.0,0.0
40012,2025-12-31 23:59:59.999999999,6186189300.0,6186189312.0,0.0
40012,2026-01-31 23:59:59.999999999,6155212000.0,6155211776.0,0.0
40012,2026-02-28 23:59:59.999999999,6139211300.0,6139211264.0,0.0
40012,2026-03-31 23:59:59.999999999,6144500700.0,6144500736.0,0.0
40012,2026-04-30 23:59:59.999999999,6156288500.0,6156288512.0,0.0
40012,2026-05-31 23:59:59.999999999,6159666700.0,6159666688.0,0.0
40012,2026-06-30 23:59:59.999999999,6154198500.0,6154198528.0,0.0
40012,2026-07-31 23:59:59.999999999,6148726000.0,6148725760.0,0.0
40012,2026-08-31 23:59:59.999999999,6148812000.0,6148811776.0,0.0
40012,2026-09-30 23:59:59.999999999,6152279000.0,6152279040.0,0.0
40012,2026-10-31 23:59:59.999999999,6154324500.0,6154324480.0,0.0
40012,2026-11-30 23:59:59.999999999,6153396000.0,6153396224.0,0.0
40012,2026-12-31 23:59:59.999999999,6151555600.0,6151555584.0,0.0
40012,2027-01-31 23:59:59.999999999,6151020500.0,6151020544.0,0.0
40012,2027-02-28 23:59:59.999999999,6151846400.0,6151846400.0,0.0
40012,2027-03-31 23:59:59.999999999,6152681500.0,6152681472.0,0.0
40012,2027-04-30 23:59:59.999999999,6152671000.0,6152671232.0,0.0
40012,2027-05-31 23:59:59.999999999,6152143000.0,6152142848.0,0.0
40012,2024-12-31 23:59:59.999999999,0.0,,
40012,2025-01-31 23:59:59.999999999,0.0,,
40012,2025-02-28 23:59:59.999999999,0.0,,
40012,2025-03-31 23:59:59.999999999,0.0,,
40012,2025-04-30 23:59:59.999999999,0.0,,
40012,2025-05-31 23:59:59.999999999,0.0,,
40012,2025-06-30 23:59:59.999999999,0.0,,
40012,2025-07-31 23:59:59.999999999,0.0,,
40012,2025-08-31 23:59:59.999999999,0.0,,
40012,2025-09-30 23:59:59.999999999,0.0,,
40012,2025-10-31 23:59:59.999999999,0.0,,
40012,2025-11-30 23:59:59.999999999,0.0,,
40012,2025-12-31 23:59:59.999999999,0.0,,
40012,2026-01-31 23:59:59.999999999,0.0,,
40012,2026-02-28 23:59:59.999999999,0.0,,
40012,2026-03-31 23:59:59.999999999,0.0,,
40012,2026-04-30 23:59:59.999999999,0.0,,
40012,2026-05-31 23:59:59.999999999,0.0,,
40012,2026-06-30 23:59:59.999999999,0.0,,
40012,2026-07-31 23:59:59.999999999,0.0,,
40012,2026-08-31 23:59:59.999999999,0.0,,
40012,2026-09-30 23:59:59.999999999,0.0,,
40012,2026-10-31 23:59:59.999999999,0.0,,
40012,2026-11-30 23:59:59.999999999,0.0,,
40012,2026-12-31 23:59:59.999999999,0.0,,
40012,2027-01-31 23:59:59.999999999,0.0,,
40012,2027-02-28 23:59:59.999999999,0.0,,
40012,2027-03-31 23:59:59.999999999,0.0,,
40012,2027-04-30 23:59:59.999999999,0.0,,
40012,2027-05-31 23:59:59.999999999,0.0,,
40012,2024-12-31 23:59:59.999999999,0.0,,
40012,2025-01-31 23:59:59.999999999,0.0,,
40012,2025-02-28 23:59:59.999999999,0.0,,
40012,2025-03-31 23:59:59.999999999,0.0,,
40012,2025-04-30 23:59:59.999999999,0.0,,
40012,2025-05-31 23:59:59.999999999,0.0,,
40012,2025-06-30 23:59:59.999999999,0.0,,
40012,2025-07-31 23:59:59.999999999,0.0,,
40012,2025-08-31 23:59:59.999999999,0.0,,
40012,2025-09-30 23:59:59.999999999,0.0,,
40012,2025-10-31 23:59:59.999999999,0.0,,
40012,2025-11-30 23:59:59.999999999,0.0,,
40012,2025-12-31 23:59:59.999999999,0.0,,
40012,2026-01-31 23:59:59.999999999,0.0,,
40012,2026-02-28 23:59:59.999999999,0.0,,
40012,2026-03-31 23:59:59.999999999,0.0,,
40012,2026-04-30 23:59:59.999999999,0.0,,
40012,2026-05-31 23:59:59.999999999,0.0,,
40012,2026-06-30 23:59:59.999999999,0.0,,
40012,2026-07-31 23:59:59.999999999,0.0,,
40012,2026-08-31 23:59:59.999999999,0.0,,
40012,2026-09-30 23:59:59.999999999,0.0,,
40012,2026-10-31 23:59:59.999999999,0.0,,
40012,2026-11-30 23:59:59.999999999,0.0,,
40012,2026-12-31 23:59:59.999999999,0.0,,
40012,2027-01-31 23:59:59.999999999,0.0,,
40012,2027-02-28 23:59:59.999999999,0.0,,
40012,2027-03-31 23:59:59.999999999,0.0,,
40012,2027-04-30 23:59:59.999999999,0.0,,
40012,2027-05-31 23:59:59.999999999,0.0,,
40012,2024-12-31 23:59:59.999999999,0.0,,
40012,2025-01-31 23:59:59.999999999,0.0,,
40012,2025-02-28 23:59:59.999999999,0.0,,
40012,2025-03-31 23:59:59.999999999,0.0,,
40012,2025-04-30 23:59:59.999999999,0.0,,
40012,2025-05-31 23:59:59.999999999,0.0,,
40012,2025-06-30 23:59:59.999999999,0.0,,
40012,2025-07-31 23:59:59.999999999,0.0,,
40012,2025-08-31 23:59:59.999999999,0.0,,
40012,2025-09-30 23:59:59.999999999,0.0,,
40012,2025-10-31 23:59:59.999999999,0.0,,
40012,2025-11-30 23:59:59.999999999,0.0,,
40012,2025-12-31 23:59:59.999999999,0.0,,
40012,2026-01-31 23:59:59.999999999,0.0,,
40012,2026-02-28 23:59:59.999999999,0.0,,
40012,2026-03-31 23:59:59.999999999,0.0,,
40012,2026-04-30 23:59:59.999999999,0.0,,
40012,2026-05-31 23:59:59.999999999,0.0,,
40012,2026-06-30 23:59:59.999999999,0.0,,
40012,2026-07-31 23:59:59.999999999,0.0,,
40012,2026-08-31 23:59:59.999999999,0.0,,
40012,2026-09-30 23:59:59.999999999,0.0,,
40012,2026-10-31 23:59:59.999999999,0.0,,
40012,2026-11-30 23:59:59.999999999,0.0,,
40012,2026-12-31 23:59:59.999999999,0.0,,
40012,2027-01-31 23:59:59.999999999,0.0,,
40012,2027-02-28 23:59:59.999999999,0.0,,
40012,2027-03-31 23:59:59.999999999,0.0,,
40012,2027-04-30 23:59:59.999999999,0.0,,
40012,2027-05-31 23:59:59.999999999,0.0,,
40012,2024-12-31 23:59:59.999999999,0.0,,
40012,2025-01-31 23:59:59.999999999,0.0,,
40012,2025-02-28 23:59:59.999999999,0.0,,
40012,2025-03-31 23:59:59.999999999,0.0,,
40012,2025-04-30 23:59:59.999999999,0.0,,
40012,2025-05-31 23:59:59.999999999,0.0,,
40012,2025-06-30 23:59:59.999999999,0.0,,
40012,2025-07-31 23:59:59.999999999,0.0,,
40012,2025-08-31 23:59:59.999999999,0.0,,
40012,2025-09-30 23:59:59.999999999,0.0,,
40012,2025-10-31 23:59:59.999999999,0.0,,
40012,2025-11-30 23:59:59.999999999,0.0,,
40012,2025-12-31 23:59:59.999999999,0.0,,
40012,2026-01-31 23:59:59.999999999,0.0,,
40012,2026-02-28 23:59:59.999999999,0.0,,
40012,2026-03-31 23:59:59.999999999,0.0,,
40012,2026-04-30 23:59:59.999999999,0.0,,
40012,2026-05-31 23:59:59.999999999,0.0,,
40012,2026-06-30 23:59:59.999999999,0.0,,
40012,2026-07-31 23:59:59.999999999,0.0,,
40012,2026-08-31 23:59:59.999999999,0.0,,
40012,2026-09-30 23:59:59.999999999,0.0,,
40012,2026-10-31 23:59:59.999999999,0.0,,
40012,2026-11-30 23:59:59.999999999,0.0,,
40012,2026-12-31 23:59:59.999999999,0.0,,
40012,2027-01-31 23:59:59.999999999,0.0,,
40012,2027-02-28 23:59:59.999999999,0.0,,
40012,2027-03-31 23:59:59.999999999,0.0,,
40012,2027-04-30 23:59:59.999999999,0.0,,
40012,2027-05-31 23:59:59.999999999,0.0,,
40014,2024-12-31 23:59:59.999999999,1788527200000.0,1788527247360.0,0.0
40014,2025-01-31 23:59:59.999999999,1794324700000.0,1794324692992.0,0.0
40014,2025-02-28 23:59:59.999999999,1800122000000.0,1800122007552.0,0.0
40014,2025-03-31 23:59:59.999999999,1805919300000.0,1805919322112.0,0.0
40014,2025-04-30 23:59:59.999999999,1811716600000.0,1811716636672.0,0.0
40014,2025-05-31 23:59:59.999999999,1817514100000.0,1817514082304.0,0.0
40014,2025-06-30 23:59:59.999999999,1823311400000.0,1823311396864.0,0.0
40014,2025-07-31 23:59:59.999999999,1829108700000.0,1829108711424.0,0.0
40014,2025-08-31 23:59:59.999999999,1834906200000.0,1834906157056.0,0.0
40014,2025-09-30 23:59:59.999999999,1840703500000.0,1840703471616.0,0.0
40014,2025-10-31 23:59:59.999999999,1846500800000.0,1846500786176.0,0.0
40014,2025-11-30 23:59:59.999999999,1852298100000.0,1852298100736.0,0.0
40014,2025-12-31 23:59:59.999999999,1858095500000.0,1858095546368.0,0.0
40014,2026-01-31 23:59:59.999999999,1863892900000.0,1863892860928.0,0.0
40014,2026-02-28 23:59:59.999999999,1869690200000.0,1869690175488.0,0.0
40014,2026-03-31 23:59:59.999999999,1875487600000.0,1875487621120.0,0.0
40014,2026-04-30 23:59:59.999999999,1881285000000.0,1881284935680.0,0.0
40014,2026-05-31 23:59:59.999999999,1887082300000.0,1887082250240.0,0.0
40014,2026-06-30 23:59:59.999999999,1892879700000.0,1892879695872.0,0.0
40014,2026-07-31 23:59:59.999999999,1898677000000.0,1898677010432.0,0.0
40014,2026-08-31 23:59:59.999999999,1904474300000.0,1904474324992.0,0.0
40014,2026-09-30 23:59:59.999999999,1910271600000.0,1910271639552.0,0.0
40014,2026-10-31 23:59:59.999999999,1916069100000.0,1916069085184.0,0.0
40014,2026-11-30 23:59:59.999999999,1921866400000.0,1921866399744.0,0.0
40014,2026-12-31 23:59:59.999999999,1927663700000.0,1927663714304.0,0.0
40014,2027-01-31 23:59:59.999999999,1933461200000.0,1933461159936.0,0.0
40014,2027-02-28 23:59:59.999999999,1939258500000.0,1939258474496.0,0.0
40014,2027-03-31 23:59:59.999999999,1945055800000.0,1945055789056.0,0.0
40014,2027-04-30 23:59:59.999999999,1950853100000.0,1950853103616.0,0.0
40014,2027-05-31 23:59:59.999999999,1956650500000.0,1956650549248.0,0.0
40014,2024-12-31 23:59:59.999999999,2345183000.0,2337987610.573347,0.3077589202830883
40014,2025-01-31 23:59:59.999999999,2345183000.0,2331957330.527537,0.5671478332526444
40014,2025-02-28 23:59:59.999999999,2345183000.0,2329977907.843618,0.6525842200132401
40014,2025-03-31 23:59:59.999999999,2345183000.0,2336978379.9775844,0.3510771042089972
40014,2025-04-30 23:59:59.999999999,2345183000.0,2335164293.8312726,0.4290354299778146
40014,2025-05-31 23:59:59.999999999,2345183000.0,2333423355.7658715,0.5039642808524455
40014,2025-06-30 23:59:59.999999999,2345183000.0,2339493075.6039085,0.2432108244057397
40014,2025-07-31 23:59:59.999999999,2345183000.0,2327447795.749041,0.7620012050689721
40014,2025-08-31 23:59:59.999999999,2345183000.0,2327667522.262437,0.7524895016165596
40014,2025-09-30 23:59:59.999999999,2345183000.0,2328816901.853366,0.7027634561398676
40014,2025-10-31 23:59:59.999999999,2345183000.0,2328201550.5604577,0.7293795262465326
40014,2025-11-30 23:59:59.999999999,2345183000.0,2334118403.78097,0.47403645852355764
40014,2025-12-31 23:59:59.999999999,2345183000.0,2337256195.08966,0.33914899560404205
40014,2026-01-31 23:59:59.999999999,2345183000.0,2334231739.976807,0.46915804612020623
40014,2026-02-28 23:59:59.999999999,2345183000.0,2332676545.245197,0.5361408027313355
40014,2026-03-31 23:59:59.999999999,2345183000.0,2334891893.6558056,0.44075198394223625
40014,2026-04-30 23:59:59.999999999,2345183000.0,2332031874.5324306,0.5639331782378031
40014,2026-05-31 23:59:59.999999999,2345183000.0,2330466035.775542,0.6315020257122372
40014,2026-06-30 23:59:59.999999999,2345183000.0,2333236951.608415,0.5119936225658474
40014,2026-07-31 23:59:59.999999999,2345183000.0,2329735686.655076,0.6630490073791356
40014,2026-08-31 23:59:59.999999999,2345183000.0,2328487766.9635053,0.7169979277265578
40014,2026-09-30 23:59:59.999999999,2345183000.0,2330652732.817523,0.6234409347166623
40014,2026-10-31 23:59:59.999999999,2345183000.0,2327360855.645938,0.7657652362257211
40014,2026-11-30 23:59:59.999999999,2345183000.0,2325997717.9491973,0.8248184382449915
40014,2026-12-31 23:59:59.999999999,2345183000.0,2328175482.4666796,0.7305073720345664
40014,2027-01-31 23:59:59.999999999,2345183000.0,2325190009.8681145,0.8598422514734413
40014,2027-02-28 23:59:59.999999999,2345183000.0,2324054910.310388,0.9091035498292148
40014,2027-03-31 23:59:59.999999999,2345183000.0,2325948114.399246,0.8269686448152704
40014,2027-04-30 23:59:59.999999999,2345183000.0,2323041398.2912097,0.9531288475994132
40014,2027-05-31 23:59:59.999999999,2345183000.0,2322002391.06713,0.9983015100262983
40014,2024-12-31 23:59:59.999999999,3140674800.0,3131038764.9034877,0.3077589202831011
40014,2025-01-31 23:59:59.999999999,3140674800.0,3122962999.0177884,0.5671478332526572
40014,2025-02-28 23:59:59.999999999,3140674800.0,3120312151.2855544,0.652584220013253
40014,2025-03-31 23:59:59.999999999,3140674800.0,3129687200.8046155,0.3510771042089983
40014,2025-04-30 23:59:59.999999999,3140674800.0,3127257772.170653,0.42903542997781935
40014,2025-05-31 23:59:59.999999999,3140674800.0,3124926303.6267586,0.503964280852443
40014,2025-06-30 23:59:59.999999999,3140674800.0,3133054887.3793206,0.24321082440573374
40014,2025-07-31 23:59:59.999999999,3140674800.0,3116923818.9386063,0.7620012050689635
40014,2025-08-31 23:59:59.999999999,3140674800.0,3117218077.226378,0.7524895016165584
40014,2025-09-30 23:59:59.999999999,3140674800.0,3118757329.2046657,0.702763456139874
40014,2025-10-31 23:59:59.999999999,3140674800.0,3117933249.238024,0.7293795262465436
40014,2025-11-30 23:59:59.999999999,3140674800.0,3125857113.639994,0.47403645852356174
40014,2025-12-31 23:59:59.999999999,3140674800.0,3130059251.486771,0.33914899560404566
40014,2026-01-31 23:59:59.999999999,3140674800.0,3126008893.7525268,0.4691580461202066
40014,2026-02-28 23:59:59.999999999,3140674800.0,3123926173.1386003,0.5361408027313377
40014,2026-03-31 23:59:59.999999999,3140674800.0,3126892973.184937,0.44075198394223664
40014,2026-04-30 23:59:59.999999999,3140674800.0,3123062828.5326924,0.5639331782377943
40014,2026-05-31 23:59:59.999999999,3140674800.0,3120965853.413904,0.6315020257122306
40014,2026-06-30 23:59:59.999999999,3140674800.0,3124676670.72011,0.5119936225658556
40014,2026-07-31 23:59:59.999999999,3140674800.0,3119987768.0734386,0.6630490073791347
40014,2026-08-31 23:59:59.999999999,3140674800.0,3118316550.949736,0.7169979277265579
40014,2026-09-30 23:59:59.999999999,3140674800.0,3121215878.5522294,0.6234409347166524
40014,2026-10-31 23:59:59.999999999,3140674800.0,3116807388.5384574,0.7657652362257327
40014,2026-11-30 23:59:59.999999999,3140674800.0,3114981871.1785307,0.8248184382449895
40014,2026-12-31 23:59:59.999999999,3140674800.0,3117898338.782649,0.7305073720345802
40014,2027-01-31 23:59:59.999999999,3140674800.0,3113900186.5275264,0.85984225147343
40014,2027-02-28 23:59:59.999999999,3140674800.0,3112380058.404865,0.9091035498292148
40014,2027-03-31 23:59:59.999999999,3140674800.0,3114915441.9822974,0.8269686448152699
40014,2027-04-30 23:59:59.999999999,3140674800.0,3111022760.6132116,0.9531288475994202
40014,2027-05-31 23:59:59.999999999,3140674800.0,3109631319.580378,0.9983015100263087
40014,2024-12-31 23:59:59.999999999,40592860000.0,40468314288.88775,0.3077589202830972
40014,2025-01-31 23:59:59.999999999,40756896000.0,40527047472.37913,0.5671478332526535
40014,2025-02-28 23:59:59.999999999,40923877000.0,40658546119.9345,0.6525842200132409
40014,2025-03-31 23:59:59.999999999,41093317000.0,40949552106.27872,0.35107710420900995
40014,2025-04-30 23:59:59.999999999,41264810000.0,41088527690.551285,0.42903542997782695
40014,2025-05-31 23:59:59.999999999,41438030000.0,41230246158.45386,0.5039642808524395
40014,2025-06-30 23:59:59.999999999,41612694000.0,41511732477.21706,0.24321082440573713
40014,2025-07-31 23:59:59.999999999,41788560000.0,41472538119.75478,0.7620012050689626
40014,2025-08-31 23:59:59.999999999,41965430000.0,41652001795.2774,0.7524895016165584
40014,2025-09-30 23:59:59.999999999,42143146000.0,41849046180.698944,0.7027634561398838
40014,2025-10-31 23:59:59.999999999,42321564000.0,42015114008.49291,0.7293795262465363
40014,2025-11-30 23:59:59.999999999,42500575000.0,42300057537.29677,0.47403645852356474
40014,2025-12-31 23:59:59.999999999,42680080000.0,42535818534.66772,0.3391489956040409
40014,2026-01-31 23:59:59.999999999,42859990000.0,42659848926.299545,0.4691580461201968
40014,2026-02-28 23:59:59.999999999,43040250000.0,42810726133.25406,0.5361408027313337
40014,2026-03-31 23:59:59.999999999,43220800000.0,43031138889.63101,0.4407519839422367
40014,2026-04-30 23:59:59.999999999,43401593000.0,43158209370.22795,0.5639331782377964
40014,2026-05-31 23:59:59.999999999,43582583000.0,43309085034.68851,0.6315020257122363
40014,2026-06-30 23:59:59.999999999,43763745000.0,43540818553.79162,0.5119936225658505
40014,2026-07-31 23:59:59.999999999,43945050000.0,43655592141.63938,0.6630490073791235
40014,2026-08-31 23:59:59.999999999,44126470000.0,43812336598.50017,0.7169979277265617
40014,2026-09-30 23:59:59.999999999,44307990000.0,44033465829.04725,0.6234409347166552
40014,2026-10-31 23:59:59.999999999,44489593000.0,44151496024.173294,0.7657652362257334
40014,2026-11-30 23:59:59.999999999,44671263000.0,44305820146.21832,0.8248184382450017
40014,2026-12-31 23:59:59.999999999,44852994000.0,44527715801.47164,0.7305073720345835
40014,2027-01-31 23:59:59.999999999,45034770000.0,44650843612.9763,0.8598422514734327
40014,2027-02-28 23:59:59.999999999,45216588000.0,44809225516.18141,0.9091035498292254
40014,2027-03-31 23:59:59.999999999,45398440000.0,45026090334.94382,0.8269686448152671
40014,2027-04-30 23:59:59.999999999,45580320000.0,45149983252.930016,0.9531288475994233
40014,2027-05-31 23:59:59.999999999,45762230000.0,45309898819.88965,0.99830151002631
40014,2024-12-31 23:59:59.999999999,60842824000.0,60656148970.84203,0.30775892028309093
40014,2025-01-31 23:59:59.999999999,61899407000.0,61550326019.61978,0.5671478332526547
40014,2025-02-28 23:59:59.999999999,62742995000.0,62336198747.61696,0.6525842200132435
40014,2025-03-31 23:59:59.999999999,61656347000.0,61440642595.16948,0.3510771042089971
40014,2025-04-30 23:59:59.999999999,62721450000.0,62453502331.73483,0.4290354299778214
40014,2025-05-31 23:59:59.999999999,63502086000.0,63183663050.88935,0.503964280852449
40014,2025-06-30 23:59:59.999999999,62470525000.0,62318958475.331085,0.24321082440572603
40014,2025-07-31 23:59:59.999999999,63541550000.0,63061025331.04856,0.7620012050689706
40014,2025-08-31 23:59:59.999999999,64262492000.0,63782535278.166916,0.7524895016165589
40014,2025-09-30 23:59:59.999999999,63285280000.0,62843638641.1216,0.7027634561398791
40014,2025-10-31 23:59:59.999999999,64359790000.0,63893760536.10069,0.7293795262465357
40014,2025-11-30 23:59:59.999999999,65024217000.0,64717432861.21732,0.47403645852355913
40014,2025-12-31 23:59:59.999999999,64100520000.0,63883858471.64032,0.33914899560404876
40014,2026-01-31 23:59:59.999999999,65176252000.0,64871900674.315346,0.46915804612019923
40014,2026-02-28 23:59:59.999999999,65787250000.0,65436417306.97178,0.5361408027313296
40014,2026-03-31 23:59:59.999999999,64916173000.0,64631309023.23226,0.4407519839422434
40014,2026-04-30 23:59:59.999999999,65991020000.0,65620962166.46443,0.5639331782378016
40014,2026-05-31 23:59:59.999999999,66551587000.0,66133949584.68918,0.6315020257122367
40014,2026-06-30 23:59:59.999999999,65732166000.0,65397335445.19261,0.5119936225658592
40014,2026-07-31 23:59:59.999999999,66804180000.0,66364152092.296455,0.6630490073791252
40014,2026-08-31 23:59:59.999999999,67317215000.0,66837988241.37522,0.7169979277265549
40014,2026-09-30 23:59:59.999999999,66548430000.0,66136109222.47816,0.6234409347166509
40014,2026-10-31 23:59:59.999999999,67615800000.0,67101957877.74539,0.765765236225732
40014,2026-11-30 23:59:59.999999999,68084130000.0,67527153380.09897,0.8248184382449903
40014,2026-12-31 23:59:59.999999999,67364893000.0,66876355961.55277,0.7305073720345757
40014,2027-01-31 23:59:59.999999999,68425970000.0,67842630066.18016,0.8598422514734386
40014,2027-02-28 23:59:59.999999999,68852310000.0,68232010387.44787,0.9091035498292214
40014,2027-03-31 23:59:59.999999999,68181504000.0,67622288874.10475,0.8269686448152659
40014,2027-04-30 23:59:59.999999999,69234750000.0,68581087407.91776,0.9531288475994196
40014,2027-05-31 23:59:59.999999999,69621735000.0,68933570548.30127,0.9983015100262914
40014,2024-12-31 23:59:59.999999999,7875651600.0,7851487929.521946,0.30775892028309215
40014,2025-01-31 23:59:59.999999999,7753415000.0,7709689829.183287,0.567147833252655
40014,2025-02-28 23:59:59.999999999,7640589300.0,7591051309.0241995,0.6525842200132412
40014,2025-03-31 23:59:59.999999999,7536449500.0,7510083352.841163,0.3510771042090052
40014,2025-04-30 23:59:59.999999999,7440327000.0,7408541898.411065,0.42903542997782046
40014,2025-05-31 23:59:59.999999999,7351604000.0,7314740544.419096,0.5039642808524463
40014,2025-06-30 23:59:59.999999999,7269712000.0,7252074042.933667,0.2432108244057285
40014,2025-07-31 23:59:59.999999999,7194124300.0,7139719539.073713,0.7620012050689742
40014,2025-08-31 23:59:59.999999999,7124355600.0,7071145953.059245,0.7524895016165575
40014,2025-09-30 23:59:59.999999999,7059958300.0,7010689706.717827,0.702763456139882
40014,2025-10-31 23:59:59.999999999,7000518700.0,6949828033.216377,0.7293795262465386
40014,2025-11-30 23:59:59.999999999,6945655000.0,6912885187.873604,0.4740364585235658
40014,2025-12-31 23:59:59.999999999,6895014400.0,6871709067.716009,0.339148995604044
40014,2026-01-31 23:59:59.999999999,6848273000.0,6816293705.632838,0.46915804612020806
40014,2026-02-28 23:59:59.999999999,6805129700.0,6768839219.075256,0.5361408027313372
40014,2026-03-31 23:59:59.999999999,6765308000.0,6735620522.9144335,0.440751983942247
40014,2026-04-30 23:59:59.999999999,6728552000.0,6690820181.102532,0.5639331782377996
40014,2026-05-31 23:59:59.999999999,6694626000.0,6652614397.318112,0.6315020257122342
40014,2026-06-30 23:59:59.999999999,6663311000.0,6629368902.005368,0.5119936225658586
40014,2026-07-31 23:59:59.999999999,6634407400.0,6590707801.34393,0.6630490073791291
40014,2026-08-31 23:59:59.999999999,6607728600.0,6560688638.417952,0.7169979277265575
40014,2026-09-30 23:59:59.999999999,6583104000.0,6542316520.731032,0.6234409347166541
40014,2026-10-31 23:59:59.999999999,6560375000.0,6510519489.055115,0.7657652362257324
40014,2026-11-30 23:59:59.999999999,6539395600.0,6485898695.672204,0.824818438244995
40014,2026-12-31 23:59:59.999999999,6520031000.0,6472747335.540704,0.7305073720345728
40014,2027-01-31 23:59:59.999999999,6502158000.0,6446726148.736379,0.8598422514734317
40014,2027-02-28 23:59:59.999999999,6485660700.0,6427230491.446553,0.909103549829222
40014,2027-03-31 23:59:59.999999999,6470433300.0,6417363694.42336,0.826968644815272
40014,2027-04-30 23:59:59.999999999,6456378400.0,6395421758.29603,0.9531288475994268
40014,2027-05-31 23:59:59.999999999,6443405300.0,6379716505.787328,0.9983015100263037
40014,2024-12-31 23:59:59.999999999,154321680000.0,153848200870.12714,0.30775892028309065
40014,2025-01-31 23:59:59.999999999,155101800000.0,154227110874.38776,0.5671478332526444
40014,2025-02-28 23:59:59.999999999,155778300000.0,154768308393.84036,0.6525842200132455
40014,2025-03-31 23:59:59.999999999,157764630000.0,157212694799.64847,0.3510771042089955
40014,2025-04-30 23:59:59.999999999,158257820000.0,157581742238.62,0.42903542997782096
40014,2025-05-31 23:59:59.999999999,159242400000.0,158443903162.8707,0.5039642808524433
40014,2025-06-30 23:59:59.999999999,159754290000.0,159366692106.30014,0.24321082440572098
40014,2025-07-31 23:59:59.999999999,161551960000.0,160330239657.71823,0.7620012050689626
40014,2025-08-31 23:59:59.999999999,162193880000.0,160982506673.84018,0.752489501616557
40014,2025-09-30 23:59:59.999999999,163515900000.0,162374797358.1855,0.702763456139882
40014,2025-10-31 23:59:59.999999999,164991390000.0,163796686106.8662,0.7293795262465377
40014,2025-11-30 23:59:59.999999999,166134820000.0,165351000931.05316,0.4740364585235692
40014,2025-12-31 23:59:59.999999999,167076200000.0,166511478441.30087,0.3391489956040506
40014,2026-01-31 23:59:59.999999999,168041040000.0,167256341241.41962,0.46915804612020284
40014,2026-02-28 23:59:59.999999999,168987970000.0,168086785646.15143,0.5361408027313332
40014,2026-03-31 23:59:59.999999999,170161030000.0,169414332090.22983,0.4407519839422336
40014,2026-04-30 23:59:59.999999999,171076320000.0,170116975214.94833,0.5639331782377986
40014,2026-05-31 23:59:59.999999999,172076450000.0,170996602781.5355,0.6315020257122393
40014,2026-06-30 23:59:59.999999999,172994970000.0,172113758134.79144,0.5119936225658577
40014,2026-07-31 23:59:59.999999999,174135440000.0,172988445286.6463,0.6630490073791305
40014,2026-08-31 23:59:59.999999999,175076430000.0,173830067744.50623,0.7169979277265539
40014,2026-09-30 23:59:59.999999999,176134800000.0,175043506486.99664,0.6234409347166644
40014,2026-10-31 23:59:59.999999999,177219670000.0,175872892449.67572,0.765765236225728
40014,2026-11-30 23:59:59.999999999,178247200000.0,176789016459.45047,0.824818438244997
40014,2026-12-31 23:59:59.999999999,179239880000.0,177940013737.8457,0.7305073720345742
40014,2027-01-31 23:59:59.999999999,180236580000.0,178700044426.61813,0.8598422514734374
40014,2027-02-28 23:59:59.999999999,181230200000.0,179597479910.72775,0.9091035498292205
40014,2027-03-31 23:59:59.999999999,182262870000.0,180767979600.83502,0.8269686448152749
40014,2027-04-30 23:59:59.999999999,183251040000.0,181520914107.21793,0.9531288475994281
40014,2027-05-31 23:59:59.999999999,184253840000.0,182432613868.96567,0.9983015100262994
40014,2024-12-31 23:59:59.999999999,19743711000.0,19683134629.38673,0.30775892028310126
40014,2025-01-31 23:59:59.999999999,19743711000.0,19632366689.703133,0.5671478332526553
40014,2025-02-28 23:59:59.999999999,19743711000.0,19615702254.442726,0.6525842200132362
40014,2025-03-31 23:59:59.999999999,19743711000.0,19674638082.35686,0.35107710420899635
40014,2025-04-30 23:59:59.999999999,19743711000.0,19659365588.317253,0.4290354299778118
40014,2025-05-31 23:59:59.999999999,19743711000.0,19644708915.985996,0.5039642808524388
40014,2025-06-30 23:59:59.999999999,19743711000.0,19695808892.818398,0.243210824405739
40014,2025-07-31 23:59:59.999999999,19743711000.0,19594401655.260857,0.7620012050689773
40014,2025-08-31 23:59:59.999999999,19743711000.0,19596251496.77638,0.7524895016165657
40014,2025-09-30 23:59:59.999999999,19743711000.0,19605927935.234055,0.7027634561398819
40014,2025-10-31 23:59:59.999999999,19743711000.0,19600747393.52036,0.7293795262465458
40014,2025-11-30 23:59:59.999999999,19743711000.0,19650560411.346024,0.47403645852355514
40014,2025-12-31 23:59:59.999999999,19743711000.0,19676976962.26723,0.33914899560404693
40014,2026-01-31 23:59:59.999999999,19743711000.0,19651514570.209377,0.46915804612021006
40014,2026-02-28 23:59:59.999999999,19743711000.0,19638421640.57247,0.5361408027313296
40014,2026-03-31 23:59:59.999999999,19743711000.0,19657072295.870987,0.4407519839422464
40014,2026-04-30 23:59:59.999999999,19743711000.0,19632994263.466785,0.5639331782378071
40014,2026-05-31 23:59:59.999999999,19743711000.0,19619811723.525013,0.631502025712235
40014,2026-06-30 23:59:59.999999999,19743711000.0,19643139609.925472,0.5119936225658649
40014,2026-07-31 23:59:59.999999999,19743711000.0,19613663033.942757,0.6630490073791226
40014,2026-08-31 23:59:59.999999999,19743711000.0,19603157002.522926,0.7169979277265613
40014,2026-09-30 23:59:59.999999999,19743711000.0,19621383495.33236,0.6234409347166608
40014,2026-10-31 23:59:59.999999999,19743711000.0,19593669720.7774,0.765765236225723
40014,2026-11-30 23:59:59.999999999,19743711000.0,19582193687.849766,0.8248184382450041
40014,2026-12-31 23:59:59.999999999,19743711000.0,19600527930.50993,0.7305073720345718
40014,2027-01-31 23:59:59.999999999,19743711000.0,19575393725.852837,0.8598422514734392
40014,2027-02-28 23:59:59.999999999,19743711000.0,19565837508.655,0.9091035498292281
40014,2027-03-31 23:59:59.999999999,19743711000.0,19581776083.68995,0.8269686448152677
40014,2027-04-30 23:59:59.999999999,19743711000.0,19557304917.022873,0.9531288475994316
40014,2027-05-31 23:59:59.999999999,19743711000.0,19548557685.437912,0.9983015100262951
40014,2024-12-31 23:59:59.999999999,445920740000.0,444552589079.75757,0.30775892028310076
40014,2025-01-31 23:59:59.999999999,448691270000.0,446160881953.1816,0.5671478332526584
40014,2025-02-28 23:59:59.999999999,450496500000.0,447575687308.0121,0.6525842200132459
40014,2025-03-31 23:59:59.999999999,450049500000.0,448475014234.9231,0.351077104209008
40014,2025-04-30 23:59:59.999999999,451738470000.0,449808629962.36365,0.4290354299778166
40014,2025-05-31 23:59:59.999999999,453193040000.0,450920561307.9884,0.5039642808524415
40014,2025-06-30 23:59:59.999999999,454414300000.0,453311799866.41644,0.24321082440572842
40014,2025-07-31 23:59:59.999999999,458084970000.0,454620758930.45624,0.7620012050689675
40014,2025-08-31 23:59:59.999999999,459297520000.0,455867169075.39105,0.7524895016165637
40014,2025-09-30 23:59:59.999999999,461216900000.0,457998262842.9841,0.702763456139872
40014,2025-10-31 23:59:59.999999999,461502900000.0,458161172578.00494,0.7293795262465425
40014,2025-11-30 23:59:59.999999999,460377030000.0,458204972033.7921,0.47403645852356635
40014,2025-12-31 23:59:59.999999999,461944550000.0,460383168579.8314,0.33914899560404577
40014,2026-01-31 23:59:59.999999999,463512080000.0,461347626776.3939,0.469158046120208
40014,2026-02-28 23:59:59.999999999,465079600000.0,462599414887.5912,0.53614080273134
40014,2026-03-31 23:59:59.999999999,466647120000.0,464599390887.28076,0.44075198394223697
40014,2026-04-30 23:59:59.999999999,468214640000.0,465589033700.72485,0.5639331782377972
40014,2026-05-31 23:59:59.999999999,469782170000.0,466834100749.05426,0.6315020257122278
40014,2026-06-30 23:59:59.999999999,471349700000.0,468948702915.96497,0.5119936225658541
40014,2026-07-31 23:59:59.999999999,472917200000.0,469802194397.40265,0.6630490073791305
40014,2026-08-31 23:59:59.999999999,474484700000.0,471106876688.7643,0.716997927726551
40014,2026-09-30 23:59:59.999999999,476052230000.0,473102710090.0448,0.6234409347166547
40014,2026-10-31 23:59:59.999999999,477619750000.0,473990097474.3887,0.7657652362257317
40014,2026-11-30 23:59:59.999999999,479187270000.0,475267180345.5825,0.8248184382449998
40014,2026-12-31 23:59:59.999999999,480754800000.0,477268314275.8299,0.73050737203458
40014,2027-01-31 23:59:59.999999999,482322320000.0,478210461711.24054,0.8598422514734394
40014,2027-02-28 23:59:59.999999999,483889840000.0,479530412128.8262,0.909103549829216
40014,2027-03-31 23:59:59.999999999,485457360000.0,481475709791.6215,0.826968644815271
40014,2027-04-30 23:59:59.999999999,487024900000.0,482426737357.71094,0.9531288475994265
40014,2027-05-31 23:59:59.999999999,488592380000.0,483762962844.9707,0.9983015100262971
40014,2024-12-31 23:59:59.999999999,52113452.0,51998628.21788307,0.22082079095586152
40014,2025-01-31 23:59:59.999999999,87361750.0,87036112.09405914,0.37414344242415654
40014,2025-02-28 23:59:59.999999999,119715730.0,119102497.353461,0.5148763965201464
40014,2025-03-31 23:59:59.999999999,147671540.0,146737583.1985949,0.6364782498435242
40014,2025-04-30 23:59:59.999999999,172118260.0,170849160.56573412,0.7428163123913026
40014,2025-05-31 23:59:59.999999999,193444640.0,191841646.551769,0.8355815731587977
40014,2025-06-30 23:59:59.999999999,212058050.0,210132090.8068301,0.9165459620065279
40014,2025-07-31 23:59:59.999999999,228302000.0,226070226.31981412,0.9872037182944503
40014,2025-08-31 23:59:59.999999999,242478400.0,239961520.25634277,1.0488680605826024
40014,2025-09-30 23:59:59.999999999,254850350.0,252070808.94370526,1.1026834356355368
40014,2025-10-31 23:59:59.999999999,265647570.0,262628264.67098176,1.149649042078845
40014,2025-11-30 23:59:59.999999999,275070460.0,271833909.84999156,1.1906366471329848
40014,2025-12-31 23:59:59.999999999,283293980.0,279861739.42114866,1.2264072202046685
40014,2026-01-31 23:59:59.999999999,290470800.0,286863122.28200245,1.2576247826135762
40014,2026-02-28 23:59:59.999999999,296734080.0,292969802.4275208,1.2848687957901228
40014,2026-03-31 23:59:59.999999999,302200160.0,298296517.27911794,1.308645087944287
40014,2026-04-30 23:59:59.999999999,306970500.0,302943184.3310044,1.3293950408190278
40014,2026-05-31 23:59:59.999999999,311133660.0,306996869.0894011,1.3475039412842318
40014,2026-06-30 23:59:59.999999999,314766900.0,310533386.11981857,1.3633078018052256
40014,2026-07-31 23:59:59.999999999,317937700.0,313618850.6764988,1.3771000417178891
40014,2026-08-31 23:59:59.999999999,320704900.0,316310904.8918411,1.38913677657157
40014,2026-09-30 23:59:59.999999999,323119870.0,318659777.78826314,1.3996414115057894
40014,2026-10-31 23:59:59.999999999,325227500.0,320709306.1254029,1.4088090954337273
40014,2026-11-30 23:59:59.999999999,327066800.0,322497637.9151287,1.416809783293283
40014,2026-12-31 23:59:59.999999999,328672030.0,324058118.0079715,1.4237921334576709
40014,2027-01-31 23:59:59.999999999,330072900.0,325419765.64568675,1.4298855956338954
40014,2027-02-28 23:59:59.999999999,331295500.0,326607998.21158326,1.4352036123071588
40014,2027-03-31 23:59:59.999999999,332362460.0,327644886.3630944,1.4398447322866548
40014,2027-04-30 23:59:59.999999999,333293630.0,328549718.6580606,1.4438951161838114
40014,2027-05-31 23:59:59.999999999,334106270.0,329339316.17192197,1.4474299283446563
40014,2024-12-31 23:59:59.999999999,22988276000.0,22937624667.782116,0.22082079095586496
40014,2025-01-31 23:59:59.999999999,22988276000.0,22902587183.90594,0.3741434424241548
40014,2025-02-28 23:59:59.999999999,22988276000.0,22870520798.646538,0.5148763965201477
40014,2025-03-31 23:59:59.999999999,22988276000.0,22842885712.801407,0.6364782498435168
40014,2025-04-30 23:59:59.999999999,22988276000.0,22818774135.434265,0.7428163123913101
40014,2025-05-31 23:59:59.999999999,22988276000.0,22797781649.44823,0.8355815731588065
40014,2025-06-30 23:59:59.999999999,22988276000.0,22779491205.19317,0.9165459620065333
40014,2025-07-31 23:59:59.999999999,22988276000.0,22763553069.680187,0.9872037182944481
40014,2025-08-31 23:59:59.999999999,22988276000.0,22749661775.743656,1.0488680605826013
40014,2025-09-30 23:59:59.999999999,22988276000.0,22737552487.056293,1.1026834356355402
40014,2025-10-31 23:59:59.999999999,22988276000.0,22726995031.329018,1.149649042078852
40014,2025-11-30 23:59:59.999999999,22988276000.0,22717789386.15001,1.1906366471329906
40014,2025-12-31 23:59:59.999999999,22988276000.0,22709761556.57885,1.226407220204682
40014,2026-01-31 23:59:59.999999999,22988276000.0,22702760173.718,1.2576247826135716
40014,2026-02-28 23:59:59.999999999,22988276000.0,22696653493.57248,1.2848687957901193
40014,2026-03-31 23:59:59.999999999,22988276000.0,22691326778.720882,1.3086450879442875
40014,2026-04-30 23:59:59.999999999,22988276000.0,22686680111.668995,1.3293950408190314
40014,2026-05-31 23:59:59.999999999,22988276000.0,22682626426.9106,1.3475039412842416
40014,2026-06-30 23:59:59.999999999,22988276000.0,22679089909.88018,1.363307801805232
40014,2026-07-31 23:59:59.999999999,22988276000.0,22676004445.3235,1.3771000417178807
40014,2026-08-31 23:59:59.999999999,22988276000.0,22673312391.10816,1.3891367765715685
40014,2026-09-30 23:59:59.999999999,22988276000.0,22670963518.21174,1.3996414115057896
40014,2026-10-31 23:59:59.999999999,22988276000.0,22668913989.874596,1.408809095433738
40014,2026-11-30 23:59:59.999999999,22988276000.0,22667125658.084873,1.4168097832932758
40014,2026-12-31 23:59:59.999999999,22988276000.0,22665565177.992027,1.4237921334576757
40014,2027-01-31 23:59:59.999999999,22988276000.0,22664203530.354313,1.4298855956339043
40014,2027-02-28 23:59:59.999999999,22988276000.0,22663015297.788418,1.4352036123071537
40014,2027-03-31 23:59:59.999999999,22988276000.0,22661978409.636906,1.4398447322866472
40014,2027-04-30 23:59:59.999999999,22988276000.0,22661073577.341938,1.4438951161838185
40014,2027-05-31 23:59:59.999999999,22988276000.0,22660283979.82808,1.4474299283446546
40014,2024-12-31 23:59:59.999999999,0.0,0.0,
40014,2025-01-31 23:59:59.999999999,0.0,0.0,
40014,2025-02-28 23:59:59.999999999,0.0,0.0,
40014,2025-03-31 23:59:59.999999999,0.0,0.0,
40014,2025-04-30 23:59:59.999999999,0.0,0.0,
40014,2025-05-31 23:59:59.999999999,0.0,0.0,
40014,2025-06-30 23:59:59.999999999,0.0,0.0,
40014,2025-07-31 23:59:59.999999999,0.0,0.0,
40014,2025-08-31 23:59:59.999999999,0.0,0.0,
40014,2025-09-30 23:59:59.999999999,0.0,0.0,
40014,2025-10-31 23:59:59.999999999,0.0,0.0,
40014,2025-11-30 23:59:59.999999999,0.0,0.0,
40014,2025-12-31 23:59:59.999999999,0.0,0.0,
40014,2026-01-31 23:59:59.999999999,0.0,0.0,
40014,2026-02-28 23:59:59.999999999,0.0,0.0,
40014,2026-03-31 23:59:59.999999999,0.0,0.0,
40014,2026-04-30 23:59:59.999999999,0.0,0.0,
40014,2026-05-31 23:59:59.999999999,0.0,0.0,
40014,2026-06-30 23:59:59.999999999,0.0,0.0,
40014,2026-07-31 23:59:59.999999999,0.0,0.0,
40014,2026-08-31 23:59:59.999999999,0.0,0.0,
40014,2026-09-30 23:59:59.999999999,0.0,0.0,
40014,2026-10-31 23:59:59.999999999,0.0,0.0,
40014,2026-11-30 23:59:59.999999999,0.0,0.0,
40014,2026-12-31 23:59:59.999999999,0.0,0.0,
40014,2027-01-31 23:59:59.999999999,0.0,0.0,
40014,2027-02-28 23:59:59.999999999,0.0,0.0,
40014,2027-03-31 23:59:59.999999999,0.0,0.0,
40014,2027-04-30 23:59:59.999999999,0.0,0.0,
40014,2027-05-31 23:59:59.999999999,0.0,0.0,
40014,2024-12-31 23:59:59.999999999,5807772000.0,5094738441.352824,13.995492150483027
40014,2025-01-31 23:59:59.999999999,5807772000.0,5067172820.632355,14.615632140117585
40014,2025-02-28 23:59:59.999999999,5807772000.0,4999113557.321942,16.17603987998347
40014,2025-03-31 23:59:59.999999999,5807772000.0,4998311904.59382,16.19467273865455
40014,2025-04-30 23:59:59.999999999,5807772000.0,5020280849.438561,15.686200317846898
40014,2025-05-31 23:59:59.999999999,5807772000.0,5153730718.949537,12.690640561518768
40014,2025-06-30 23:59:59.999999999,5807772000.0,5052824986.142454,14.94109089327286
40014,2025-07-31 23:59:59.999999999,5807772000.0,5016070662.814263,15.783300324193462
40014,2025-08-31 23:59:59.999999999,5807772000.0,5327474582.833684,9.015483221899217
40014,2025-09-30 23:59:59.999999999,5807772000.0,5041217748.588959,15.205738963082888
40014,2025-10-31 23:59:59.999999999,5807772000.0,4886853265.178297,18.84482395622131
40014,2025-11-30 23:59:59.999999999,5807772000.0,4996040331.835978,16.24750350775735
40014,2025-12-31 23:59:59.999999999,5807772000.0,4823256457.26319,20.41184646639012
40014,2026-01-31 23:59:59.999999999,5807772000.0,4800979649.121029,20.970564019435
40014,2026-02-28 23:59:59.999999999,5807772000.0,4767665882.970852,21.81583824370327
40014,2026-03-31 23:59:59.999999999,5807772000.0,4777568019.362982,21.563358940400406
40014,2026-04-30 23:59:59.999999999,5807772000.0,4795558936.189827,21.10730443059465
40014,2026-05-31 23:59:59.999999999,5807772000.0,4820286833.755936,20.486028327791903
40014,2026-06-30 23:59:59.999999999,5807772000.0,4802203107.834314,20.939744312880066
40014,2026-07-31 23:59:59.999999999,5807772000.0,4793348772.9308195,21.163145748915053
40014,2026-08-31 23:59:59.999999999,5807772000.0,4863714006.140049,19.410231618638623
40014,2026-09-30 23:59:59.999999999,5807772000.0,4841104867.507625,19.9679064789615
40014,2026-10-31 23:59:59.999999999,5807772000.0,4719296358.908115,23.064366344302243
40014,2026-11-30 23:59:59.999999999,5807772000.0,4672493884.414763,24.297052145364802
40014,2026-12-31 23:59:59.999999999,5807772000.0,4628402294.919027,25.481144246593747
40014,2027-01-31 23:59:59.999999999,5807772000.0,4628703324.919168,25.47298351858448
40014,2027-02-28 23:59:59.999999999,5807772000.0,4615743774.448338,25.82527202117346
40014,2027-03-31 23:59:59.999999999,5807772000.0,4626305398.337798,25.538019216947834
40014,2027-04-30 23:59:59.999999999,5807772000.0,4642154012.700268,25.10942429119689
40014,2027-05-31 23:59:59.999999999,5807772000.0,4651651726.943637,24.853976628555355
40014,2024-12-31 23:59:59.999999999,104672610000.0,91821708281.08177,13.995492150483033
40014,2025-01-31 23:59:59.999999999,103507630000.0,90308477295.193,14.61563214011757
40014,2025-02-28 23:59:59.999999999,103956290000.0,89481696648.80368,16.176039879983474
40014,2025-03-31 23:59:59.999999999,103702950000.0,89249318871.31267,16.194672738654535
40014,2025-04-30 23:59:59.999999999,102733210000.0,88803339825.96138,15.686200317846904
40014,2025-05-31 23:59:59.999999999,101892284000.0,90417699205.79707,12.690640561518778
40014,2025-06-30 23:59:59.999999999,100466710000.0,87407133336.92572,14.941090893272865
40014,2025-07-31 23:59:59.999999999,100117406000.0,86469642354.01053,15.783300324193464
40014,2025-08-31 23:59:59.999999999,100171900000.0,91887772194.80075,9.015483221899231
40014,2025-09-30 23:59:59.999999999,97753600000.0,84851324928.63455,15.205738963082888
40014,2025-10-31 23:59:59.999999999,102079270000.0,85892900858.3519,18.84482395622129
40014,2025-11-30 23:59:59.999999999,105730000000.0,90952489866.54109,16.247503507757347
40014,2025-12-31 23:59:59.999999999,105789555000.0,87856434223.46193,20.411846466390116
40014,2026-01-31 23:59:59.999999999,105505840000.0,87216127334.1253,20.970564019435002
40014,2026-02-28 23:59:59.999999999,105753035000.0,86813862857.82625,21.815838243703254
40014,2026-03-31 23:59:59.999999999,104911544000.0,86301945943.62567,21.563358940400402
40014,2026-04-30 23:59:59.999999999,103838510000.0,85740911744.51726,21.107304430594652
40014,2026-05-31 23:59:59.999999999,103469960000.0,85877141570.7236,20.486028327791907
40014,2026-06-30 23:59:59.999999999,102644920000.0,84872774295.31354,20.93974431288008
40014,2026-07-31 23:59:59.999999999,102296400000.0,84428646463.16432,21.163145748915053
40014,2026-08-31 23:59:59.999999999,102012220000.0,85430052437.88257,19.410231618638615
40014,2026-09-30 23:59:59.999999999,99808050000.0,83195626338.20164,19.967906478961485
40014,2026-10-31 23:59:59.999999999,103663630000.0,84235295287.65132,23.064366344302258
40014,2026-11-30 23:59:59.999999999,106982320000.0,86069875538.87015,24.297052145364788
40014,2026-12-31 23:59:59.999999999,107016670000.0,85285058387.49158,25.48114424659374
40014,2027-01-31 23:59:59.999999999,106601190000.0,84959479309.91115,25.472983518584474
40014,2027-02-28 23:59:59.999999999,106726244000.0,84820992347.2611,25.82527202117347
40014,2027-03-31 23:59:59.999999999,106097430000.0,84514179125.80597,25.53801921694782
40014,2027-04-30 23:59:59.999999999,105299770000.0,84166138553.16832,25.1094242911969
40014,2027-05-31 23:59:59.999999999,104983320000.0,84084884966.32254,24.853976628555355
40014,2024-12-31 23:59:59.999999999,44458127000.0,38999899488.40413,13.99549215048303
40014,2025-01-31 23:59:59.999999999,46465990000.0,40540709664.450775,14.615632140117588
40014,2025-02-28 23:59:59.999999999,48138220000.0,41435583076.966255,16.176039879983474
40014,2025-03-31 23:59:59.999999999,48416883000.0,41668762901.80654,16.194672738654535
40014,2025-04-30 23:59:59.999999999,48695517000.0,42092762187.892296,15.686200317846907
40014,2025-05-31 23:59:59.999999999,45464910000.0,40344887246.58577,12.690640561518778
40014,2025-06-30 23:59:59.999999999,49949270000.0,43456408520.0651,14.94109089327286
40014,2025-07-31 23:59:59.999999999,51443300000.0,44430671918.97162,15.783300324193464
40014,2025-08-31 23:59:59.999999999,42190066000.0,38700984866.63845,9.01548322189923
40014,2025-09-30 23:59:59.999999999,53022093000.0,46023829879.68218,15.205738963082888
40014,2025-10-31 23:59:59.999999999,53642625000.0,45136694420.75177,18.844823956221294
40014,2025-11-30 23:59:59.999999999,46461645000.0,39967864597.53912,16.24750350775735
40014,2025-12-31 23:59:59.999999999,52062216000.0,43236789169.68675,20.41184646639011
40014,2026-01-31 23:59:59.999999999,53105332000.0,43899383833.13494,20.970564019434995
40014,2026-02-28 23:59:59.999999999,54007026000.0,44334978474.600494,21.81583824370327
40014,2026-03-31 23:59:59.999999999,54505350000.0,44836988377.988686,21.563358940400406
40014,2026-04-30 23:59:59.999999999,54958522000.0,45380022804.07138,21.107304430594645
40014,2026-05-31 23:59:59.999999999,54482640000.0,45219052907.757576,20.4860283277919
40014,2026-06-30 23:59:59.999999999,55924367000.0,46241512810.9743,20.93974431288008
40014,2026-07-31 23:59:59.999999999,56576524000.0,46694499336.65708,21.16314574891507
40014,2026-08-31 23:59:59.999999999,54478164000.0,45622693490.77836,19.410231618638612
40014,2026-09-30 23:59:59.999999999,57440320000.0,47879739858.65393,19.9679064789615
40014,2026-10-31 23:59:59.999999999,57793413000.0,46961939379.193634,23.064366344302258
40014,2026-11-30 23:59:59.999999999,56150180000.0,45174184641.428696,24.297052145364795
40014,2026-12-31 23:59:59.999999999,57725235000.0,46003115086.80475,25.481144246593757
40014,2027-01-31 23:59:59.999999999,58129617000.0,46328392986.20018,25.47298351858448
40014,2027-02-28 23:59:59.999999999,58483393000.0,46479845878.78229,25.82527202117347
40014,2027-03-31 23:59:59.999999999,58721780000.0,46776092277.28875,25.538019216947827
40014,2027-04-30 23:59:59.999999999,58936893000.0,47108276433.93368,25.10942429119689
40014,2027-05-31 23:59:59.999999999,58906140000.0,47180027631.19647,24.85397662855535
40014,2024-12-31 23:59:59.999999999,2858930.8,2507933.1612744704,13.995492150483038
40014,2025-01-31 23:59:59.999999999,2858930.8,2494363.7238810128,14.615632140117588
40014,2025-02-28 23:59:59.999999999,2858930.8,2460860.908112757,16.176039879983474
40014,2025-03-31 23:59:59.999999999,2858930.8,2460466.2869788506,16.194672738654535
40014,2025-04-30 23:59:59.999999999,2858930.8,2471280.7077638567,15.686200317846902
40014,2025-05-31 23:59:59.999999999,2858930.8,2536972.667609681,12.690640561518777
40014,2025-06-30 23:59:59.999999999,2858930.8,2487300.866714955,14.941090893272865
40014,2025-07-31 23:59:59.999999999,2858930.8,2469208.203596709,15.783300324193473
40014,2025-08-31 23:59:59.999999999,2858930.8,2622499.7271082066,9.015483221899228
40014,2025-09-30 23:59:59.999999999,2858930.8,2481587.0942992955,15.20573896308289
40014,2025-10-31 23:59:59.999999999,2858930.8,2405599.7180433706,18.84482395622131
40014,2025-11-30 23:59:59.999999999,2858930.8,2459348.083814307,16.247503507757358
40014,2025-12-31 23:59:59.999999999,2858930.8,2374293.588129634,20.411846466390124
40014,2026-01-31 23:59:59.999999999,2858930.8,2363327.6187260626,20.97056401943499
40014,2026-02-28 23:59:59.999999999,2858930.8,2346928.6024042773,21.815838243703254
40014,2026-03-31 23:59:59.999999999,2858930.8,2351803.022653944,21.563358940400406
40014,2026-04-30 23:59:59.999999999,2858930.8,2360659.2215405335,21.107304430594663
40014,2026-05-31 23:59:59.999999999,2858930.8,2372831.762884614,20.4860283277919
40014,2026-06-30 23:59:59.999999999,2858930.8,2363929.8778437423,20.93974431288007
40014,2026-07-31 23:59:59.999999999,2858930.8,2359571.2477823314,21.163145748915063
40014,2026-08-31 23:59:59.999999999,2858930.8,2394209.1990329516,19.41023161863862
40014,2026-09-30 23:59:59.999999999,2858930.8,2383079.636803835,19.967906478961485
40014,2026-10-31 23:59:59.999999999,2858930.8,2323118.2469192194,23.06436634430224
40014,2026-11-30 23:59:59.999999999,2858930.8,2300079.2863989198,24.297052145364805
40014,2026-12-31 23:59:59.999999999,2858930.8,2278374.7846462657,25.481144246593736
40014,2027-01-31 23:59:59.999999999,2858930.8,2278522.9695096463,25.472983518584474
40014,2027-02-28 23:59:59.999999999,2858930.8,2272143.5082762297,25.82527202117346
40014,2027-03-31 23:59:59.999999999,2858930.8,2277342.5674809758,25.53801921694781
40014,2027-04-30 23:59:59.999999999,2858930.8,2285144.1977270483,25.109424291196884
40014,2027-05-31 23:59:59.999999999,2858930.8,2289819.53735075,24.853976628555362
40014,2024-12-31 23:59:59.999999999,0.0,0.0,
40014,2025-01-31 23:59:59.999999999,0.0,0.0,
40014,2025-02-28 23:59:59.999999999,0.0,0.0,
40014,2025-03-31 23:59:59.999999999,0.0,0.0,
40014,2025-04-30 23:59:59.999999999,0.0,0.0,
40014,2025-05-31 23:59:59.999999999,0.0,0.0,
40014,2025-06-30 23:59:59.999999999,0.0,0.0,
40014,2025-07-31 23:59:59.999999999,0.0,0.0,
40014,2025-08-31 23:59:59.999999999,0.0,0.0,
40014,2025-09-30 23:59:59.999999999,0.0,0.0,
40014,2025-10-31 23:59:59.999999999,0.0,0.0,
40014,2025-11-30 23:59:59.999999999,0.0,0.0,
40014,2025-12-31 23:59:59.999999999,0.0,0.0,
40014,2026-01-31 23:59:59.999999999,0.0,0.0,
40014,2026-02-28 23:59:59.999999999,0.0,0.0,
40014,2026-03-31 23:59:59.999999999,0.0,0.0,
40014,2026-04-30 23:59:59.999999999,0.0,0.0,
40014,2026-05-31 23:59:59.999999999,0.0,0.0,
40014,2026-06-30 23:59:59.999999999,0.0,0.0,
40014,2026-07-31 23:59:59.999999999,0.0,0.0,
40014,2026-08-31 23:59:59.999999999,0.0,0.0,
40014,2026-09-30 23:59:59.999999999,0.0,0.0,
40014,2026-10-31 23:59:59.999999999,0.0,0.0,
40014,2026-11-30 23:59:59.999999999,0.0,0.0,
40014,2026-12-31 23:59:59.999999999,0.0,0.0,
40014,2027-01-31 23:59:59.999999999,0.0,0.0,
40014,2027-02-28 23:59:59.999999999,0.0,0.0,
40014,2027-03-31 23:59:59.999999999,0.0,0.0,
40014,2027-04-30 23:59:59.999999999,0.0,0.0,
40014,2027-05-31 23:59:59.999999999,0.0,0.0,
40014,2024-12-31 23:59:59.999999999,172311410000.0,172311412736.0,0.0
40014,2025-01-31 23:59:59.999999999,173046200000.0,173046202368.0,0.0
40014,2025-02-28 23:59:59.999999999,173723200000.0,173723205632.0,0.0
40014,2025-03-31 23:59:59.999999999,174346980000.0,174346977280.0,0.0
40014,2025-04-30 23:59:59.999999999,174921700000.0,174921695232.0,0.0
40014,2025-05-31 23:59:59.999999999,175451210000.0,175451209728.0,0.0
40014,2025-06-30 23:59:59.999999999,175939110000.0,175939108864.0,0.0
40014,2025-07-31 23:59:59.999999999,176388620000.0,176388620288.0,0.0
40014,2025-08-31 23:59:59.999999999,176802790000.0,176802791424.0,0.0
40014,2025-09-30 23:59:59.999999999,177184390000.0,177184391168.0,0.0
40014,2025-10-31 23:59:59.999999999,177535990000.0,177535991808.0,0.0
40014,2025-11-30 23:59:59.999999999,177859940000.0,177859936256.0,0.0
40014,2025-12-31 23:59:59.999999999,178158400000.0,178158403584.0,0.0
40014,2026-01-31 23:59:59.999999999,178433410000.0,178433409024.0,0.0
40014,2026-02-28 23:59:59.999999999,178686790000.0,178686787584.0,0.0
40014,2026-03-31 23:59:59.999999999,178920240000.0,178920243200.0,0.0
40014,2026-04-30 23:59:59.999999999,179135330000.0,179135332352.0,0.0
40014,2026-05-31 23:59:59.999999999,179333510000.0,179333513216.0,0.0
40014,2026-06-30 23:59:59.999999999,179516110000.0,179516112896.0,0.0
40014,2026-07-31 23:59:59.999999999,179684340000.0,179684343808.0,0.0
40014,2026-08-31 23:59:59.999999999,179839350000.0,179839352832.0,0.0
40014,2026-09-30 23:59:59.999999999,179982170000.0,179982172160.0,0.0
40014,2026-10-31 23:59:59.999999999,180113750000.0,180113752064.0,0.0
40014,2026-11-30 23:59:59.999999999,180235000000.0,180234993664.0,0.0
40014,2026-12-31 23:59:59.999999999,180346700000.0,180346699776.0,0.0
40014,2027-01-31 23:59:59.999999999,180449620000.0,180449624064.0,0.0
40014,2027-02-28 23:59:59.999999999,180544450000.0,180544454656.0,0.0
40014,2027-03-31 23:59:59.999999999,180631830000.0,180631830528.0,0.0
40014,2027-04-30 23:59:59.999999999,180712330000.0,180712325120.0,0.0
40014,2027-05-31 23:59:59.999999999,180786500000.0,180786495488.0,0.0
40014,2024-12-31 23:59:59.999999999,28462270000.0,28475557901.771393,-0.046662607339349946
40014,2025-01-31 23:59:59.999999999,28462270000.0,28488520162.61711,-0.09214132031875875
40014,2025-02-28 23:59:59.999999999,28462270000.0,28501162968.916065,-0.13645936117933907
40014,2025-03-31 23:59:59.999999999,28462270000.0,28513500701.51423,-0.17967010803239675
40014,2025-04-30 23:59:59.999999999,28462270000.0,28525546088.68368,-0.2218209056785891
40014,2025-05-31 23:59:59.999999999,28462270000.0,28537306743.368748,-0.26294099875484567
40014,2025-06-30 23:59:59.999999999,28462270000.0,28548792621.757015,-0.3030676600000126
40014,2025-07-31 23:59:59.999999999,28462270000.0,28560016753.72341,-0.3422487128291626
40014,2025-08-31 23:59:59.999999999,28462270000.0,28570982796.710308,-0.38049910107686363
40014,2025-09-30 23:59:59.999999999,28462270000.0,28581702966.477028,-0.4178634933583494
40014,2025-10-31 23:59:59.999999999,28462270000.0,28592182847.69327,-0.45436329358026806
40014,2025-11-30 23:59:59.999999999,28462270000.0,28602435512.279114,-0.49004585018272473
40014,2025-12-31 23:59:59.999999999,28462270000.0,28612462482.310196,-0.5249181834770528
40014,2026-01-31 23:59:59.999999999,28462270000.0,28622274364.318043,-0.5590188196837063
40014,2026-02-28 23:59:59.999999999,28462270000.0,28631876386.169247,-0.5923674714213825
40014,2026-03-31 23:59:59.999999999,28462270000.0,28641279280.612316,-0.6250028668708584
40014,2026-04-30 23:59:59.999999999,28462270000.0,28650482792.820194,-0.6569255051693587
40014,2026-05-31 23:59:59.999999999,28462270000.0,28659496306.126812,-0.6881692546866189
40014,2026-06-30 23:59:59.999999999,28462270000.0,28668326453.150646,-0.7187583463840481
40014,2026-07-31 23:59:59.999999999,28462270000.0,28676977195.471695,-0.748707682850195
40014,2026-08-31 23:59:59.999999999,28462270000.0,28685455495.680405,-0.778042488166217
40014,2026-09-30 23:59:59.999999999,28462270000.0,28693764947.258625,-0.8067762584803002
40014,2026-10-31 23:59:59.999999999,28462270000.0,28701915070.053642,-0.8349429139788559
40014,2026-11-30 23:59:59.999999999,28462270000.0,28709902983.97833,-0.862533461421033
40014,2026-12-31 23:59:59.999999999,28462270000.0,28717737869.921608,-0.8895805340892796
40014,2027-01-31 23:59:59.999999999,28462270000.0,28725422592.395924,-0.9160948896382266
40014,2027-02-28 23:59:59.999999999,28462270000.0,28732961417.07502,-0.9420920772689914
40014,2027-03-31 23:59:59.999999999,28462270000.0,28740359912.958904,-0.9675920893165814
40014,2027-04-30 23:59:59.999999999,28462270000.0,28747624831.037945,-0.9926189336165828
40014,2027-05-31 23:59:59.999999999,28462270000.0,28754752738.124134,-1.0171614994843967
40014,2024-12-31 23:59:59.999999999,109193720000.0,109244700329.55383,-0.046662607339353394
40014,2025-01-31 23:59:59.999999999,109785390000.0,109886642106.89124,-0.09214132031875572
40014,2025-02-28 23:59:59.999999999,110377070000.0,110527892151.555,-0.13645936117933172
40014,2025-03-31 23:59:59.999999999,110968730000.0,111168470206.51802,-0.17967010803240296
40014,2025-04-30 23:59:59.999999999,111560410000.0,111808423545.7341,-0.2218209056785892
40014,2025-05-31 23:59:59.999999999,112152080000.0,112447747518.4022,-0.262940998754839
40014,2025-06-30 23:59:59.999999999,112743750000.0,113086480229.40764,-0.303067660000009
40014,2025-07-31 23:59:59.999999999,113335420000.0,113724639996.55782,-0.3422487128291603
40014,2025-08-31 23:59:59.999999999,113927094000.0,114362241573.15721,-0.3804991010768609
40014,2025-09-30 23:59:59.999999999,114518760000.0,114999301570.88179,-0.41786349335834966
40014,2025-10-31 23:59:59.999999999,115110440000.0,115635843691.95811,-0.4543632935802708
40014,2025-11-30 23:59:59.999999999,115702100000.0,116271889634.08086,-0.4900458501827294
40014,2025-12-31 23:59:59.999999999,116293780000.0,116907447907.90756,-0.5249181834770461
40014,2026-01-31 23:59:59.999999999,116885450000.0,117542531528.37628,-0.55901881968371
40014,2026-02-28 23:59:59.999999999,117477120000.0,118177165132.8952,-0.5923674714213822
40014,2026-03-31 23:59:59.999999999,118068790000.0,118811363677.15056,-0.6250028668708633
40014,2026-04-30 23:59:59.999999999,118660465000.0,119445130164.7349,-0.6569255051693679
40014,2026-05-31 23:59:59.999999999,119252140000.0,120078483235.1181,-0.688169254686614
40014,2026-06-30 23:59:59.999999999,119843810000.0,120711430715.30585,-0.718758346384039
40014,2026-07-31 23:59:59.999999999,120435480000.0,121343994432.99716,-0.7487076828501944
40014,2026-08-31 23:59:59.999999999,121027150000.0,121976176301.06279,-0.7780424881662084
40014,2026-09-30 23:59:59.999999999,121618825000.0,122607997430.26552,-0.8067762584802997
40014,2026-10-31 23:59:59.999999999,122210490000.0,123239471651.78152,-0.8349429139788509
40014,2026-11-30 23:59:59.999999999,122802170000.0,123870593122.54263,-0.8625334614210346
40014,2026-12-31 23:59:59.999999999,123393835000.0,124501375004.71544,-0.8895805340892751
40014,2027-01-31 23:59:59.999999999,123985510000.0,125131836761.8861,-0.9160948896382322
40014,2027-02-28 23:59:59.999999999,124577180000.0,125761971166.57764,-0.9420920772689878
40014,2027-03-31 23:59:59.999999999,125168850000.0,126391810148.54132,-0.9675920893165837
40014,2027-04-30 23:59:59.999999999,125760520000.0,127021358243.66354,-0.9926189336165758
40014,2027-05-31 23:59:59.999999999,126352196000.0,127650608426.77473,-1.0171614994843943
40014,2024-12-31 23:59:59.999999999,101863630000.0,101911183215.25862,-0.04666260733934953
40014,2025-01-31 23:59:59.999999999,104254550000.0,104350696029.08301,-0.09214132031875508
40014,2025-02-28 23:59:59.999999999,106645460000.0,106791189615.14464,-0.13645936117933438
40014,2025-03-31 23:59:59.999999999,109036390000.0,109232646766.45193,-0.17967010803240066
40014,2025-04-30 23:59:59.999999999,111427305000.0,111675024021.70172,-0.22182090567858956
40014,2025-05-31 23:59:59.999999999,113818220000.0,114118286353.90085,-0.26294099875483407
40014,2025-06-30 23:59:59.999999999,116209140000.0,116562402658.17592,-0.30306766000000607
40014,2025-07-31 23:59:59.999999999,118600060000.0,119007357982.86836,-0.3422487128291641
40014,2025-08-31 23:59:59.999999999,120990970000.0,121453101913.00897,-0.3804991010768686
40014,2025-09-30 23:59:59.999999999,123381890000.0,123899622362.26074,-0.4178634933583468
40014,2025-10-31 23:59:59.999999999,125772820000.0,126346890275.99426,-0.45436329358027416
40014,2025-11-30 23:59:59.999999999,128163730000.0,128794887505.46805,-0.4900458501827195
40014,2025-12-31 23:59:59.999999999,130554650000.0,131243571998.06262,-0.5249181834770481
40014,2026-01-31 23:59:59.999999999,132945570000.0,133692936419.17094,-0.5590188196837115
40014,2026-02-28 23:59:59.999999999,135336485000.0,136142951422.86205,-0.5923674714213798
40014,2026-03-31 23:59:59.999999999,137727410000.0,138593624301.18262,-0.6250028668708577
40014,2026-04-30 23:59:59.999999999,140118330000.0,141044887133.3161,-0.6569255051693675
40014,2026-05-31 23:59:59.999999999,142509240000.0,143496744895.84933,-0.6881692546866256
40014,2026-06-30 23:59:59.999999999,144900160000.0,145949183473.69656,-0.7187583463840493
40014,2026-07-31 23:59:59.999999999,147291080000.0,148402177157.89813,-0.7487076828501895
40014,2026-08-31 23:59:59.999999999,149682000000.0,150855717352.83298,-0.778042488166217
40014,2026-09-30 23:59:59.999999999,152072910000.0,153309779801.36584,-0.8067762584802992
40014,2026-10-31 23:59:59.999999999,154463830000.0,155764373616.0104,-0.8349429139788412
40014,2026-11-30 23:59:59.999999999,156854750000.0,158219442772.3857,-0.862533461421022
40014,2026-12-31 23:59:59.999999999,159245660000.0,160674997759.21436,-0.8895805340892786
40014,2027-01-31 23:59:59.999999999,161636580000.0,163131016279.55188,-0.9160948896382276
40014,2027-02-28 23:59:59.999999999,164027510000.0,165587501613.64987,-0.9420920772689992
40014,2027-03-31 23:59:59.999999999,166418430000.0,168044416480.4026,-0.967592089316583
40014,2027-04-30 23:59:59.999999999,168809350000.0,170501782091.19086,-0.9926189336165878
40014,2027-05-31 23:59:59.999999999,171200270000.0,172959544132.60052,-1.01716149948439
40014,2024-12-31 23:59:59.999999999,0.0,0.0,
40014,2025-01-31 23:59:59.999999999,0.0,0.0,
40014,2025-02-28 23:59:59.999999999,0.0,0.0,
40014,2025-03-31 23:59:59.999999999,0.0,0.0,
40014,2025-04-30 23:59:59.999999999,0.0,0.0,
40014,2025-05-31 23:59:59.999999999,0.0,0.0,
40014,2025-06-30 23:59:59.999999999,0.0,0.0,
40014,2025-07-31 23:59:59.999999999,0.0,0.0,
40014,2025-08-31 23:59:59.999999999,0.0,0.0,
40014,2025-09-30 23:59:59.999999999,0.0,0.0,
40014,2025-10-31 23:59:59.999999999,0.0,0.0,
40014,2025-11-30 23:59:59.999999999,0.0,0.0,
40014,2025-12-31 23:59:59.999999999,0.0,0.0,
40014,2026-01-31 23:59:59.999999999,0.0,0.0,
40014,2026-02-28 23:59:59.999999999,0.0,0.0,
40014,2026-03-31 23:59:59.999999999,0.0,0.0,
40014,2026-04-30 23:59:59.999999999,0.0,0.0,
40014,2026-05-31 23:59:59.999999999,0.0,0.0,
40014,2026-06-30 23:59:59.999999999,0.0,0.0,
40014,2026-07-31 23:59:59.999999999,0.0,0.0,
40014,2026-08-31 23:59:59.999999999,0.0,0.0,
40014,2026-09-30 23:59:59.999999999,0.0,0.0,
40014,2026-10-31 23:59:59.999999999,0.0,0.0,
40014,2026-11-30 23:59:59.999999999,0.0,0.0,
40014,2026-12-31 23:59:59.999999999,0.0,0.0,
40014,2027-01-31 23:59:59.999999999,0.0,0.0,
40014,2027-02-28 23:59:59.999999999,0.0,0.0,
40014,2027-03-31 23:59:59.999999999,0.0,0.0,
40014,2027-04-30 23:59:59.999999999,0.0,0.0,
40014,2027-05-31 23:59:59.999999999,0.0,0.0,
40014,2024-12-31 23:59:59.999999999,1042904060.0,1043390937.4161409,-0.04666260733935547
40014,2025-01-31 23:59:59.999999999,1071873660.0,1072862213.4086357,-0.09214132031875497
40014,2025-02-28 23:59:59.999999999,1100843300.0,1102347520.3842926,-0.1364593611793311
40014,2025-03-31 23:59:59.999999999,1129812700.0,1131846325.515815,-0.17967010803240044
40014,2025-04-30 23:59:59.999999999,1158782300.0,1161358471.8805003,-0.2218209056785864
40014,2025-05-31 23:59:59.999999999,1187752000.0,1190883256.3281934,-0.2629409987548327
40014,2025-06-30 23:59:59.999999999,1216721400.0,1220420106.6594224,-0.3030676600000149
40014,2025-07-31 23:59:59.999999999,1245691000.0,1249969010.850399,-0.34224871282917146
40014,2025-08-31 23:59:59.999999999,1274660600.0,1279529205.1235108,-0.38049910107685897
40014,2025-09-30 23:59:59.999999999,1303630100.0,1309100332.3804507,-0.41786349335835027
40014,2025-10-31 23:59:59.999999999,1332599700.0,1338682160.3543575,-0.4543632935802634
40014,2025-11-30 23:59:59.999999999,1361569300.0,1368274452.1719792,-0.4900458501827243
40014,2025-12-31 23:59:59.999999999,1390538800.0,1397876459.7196136,-0.5249181834770543
40014,2026-01-31 23:59:59.999999999,1419508400.0,1427488280.1347325,-0.5590188196837108
40014,2026-02-28 23:59:59.999999999,1448478000.0,1457109394.0735166,-0.5923674714213749
40014,2026-03-31 23:59:59.999999999,1477447400.0,1486739589.0544946,-0.6250028668708589
40014,2026-04-30 23:59:59.999999999,1506417000.0,1516378501.1288202,-0.6569255051693672
40014,2026-05-31 23:59:59.999999999,1535386600.0,1546025898.905762,-0.6881692546866237
40014,2026-06-30 23:59:59.999999999,1564356100.0,1575681437.846949,-0.7187583463840466
40014,2026-07-31 23:59:59.999999999,1593325700.0,1605345037.6330128,-0.7487076828501982
40014,2026-08-31 23:59:59.999999999,1622295300.0,1635016418.423831,-0.7780424881662198
40014,2026-09-30 23:59:59.999999999,1651264800.0,1664695133.1100085,-0.8067762584802941
40014,2026-10-31 23:59:59.999999999,1680234400.0,1694381486.1544158,-0.8349429139788512
40014,2026-11-30 23:59:59.999999999,1709204000.0,1724074689.0933204,-0.8625334614210238
40014,2026-12-31 23:59:59.999999999,1738173400.0,1753774678.1485968,-0.8895805340892758
40014,2027-01-31 23:59:59.999999999,1767143000.0,1783481422.166111,-0.9160948896382313
40014,2027-02-28 23:59:59.999999999,1796112600.0,1813194602.6974819,-0.9420920772689875
40014,2027-03-31 23:59:59.999999999,1825082100.0,1842914002.0972002,-0.967592089316583
40014,2027-04-30 23:59:59.999999999,1854051700.0,1872639890.1076653,-0.9926189336165745
40014,2027-05-31 23:59:59.999999999,1883021300.0,1902371502.500599,-1.0171614994843952
40014,2024-12-31 23:59:59.999999999,1.0891852e-12,1.08969364513708e-12,-0.046662607339348496
40014,2025-01-31 23:59:59.999999999,-1.6912023e-12,-1.6927620330177091e-12,-0.09214132031875685
40014,2025-02-28 23:59:59.999999999,-6.207279e-12,-6.21576103620601e-12,-0.1364593611793402
40014,2025-03-31 23:59:59.999999999,-6.221716e-12,-6.232914535130353e-12,-0.17967010803240463
40014,2025-04-30 23:59:59.999999999,-1.8474501e-12,-1.851557285394089e-12,-0.22182090567858348
40014,2025-05-31 23:59:59.999999999,-3.2861483e-12,-3.294811673948835e-12,-0.2629409987548442
40014,2025-06-30 23:59:59.999999999,-3.8493765e-12,-3.861078226113589e-12,-0.3030676600000164
40014,2025-07-31 23:59:59.999999999,-3.3701251e-12,-3.381698963671049e-12,-0.34224871282916175
40014,2025-08-31 23:59:59.999999999,-1.6728936e-12,-1.6792832521633196e-12,-0.3804991010768688
40014,2025-09-30 23:59:59.999999999,-2.634472e-12,-2.6455267581099967e-12,-0.41786349335833856
40014,2025-10-31 23:59:59.999999999,-2.4015932e-12,-2.412555011596711e-12,-0.4543632935802765
40014,2025-11-30 23:59:59.999999999,-1.9975185e-12,-2.0073554320692824e-12,-0.49004585018271674
40014,2025-12-31 23:59:59.999999999,-4.5373462e-13,-4.561289284276153e-13,-0.5249181834770529
40014,2026-01-31 23:59:59.999999999,-1.966411e-12,-1.97746537864327e-12,-0.5590188196837035
40014,2026-02-28 23:59:59.999999999,-2.5448805e-11,-2.5600453279809585e-11,-0.5923674714213748
40014,2026-03-31 23:59:59.999999999,-2.5448468e-11,-2.560852198224149e-11,-0.6250028668708617
40014,2026-04-30 23:59:59.999999999,1.9259323e-12,1.9386678907490377e-12,-0.6569255051693703
40014,2026-05-31 23:59:59.999999999,1.959427e-12,1.9730045892866685e-12,-0.6881692546866093
40014,2026-06-30 23:59:59.999999999,1.9725398e-12,1.986820189000636e-12,-0.718758346384052
40014,2026-07-31 23:59:59.999999999,1.9613822e-12,1.9761780252090394e-12,-0.7487076828501894
40014,2026-08-31 23:59:59.999999999,1.9218683e-12,1.9369384677394823e-12,-0.7780424881662136
40014,2026-09-30 23:59:59.999999999,1.944255e-12,1.9600684537233504e-12,-0.8067762584802904
40014,2026-10-31 23:59:59.999999999,1.9388334e-12,1.955157877560811e-12,-0.8349429139788487
40014,2026-11-30 23:59:59.999999999,1.929426e-12,1.9462127562478777e-12,-0.8625334614210213
40014,2026-12-31 23:59:59.999999999,1.5991192e-12,1.613472301595662e-12,-0.8895805340892716
40014,2027-01-31 23:59:59.999999999,2.3857698e-12,2.407827737010068e-12,-0.9160948896382217
40014,2027-02-28 23:59:59.999999999,4.152996e-12,4.192493236001315e-12,-0.9420920772689915
40014,2027-03-31 23:59:59.999999999,4.1568897e-12,4.197504396718098e-12,-0.9675920893165824
40014,2027-04-30 23:59:59.999999999,2.3373786e-12,2.360812425720355e-12,-0.9926189336165819
40014,2027-05-31 23:59:59.999999999,2.7254245e-12,2.7534313301934998e-12,-1.0171614994843894
40014,2024-12-31 23:59:59.999999999,465712220000.0,465712218112.0,0.0
40014,2025-01-31 23:59:59.999999999,468736640000.0,468736638976.0,0.0
40014,2025-02-28 23:59:59.999999999,471761030000.0,471761027072.0,0.0
40014,2025-03-31 23:59:59.999999999,474785450000.0,474785447936.0,0.0
40014,2025-04-30 23:59:59.999999999,477809840000.0,477809836032.0,0.0
40014,2025-05-31 23:59:59.999999999,480834220000.0,480834224128.0,0.0
40014,2025-06-30 23:59:59.999999999,483858640000.0,483858644992.0,0.0
40014,2025-07-31 23:59:59.999999999,486883030000.0,486883033088.0,0.0
40014,2025-08-31 23:59:59.999999999,489907450000.0,489907453952.0,0.0
40014,2025-09-30 23:59:59.999999999,492931840000.0,492931842048.0,0.0
40014,2025-10-31 23:59:59.999999999,495956230000.0,495956230144.0,0.0
40014,2025-11-30 23:59:59.999999999,498980650000.0,498980651008.0,0.0
40014,2025-12-31 23:59:59.999999999,502005040000.0,502005039104.0,0.0
40014,2026-01-31 23:59:59.999999999,505029430000.0,505029427200.0,0.0
40014,2026-02-28 23:59:59.999999999,508053850000.0,508053848064.0,0.0
40014,2026-03-31 23:59:59.999999999,511078240000.0,511078236160.0,0.0
40014,2026-04-30 23:59:59.999999999,514102660000.0,514102657024.0,0.0
40014,2026-05-31 23:59:59.999999999,517127050000.0,517127045120.0,0.0
40014,2026-06-30 23:59:59.999999999,520151430000.0,520151433216.0,0.0
40014,2026-07-31 23:59:59.999999999,523175850000.0,523175854080.0,0.0
40014,2026-08-31 23:59:59.999999999,526200240000.0,526200242176.0,0.0
40014,2026-09-30 23:59:59.999999999,529224660000.0,529224663040.0,0.0
40014,2026-10-31 23:59:59.999999999,532249050000.0,532249051136.0,0.0
40014,2026-11-30 23:59:59.999999999,535273440000.0,535273439232.0,0.0
40014,2026-12-31 23:59:59.999999999,538297860000.0,538297860096.0,0.0
40014,2027-01-31 23:59:59.999999999,541322250000.0,541322248192.0,0.0
40014,2027-02-28 23:59:59.999999999,544346670000.0,544346669056.0,0.0
40014,2027-03-31 23:59:59.999999999,547371060000.0,547371057152.0,0.0
40014,2027-04-30 23:59:59.999999999,550395450000.0,550395445248.0,0.0
40014,2027-05-31 23:59:59.999999999,553419870000.0,553419866112.0,0.0
40014,2024-12-31 23:59:59.999999999,3915179300.0,3915179264.0,0.0
40014,2025-01-31 23:59:59.999999999,3926926000.0,3926926080.0,0.0
40014,2025-02-28 23:59:59.999999999,3912819700.0,3912819712.0,0.0
40014,2025-03-31 23:59:59.999999999,3950688800.0,3950688768.0,0.0
40014,2025-04-30 23:59:59.999999999,3927943200.0,3927943168.0,0.0
40014,2025-05-31 23:59:59.999999999,3947748400.0,3947748352.0,0.0
40014,2025-06-30 23:59:59.999999999,3960848000.0,3960847872.0,0.0
40014,2025-07-31 23:59:59.999999999,3957581000.0,3957581056.0,0.0
40014,2025-08-31 23:59:59.999999999,3981443300.0,3981443328.0,0.0
40014,2025-09-30 23:59:59.999999999,3979412000.0,3979411968.0,0.0
40014,2025-10-31 23:59:59.999999999,3991914800.0,3991914752.0,0.0
40014,2025-11-30 23:59:59.999999999,4012165600.0,4012165632.0,0.0
40014,2025-12-31 23:59:59.999999999,4013248000.0,4013248000.0,0.0
40014,2026-01-31 23:59:59.999999999,4028846600.0,4028846592.0,0.0
40014,2026-02-28 23:59:59.999999999,4031070500.0,4031070464.0,0.0
40014,2026-03-31 23:59:59.999999999,4042403000.0,4042403072.0,0.0
40014,2026-04-30 23:59:59.999999999,4045145000.0,4045145088.0,0.0
40014,2026-05-31 23:59:59.999999999,4051012900.0,4051012864.0,0.0
40014,2026-06-30 23:59:59.999999999,4064038000.0,4064037888.0,0.0
40014,2026-07-31 23:59:59.999999999,4070615600.0,4070615552.0,0.0
40014,2026-08-31 23:59:59.999999999,4079729200.0,4079729152.0,0.0
40014,2026-09-30 23:59:59.999999999,4089939500.0,4089939456.0,0.0
40014,2026-10-31 23:59:59.999999999,4095993600.0,4095993600.0,0.0
40014,2026-11-30 23:59:59.999999999,4113613600.0,4113613568.0,0.0
40014,2026-12-31 23:59:59.999999999,4120723200.0,4120723200.0,0.0
40014,2027-01-31 23:59:59.999999999,4128327200.0,4128327168.0,0.0
40014,2027-02-28 23:59:59.999999999,4136974800.0,4136974848.0,0.0
40014,2027-03-31 23:59:59.999999999,4145075700.0,4145075712.0,0.0
40014,2027-04-30 23:59:59.999999999,4148049000.0,4148048896.0,0.0
40014,2027-05-31 23:59:59.999999999,4157144800.0,4157144832.0,0.0
40014,2024-12-31 23:59:59.999999999,13755526000.0,13755526144.0,0.0
40014,2025-01-31 23:59:59.999999999,13365426000.0,13365426176.0,0.0
40014,2025-02-28 23:59:59.999999999,13271154000.0,13271153664.0,0.0
40014,2025-03-31 23:59:59.999999999,12928555000.0,12928555008.0,0.0
40014,2025-04-30 23:59:59.999999999,12843960000.0,12843960320.0,0.0
40014,2025-05-31 23:59:59.999999999,12496866000.0,12496866304.0,0.0
40014,2025-06-30 23:59:59.999999999,12419217000.0,12419217408.0,0.0
40014,2025-07-31 23:59:59.999999999,12098253000.0,12098252800.0,0.0
40014,2025-08-31 23:59:59.999999999,12022988000.0,12022987776.0,0.0
40014,2025-09-30 23:59:59.999999999,11723416000.0,11723415552.0,0.0
40014,2025-10-31 23:59:59.999999999,11616266000.0,11616266240.0,0.0
40014,2025-11-30 23:59:59.999999999,11315346000.0,11315346432.0,0.0
40014,2025-12-31 23:59:59.999999999,11314377000.0,11314376704.0,0.0
40014,2026-01-31 23:59:59.999999999,11014234000.0,11014234112.0,0.0
40014,2026-02-28 23:59:59.999999999,10920877000.0,10920877056.0,0.0
40014,2026-03-31 23:59:59.999999999,10645244000.0,10645243904.0,0.0
40014,2026-04-30 23:59:59.999999999,10539438000.0,10539438080.0,0.0
40014,2026-05-31 23:59:59.999999999,10250852000.0,10250852352.0,0.0
40014,2026-06-30 23:59:59.999999999,10168122000.0,10168122368.0,0.0
40014,2026-07-31 23:59:59.999999999,9873598000.0,9873598464.0,0.0
40014,2026-08-31 23:59:59.999999999,9782608000.0,9782607872.0,0.0
40014,2026-09-30 23:59:59.999999999,9538710000.0,9538709504.0,0.0
40014,2026-10-31 23:59:59.999999999,9415791000.0,9415790592.0,0.0
40014,2026-11-30 23:59:59.999999999,9140704000.0,9140704256.0,0.0
40014,2026-12-31 23:59:59.999999999,9084270000.0,9084269568.0,0.0
40014,2027-01-31 23:59:59.999999999,8810082000.0,8810082304.0,0.0
40014,2027-02-28 23:59:59.999999999,8685242000.0,8685242368.0,0.0
40014,2027-03-31 23:59:59.999999999,8432837000.0,8432837120.0,0.0
40014,2027-04-30 23:59:59.999999999,8308737000.0,8308737024.0,0.0
40014,2027-05-31 23:59:59.999999999,8052464600.0,8052464640.0,0.0
40014,2024-12-31 23:59:59.999999999,0.0,,
40014,2025-01-31 23:59:59.999999999,0.0,,
40014,2025-02-28 23:59:59.999999999,0.0,,
40014,2025-03-31 23:59:59.999999999,0.0,,
40014,2025-04-30 23:59:59.999999999,0.0,,
40014,2025-05-31 23:59:59.999999999,0.0,,
40014,2025-06-30 23:59:59.999999999,0.0,,
40014,2025-07-31 23:59:59.999999999,0.0,,
40014,2025-08-31 23:59:59.999999999,0.0,,
40014,2025-09-30 23:59:59.999999999,0.0,,
40014,2025-10-31 23:59:59.999999999,0.0,,
40014,2025-11-30 23:59:59.999999999,0.0,,
40014,2025-12-31 23:59:59.999999999,0.0,,
40014,2026-01-31 23:59:59.999999999,0.0,,
40014,2026-02-28 23:59:59.999999999,0.0,,
40014,2026-03-31 23:59:59.999999999,0.0,,
40014,2026-04-30 23:59:59.999999999,0.0,,
40014,2026-05-31 23:59:59.999999999,0.0,,
40014,2026-06-30 23:59:59.999999999,0.0,,
40014,2026-07-31 23:59:59.999999999,0.0,,
40014,2026-08-31 23:59:59.999999999,0.0,,
40014,2026-09-30 23:59:59.999999999,0.0,,
40014,2026-10-31 23:59:59.999999999,0.0,,
40014,2026-11-30 23:59:59.999999999,0.0,,
40014,2026-12-31 23:59:59.999999999,0.0,,
40014,2027-01-31 23:59:59.999999999,0.0,,
40014,2027-02-28 23:59:59.999999999,0.0,,
40014,2027-03-31 23:59:59.999999999,0.0,,
40014,2027-04-30 23:59:59.999999999,0.0,,
40014,2027-05-31 23:59:59.999999999,0.0,,
40014,2024-12-31 23:59:59.999999999,0.0,,
40014,2025-01-31 23:59:59.999999999,0.0,,
40014,2025-02-28 23:59:59.999999999,0.0,,
40014,2025-03-31 23:59:59.999999999,0.0,,
40014,2025-04-30 23:59:59.999999999,0.0,,
40014,2025-05-31 23:59:59.999999999,0.0,,
40014,2025-06-30 23:59:59.999999999,0.0,,
40014,2025-07-31 23:59:59.999999999,0.0,,
40014,2025-08-31 23:59:59.999999999,0.0,,
40014,2025-09-30 23:59:59.999999999,0.0,,
40014,2025-10-31 23:59:59.999999999,0.0,,
40014,2025-11-30 23:59:59.999999999,0.0,,
40014,2025-12-31 23:59:59.999999999,0.0,,
40014,2026-01-31 23:59:59.999999999,0.0,,
40014,2026-02-28 23:59:59.999999999,0.0,,
40014,2026-03-31 23:59:59.999999999,0.0,,
40014,2026-04-30 23:59:59.999999999,0.0,,
40014,2026-05-31 23:59:59.999999999,0.0,,
40014,2026-06-30 23:59:59.999999999,0.0,,
40014,2026-07-31 23:59:59.999999999,0.0,,
40014,2026-08-31 23:59:59.999999999,0.0,,
40014,2026-09-30 23:59:59.999999999,0.0,,
40014,2026-10-31 23:59:59.999999999,0.0,,
40014,2026-11-30 23:59:59.999999999,0.0,,
40014,2026-12-31 23:59:59.999999999,0.0,,
40014,2027-01-31 23:59:59.999999999,0.0,,
40014,2027-02-28 23:59:59.999999999,0.0,,
40014,2027-03-31 23:59:59.999999999,0.0,,
40014,2027-04-30 23:59:59.999999999,0.0,,
40014,2027-05-31 23:59:59.999999999,0.0,,
40014,2024-12-31 23:59:59.999999999,0.0,,
40014,2025-01-31 23:59:59.999999999,0.0,,
40014,2025-02-28 23:59:59.999999999,0.0,,
40014,2025-03-31 23:59:59.999999999,0.0,,
40014,2025-04-30 23:59:59.999999999,0.0,,
40014,2025-05-31 23:59:59.999999999,0.0,,
40014,2025-06-30 23:59:59.999999999,0.0,,
40014,2025-07-31 23:59:59.999999999,0.0,,
40014,2025-08-31 23:59:59.999999999,0.0,,
40014,2025-09-30 23:59:59.999999999,0.0,,
40014,2025-10-31 23:59:59.999999999,0.0,,
40014,2025-11-30 23:59:59.999999999,0.0,,
40014,2025-12-31 23:59:59.999999999,0.0,,
40014,2026-01-31 23:59:59.999999999,0.0,,
40014,2026-02-28 23:59:59.999999999,0.0,,
40014,2026-03-31 23:59:59.999999999,0.0,,
40014,2026-04-30 23:59:59.999999999,0.0,,
40014,2026-05-31 23:59:59.999999999,0.0,,
40014,2026-06-30 23:59:59.999999999,0.0,,
40014,2026-07-31 23:59:59.999999999,0.0,,
40014,2026-08-31 23:59:59.999999999,0.0,,
40014,2026-09-30 23:59:59.999999999,0.0,,
40014,2026-10-31 23:59:59.999999999,0.0,,
40014,2026-11-30 23:59:59.999999999,0.0,,
40014,2026-12-31 23:59:59.999999999,0.0,,
40014,2027-01-31 23:59:59.999999999,0.0,,
40014,2027-02-28 23:59:59.999999999,0.0,,
40014,2027-03-31 23:59:59.999999999,0.0,,
40014,2027-04-30 23:59:59.999999999,0.0,,
40014,2027-05-31 23:59:59.999999999,0.0,,
40021,2024-12-31 23:59:59.999999999,1025217660000.0,1025217658880.0,0.0
40021,2025-01-31 23:59:59.999999999,1028343600000.0,1028343595008.0,0.0
40021,2025-02-28 23:59:59.999999999,1031469470000.0,1031469465600.0,0.0
40021,2025-03-31 23:59:59.999999999,1034595400000.0,1034595401728.0,0.0
40021,2025-04-30 23:59:59.999999999,1037721340000.0,1037721337856.0,0.0
40021,2025-05-31 23:59:59.999999999,1040847300000.0,1040847273984.0,0.0
40021,2025-06-30 23:59:59.999999999,1043973140000.0,1043973144576.0,0.0
40021,2025-07-31 23:59:59.999999999,1047099100000.0,1047099080704.0,0.0
40021,2025-08-31 23:59:59.999999999,1050225000000.0,1050225016832.0,0.0
40021,2025-09-30 23:59:59.999999999,1053350950000.0,1053350952960.0,0.0
40021,2025-10-31 23:59:59.999999999,1056476900000.0,1056476889088.0,0.0
40021,2025-11-30 23:59:59.999999999,1059602760000.0,1059602759680.0,0.0
40021,2025-12-31 23:59:59.999999999,1062728700000.0,1062728695808.0,0.0
40021,2026-01-31 23:59:59.999999999,1065854600000.0,1065854631936.0,0.0
40021,2026-02-28 23:59:59.999999999,1068980600000.0,1068980568064.0,0.0
40021,2026-03-31 23:59:59.999999999,1072106440000.0,1072106438656.0,0.0
40021,2026-04-30 23:59:59.999999999,1075232400000.0,1075232374784.0,0.0
40021,2026-05-31 23:59:59.999999999,1078358300000.0,1078358310912.0,0.0
40021,2026-06-30 23:59:59.999999999,1081484250000.0,1081484247040.0,0.0
40021,2026-07-31 23:59:59.999999999,1084610200000.0,1084610183168.0,0.0
40021,2026-08-31 23:59:59.999999999,1087736050000.0,1087736053760.0,0.0
40021,2026-09-30 23:59:59.999999999,1090862000000.0,1090861989888.0,0.0
40021,2026-10-31 23:59:59.999999999,1093987900000.0,1093987926016.0,0.0
40021,2026-11-30 23:59:59.999999999,1097113860000.0,1097113862144.0,0.0
40021,2026-12-31 23:59:59.999999999,1100239700000.0,1100239732736.0,0.0
40021,2027-01-31 23:59:59.999999999,1103365700000.0,1103365668864.0,0.0
40021,2027-02-28 23:59:59.999999999,1106491600000.0,1106491604992.0,0.0
40021,2027-03-31 23:59:59.999999999,1109617500000.0,1109617541120.0,0.0
40021,2027-04-30 23:59:59.999999999,1112743500000.0,1112743477248.0,0.0
40021,2027-05-31 23:59:59.999999999,1115869400000.0,1115869413376.0,0.0
40021,2024-12-31 23:59:59.999999999,367312140000.0,369161535787.0973,-0.500971328758333
40021,2025-01-31 23:59:59.999999999,367808450000.0,370969449313.06213,-0.8520924984295822
40021,2025-02-28 23:59:59.999999999,369274750000.0,374115086095.71716,-1.293809671839527
40021,2025-03-31 23:59:59.999999999,370645040000.0,376974918190.3419,-1.6791241891445523
40021,2025-04-30 23:59:59.999999999,371324100000.0,379321223191.8968,-2.1082740134081766
40021,2025-05-31 23:59:59.999999999,373329070000.0,383286928374.3222,-2.5980172046455103
40021,2025-06-30 23:59:59.999999999,374311060000.0,385922352100.7411,-3.00871213640149
40021,2025-07-31 23:59:59.999999999,372886770000.0,385804305757.73254,-3.348210477942195
40021,2025-08-31 23:59:59.999999999,373796570000.0,388089137296.0108,-3.6828055295733004
40021,2025-09-30 23:59:59.999999999,373434550000.0,388596057956.9069,-3.9016118209280046
40021,2025-10-31 23:59:59.999999999,375058500000.0,391973199819.1132,-4.315270097781934
40021,2025-11-30 23:59:59.999999999,374789080000.0,393636347957.4196,-4.787989984974243
40021,2025-12-31 23:59:59.999999999,374789080000.0,395362996328.64636,-5.203804473280612
40021,2026-01-31 23:59:59.999999999,374789080000.0,396901526091.1981,-5.57126783284709
40021,2026-02-28 23:59:59.999999999,374789080000.0,398448422655.0462,-5.937868559597513
40021,2026-03-31 23:59:59.999999999,374789080000.0,399997595683.0639,-6.302167041783358
40021,2026-04-30 23:59:59.999999999,374789080000.0,401549109119.92,-6.664198592936805
40021,2026-05-31 23:59:59.999999999,374789080000.0,403102913981.5016,-7.023971784734087
40021,2026-06-30 23:59:59.999999999,374789080000.0,404659073383.31604,-7.38152096617428
40021,2026-07-31 23:59:59.999999999,374789080000.0,406217538152.59015,-7.736854310998377
40021,2026-08-31 23:59:59.999999999,374789080000.0,407778370781.3832,-8.090005283548814
40021,2026-09-30 23:59:59.999999999,374789080000.0,409341549651.4874,-8.44098788429988
40021,2026-10-31 23:59:59.999999999,374789080000.0,410907053391.0243,-8.789816103899774
40021,2026-11-30 23:59:59.999999999,374789080000.0,412474943209.3812,-9.136522057838327
40021,2026-12-31 23:59:59.999999999,374789080000.0,414045169432.8297,-9.481113001898747
40021,2027-01-31 23:59:59.999999999,374789080000.0,415617794131.74384,-9.823620563945783
40021,2027-02-28 23:59:59.999999999,374789080000.0,417192795059.2605,-10.164057606324967
40021,2027-03-31 23:59:59.999999999,374789080000.0,418770149831.0971,-10.502436911713032
40021,2027-04-30 23:59:59.999999999,374789080000.0,420349920974.51074,-10.83878922324657
40021,2027-05-31 23:59:59.999999999,374789080000.0,421932056365.38617,-11.173120556775409
40021,2024-12-31 23:59:59.999999999,1846964700.0,1856264086.8612123,-0.5009713287583277
40021,2025-01-31 23:59:59.999999999,1846964700.0,1862837837.4709983,-0.8520924984295855
40021,2025-02-28 23:59:59.999999999,1846964700.0,1871174168.367299,-1.293809671839534
40021,2025-03-31 23:59:59.999999999,1846964700.0,1878507204.8718262,-1.679124189144559
40021,2025-04-30 23:59:59.999999999,1846964700.0,1886742436.4884298,-2.108274013408174
40021,2025-05-31 23:59:59.999999999,1846964700.0,1896229094.1043239,-2.5980172046455015
40021,2025-06-30 23:59:59.999999999,1846964700.0,1904258389.2662988,-3.008712136401496
40021,2025-07-31 23:59:59.999999999,1846964700.0,1910947272.816389,-3.3482104779422013
40021,2025-08-31 23:59:59.999999999,1846964700.0,1917585687.7424865,-3.682805529573299
40021,2025-09-30 23:59:59.999999999,1846964700.0,1921951836.026971,-3.9016118209280033
40021,2025-10-31 23:59:59.999999999,1846964700.0,1930260698.7420523,-4.315270097781929
40021,2025-11-30 23:59:59.999999999,1846964700.0,1939844286.1447034,-4.787989984974238
40021,2025-12-31 23:59:59.999999999,1846964700.0,1948353228.457794,-5.203804473280615
40021,2026-01-31 23:59:59.999999999,1846964700.0,1955935120.1820621,-5.571267832847083
40021,2026-02-28 23:59:59.999999999,1846964700.0,1963558243.595864,-5.937868559597518
40021,2026-03-31 23:59:59.999999999,1846964700.0,1971192585.4503279,-6.302167041783361
40021,2026-04-30 23:59:59.999999999,1846964700.0,1978838460.8654904,-6.66419859293681
40021,2026-05-31 23:59:59.999999999,1846964700.0,1986495628.4471004,-7.023971784734086
40021,2026-06-30 23:59:59.999999999,1846964700.0,1994164399.2290778,-7.381520966174284
40021,2026-07-31 23:59:59.999999999,1846964700.0,2001844530.887451,-7.736854310998374
40021,2026-08-31 23:59:59.999999999,1846964700.0,2009536331.383781,-8.090005283548818
40021,2026-09-30 23:59:59.999999999,1846964700.0,2017239694.1833003,-8.440987884299876
40021,2026-10-31 23:59:59.999999999,1846964700.0,2024954513.9651546,-8.789816103899778
40021,2026-11-30 23:59:59.999999999,1846964700.0,2032681092.3698835,-9.13652205783833
40021,2026-12-31 23:59:59.999999999,1846964700.0,2040419184.6048024,-9.48111300189875
40021,2027-01-31 23:59:59.999999999,1846964700.0,2048169096.5534027,-9.823620563945786
40021,2027-02-28 23:59:59.999999999,1846964700.0,2055930718.5828965,-10.164057606324969
40021,2027-03-31 23:59:59.999999999,1846964700.0,2063703940.383291,-10.50243691171303
40021,2027-04-30 23:59:59.999999999,1846964700.0,2071489070.0896025,-10.838789223246573
40021,2027-05-31 23:59:59.999999999,1846964700.0,2079285850.833613,-11.17312055677541
40021,2024-12-31 23:59:59.999999999,-1328293.9,-1334981.7508157429,-0.5009713287583327
40021,2025-01-31 23:59:59.999999999,-2442478.0,-2463469.0348470677,-0.8520924984295895
40021,2025-02-28 23:59:59.999999999,-3377065.0,-3421330.504979015,-1.293809671839534
40021,2025-03-31 23:59:59.999999999,-4161004.5,-4232066.146364199,-1.6791241891445534
40021,2025-04-30 23:59:59.999999999,-4818579.5,-4922356.257831227,-2.1082740134081783
40021,2025-05-31 23:59:59.999999999,-5370159.0,-5513398.029363449,-2.598017204645507
40021,2025-06-30 23:59:59.999999999,-5832828.5,-6013765.389117078,-3.0087121364014915
40021,2025-07-31 23:59:59.999999999,-6220920.0,-6436425.058203673,-3.348210477942204
40021,2025-08-31 23:59:59.999999999,-6546454.0,-6796765.661618215,-3.6828055295733018
40021,2025-09-30 23:59:59.999999999,-6819514.5,-7096388.013597435,-3.901611820928001
40021,2025-10-31 23:59:59.999999999,-7048560.5,-7366442.385533251,-4.315270097781938
40021,2025-11-30 23:59:59.999999999,-7240685.5,-7604802.691233302,-4.787989984974234
40021,2025-12-31 23:59:59.999999999,-7401842.0,-7808163.56486976,-5.203804473280614
40021,2026-01-31 23:59:59.999999999,-7537021.5,-7981703.584305622,-5.571267832847083
40021,2026-02-28 23:59:59.999999999,-7650411.0,-8133359.177436119,-5.937868559597522
40021,2026-03-31 23:59:59.999999999,-7745523.5,-8266491.609740876,-6.3021670417833535
40021,2026-04-30 23:59:59.999999999,-7825304.0,-8384032.581315383,-6.664198592936808
40021,2026-05-31 23:59:59.999999999,-7892225.0,-8488451.43366122,-7.0239717847340915
40021,2026-06-30 23:59:59.999999999,-7948359.0,-8581828.467618363,-7.381520966174286
40021,2026-07-31 23:59:59.999999999,-7995444.5,-8665913.61078328,-7.73685431099837
40021,2026-08-31 23:59:59.999999999,-8034940.0,-8742183.072459484,-8.090005283548829
40021,2026-09-30 23:59:59.999999999,-8068069.5,-8811879.151562542,-8.440987884299886
40021,2026-10-31 23:59:59.999999999,-8095858.5,-8876046.68051343,-8.789816103899769
40021,2026-11-30 23:59:59.999999999,-8119168.5,-8935568.705798587,-9.136522057838329
40021,2026-12-31 23:59:59.999999999,-8138720.5,-8991184.900639266,-9.48111300189874
40021,2027-01-31 23:59:59.999999999,-8155121.5,-9043522.87261982,-9.823620563945779
40021,2027-02-28 23:59:59.999999999,-8168878.5,-9093107.148809891,-10.164057606324969
40021,2027-03-31 23:59:59.999999999,-8180418.0,-9140380.718445076,-10.502436911713023
40021,2027-04-30 23:59:59.999999999,-8190097.5,-9185718.126357436,-10.838789223246566
40021,2027-05-31 23:59:59.999999999,-8198217.0,-9229432.6350168,-11.173120556775414
40021,2024-12-31 23:59:59.999999999,42996634000.0,43213118936.132256,-0.5009713287583214
40021,2025-01-31 23:59:59.999999999,42996634000.0,43366153339.463036,-0.8520924984295852
40021,2025-02-28 23:59:59.999999999,42996634000.0,43560219938.64071,-1.2938096718395393
40021,2025-03-31 23:59:59.999999999,42996634000.0,43730930227.58938,-1.6791241891445485
40021,2025-04-30 23:59:59.999999999,42996634000.0,43922643274.150894,-2.108274013408169
40021,2025-05-31 23:59:59.999999999,42996634000.0,44143489039.98974,-2.59801720464551
40021,2025-06-30 23:59:59.999999999,42996634000.0,44330407964.54558,-3.0087121364014955
40021,2025-07-31 23:59:59.999999999,42996634000.0,44486122618.75124,-3.348210477942199
40021,2025-08-31 23:59:59.999999999,42996634000.0,44640662382.66701,-3.6828055295732973
40021,2025-09-30 23:59:59.999999999,42996634000.0,44742304647.06553,-3.9016118209280055
40021,2025-10-31 23:59:59.999999999,42996634000.0,44935731797.47597,-4.315270097781931
40021,2025-11-30 23:59:59.999999999,42996634000.0,45158834051.72787,-4.7879899849742396
40021,2025-12-31 23:59:59.999999999,42996634000.0,45356918978.75892,-5.203804473280611
40021,2026-01-31 23:59:59.999999999,42996634000.0,45533422522.17213,-5.571267832847088
40021,2026-02-28 23:59:59.999999999,42996634000.0,45710885923.5691,-5.937868559597523
40021,2026-03-31 23:59:59.999999999,42996634000.0,45888610485.97976,-6.302167041783361
40021,2026-04-30 23:59:59.999999999,42996634000.0,46066603545.278206,-6.664198592936804
40021,2026-05-31 23:59:59.999999999,42996634000.0,46244859481.898476,-7.023971784734089
40021,2026-06-30 23:59:59.999999999,42996634000.0,46423385536.591415,-7.381520966174284
40021,2026-07-31 23:59:59.999999999,42996634000.0,46602176068.14752,-7.73685431099837
40021,2026-08-31 23:59:59.999999999,42996634000.0,46781238245.79432,-8.090005283548814
40021,2026-09-30 23:59:59.999999999,42996634000.0,46960569589.44311,-8.440987884299881
40021,2026-10-31 23:59:59.999999999,42996634000.0,47140167647.26462,-8.789816103899776
40021,2026-11-30 23:59:59.999999999,42996634000.0,47320039441.3354,-9.136522057838322
40021,2026-12-31 23:59:59.999999999,42996634000.0,47500179272.97527,-9.481113001898748
40021,2027-01-31 23:59:59.999999999,42996634000.0,47680594263.035065,-9.82362056394578
40021,2027-02-28 23:59:59.999999999,42996634000.0,47861281859.30536,-10.164057606324969
40021,2027-03-31 23:59:59.999999999,42996634000.0,48042239493.811646,-10.502436911713021
40021,2027-04-30 23:59:59.999999999,42996634000.0,48223474339.81943,-10.838789223246579
40021,2027-05-31 23:59:59.999999999,42996634000.0,48404980417.534676,-11.173120556775404
40021,2024-12-31 23:59:59.999999999,0.0,0.0,
40021,2025-01-31 23:59:59.999999999,0.0,0.0,
40021,2025-02-28 23:59:59.999999999,0.0,0.0,
40021,2025-03-31 23:59:59.999999999,0.0,0.0,
40021,2025-04-30 23:59:59.999999999,0.0,0.0,
40021,2025-05-31 23:59:59.999999999,0.0,0.0,
40021,2025-06-30 23:59:59.999999999,0.0,0.0,
40021,2025-07-31 23:59:59.999999999,0.0,0.0,
40021,2025-08-31 23:59:59.999999999,0.0,0.0,
40021,2025-09-30 23:59:59.999999999,0.0,0.0,
40021,2025-10-31 23:59:59.999999999,0.0,0.0,
40021,2025-11-30 23:59:59.999999999,0.0,0.0,
40021,2025-12-31 23:59:59.999999999,0.0,0.0,
40021,2026-01-31 23:59:59.999999999,0.0,0.0,
40021,2026-02-28 23:59:59.999999999,0.0,0.0,
40021,2026-03-31 23:59:59.999999999,0.0,0.0,
40021,2026-04-30 23:59:59.999999999,0.0,0.0,
40021,2026-05-31 23:59:59.999999999,0.0,0.0,
40021,2026-06-30 23:59:59.999999999,0.0,0.0,
40021,2026-07-31 23:59:59.999999999,0.0,0.0,
40021,2026-08-31 23:59:59.999999999,0.0,0.0,
40021,2026-09-30 23:59:59.999999999,0.0,0.0,
40021,2026-10-31 23:59:59.999999999,0.0,0.0,
40021,2026-11-30 23:59:59.999999999,0.0,0.0,
40021,2026-12-31 23:59:59.999999999,0.0,0.0,
40021,2027-01-31 23:59:59.999999999,0.0,0.0,
40021,2027-02-28 23:59:59.999999999,0.0,0.0,
40021,2027-03-31 23:59:59.999999999,0.0,0.0,
40021,2027-04-30 23:59:59.999999999,0.0,0.0,
40021,2027-05-31 23:59:59.999999999,0.0,0.0,
40021,2024-12-31 23:59:59.999999999,22459593000.0,22572675335.564884,-0.5009713287583343
40021,2025-01-31 23:59:59.999999999,22459593000.0,22652613927.97852,-0.852092498429581
40021,2025-02-28 23:59:59.999999999,22459593000.0,22753985975.277145,-1.2938096718395278
40021,2025-03-31 23:59:59.999999999,22459593000.0,22843157690.342983,-1.679124189144553
40021,2025-04-30 23:59:59.999999999,22459593000.0,22943300342.948574,-2.1082740134081774
40021,2025-05-31 23:59:59.999999999,22459593000.0,23058660675.510593,-2.598017204645508
40021,2025-06-30 23:59:59.999999999,22459593000.0,23156299084.90909,-3.008712136401495
40021,2025-07-31 23:59:59.999999999,22459593000.0,23237637725.139366,-3.3482104779422017
40021,2025-08-31 23:59:59.999999999,22459593000.0,23318362653.19793,-3.6828055295733035
40021,2025-09-30 23:59:59.999999999,22459593000.0,23371456201.89619,-3.9016118209279944
40021,2025-10-31 23:59:59.999999999,22459593000.0,23472494228.652637,-4.3152700977819345
40021,2025-11-30 23:59:59.999999999,22459593000.0,23589033253.74138,-4.787989984974233
40021,2025-12-31 23:59:59.999999999,22459593000.0,23692504302.738087,-5.203804473280615
40021,2026-01-31 23:59:59.999999999,22459593000.0,23784702164.8487,-5.5712678328470915
40021,2026-02-28 23:59:59.999999999,22459593000.0,23877401415.49986,-5.937868559597518
40021,2026-03-31 23:59:59.999999999,22459593000.0,23970237085.435658,-6.302167041783356
40021,2026-04-30 23:59:59.999999999,22459593000.0,24063213006.60131,-6.664198592936804
40021,2026-05-31 23:59:59.999999999,22459593000.0,24156326243.577175,-7.023971784734082
40021,2026-06-30 23:59:59.999999999,22459593000.0,24249580578.620174,-7.381520966174279
40021,2026-07-31 23:59:59.999999999,22459593000.0,24342973065.005013,-7.73685431099837
40021,2026-08-31 23:59:59.999999999,22459593000.0,24436507447.6279,-8.090005283548825
40021,2026-09-30 23:59:59.999999999,22459593000.0,24530182430.997124,-8.440987884299874
40021,2026-10-31 23:59:59.999999999,22459593000.0,24623996734.382507,-8.78981610389977
40021,2026-11-30 23:59:59.999999999,22459593000.0,24717954025.81492,-9.136522057838334
40021,2026-12-31 23:59:59.999999999,22459593000.0,24812051328.548836,-9.481113001898752
40021,2027-01-31 23:59:59.999999999,22459593000.0,24906292362.210575,-9.82362056394578
40021,2027-02-28 23:59:59.999999999,22459593000.0,25000675793.635674,-10.164057606324976
40021,2027-03-31 23:59:59.999999999,22459593000.0,25095200281.424652,-10.50243691171302
40021,2027-04-30 23:59:59.999999999,22459593000.0,25189869572.582993,-10.838789223246572
40021,2027-05-31 23:59:59.999999999,22459593000.0,25284680543.523407,-11.173120556775414
40021,2024-12-31 23:59:59.999999999,784602560.0,788552984.3637304,-0.500971328758328
40021,2025-01-31 23:59:59.999999999,454540130.0,458446516.37534606,-0.852092498429581
40021,2025-02-28 23:59:59.999999999,124477704.0,126109318.56062834,-1.2938096718395353
40021,2025-03-31 23:59:59.999999999,-205584700.0,-209095680.14375004,-1.6791241891445583
40021,2025-04-30 23:59:59.999999999,-535647140.0,-547183258.4434841,-2.1082740134081748
40021,2025-05-31 23:59:59.999999999,-865709600.0,-888800764.7841121,-2.5980172046455094
40021,2025-06-30 23:59:59.999999999,-1195771900.0,-1232865271.0351126,-3.008712136401495
40021,2025-07-31 23:59:59.999999999,-1525834400.0,-1578692309.314951,-3.348210477942205
40021,2025-08-31 23:59:59.999999999,-1855896800.0,-1926859313.3387372,-3.682805529573306
40021,2025-09-30 23:59:59.999999999,-2185959200.0,-2274709502.85517,-3.901611820927997
40021,2025-10-31 23:59:59.999999999,-2516021500.0,-2629491149.289095,-4.315270097781938
40021,2025-11-30 23:59:59.999999999,-2846084000.0,-2989207029.1876507,-4.787989984974239
40021,2025-12-31 23:59:59.999999999,-3176146400.0,-3350499895.435959,-5.203804473280618
40021,2026-01-31 23:59:59.999999999,-3506208800.0,-3713074069.2287264,-5.571267832847086
40021,2026-02-28 23:59:59.999999999,-3836271400.0,-4078444004.2490973,-5.937868559597521
40021,2026-03-31 23:59:59.999999999,-4166333700.0,-4446563559.114461,-6.302167041783366
40021,2026-04-30 23:59:59.999999999,-4496396300.0,-4817440060.743652,-6.664198592936803
40021,2026-05-31 23:59:59.999999999,-4826458600.0,-5191078514.15784,-7.02397178473408
40021,2026-06-30 23:59:59.999999999,-5156521000.0,-5567486114.857013,-7.381520966174289
40021,2026-07-31 23:59:59.999999999,-5486583300.0,-5946668363.654153,-7.736854310998376
40021,2026-08-31 23:59:59.999999999,-5816645600.0,-6328632321.158066,-8.09000528354882
40021,2026-09-30 23:59:59.999999999,-6146708000.0,-6713383888.669099,-8.440987884299881
40021,2026-10-31 23:59:59.999999999,-6476771000.0,-7100929456.93197,-8.789816103899781
40021,2026-11-30 23:59:59.999999999,-6806833000.0,-7491275159.347113,-9.136522057838333
40021,2026-12-31 23:59:59.999999999,-7136895500.0,-7884426913.191835,-9.48111300189875
40021,2027-01-31 23:59:59.999999999,-7466958000.0,-8280392127.846475,-9.82362056394579
40021,2027-02-28 23:59:59.999999999,-7797020000.0,-8679176677.228195,-10.16405760632497
40021,2027-03-31 23:59:59.999999999,-8127082500.0,-9080786353.906473,-10.502436911713028
40021,2027-04-30 23:59:59.999999999,-8457145300.0,-9485229361.875143,-10.838789223246577
40021,2027-05-31 23:59:59.999999999,-8787207000.0,-9892509140.340242,-11.173120556775414
40021,2024-12-31 23:59:59.999999999,2291828500.0,2303367691.731457,-0.5009713287583334
40021,2025-01-31 23:59:59.999999999,2305117200.0,2324927718.6848235,-0.852092498429587
40021,2025-02-28 23:59:59.999999999,2315051800.0,2345396745.9420075,-1.2938096718395402
40021,2025-03-31 23:59:59.999999999,2298297900.0,2337548193.1439924,-1.679124189144562
40021,2025-04-30 23:59:59.999999999,2235181300.0,2283319953.21663,-2.1082740134081783
40021,2025-05-31 23:59:59.999999999,2174654200.0,2232659074.886634,-2.598017204645503
40021,2025-06-30 23:59:59.999999999,2081882000.0,2146462872.9621649,-3.008712136401496
40021,2025-07-31 23:59:59.999999999,2015933000.0,2085768991.93359,-3.348210477942204
40021,2025-08-31 23:59:59.999999999,2145784300.0,2227831003.3821044,-3.6828055295732964
40021,2025-09-30 23:59:59.999999999,2245212200.0,2336368176.973186,-3.9016118209280073
40021,2025-10-31 23:59:59.999999999,2258003200.0,2359836519.690753,-4.315270097781935
40021,2025-11-30 23:59:59.999999999,2151103500.0,2259277466.8453345,-4.787989984974248
40021,2025-12-31 23:59:59.999999999,2151103500.0,2269187572.3996615,-5.203804473280622
40021,2026-01-31 23:59:59.999999999,2151103500.0,2278017970.412042,-5.571267832847085
40021,2026-02-28 23:59:59.999999999,2151103500.0,2286896389.7154865,-5.937868559597515
40021,2026-03-31 23:59:59.999999999,2151103500.0,2295787874.7945614,-6.302167041783356
40021,2026-04-30 23:59:59.999999999,2151103500.0,2304692792.659961,-6.6641985929368115
40021,2026-05-31 23:59:59.999999999,2151103500.0,2313610862.167165,-7.0239717847340915
40021,2026-06-30 23:59:59.999999999,2151103500.0,2322542445.567891,-7.381520966174296
40021,2026-07-31 23:59:59.999999999,2151103500.0,2331487260.6348014,-7.7368543109983685
40021,2026-08-31 23:59:59.999999999,2151103500.0,2340445666.041333,-8.09000528354882
40021,2026-09-30 23:59:59.999999999,2151103500.0,2349417537.7096915,-8.440987884299876
40021,2026-10-31 23:59:59.999999999,2151103500.0,2358402752.9758906,-8.789816103899781
40021,2026-11-30 23:59:59.999999999,2151103500.0,2367401663.151465,-9.136522057838324
40021,2026-12-31 23:59:59.999999999,2151103500.0,2376413983.1338425,-9.48111300189874
40021,2027-01-31 23:59:59.999999999,2151103500.0,2385440069.176195,-9.82362056394578
40021,2027-02-28 23:59:59.999999999,2151103500.0,2394479793.592559,-10.164057606324969
40021,2027-03-31 23:59:59.999999999,2151103500.0,2403533027.90825,-10.50243691171303
40021,2027-04-30 23:59:59.999999999,2151103500.0,2412600130.998722,-10.838789223246568
40021,2027-05-31 23:59:59.999999999,2151103500.0,2421680803.6973977,-11.173120556775402
40021,2024-12-31 23:59:59.999999999,3889073000.0,3897273048.817167,-0.21040744937426376
40021,2025-01-31 23:59:59.999999999,3889073000.0,3897273048.817167,-0.21040744937426376
40021,2025-02-28 23:59:59.999999999,3889073000.0,3897273048.817167,-0.21040744937426376
40021,2025-03-31 23:59:59.999999999,3889073000.0,3897273048.817167,-0.21040744937426376
40021,2025-04-30 23:59:59.999999999,3889073000.0,3897273048.817167,-0.21040744937426376
40021,2025-05-31 23:59:59.999999999,3889073000.0,3897273048.817167,-0.21040744937426376
40021,2025-06-30 23:59:59.999999999,3889073000.0,3897273048.817167,-0.21040744937426376
40021,2025-07-31 23:59:59.999999999,3889073000.0,3897273048.817167,-0.21040744937426376
40021,2025-08-31 23:59:59.999999999,3889073000.0,3897273048.817167,-0.21040744937426376
40021,2025-09-30 23:59:59.999999999,3889073000.0,3897273048.817167,-0.21040744937426376
40021,2025-10-31 23:59:59.999999999,3889073000.0,3897273048.817167,-0.21040744937426376
40021,2025-11-30 23:59:59.999999999,3889073000.0,3897273048.817167,-0.21040744937426376
40021,2025-12-31 23:59:59.999999999,3889073000.0,3897273048.817167,-0.21040744937426376
40021,2026-01-31 23:59:59.999999999,3889073000.0,3897273048.817167,-0.21040744937426376
40021,2026-02-28 23:59:59.999999999,3889073000.0,3897273048.817167,-0.21040744937426376
40021,2026-03-31 23:59:59.999999999,3889073000.0,3897273048.817167,-0.21040744937426376
40021,2026-04-30 23:59:59.999999999,3889073000.0,3897273048.817167,-0.21040744937426376
40021,2026-05-31 23:59:59.999999999,3889073000.0,3897273048.817167,-0.21040744937426376
40021,2026-06-30 23:59:59.999999999,3889073000.0,3897273048.817167,-0.21040744937426376
40021,2026-07-31 23:59:59.999999999,3889073000.0,3897273048.817167,-0.21040744937426376
40021,2026-08-31 23:59:59.999999999,3889073000.0,3897273048.817167,-0.21040744937426376
40021,2026-09-30 23:59:59.999999999,3889073000.0,3897273048.817167,-0.21040744937426376
40021,2026-10-31 23:59:59.999999999,3889073000.0,3897273048.817167,-0.21040744937426376
40021,2026-11-30 23:59:59.999999999,3889073000.0,3897273048.817167,-0.21040744937426376
40021,2026-12-31 23:59:59.999999999,3889073000.0,3897273048.817167,-0.21040744937426376
40021,2027-01-31 23:59:59.999999999,3889073000.0,3897273048.817167,-0.21040744937426376
40021,2027-02-28 23:59:59.999999999,3889073000.0,3897273048.817167,-0.21040744937426376
40021,2027-03-31 23:59:59.999999999,3889073000.0,3897273048.817167,-0.21040744937426376
40021,2027-04-30 23:59:59.999999999,3889073000.0,3897273048.817167,-0.21040744937426376
40021,2027-05-31 23:59:59.999999999,3889073000.0,3897273048.817167,-0.21040744937426376
40021,2024-12-31 23:59:59.999999999,24463827000.0,24515409191.182835,-0.210407449374276
40021,2025-01-31 23:59:59.999999999,24463827000.0,24515409191.182835,-0.210407449374276
40021,2025-02-28 23:59:59.999999999,24463827000.0,24515409191.182835,-0.210407449374276
40021,2025-03-31 23:59:59.999999999,24463827000.0,24515409191.182835,-0.210407449374276
40021,2025-04-30 23:59:59.999999999,24463827000.0,24515409191.182835,-0.210407449374276
40021,2025-05-31 23:59:59.999999999,24463827000.0,24515409191.182835,-0.210407449374276
40021,2025-06-30 23:59:59.999999999,24463827000.0,24515409191.182835,-0.210407449374276
40021,2025-07-31 23:59:59.999999999,24463827000.0,24515409191.182835,-0.210407449374276
40021,2025-08-31 23:59:59.999999999,24463827000.0,24515409191.182835,-0.210407449374276
40021,2025-09-30 23:59:59.999999999,24463827000.0,24515409191.182835,-0.210407449374276
40021,2025-10-31 23:59:59.999999999,24463827000.0,24515409191.182835,-0.210407449374276
40021,2025-11-30 23:59:59.999999999,24463827000.0,24515409191.182835,-0.210407449374276
40021,2025-12-31 23:59:59.999999999,24463827000.0,24515409191.182835,-0.210407449374276
40021,2026-01-31 23:59:59.999999999,24463827000.0,24515409191.182835,-0.210407449374276
40021,2026-02-28 23:59:59.999999999,24463827000.0,24515409191.182835,-0.210407449374276
40021,2026-03-31 23:59:59.999999999,24463827000.0,24515409191.182835,-0.210407449374276
40021,2026-04-30 23:59:59.999999999,24463827000.0,24515409191.182835,-0.210407449374276
40021,2026-05-31 23:59:59.999999999,24463827000.0,24515409191.182835,-0.210407449374276
40021,2026-06-30 23:59:59.999999999,24463827000.0,24515409191.182835,-0.210407449374276
40021,2026-07-31 23:59:59.999999999,24463827000.0,24515409191.182835,-0.210407449374276
40021,2026-08-31 23:59:59.999999999,24463827000.0,24515409191.182835,-0.210407449374276
40021,2026-09-30 23:59:59.999999999,24463827000.0,24515409191.182835,-0.210407449374276
40021,2026-10-31 23:59:59.999999999,24463827000.0,24515409191.182835,-0.210407449374276
40021,2026-11-30 23:59:59.999999999,24463827000.0,24515409191.182835,-0.210407449374276
40021,2026-12-31 23:59:59.999999999,24463827000.0,24515409191.182835,-0.210407449374276
40021,2027-01-31 23:59:59.999999999,24463827000.0,24515409191.182835,-0.210407449374276
40021,2027-02-28 23:59:59.999999999,24463827000.0,24515409191.182835,-0.210407449374276
40021,2027-03-31 23:59:59.999999999,24463827000.0,24515409191.182835,-0.210407449374276
40021,2027-04-30 23:59:59.999999999,24463827000.0,24515409191.182835,-0.210407449374276
40021,2027-05-31 23:59:59.999999999,24463827000.0,24515409191.182835,-0.210407449374276
40021,2024-12-31 23:59:59.999999999,-0.0,-0.0,
40021,2025-01-31 23:59:59.999999999,-0.0,-0.0,
40021,2025-02-28 23:59:59.999999999,-0.0,-0.0,
40021,2025-03-31 23:59:59.999999999,-0.0,-0.0,
40021,2025-04-30 23:59:59.999999999,-0.0,-0.0,
40021,2025-05-31 23:59:59.999999999,-0.0,-0.0,
40021,2025-06-30 23:59:59.999999999,-0.0,-0.0,
40021,2025-07-31 23:59:59.999999999,-0.0,-0.0,
40021,2025-08-31 23:59:59.999999999,-0.0,-0.0,
40021,2025-09-30 23:59:59.999999999,-0.0,-0.0,
40021,2025-10-31 23:59:59.999999999,-0.0,-0.0,
40021,2025-11-30 23:59:59.999999999,-0.0,-0.0,
40021,2025-12-31 23:59:59.999999999,-0.0,-0.0,
40021,2026-01-31 23:59:59.999999999,-0.0,-0.0,
40021,2026-02-28 23:59:59.999999999,-0.0,-0.0,
40021,2026-03-31 23:59:59.999999999,-0.0,-0.0,
40021,2026-04-30 23:59:59.999999999,-0.0,-0.0,
40021,2026-05-31 23:59:59.999999999,-0.0,-0.0,
40021,2026-06-30 23:59:59.999999999,-0.0,-0.0,
40021,2026-07-31 23:59:59.999999999,-0.0,-0.0,
40021,2026-08-31 23:59:59.999999999,-0.0,-0.0,
40021,2026-09-30 23:59:59.999999999,-0.0,-0.0,
40021,2026-10-31 23:59:59.999999999,-0.0,-0.0,
40021,2026-11-30 23:59:59.999999999,-0.0,-0.0,
40021,2026-12-31 23:59:59.999999999,-0.0,-0.0,
40021,2027-01-31 23:59:59.999999999,-0.0,-0.0,
40021,2027-02-28 23:59:59.999999999,-0.0,-0.0,
40021,2027-03-31 23:59:59.999999999,-0.0,-0.0,
40021,2027-04-30 23:59:59.999999999,-0.0,-0.0,
40021,2027-05-31 23:59:59.999999999,-0.0,-0.0,
40021,2024-12-31 23:59:59.999999999,2166330.0,2080272.472303675,4.136839228614396
40021,2025-01-31 23:59:59.999999999,2166330.0,1961970.6939335323,10.416022354378294
40021,2025-02-28 23:59:59.999999999,2166330.0,1991981.5627525053,8.75251259889079
40021,2025-03-31 23:59:59.999999999,2166330.0,2079060.1470921938,4.1975626837859
40021,2025-04-30 23:59:59.999999999,2166330.0,2105081.187577877,2.909570081360908
40021,2025-05-31 23:59:59.999999999,2166330.0,2134784.8930924693,1.4776714510956723
40021,2025-06-30 23:59:59.999999999,2166330.0,2171867.9784102957,-0.2549868806643217
40021,2025-07-31 23:59:59.999999999,2166330.0,2169507.162698573,-0.14644628758086273
40021,2025-08-31 23:59:59.999999999,2166330.0,2179543.6782316295,-0.606258932252757
40021,2025-09-30 23:59:59.999999999,2166330.0,2170671.133499967,-0.19999038237392217
40021,2025-10-31 23:59:59.999999999,2166330.0,2138607.3984170053,1.2962922322028307
40021,2025-11-30 23:59:59.999999999,2166330.0,2101007.785778078,3.1090895837747254
40021,2025-12-31 23:59:59.999999999,2166330.0,2085361.5816012393,3.882704041022437
40021,2026-01-31 23:59:59.999999999,2166330.0,2083849.8936174654,3.9580637086749575
40021,2026-02-28 23:59:59.999999999,2166330.0,2085300.9605707496,3.885723977563059
40021,2026-03-31 23:59:59.999999999,2166330.0,2098044.593282913,3.2547166507189265
40021,2026-04-30 23:59:59.999999999,2166330.0,2106543.842943973,2.8381159621379504
40021,2026-05-31 23:59:59.999999999,2166330.0,2115309.4670162676,2.4119654253568394
40021,2026-06-30 23:59:59.999999999,2166330.0,2122534.430745658,2.063362017593108
40021,2026-07-31 23:59:59.999999999,2166330.0,2121641.5626166267,2.1063141941968224
40021,2026-08-31 23:59:59.999999999,2166330.0,2124342.1634379523,1.9765100596645995
40021,2026-09-30 23:59:59.999999999,2166330.0,2122570.7136431495,2.061617362172247
40021,2026-10-31 23:59:59.999999999,2166330.0,2115360.564545973,2.4094916161475544
40021,2026-11-30 23:59:59.999999999,2166330.0,2106797.6652990286,2.8257262518145825
40021,2026-12-31 23:59:59.999999999,2166330.0,2103209.8040234693,3.001136446577078
40021,2027-01-31 23:59:59.999999999,2166330.0,2102858.077262203,3.0183645498527167
40021,2027-02-28 23:59:59.999999999,2166330.0,2103184.3667849223,3.0023822073005713
40021,2027-03-31 23:59:59.999999999,2166330.0,2106153.2804237087,2.8571861381420978
40021,2027-04-30 23:59:59.999999999,2166330.0,2108116.6265902487,2.7613924521769913
40021,2027-05-31 23:59:59.999999999,2166330.0,2110125.6839825073,2.6635530027489396
40021,2024-12-31 23:59:59.999999999,18437712000.0,17705273185.33569,4.1368392286143845
40021,2025-01-31 23:59:59.999999999,18460166000.0,16718738594.614845,10.4160223543783
40021,2025-02-28 23:59:59.999999999,18289345000.0,16817399501.799225,8.752512598890796
40021,2025-03-31 23:59:59.999999999,17298930000.0,16602048280.628231,4.197562683785899
40021,2025-04-30 23:59:59.999999999,16651760000.0,16180963153.217937,2.9095700813609136
40021,2025-05-31 23:59:59.999999999,16005769000.0,15772700523.300373,1.4776714510956697
40021,2025-06-30 23:59:59.999999999,15484629000.0,15524213700.261963,-0.2549868806643323
40021,2025-07-31 23:59:59.999999999,15556178000.0,15578992776.563766,-0.14644628758085038
40021,2025-08-31 23:59:59.999999999,15368269000.0,15462008608.29347,-0.6062589322527636
40021,2025-09-30 23:59:59.999999999,15502875000.0,15533941012.027693,-0.19999038237391636
40021,2025-10-31 23:59:59.999999999,16031238000.0,15826085822.81707,1.2962922322028236
40021,2025-11-30 23:59:59.999999999,16660696000.0,16158319437.45698,3.109089583774716
40021,2025-12-31 23:59:59.999999999,16926171000.0,16293541155.143585,3.882704041022443
40021,2026-01-31 23:59:59.999999999,16952508000.0,16307064417.34675,3.958063708674961
40021,2026-02-28 23:59:59.999999999,16928247000.0,16295065516.081993,3.885723977563055
40021,2026-03-31 23:59:59.999999999,16709194000.0,16182499231.025354,3.2547166507189336
40021,2026-04-30 23:59:59.999999999,16564458000.0,16107314239.497112,2.8381159621379575
40021,2026-05-31 23:59:59.999999999,16416718000.0,16030077887.691116,2.411965425356852
40021,2026-06-30 23:59:59.999999999,16295850000.0,15966405242.648203,2.0633620175931044
40021,2026-07-31 23:59:59.999999999,16310718000.0,15974250557.099253,2.1063141941968273
40021,2026-08-31 23:59:59.999999999,16265678000.0,15950416242.410381,1.9765100596646077
40021,2026-09-30 23:59:59.999999999,16295212000.0,15966053109.050179,2.0616173621722544
40021,2026-10-31 23:59:59.999999999,16415884000.0,16029651186.56209,2.4094916161475513
40021,2026-11-30 23:59:59.999999999,16560263000.0,16105175009.846096,2.8257262518145887
40021,2026-12-31 23:59:59.999999999,16621109000.0,16136821224.900524,3.0011364465770813
40021,2027-01-31 23:59:59.999999999,16627087000.0,16139925568.274584,3.018364549852726
40021,2027-02-28 23:59:59.999999999,16621543000.0,16137047578.713089,3.002382207300581
40021,2027-03-31 23:59:59.999999999,16571178000.0,16110860705.195765,2.857186138142097
40021,2027-04-30 23:59:59.999999999,16537949000.0,16093543294.186499,2.7613924521769855
40021,2027-05-31 23:59:59.999999999,16504011000.0,16075822693.919514,2.663553002748925
40021,2024-12-31 23:59:59.999999999,17682485000.0,16980047962.835867,4.136839228614392
40021,2025-01-31 23:59:59.999999999,19838147000.0,17966728140.53183,10.416022354378288
40021,2025-02-28 23:59:59.999999999,19431932000.0,17868030300.75297,8.752512598890794
40021,2025-03-31 23:59:59.999999999,18842331000.0,18083274359.47985,4.197562683785896
40021,2025-04-30 23:59:59.999999999,19042724000.0,18504327464.340496,2.909570081360926
40021,2025-05-31 23:59:59.999999999,19192019000.0,18912553539.671097,1.477671451095669
40021,2025-06-30 23:59:59.999999999,19112137000.0,19160994726.75802,-0.2549868806643376
40021,2025-07-31 23:59:59.999999999,19078238000.0,19106218555.77201,-0.1464462875808458
40021,2025-08-31 23:59:59.999999999,19106648000.0,19223190372.698437,-0.6062589322527592
40021,2025-09-30 23:59:59.999999999,19112968000.0,19151268887.878326,-0.19999038237392508
40021,2025-10-31 23:59:59.999999999,19103633000.0,18859163536.024094,1.2962922322028165
40021,2025-11-30 23:59:59.999999999,19102996000.0,18526976192.995167,3.109089583774711
40021,2025-12-31 23:59:59.999999999,19105872000.0,18391773730.163246,3.8827040410224507
40021,2026-01-31 23:59:59.999999999,19105675000.0,18378252328.304665,3.9580637086749473
40021,2026-02-28 23:59:59.999999999,19104844000.0,18390249443.827538,3.885723977563052
40021,2026-03-31 23:59:59.999999999,19105014000.0,18502800046.051918,3.2547166507189322
40021,2026-04-30 23:59:59.999999999,19105240000.0,18577974578.058197,2.838115962137965
40021,2026-05-31 23:59:59.999999999,19105157000.0,18655200142.53103,2.4119654253568554
40021,2026-06-30 23:59:59.999999999,19105102000.0,18718863896.240036,2.063362017593096
40021,2026-07-31 23:59:59.999999999,19105133000.0,18711019680.5888,2.1063141941968153
40021,2026-08-31 23:59:59.999999999,19105147000.0,18734850671.808563,1.976510059664598
40021,2026-09-30 23:59:59.999999999,19105135000.0,18719215985.186863,2.061617362172258
40021,2026-10-31 23:59:59.999999999,19105133000.0,18655626780.77739,2.409491616147562
40021,2026-11-30 23:59:59.999999999,19105137000.0,18580113495.34509,2.8257262518145874
40021,2026-12-31 23:59:59.999999999,19105137000.0,18548471695.658558,3.001136446577077
40021,2027-01-31 23:59:59.999999999,19105135000.0,18545367785.133717,3.0183645498527243
40021,2027-02-28 23:59:59.999999999,19105135000.0,18548245373.15009,3.0023822073005766
40021,2027-03-31 23:59:59.999999999,19105135000.0,18574428593.001656,2.8571861381420915
40021,2027-04-30 23:59:59.999999999,19105135000.0,18591743587.83736,2.761392452176986
40021,2027-05-31 23:59:59.999999999,19105135000.0,18609461715.67668,2.6635530027489285
40021,2024-12-31 23:59:59.999999999,499643.72,479795.35623615264,4.136839228614397
40021,2025-01-31 23:59:59.999999999,499643.72,452510.15939190617,10.4160223543783
40021,2025-02-28 23:59:59.999999999,499643.72,459431.88512142573,8.752512598890796
40021,2025-03-31 23:59:59.999999999,499643.72,479515.744784066,4.197562683785906
40021,2025-04-30 23:59:59.999999999,499643.72,485517.25398811663,2.909570081360924
40021,2025-05-31 23:59:59.999999999,499643.72,492368.1353792093,1.4776714510956792
40021,2025-06-30 23:59:59.999999999,499643.72,500921.00158653804,-0.2549868806643317
40021,2025-07-31 23:59:59.999999999,499643.72,500376.50156046223,-0.14644628758085007
40021,2025-08-31 23:59:59.999999999,499643.72,502691.3298388079,-0.6062589322527542
40021,2025-09-30 23:59:59.999999999,499643.72,500644.96052088146,-0.1999903823739179
40021,2025-10-31 23:59:59.999999999,499643.72,493249.76042031246,1.296292232202821
40021,2025-11-30 23:59:59.999999999,499643.72,484577.7620255742,3.1090895837747197
40021,2025-12-31 23:59:59.999999999,499643.72,480969.1116171704,3.882704041022441
40021,2026-01-31 23:59:59.999999999,499643.72,480620.45494630194,3.95806370867496
40021,2026-02-28 23:59:59.999999999,499643.72,480955.12994442973,3.8857239775630577
40021,2026-03-31 23:59:59.999999999,499643.72,483894.3294378999,3.2547166507189362
40021,2026-04-30 23:59:59.999999999,499643.72,485854.6017450908,2.838115962137953
40021,2026-05-31 23:59:59.999999999,499643.72,487876.31081464427,2.411965425356848
40021,2026-06-30 23:59:59.999999999,499643.72,489542.68101013,2.0633620175931107
40021,2026-07-31 23:59:59.999999999,499643.72,489336.7493412049,2.106314194196822
40021,2026-08-31 23:59:59.999999999,499643.72,489959.6176194572,1.9765100596646064
40021,2026-09-30 23:59:59.999999999,499643.72,489551.04932051187,2.0616173621722544
40021,2026-10-31 23:59:59.999999999,499643.72,487888.0959811522,2.4094916161475544
40021,2026-11-30 23:59:59.999999999,499643.72,485913.14349329256,2.8257262518145843
40021,2026-12-31 23:59:59.999999999,499643.72,485085.6369037704,3.001136446577081
40021,2027-01-31 23:59:59.999999999,499643.72,485004.51442151563,3.0183645498527234
40021,2027-02-28 23:59:59.999999999,499643.72,485079.770043014,3.0023822073005704
40021,2027-03-31 23:59:59.999999999,499643.72,485764.5221588647,2.857186138142099
40021,2027-04-30 23:59:59.999999999,499643.72,486217.3495581269,2.7613924521769886
40021,2027-05-31 23:59:59.999999999,499643.72,486680.7198233452,2.663553002748928
40021,2024-12-31 23:59:59.999999999,-9.8717326e-05,-9.47957772803378e-05,4.13683922861439
40021,2025-01-31 23:59:59.999999999,-3.2385795e-08,-2.93307028167025e-08,10.416022354378292
40021,2025-02-28 23:59:59.999999999,-7.912965e-05,-7.276121354646151e-05,8.752512598890798
40021,2025-03-31 23:59:59.999999999,4.4156466e-05,4.237763824493314e-05,4.1975626837859075
40021,2025-04-30 23:59:59.999999999,3.793927e-06,3.686660924486843e-06,2.9095700813609198
40021,2025-05-31 23:59:59.999999999,5.8022557e-05,5.717765897076789e-05,1.4776714510956757
40021,2025-06-30 23:59:59.999999999,2.1346945e-05,2.140151583482067e-05,-0.25498688066432795
40021,2025-07-31 23:59:59.999999999,-3.451361e-05,-3.456422847369518e-05,-0.1464462875808609
40021,2025-08-31 23:59:59.999999999,2.1841623e-05,2.1974847056581086e-05,-0.6062589322527596
40021,2025-09-30 23:59:59.999999999,-3.531372e-05,-3.538448396404652e-05,-0.19999038237392255
40021,2025-10-31 23:59:59.999999999,-7.1939166e-07,-7.101855839026456e-07,1.2962922322028225
40021,2025-11-30 23:59:59.999999999,5.5258326e-05,5.359209964104074e-05,3.1090895837747246
40021,2025-12-31 23:59:59.999999999,-5.0739953e-05,-4.884350400840836e-05,3.882704041022447
40021,2026-01-31 23:59:59.999999999,2.315988e-05,2.2278099223636095e-05,3.9580637086749624
40021,2026-02-28 23:59:59.999999999,-4.559281e-05,-4.388746363134205e-05,3.885723977563063
40021,2026-03-31 23:59:59.999999999,1.0445215e-05,1.0115968570839332e-05,3.2547166507189313
40021,2026-04-30 23:59:59.999999999,-1.9753293e-06,-1.9208143309151327e-06,2.838115962137954
40021,2026-05-31 23:59:59.999999999,2.1063943e-05,2.0567853258463828e-05,2.4119654253568434
40021,2026-06-30 23:59:59.999999999,8.003347e-06,7.841547409465989e-06,2.0633620175931022
40021,2026-07-31 23:59:59.999999999,-4.671641e-06,-4.575271319555327e-06,2.1063141941968238
40021,2026-08-31 23:59:59.999999999,2.1600677e-06,2.118201192209434e-06,1.9765100596646106
40021,2026-09-30 23:59:59.999999999,-6.649397e-06,-6.515081120889816e-06,2.0616173621722464
40021,2026-10-31 23:59:59.999999999,-7.096911e-06,-6.929934654704003e-06,2.4094916161475575
40021,2026-11-30 23:59:59.999999999,2.2679384e-05,2.2056137550213654e-05,2.8257262518145794
40021,2026-12-31 23:59:59.999999999,-1.0512095e-05,-1.0205805148701196e-05,3.0011364465770787
40021,2027-01-31 23:59:59.999999999,1.1925804e-05,1.1576386306257545e-05,3.0183645498527203
40021,2027-02-28 23:59:59.999999999,-9.5776195e-06,-9.298444646322115e-06,3.00238220730057
40021,2027-03-31 23:59:59.999999999,2.2629113e-06,2.200051694328479e-06,2.857186138142099
40021,2027-04-30 23:59:59.999999999,-4.6160294e-06,-4.49198798336942e-06,2.761392452176991
40021,2027-05-31 23:59:59.999999999,3.7959871e-06,3.6975022094924824e-06,2.663553002748928
40021,2024-12-31 23:59:59.999999999,90650430000.0,90650427392.0,0.0
40021,2025-01-31 23:59:59.999999999,91146396000.0,91146395648.0,0.0
40021,2025-02-28 23:59:59.999999999,91369005000.0,91369005056.0,0.0
40021,2025-03-31 23:59:59.999999999,91346700000.0,91346698240.0,0.0
40021,2025-04-30 23:59:59.999999999,92258976000.0,92258975744.0,0.0
40021,2025-05-31 23:59:59.999999999,93006470000.0,93006471168.0,0.0
40021,2025-06-30 23:59:59.999999999,93096580000.0,93096583168.0,0.0
40021,2025-07-31 23:59:59.999999999,93893100000.0,93893099520.0,0.0
40021,2025-08-31 23:59:59.999999999,94400210000.0,94400208896.0,0.0
40021,2025-09-30 23:59:59.999999999,95436470000.0,95436472320.0,0.0
40021,2025-10-31 23:59:59.999999999,99856065000.0,99856064512.0,0.0
40021,2025-11-30 23:59:59.999999999,97523680000.0,97523679232.0,0.0
40021,2025-12-31 23:59:59.999999999,97475625000.0,97475624960.0,0.0
40021,2026-01-31 23:59:59.999999999,97842720000.0,97842716672.0,0.0
40021,2026-02-28 23:59:59.999999999,97974985000.0,97974984704.0,0.0
40021,2026-03-31 23:59:59.999999999,97896990000.0,97896988672.0,0.0
40021,2026-04-30 23:59:59.999999999,98641240000.0,98641240064.0,0.0
40021,2026-05-31 23:59:59.999999999,99244850000.0,99244851200.0,0.0
40021,2026-06-30 23:59:59.999999999,99276235000.0,99276234752.0,0.0
40021,2026-07-31 23:59:59.999999999,99929350000.0,99929350144.0,0.0
40021,2026-08-31 23:59:59.999999999,100332000000.0,100332003328.0,0.0
40021,2026-09-30 23:59:59.999999999,101200770000.0,101200773120.0,0.0
40021,2026-10-31 23:59:59.999999999,105034695000.0,105034694656.0,0.0
40021,2026-11-30 23:59:59.999999999,102958730000.0,102958727168.0,0.0
40021,2026-12-31 23:59:59.999999999,102885260000.0,102885261312.0,0.0
40021,2027-01-31 23:59:59.999999999,103177404000.0,103177404416.0,0.0
40021,2027-02-28 23:59:59.999999999,103265890000.0,103265886208.0,0.0
40021,2027-03-31 23:59:59.999999999,103172080000.0,103172079616.0,0.0
40021,2027-04-30 23:59:59.999999999,103799955000.0,103799955456.0,0.0
40021,2027-05-31 23:59:59.999999999,104306290000.0,104306286592.0,0.0
40021,2024-12-31 23:59:59.999999999,27119182000.0,27196722648.09184,-0.28511091242561615
40021,2025-01-31 23:59:59.999999999,27223106000.0,27383085572.785038,-0.5842294008825499
40021,2025-02-28 23:59:59.999999999,27309156000.0,27587635304.37286,-1.0094339340810368
40021,2025-03-31 23:59:59.999999999,27380406000.0,27776705406.592224,-1.4267319640369254
40021,2025-04-30 23:59:59.999999999,27439400000.0,27945128341.456135,-1.8097157231727456
40021,2025-05-31 23:59:59.999999999,27488250000.0,28120896445.227203,-2.2497383412347753
40021,2025-06-30 23:59:59.999999999,27528696000.0,28280441050.730927,-2.658180759565973
40021,2025-07-31 23:59:59.999999999,27562185000.0,28428486809.959957,-3.0473029104610907
40021,2025-08-31 23:59:59.999999999,27589915000.0,28574485945.758533,-3.445630915731937
40021,2025-09-30 23:59:59.999999999,27612875000.0,28712263815.072636,-3.8289877459801906
40021,2025-10-31 23:59:59.999999999,27631884000.0,28843913559.737614,-4.202027818546268
40021,2025-11-30 23:59:59.999999999,27647625000.0,28972567656.40819,-4.57309292058945
40021,2025-12-31 23:59:59.999999999,27660659000.0,29097165415.867126,-4.936930135070056
40021,2026-01-31 23:59:59.999999999,27671452000.0,29218560003.892574,-5.294950728873923
40021,2026-02-28 23:59:59.999999999,27680387000.0,29337861411.590977,-5.649608593952019
40021,2026-03-31 23:59:59.999999999,27687786000.0,29455086174.786556,-5.999981355679611
40021,2026-04-30 23:59:59.999999999,27693912000.0,29570626734.58147,-6.346550201408954
40021,2026-05-31 23:59:59.999999999,27698985000.0,29684921005.06906,-6.690049957451255
40021,2026-06-30 23:59:59.999999999,27703183000.0,29798111875.068348,-7.030406905818568
40021,2026-07-31 23:59:59.999999999,27706660000.0,29910398619.855198,-7.36779801521036
40021,2026-08-31 23:59:59.999999999,27709540000.0,30021971186.22643,-7.702461706736076
40021,2026-09-30 23:59:59.999999999,27711926000.0,30132937025.436817,-8.034433388929573
40021,2026-10-31 23:59:59.999999999,27713900000.0,30243399625.108353,-8.363805367331583
40021,2026-11-30 23:59:59.999999999,27715535000.0,30353448969.966446,-8.690656948330844
40021,2026-12-31 23:59:59.999999999,27716889000.0,30463148689.372494,-9.015023828874808
40021,2027-01-31 23:59:59.999999999,27718009000.0,30572553068.86487,-9.33695079516254
40021,2027-02-28 23:59:59.999999999,27718937000.0,30681708868.98107,-9.656477432964653
40021,2027-03-31 23:59:59.999999999,27719705000.0,30790649510.132126,-9.973628302714385
40021,2027-04-30 23:59:59.999999999,27720342000.0,30899409623.98926,-10.288442914200989
40021,2027-05-31 23:59:59.999999999,27720868000.0,31008005467.695423,-10.600932172564306
40021,2024-12-31 23:59:59.999999999,63518323000.0,63699938162.91083,-0.28511091242561504
40021,2025-01-31 23:59:59.999999999,63481990000.0,63855051150.77139,-0.5842294008825426
40021,2025-02-28 23:59:59.999999999,63122506000.0,63766183219.88986,-1.009433934081046
40021,2025-03-31 23:59:59.999999999,63146807000.0,64060782962.94465,-1.4267319640369198
40021,2025-04-30 23:59:59.999999999,63275622000.0,64441836446.47309,-1.8097157231727496
40021,2025-05-31 23:59:59.999999999,63355480000.0,64813614757.54059,-2.249738341234771
40021,2025-06-30 23:59:59.999999999,63539780000.0,65274906641.15997,-2.658180759565984
40021,2025-07-31 23:59:59.999999999,63769657000.0,65773990057.34383,-3.04730291046109
40021,2025-08-31 23:59:59.999999999,64000262000.0,66284169997.67625,-3.4456309157319382
40021,2025-09-30 23:59:59.999999999,64262865000.0,66821450029.308495,-3.8289877459801844
40021,2025-10-31 23:59:59.999999999,64544137000.0,67375264576.31595,-4.202027818546272
40021,2025-11-30 23:59:59.999999999,64830894000.0,67937750540.369354,-4.5730929205894535
40021,2025-12-31 23:59:59.999999999,65128694000.0,68511035728.74082,-4.93693013507006
40021,2026-01-31 23:59:59.999999999,65434060000.0,69092471051.54056,-5.294950728873933
40021,2026-02-28 23:59:59.999999999,65742990000.0,69679616989.68192,-5.649608593952012
40021,2026-03-31 23:59:59.999999999,66056106000.0,70272439236.36307,-5.999981355679611
40021,2026-04-30 23:59:59.999999999,66372313000.0,70870120887.95316,-6.346550201408947
40021,2026-05-31 23:59:59.999999999,66690327000.0,71471827492.76967,-6.690049957451251
40021,2026-06-30 23:59:59.999999999,67010023000.0,72077354749.86592,-7.030406905818568
40021,2026-07-31 23:59:59.999999999,67331000000.0,72686384247.94853,-7.367798015210367
40021,2026-08-31 23:59:59.999999999,67652810000.0,73298605742.91986,-7.702461706736087
40021,2026-09-30 23:59:59.999999999,67975320000.0,73913881093.6412,-8.034433388929562
40021,2026-10-31 23:59:59.999999999,68298363000.0,74532081077.54788,-8.36380536733159
40021,2026-11-30 23:59:59.999999999,68621783000.0,75153079352.64526,-8.690656948330851
40021,2026-12-31 23:59:59.999999999,68945490000.0,75776789660.66531,-9.015023828874801
40021,2027-01-31 23:59:59.999999999,69269430000.0,76403155287.109,-9.33695079516254
40021,2027-02-28 23:59:59.999999999,69593530000.0,77032119614.73082,-9.656477432964653
40021,2027-03-31 23:59:59.999999999,69917760000.0,77663644794.10435,-9.97362830271438
40021,2027-04-30 23:59:59.999999999,70242080000.0,78297696637.7045,-10.288442914200994
40021,2027-05-31 23:59:59.999999999,70566480000.0,78934243431.05269,-10.600932172564303
40021,2024-12-31 23:59:59.999999999,30260183000.0,30346704806.966248,-0.2851109124256088
40021,2025-01-31 23:59:59.999999999,29952262000.0,30128280416.17161,-0.5842294008825425
40021,2025-02-28 23:59:59.999999999,29659664000.0,29962112111.016003,-1.009433934081047
40021,2025-03-31 23:59:59.999999999,29363990000.0,29788999708.6096,-1.4267319640369265
40021,2025-04-30 23:59:59.999999999,29068935000.0,29604696006.42578,-1.8097157231727456
40021,2025-05-31 23:59:59.999999999,28773755000.0,29435987578.67864,-2.2497383412347727
40021,2025-06-30 23:59:59.999999999,28478601000.0,29256286186.369637,-2.6581807595659774
40021,2025-07-31 23:59:59.999999999,28183441000.0,29069270122.49251,-3.0473029104610947
40021,2025-08-31 23:59:59.999999999,27888282000.0,28883500420.017696,-3.4456309157319467
40021,2025-09-30 23:59:59.999999999,27593122000.0,28691724403.521233,-3.8289877459801787
40021,2025-10-31 23:59:59.999999999,27297964000.0,28495346415.364754,-4.202027818546268
40021,2025-11-30 23:59:59.999999999,27002804000.0,28296845250.91997,-4.573092920589444
40021,2025-12-31 23:59:59.999999999,26707644000.0,28094658055.90696,-4.936930135070062
40021,2026-01-31 23:59:59.999999999,26412487000.0,27889206393.193558,-5.294950728873933
40021,2026-02-28 23:59:59.999999999,26117327000.0,27681206679.473137,-5.649608593952027
40021,2026-03-31 23:59:59.999999999,25822170000.0,27470387198.226593,-5.999981355679607
40021,2026-04-30 23:59:59.999999999,25527010000.0,27256880910.31115,-6.346550201408949
40021,2026-05-31 23:59:59.999999999,25231850000.0,27040899132.937523,-6.690049957451253
40021,2026-06-30 23:59:59.999999999,24936692000.0,26822416751.612823,-7.030406905818564
40021,2026-07-31 23:59:59.999999999,24641532000.0,26601474839.220795,-7.367798015210367
40021,2026-08-31 23:59:59.999999999,24346372000.0,26378138080.608864,-7.7024617067360746
40021,2026-09-30 23:59:59.999999999,24051214000.0,26152412497.728054,-8.034433388929576
40021,2026-10-31 23:59:59.999999999,23756055000.0,25924313665.826252,-8.363805367331587
40021,2026-11-30 23:59:59.999999999,23460895000.0,25693859944.5669,-8.690656948330842
40021,2026-12-31 23:59:59.999999999,23165737000.0,25461057346.90716,-9.015023828874812
40021,2027-01-31 23:59:59.999999999,22870577000.0,25225907745.86446,-9.336950795162538
40021,2027-02-28 23:59:59.999999999,22575420000.0,24988420586.820625,-9.656477432964646
40021,2027-03-31 23:59:59.999999999,22280260000.0,24748592177.987076,-9.973628302714378
40021,2027-04-30 23:59:59.999999999,21985100000.0,24506429818.148987,-10.288442914200985
40021,2027-05-31 23:59:59.999999999,21689942000.0,24261933086.22349,-10.600932172564312
40021,2024-12-31 23:59:59.999999999,0.0,0.0,
40021,2025-01-31 23:59:59.999999999,0.0,0.0,
40021,2025-02-28 23:59:59.999999999,0.0,0.0,
40021,2025-03-31 23:59:59.999999999,0.0,0.0,
40021,2025-04-30 23:59:59.999999999,0.0,0.0,
40021,2025-05-31 23:59:59.999999999,0.0,0.0,
40021,2025-06-30 23:59:59.999999999,0.0,0.0,
40021,2025-07-31 23:59:59.999999999,0.0,0.0,
40021,2025-08-31 23:59:59.999999999,0.0,0.0,
40021,2025-09-30 23:59:59.999999999,0.0,0.0,
40021,2025-10-31 23:59:59.999999999,0.0,0.0,
40021,2025-11-30 23:59:59.999999999,0.0,0.0,
40021,2025-12-31 23:59:59.999999999,0.0,0.0,
40021,2026-01-31 23:59:59.999999999,0.0,0.0,
40021,2026-02-28 23:59:59.999999999,0.0,0.0,
40021,2026-03-31 23:59:59.999999999,0.0,0.0,
40021,2026-04-30 23:59:59.999999999,0.0,0.0,
40021,2026-05-31 23:59:59.999999999,0.0,0.0,
40021,2026-06-30 23:59:59.999999999,0.0,0.0,
40021,2026-07-31 23:59:59.999999999,0.0,0.0,
40021,2026-08-31 23:59:59.999999999,0.0,0.0,
40021,2026-09-30 23:59:59.999999999,0.0,0.0,
40021,2026-10-31 23:59:59.999999999,0.0,0.0,
40021,2026-11-30 23:59:59.999999999,0.0,0.0,
40021,2026-12-31 23:59:59.999999999,0.0,0.0,
40021,2027-01-31 23:59:59.999999999,0.0,0.0,
40021,2027-02-28 23:59:59.999999999,0.0,0.0,
40021,2027-03-31 23:59:59.999999999,0.0,0.0,
40021,2027-04-30 23:59:59.999999999,0.0,0.0,
40021,2027-05-31 23:59:59.999999999,0.0,0.0,
40021,2024-12-31 23:59:59.999999999,0.0,0.0,
40021,2025-01-31 23:59:59.999999999,0.0,0.0,
40021,2025-02-28 23:59:59.999999999,0.0,0.0,
40021,2025-03-31 23:59:59.999999999,0.0,0.0,
40021,2025-04-30 23:59:59.999999999,0.0,0.0,
40021,2025-05-31 23:59:59.999999999,0.0,0.0,
40021,2025-06-30 23:59:59.999999999,0.0,0.0,
40021,2025-07-31 23:59:59.999999999,0.0,0.0,
40021,2025-08-31 23:59:59.999999999,0.0,0.0,
40021,2025-09-30 23:59:59.999999999,0.0,0.0,
40021,2025-10-31 23:59:59.999999999,0.0,0.0,
40021,2025-11-30 23:59:59.999999999,0.0,0.0,
40021,2025-12-31 23:59:59.999999999,0.0,0.0,
40021,2026-01-31 23:59:59.999999999,0.0,0.0,
40021,2026-02-28 23:59:59.999999999,0.0,0.0,
40021,2026-03-31 23:59:59.999999999,0.0,0.0,
40021,2026-04-30 23:59:59.999999999,0.0,0.0,
40021,2026-05-31 23:59:59.999999999,0.0,0.0,
40021,2026-06-30 23:59:59.999999999,0.0,0.0,
40021,2026-07-31 23:59:59.999999999,0.0,0.0,
40021,2026-08-31 23:59:59.999999999,0.0,0.0,
40021,2026-09-30 23:59:59.999999999,0.0,0.0,
40021,2026-10-31 23:59:59.999999999,0.0,0.0,
40021,2026-11-30 23:59:59.999999999,0.0,0.0,
40021,2026-12-31 23:59:59.999999999,0.0,0.0,
40021,2027-01-31 23:59:59.999999999,0.0,0.0,
40021,2027-02-28 23:59:59.999999999,0.0,0.0,
40021,2027-03-31 23:59:59.999999999,0.0,0.0,
40021,2027-04-30 23:59:59.999999999,0.0,0.0,
40021,2027-05-31 23:59:59.999999999,0.0,0.0,
40021,2024-12-31 23:59:59.999999999,2739554600.0,2747387662.0310855,-0.2851109124256111
40021,2025-01-31 23:59:59.999999999,2739554600.0,2755653900.2719555,-0.5842294008825508
40021,2025-02-28 23:59:59.999999999,2739554600.0,2767490548.721278,-1.0094339340810412
40021,2025-03-31 23:59:59.999999999,2739554600.0,2779206385.8535275,-1.4267319640369205
40021,2025-04-30 23:59:59.999999999,2739554600.0,2790046469.6449914,-1.8097157231727414
40021,2025-05-31 23:59:59.999999999,2739554600.0,2802605858.5535717,-2.249738341234773
40021,2025-06-30 23:59:59.999999999,2739554600.0,2814365481.7394648,-2.6581807595659765
40021,2025-07-31 23:59:59.999999999,2739554600.0,2825661010.203702,-3.047302910461102
40021,2025-08-31 23:59:59.999999999,2739554600.0,2837318068.5475216,-3.4456309157319343
40021,2025-09-30 23:59:59.999999999,2739554600.0,2848628184.097636,-3.82898774598018
40021,2025-10-31 23:59:59.999999999,2739554600.0,2859720824.581683,-4.202027818546272
40021,2025-11-30 23:59:59.999999999,2739554600.0,2870840776.302484,-4.573092920589448
40021,2025-12-31 23:59:59.999999999,2739554600.0,2881828415.4850955,-4.936930135070053
40021,2026-01-31 23:59:59.999999999,2739554600.0,2892722807.373316,-5.29495072887393
40021,2026-02-28 23:59:59.999999999,2739554600.0,2903596391.253965,-5.649608593952026
40021,2026-03-31 23:59:59.999999999,2739554600.0,2914419166.62378,-5.9999813556796076
40021,2026-04-30 23:59:59.999999999,2739554600.0,2925204107.154219,-6.346550201408956
40021,2026-05-31 23:59:59.999999999,2739554600.0,2935972593.223746,-6.690049957451259
40021,2026-06-30 23:59:59.999999999,2739554600.0,2946721039.4529057,-7.030406905818564
40021,2026-07-31 23:59:59.999999999,2739554600.0,2957453780.975475,-7.3677980152103615
40021,2026-08-31 23:59:59.999999999,2739554600.0,2968177278.2448506,-7.702461706736073
40021,2026-09-30 23:59:59.999999999,2739554600.0,2978891623.193918,-8.034433388929571
40021,2026-10-31 23:59:59.999999999,2739554600.0,2989598783.517518,-8.363805367331588
40021,2026-11-30 23:59:59.999999999,2739554600.0,3000300372.821399,-8.690656948330847
40021,2026-12-31 23:59:59.999999999,2739554600.0,3010996623.0550265,-9.015023828874812
40021,2027-01-31 23:59:59.999999999,2739554600.0,3021688090.161683,-9.336950795162542
40021,2027-02-28 23:59:59.999999999,2739554600.0,3032375185.467488,-9.656477432964646
40021,2027-03-31 23:59:59.999999999,2739554600.0,3043057837.776439,-9.97362830271438
40021,2027-04-30 23:59:59.999999999,2739554600.0,3053736496.1572614,-10.28844291420099
40021,2027-05-31 23:59:59.999999999,2739554600.0,3064410655.0283937,-10.600932172564312
40021,2024-12-31 23:59:59.999999999,304982230000.0,304982228992.0,0.0
40021,2025-01-31 23:59:59.999999999,305999700000.0,305999708160.0,0.0
40021,2025-02-28 23:59:59.999999999,307099600000.0,307099598848.0,0.0
40021,2025-03-31 23:59:59.999999999,307976040000.0,307976044544.0,0.0
40021,2025-04-30 23:59:59.999999999,309107650000.0,309107654656.0,0.0
40021,2025-05-31 23:59:59.999999999,310121800000.0,310121791488.0,0.0
40021,2025-06-30 23:59:59.999999999,311126160000.0,311126163456.0,0.0
40021,2025-07-31 23:59:59.999999999,311998050000.0,311998054400.0,0.0
40021,2025-08-31 23:59:59.999999999,312829020000.0,312829018112.0,0.0
40021,2025-09-30 23:59:59.999999999,313669400000.0,313669386240.0,0.0
40021,2025-10-31 23:59:59.999999999,314494650000.0,314494648320.0,0.0
40021,2025-11-30 23:59:59.999999999,315408400000.0,315408384000.0,0.0
40021,2025-12-31 23:59:59.999999999,315962980000.0,315962982400.0,0.0
40021,2026-01-31 23:59:59.999999999,316705140000.0,316705144832.0,0.0
40021,2026-02-28 23:59:59.999999999,317440300000.0,317440294912.0,0.0
40021,2026-03-31 23:59:59.999999999,318077630000.0,318077632512.0,0.0
40021,2026-04-30 23:59:59.999999999,318804820000.0,318804819968.0,0.0
40021,2026-05-31 23:59:59.999999999,319463420000.0,319463424000.0,0.0
40021,2026-06-30 23:59:59.999999999,320162820000.0,320162824192.0,0.0
40021,2026-07-31 23:59:59.999999999,320746060000.0,320746061824.0,0.0
40021,2026-08-31 23:59:59.999999999,321359280000.0,321359282176.0,0.0
40021,2026-09-30 23:59:59.999999999,321966150000.0,321966145536.0,0.0
40021,2026-10-31 23:59:59.999999999,322555900000.0,322555904000.0,0.0
40021,2026-11-30 23:59:59.999999999,323162240000.0,323162243072.0,0.0
40021,2026-12-31 23:59:59.999999999,323726250000.0,323726245888.0,0.0
40021,2027-01-31 23:59:59.999999999,324338200000.0,324338188288.0,0.0
40021,2027-02-28 23:59:59.999999999,324958000000.0,324957995008.0,0.0
40021,2027-03-31 23:59:59.999999999,325546600000.0,325546606592.0,0.0
40021,2027-04-30 23:59:59.999999999,326169000000.0,326169001984.0,0.0
40021,2027-05-31 23:59:59.999999999,326773570000.0,326773571584.0,0.0
40021,2024-12-31 23:59:59.999999999,0.0,,
40021,2025-01-31 23:59:59.999999999,0.0,,
40021,2025-02-28 23:59:59.999999999,0.0,,
40021,2025-03-31 23:59:59.999999999,0.0,,
40021,2025-04-30 23:59:59.999999999,0.0,,
40021,2025-05-31 23:59:59.999999999,0.0,,
40021,2025-06-30 23:59:59.999999999,0.0,,
40021,2025-07-31 23:59:59.999999999,0.0,,
40021,2025-08-31 23:59:59.999999999,0.0,,
40021,2025-09-30 23:59:59.999999999,0.0,,
40021,2025-10-31 23:59:59.999999999,0.0,,
40021,2025-11-30 23:59:59.999999999,0.0,,
40021,2025-12-31 23:59:59.999999999,0.0,,
40021,2026-01-31 23:59:59.999999999,0.0,,
40021,2026-02-28 23:59:59.999999999,0.0,,
40021,2026-03-31 23:59:59.999999999,0.0,,
40021,2026-04-30 23:59:59.999999999,0.0,,
40021,2026-05-31 23:59:59.999999999,0.0,,
40021,2026-06-30 23:59:59.999999999,0.0,,
40021,2026-07-31 23:59:59.999999999,0.0,,
40021,2026-08-31 23:59:59.999999999,0.0,,
40021,2026-09-30 23:59:59.999999999,0.0,,
40021,2026-10-31 23:59:59.999999999,0.0,,
40021,2026-11-30 23:59:59.999999999,0.0,,
40021,2026-12-31 23:59:59.999999999,0.0,,
40021,2027-01-31 23:59:59.999999999,0.0,,
40021,2027-02-28 23:59:59.999999999,0.0,,
40021,2027-03-31 23:59:59.999999999,0.0,,
40021,2027-04-30 23:59:59.999999999,0.0,,
40021,2027-05-31 23:59:59.999999999,0.0,,
40021,2024-12-31 23:59:59.999999999,2159674600.0,2159674624.0,0.0
40021,2025-01-31 23:59:59.999999999,2171883000.0,2171883008.0,0.0
40021,2025-02-28 23:59:59.999999999,2186500400.0,2186500352.0,0.0
40021,2025-03-31 23:59:59.999999999,2195487200.0,2195487232.0,0.0
40021,2025-04-30 23:59:59.999999999,2212363800.0,2212363776.0,0.0
40021,2025-05-31 23:59:59.999999999,2217526300.0,2217526272.0,0.0
40021,2025-06-30 23:59:59.999999999,2234724000.0,2234724096.0,0.0
40021,2025-07-31 23:59:59.999999999,2241244000.0,2241243904.0,0.0
40021,2025-08-31 23:59:59.999999999,2257151500.0,2257151488.0,0.0
40021,2025-09-30 23:59:59.999999999,2266018800.0,2266018816.0,0.0
40021,2025-10-31 23:59:59.999999999,2282759700.0,2282759680.0,0.0
40021,2025-11-30 23:59:59.999999999,2289748500.0,2289748480.0,0.0
40021,2025-12-31 23:59:59.999999999,2303808500.0,2303808512.0,0.0
40021,2026-01-31 23:59:59.999999999,2322090800.0,2322090752.0,0.0
40021,2026-02-28 23:59:59.999999999,2340957400.0,2340957440.0,0.0
40021,2026-03-31 23:59:59.999999999,2358456000.0,2358456064.0,0.0
40021,2026-04-30 23:59:59.999999999,2377872100.0,2377872128.0,0.0
40021,2026-05-31 23:59:59.999999999,2394441000.0,2394440960.0,0.0
40021,2026-06-30 23:59:59.999999999,2413935000.0,2413935104.0,0.0
40021,2026-07-31 23:59:59.999999999,2430834000.0,2430833920.0,0.0
40021,2026-08-31 23:59:59.999999999,2450014500.0,2450014464.0,0.0
40021,2026-09-30 23:59:59.999999999,2467484000.0,2467483904.0,0.0
40021,2026-10-31 23:59:59.999999999,2486867200.0,2486867200.0,0.0
40021,2026-11-30 23:59:59.999999999,2503879700.0,2503879680.0,0.0
40021,2026-12-31 23:59:59.999999999,2522611500.0,2522611456.0,0.0
40021,2027-01-31 23:59:59.999999999,2542369500.0,2542369536.0,0.0
40021,2027-02-28 23:59:59.999999999,2562269400.0,2562269440.0,0.0
40021,2027-03-31 23:59:59.999999999,2581837000.0,2581837056.0,0.0
40021,2027-04-30 23:59:59.999999999,2601870800.0,2601870848.0,0.0
40021,2027-05-31 23:59:59.999999999,2621212200.0,2621212160.0,0.0
40021,2024-12-31 23:59:59.999999999,0.0,,
40021,2025-01-31 23:59:59.999999999,0.0,,
40021,2025-02-28 23:59:59.999999999,0.0,,
40021,2025-03-31 23:59:59.999999999,0.0,,
40021,2025-04-30 23:59:59.999999999,0.0,,
40021,2025-05-31 23:59:59.999999999,0.0,,
40021,2025-06-30 23:59:59.999999999,0.0,,
40021,2025-07-31 23:59:59.999999999,0.0,,
40021,2025-08-31 23:59:59.999999999,0.0,,
40021,2025-09-30 23:59:59.999999999,0.0,,
40021,2025-10-31 23:59:59.999999999,0.0,,
40021,2025-11-30 23:59:59.999999999,0.0,,
40021,2025-12-31 23:59:59.999999999,0.0,,
40021,2026-01-31 23:59:59.999999999,0.0,,
40021,2026-02-28 23:59:59.999999999,0.0,,
40021,2026-03-31 23:59:59.999999999,0.0,,
40021,2026-04-30 23:59:59.999999999,0.0,,
40021,2026-05-31 23:59:59.999999999,0.0,,
40021,2026-06-30 23:59:59.999999999,0.0,,
40021,2026-07-31 23:59:59.999999999,0.0,,
40021,2026-08-31 23:59:59.999999999,0.0,,
40021,2026-09-30 23:59:59.999999999,0.0,,
40021,2026-10-31 23:59:59.999999999,0.0,,
40021,2026-11-30 23:59:59.999999999,0.0,,
40021,2026-12-31 23:59:59.999999999,0.0,,
40021,2027-01-31 23:59:59.999999999,0.0,,
40021,2027-02-28 23:59:59.999999999,0.0,,
40021,2027-03-31 23:59:59.999999999,0.0,,
40021,2027-04-30 23:59:59.999999999,0.0,,
40021,2027-05-31 23:59:59.999999999,0.0,,
40021,2024-12-31 23:59:59.999999999,0.0,,
40021,2025-01-31 23:59:59.999999999,0.0,,
40021,2025-02-28 23:59:59.999999999,0.0,,
40021,2025-03-31 23:59:59.999999999,0.0,,
40021,2025-04-30 23:59:59.999999999,0.0,,
40021,2025-05-31 23:59:59.999999999,0.0,,
40021,2025-06-30 23:59:59.999999999,0.0,,
40021,2025-07-31 23:59:59.999999999,0.0,,
40021,2025-08-31 23:59:59.999999999,0.0,,
40021,2025-09-30 23:59:59.999999999,0.0,,
40021,2025-10-31 23:59:59.999999999,0.0,,
40021,2025-11-30 23:59:59.999999999,0.0,,
40021,2025-12-31 23:59:59.999999999,0.0,,
40021,2026-01-31 23:59:59.999999999,0.0,,
40021,2026-02-28 23:59:59.999999999,0.0,,
40021,2026-03-31 23:59:59.999999999,0.0,,
40021,2026-04-30 23:59:59.999999999,0.0,,
40021,2026-05-31 23:59:59.999999999,0.0,,
40021,2026-06-30 23:59:59.999999999,0.0,,
40021,2026-07-31 23:59:59.999999999,0.0,,
40021,2026-08-31 23:59:59.999999999,0.0,,
40021,2026-09-30 23:59:59.999999999,0.0,,
40021,2026-10-31 23:59:59.999999999,0.0,,
40021,2026-11-30 23:59:59.999999999,0.0,,
40021,2026-12-31 23:59:59.999999999,0.0,,
40021,2027-01-31 23:59:59.999999999,0.0,,
40021,2027-02-28 23:59:59.999999999,0.0,,
40021,2027-03-31 23:59:59.999999999,0.0,,
40021,2027-04-30 23:59:59.999999999,0.0,,
40021,2027-05-31 23:59:59.999999999,0.0,,
40021,2024-12-31 23:59:59.999999999,1810829.4,1810829.375,0.0
40021,2025-01-31 23:59:59.999999999,1848390.8,1848390.75,0.0
40021,2025-02-28 23:59:59.999999999,1862162.0,1862162.0,0.0
40021,2025-03-31 23:59:59.999999999,1885567.1,1885567.125,0.0
40021,2025-04-30 23:59:59.999999999,1859933.9,1859933.875,0.0
40021,2025-05-31 23:59:59.999999999,1917423.9,1917423.875,0.0
40021,2025-06-30 23:59:59.999999999,1947210.2,1947210.25,0.0
40021,2025-07-31 23:59:59.999999999,1905489.6,1905489.625,0.0
40021,2025-08-31 23:59:59.999999999,1868414.4,1868414.375,0.0
40021,2025-09-30 23:59:59.999999999,1779317.8,1779317.75,0.0
40021,2025-10-31 23:59:59.999999999,1788808.5,1788808.5,0.0
40021,2025-11-30 23:59:59.999999999,1966647.0,1966647.0,0.0
40021,2025-12-31 23:59:59.999999999,1966647.0,1966647.0,0.0
40021,2026-01-31 23:59:59.999999999,1966647.0,1966647.0,0.0
40021,2026-02-28 23:59:59.999999999,1966647.0,1966647.0,0.0
40021,2026-03-31 23:59:59.999999999,1966647.0,1966647.0,0.0
40021,2026-04-30 23:59:59.999999999,1966647.0,1966647.0,0.0
40021,2026-05-31 23:59:59.999999999,1966647.0,1966647.0,0.0
40021,2026-06-30 23:59:59.999999999,1966647.0,1966647.0,0.0
40021,2026-07-31 23:59:59.999999999,1966647.0,1966647.0,0.0
40021,2026-08-31 23:59:59.999999999,1966647.0,1966647.0,0.0
40021,2026-09-30 23:59:59.999999999,1966647.0,1966647.0,0.0
40021,2026-10-31 23:59:59.999999999,1966647.0,1966647.0,0.0
40021,2026-11-30 23:59:59.999999999,1966647.0,1966647.0,0.0
40021,2026-12-31 23:59:59.999999999,1966647.0,1966647.0,0.0
40021,2027-01-31 23:59:59.999999999,1966647.0,1966647.0,0.0
40021,2027-02-28 23:59:59.999999999,1966647.0,1966647.0,0.0
40021,2027-03-31 23:59:59.999999999,1966647.0,1966647.0,0.0
40021,2027-04-30 23:59:59.999999999,1966647.0,1966647.0,0.0
40021,2027-05-31 23:59:59.999999999,1966647.0,1966647.0,0.0
40072,2024-12-31 23:59:59.999999999,2291370000000.0,2291370033152.0,0.0
40072,2025-01-31 23:59:59.999999999,2310318300000.0,2310318325760.0,0.0
40072,2025-02-28 23:59:59.999999999,2324658000000.0,2324658126848.0,0.0
40072,2025-03-31 23:59:59.999999999,2339750000000.0,2339750019072.0,0.0
40072,2025-04-30 23:59:59.999999999,2354787600000.0,2354787647488.0,0.0
40072,2025-05-31 23:59:59.999999999,2368199700000.0,2368199720960.0,0.0
40072,2025-06-30 23:59:59.999999999,2384448200000.0,2384448192512.0,0.0
40072,2025-07-31 23:59:59.999999999,2399043800000.0,2399043846144.0,0.0
40072,2025-08-31 23:59:59.999999999,2416142700000.0,2416142712832.0,0.0
40072,2025-09-30 23:59:59.999999999,2431636500000.0,2431636471808.0,0.0
40072,2025-10-31 23:59:59.999999999,2444232000000.0,2444231966720.0,0.0
40072,2025-11-30 23:59:59.999999999,2458172800000.0,2458172784640.0,0.0
40072,2025-12-31 23:59:59.999999999,2474158900000.0,2474158850048.0,0.0
40072,2026-01-31 23:59:59.999999999,2489920300000.0,2489920258048.0,0.0
40072,2026-02-28 23:59:59.999999999,2506096000000.0,2506096115712.0,0.0
40072,2026-03-31 23:59:59.999999999,2522204300000.0,2522204340224.0,0.0
40072,2026-04-30 23:59:59.999999999,2538317500000.0,2538317545472.0,0.0
40072,2026-05-31 23:59:59.999999999,2554576800000.0,2554576764928.0,0.0
40072,2026-06-30 23:59:59.999999999,2570581000000.0,2570580918272.0,0.0
40072,2026-07-31 23:59:59.999999999,2586733700000.0,2586733707264.0,0.0
40072,2026-08-31 23:59:59.999999999,2602661300000.0,2602661314560.0,0.0
40072,2026-09-30 23:59:59.999999999,2618733600000.0,2618733625344.0,0.0
40072,2026-10-31 23:59:59.999999999,2635066200000.0,2635066245120.0,0.0
40072,2026-11-30 23:59:59.999999999,2651277800000.0,2651277754368.0,0.0
40072,2026-12-31 23:59:59.999999999,2667305800000.0,2667305762816.0,0.0
40072,2027-01-31 23:59:59.999999999,2683353700000.0,2683353694208.0,0.0
40072,2027-02-28 23:59:59.999999999,2699364400000.0,2699364401152.0,0.0
40072,2027-03-31 23:59:59.999999999,2715381100000.0,2715381137408.0,0.0
40072,2027-04-30 23:59:59.999999999,2731397600000.0,2731397611520.0,0.0
40072,2027-05-31 23:59:59.999999999,2747401000000.0,2747400978432.0,0.0
40072,2024-12-31 23:59:59.999999999,289673540000.0,291802133004.5283,-0.7294632505291824
40072,2025-01-31 23:59:59.999999999,290817570000.0,294288275746.4019,-1.1793547920314493
40072,2025-02-28 23:59:59.999999999,291961600000.0,296776430787.80255,-1.6223757146150164
40072,2025-03-31 23:59:59.999999999,293105630000.0,299278842729.07227,-2.062695592103943
40072,2025-04-30 23:59:59.999999999,294249660000.0,301672713844.1924,-2.4606313688768795
40072,2025-05-31 23:59:59.999999999,295393700000.0,304045756403.0131,-2.8456462952716874
40072,2025-06-30 23:59:59.999999999,296537720000.0,306520775160.0526,-3.2568938829153975
40072,2025-07-31 23:59:59.999999999,297681750000.0,308971611746.7766,-3.654013297515963
40072,2025-08-31 23:59:59.999999999,298825780000.0,311460805146.14886,-4.056699201114582
40072,2025-09-30 23:59:59.999999999,299969800000.0,313913174137.01843,-4.441791218017617
40072,2025-10-31 23:59:59.999999999,301113840000.0,316368671850.89954,-4.821854275789021
40072,2025-11-30 23:59:59.999999999,302257860000.0,318819965317.1399,-5.19481287712489
40072,2025-12-31 23:59:59.999999999,303401900000.0,321292494661.4945,-5.5683220338973625
40072,2026-01-31 23:59:59.999999999,304545920000.0,323764172477.8815,-5.935878963628812
40072,2026-02-28 23:59:59.999999999,305689950000.0,326235097754.0961,-6.297650264957786
40072,2026-03-31 23:59:59.999999999,306833980000.0,328705249026.20184,-6.6537628014752
40072,2026-04-30 23:59:59.999999999,307978000000.0,331174671752.6221,-7.004358457083128
40072,2026-05-31 23:59:59.999999999,309122040000.0,333643327392.2982,-7.349551323550391
40072,2026-06-30 23:59:59.999999999,310266070000.0,336111278644.1439,-7.6894800306619295
40072,2026-07-31 23:59:59.999999999,311410100000.0,338578479627.4759,-8.024249350215097
40072,2026-08-31 23:59:59.999999999,312554130000.0,341044992099.62805,-8.353990059852611
40072,2026-09-30 23:59:59.999999999,313698160000.0,343510767686.48785,-8.67879960307298
40072,2026-10-31 23:59:59.999999999,314842200000.0,345975876507.6702,-8.998803932209997
40072,2026-11-30 23:59:59.999999999,315986200000.0,348440270622.50586,-9.314094393430782
40072,2026-12-31 23:59:59.999999999,317130240000.0,350904009941.5984,-9.624787659513899
40072,2027-01-31 23:59:59.999999999,318274270000.0,353367074291.91754,-9.930976473186428
40072,2027-02-28 23:59:59.999999999,319418300000.0,355829426794.83417,-10.232746813216286
40072,2027-03-31 23:59:59.999999999,320562330000.0,358291167356.2464,-10.530216523795263
40072,2027-04-30 23:59:59.999999999,321706360000.0,360752253034.6006,-10.823464545031019
40072,2027-05-31 23:59:59.999999999,322850400000.0,363212700035.14044,-11.112582245949945
40072,2024-12-31 23:59:59.999999999,204715100000.0,206219392797.9253,-0.7294632505291845
40072,2025-01-31 23:59:59.999999999,204715100000.0,207158228608.17804,-1.1793547920314624
40072,2025-02-28 23:59:59.999999999,204715100000.0,208091117872.63657,-1.6223757146150177
40072,2025-03-31 23:59:59.999999999,204715100000.0,209026682273.57825,-2.0626955921039594
40072,2025-04-30 23:59:59.999999999,204715100000.0,209879457889.66174,-2.460631368876873
40072,2025-05-31 23:59:59.999999999,204715100000.0,210711193380.14487,-2.8456462952716937
40072,2025-06-30 23:59:59.999999999,204715100000.0,211606910640.4759,-3.256893882915388
40072,2025-07-31 23:59:59.999999999,204715100000.0,212479113161.36008,-3.654013297515958
40072,2025-08-31 23:59:59.999999999,204715100000.0,213370914287.30392,-4.056699201114576
40072,2025-09-30 23:59:59.999999999,204715100000.0,214230782181.2157,-4.441791218017621
40072,2025-10-31 23:59:59.999999999,204715100000.0,215086243332.7754,-4.821854275789013
40072,2025-11-30 23:59:59.999999999,204715100000.0,215932381259.55368,-5.194812877124877
40072,2025-12-31 23:59:59.999999999,204715100000.0,216786466703.9856,-5.568322033897362
40072,2026-01-31 23:59:59.999999999,204715100000.0,217633562995.65497,-5.935878963628824
40072,2026-02-28 23:59:59.999999999,204715100000.0,218473814894.57135,-6.297650264957784
40072,2026-03-31 23:59:59.999999999,204715100000.0,219307284638.1806,-6.653762801475203
40072,2026-04-30 23:59:59.999999999,204715100000.0,220134078022.9204,-7.004358457083133
40072,2026-05-31 23:59:59.999999999,204715100000.0,220954243650.66843,-7.349551323550377
40072,2026-06-30 23:59:59.999999999,204715100000.0,221767896205.1111,-7.689480030661938
40072,2026-07-31 23:59:59.999999999,204715100000.0,222575077306.50824,-8.024249350215099
40072,2026-08-31 23:59:59.999999999,204715100000.0,223375898465.9521,-8.353990059852606
40072,2026-09-30 23:59:59.999999999,204715100000.0,224170397697.58514,-8.678799603072981
40072,2026-10-31 23:59:59.999999999,204715100000.0,224958689509.42194,-8.998803932209995
40072,2026-11-30 23:59:59.999999999,204715100000.0,225740810264.5342,-9.314094393430787
40072,2026-12-31 23:59:59.999999999,204715100000.0,226516865421.83887,-9.624787659513904
40072,2027-01-31 23:59:59.999999999,204715100000.0,227286907413.90823,-9.930976473186423
40072,2027-02-28 23:59:59.999999999,204715100000.0,228050977215.53085,-10.232746813216295
40072,2027-03-31 23:59:59.999999999,204715100000.0,228809202568.87146,-10.530216523795255
40072,2027-04-30 23:59:59.999999999,204715100000.0,229561618499.2676,-10.823464545031024
40072,2027-05-31 23:59:59.999999999,204715100000.0,230308297039.79376,-11.112582245949936
40072,2024-12-31 23:59:59.999999999,24193751000.0,24371532412.54029,-0.7294632505291871
40072,2025-01-31 23:59:59.999999999,24581663000.0,24875027549.423267,-1.1793547920314527
40072,2025-02-28 23:59:59.999999999,25039892000.0,25452833062.283997,-1.6223757146150142
40072,2025-03-31 23:59:59.999999999,25451997000.0,25988051578.380966,-2.062695592103954
40072,2025-04-30 23:59:59.999999999,26191868000.0,26852611690.622147,-2.4606313688768715
40072,2025-05-31 23:59:59.999999999,26990199000.0,27780740393.815662,-2.8456462952716937
40072,2025-06-30 23:59:59.999999999,27475872000.0,28400857535.77828,-3.256893882915394
40072,2025-07-31 23:59:59.999999999,28031584000.0,29094708783.834873,-3.65401329751597
40072,2025-08-31 23:59:59.999999999,28469412000.0,29673162798.17916,-4.056699201114574
40072,2025-09-30 23:59:59.999999999,29014920000.0,30363607206.365715,-4.441791218017611
40072,2025-10-31 23:59:59.999999999,29548270000.0,31045225080.996346,-4.821854275789014
40072,2025-11-30 23:59:59.999999999,30091264000.0,31740102955.547478,-5.194812877124889
40072,2025-12-31 23:59:59.999999999,30568817000.0,32371358106.093422,-5.568322033897369
40072,2026-01-31 23:59:59.999999999,31046543000.0,33005723136.45011,-5.9358789636288165
40072,2026-02-28 23:59:59.999999999,31524270000.0,33642987789.676266,-6.2976502649577935
40072,2026-03-31 23:59:59.999999999,32001997000.0,34283113878.43038,-6.653762801475198
40072,2026-04-30 23:59:59.999999999,32479724000.0,34926070707.31463,-7.004358457083137
40072,2026-05-31 23:59:59.999999999,32957450000.0,35571819360.63014,-7.349551323550378
40072,2026-06-30 23:59:59.999999999,33435175000.0,36220329950.59052,-7.689480030661937
40072,2026-07-31 23:59:59.999999999,33912902000.0,36871568204.02565,-8.024249350215113
40072,2026-08-31 23:59:59.999999999,34390630000.0,37525507572.517334,-8.353990059852604
40072,2026-09-30 23:59:59.999999999,34868355000.0,38182103301.80168,-8.678799603072985
40072,2026-10-31 23:59:59.999999999,35346084000.0,38841339858.51071,-8.998803932209999
40072,2026-11-30 23:59:59.999999999,35823810000.0,39503171162.471085,-9.314094393430782
40072,2026-12-31 23:59:59.999999999,36301533000.0,40167577197.20202,-9.624787659513899
40072,2027-01-31 23:59:59.999999999,36779260000.0,40834529466.227425,-9.930976473186428
40072,2027-02-28 23:59:59.999999999,37256987000.0,41503984249.66543,-10.232746813216286
40072,2027-03-31 23:59:59.999999999,37734715000.0,42175932394.01979,-10.530216523795263
40072,2027-04-30 23:59:59.999999999,38212440000.0,42850330380.121056,-10.823464545031014
40072,2027-05-31 23:59:59.999999999,38690170000.0,43527160322.12233,-11.112582245949932
40072,2024-12-31 23:59:59.999999999,142375070.0,143421277.51289606,-0.7294632505291894
40072,2025-01-31 23:59:59.999999999,221448110.0,224090939.23032108,-1.1793547920314515
40072,2025-02-28 23:59:59.999999999,221448110.0,225100081.04850975,-1.6223757146150188
40072,2025-03-31 23:59:59.999999999,221448110.0,226112116.66363373,-2.062695592103959
40072,2025-04-30 23:59:59.999999999,221448110.0,227034596.49967402,-2.4606313688768764
40072,2025-05-31 23:59:59.999999999,221448110.0,227934316.43117663,-2.845646295271692
40072,2025-06-30 23:59:59.999999999,221448110.0,228903247.87793097,-3.256893882915383
40072,2025-07-31 23:59:59.999999999,221448110.0,229846742.53617927,-3.654013297515965
40072,2025-08-31 23:59:59.999999999,221448110.0,230811437.75133964,-4.056699201114569
40072,2025-09-30 23:59:59.999999999,221448110.0,231741589.57420132,-4.441791218017623
40072,2025-10-31 23:59:59.999999999,221448110.0,232666974.45616347,-4.82185427578902
40072,2025-11-30 23:59:59.999999999,221448110.0,233582274.051087,-5.194812877124879
40072,2025-12-31 23:59:59.999999999,221448110.0,234506170.7782969,-5.568322033897364
40072,2026-01-31 23:59:59.999999999,221448110.0,235422507.0729934,-5.935878963628825
40072,2026-02-28 23:59:59.999999999,221448110.0,236331439.52758768,-6.297650264957788
40072,2026-03-31 23:59:59.999999999,221448110.0,237233035.4666933,-6.653762801475202
40072,2026-04-30 23:59:59.999999999,221448110.0,238127409.33434302,-7.004358457083129
40072,2026-05-31 23:59:59.999999999,221448110.0,239014613.70503742,-7.349551323550384
40072,2026-06-30 23:59:59.999999999,221448110.0,239894772.63648432,-7.689480030661939
40072,2026-07-31 23:59:59.999999999,221448110.0,240767931.15090266,-8.024249350215106
40072,2026-08-31 23:59:59.999999999,221448110.0,241634209.87408438,-8.353990059852602
40072,2026-09-30 23:59:59.999999999,221448110.0,242493649.92737412,-8.678799603072978
40072,2026-10-31 23:59:59.999999999,221448110.0,243346375.17844874,-8.998803932209997
40072,2026-11-30 23:59:59.999999999,221448110.0,244192424.9626267,-9.314094393430787
40072,2026-12-31 23:59:59.999999999,221448110.0,245031913.35883164,-9.62478765951391
40072,2027-01-31 23:59:59.999999999,221448110.0,245864897.08537236,-9.93097647318643
40072,2027-02-28 23:59:59.999999999,221448110.0,246691420.46623686,-10.232746813216293
40072,2027-03-31 23:59:59.999999999,221448110.0,247511621.684986,-10.530216523795255
40072,2027-04-30 23:59:59.999999999,221448110.0,248325538.62986022,-10.823464545031017
40072,2027-05-31 23:59:59.999999999,221448110.0,249133249.22177747,-11.112582245949945
40072,2024-12-31 23:59:59.999999999,0.0,0.0,
40072,2025-01-31 23:59:59.999999999,0.0,0.0,
40072,2025-02-28 23:59:59.999999999,0.0,0.0,
40072,2025-03-31 23:59:59.999999999,0.0,0.0,
40072,2025-04-30 23:59:59.999999999,0.0,0.0,
40072,2025-05-31 23:59:59.999999999,0.0,0.0,
40072,2025-06-30 23:59:59.999999999,0.0,0.0,
40072,2025-07-31 23:59:59.999999999,0.0,0.0,
40072,2025-08-31 23:59:59.999999999,0.0,0.0,
40072,2025-09-30 23:59:59.999999999,0.0,0.0,
40072,2025-10-31 23:59:59.999999999,0.0,0.0,
40072,2025-11-30 23:59:59.999999999,0.0,0.0,
40072,2025-12-31 23:59:59.999999999,0.0,0.0,
40072,2026-01-31 23:59:59.999999999,0.0,0.0,
40072,2026-02-28 23:59:59.999999999,0.0,0.0,
40072,2026-03-31 23:59:59.999999999,0.0,0.0,
40072,2026-04-30 23:59:59.999999999,0.0,0.0,
40072,2026-05-31 23:59:59.999999999,0.0,0.0,
40072,2026-06-30 23:59:59.999999999,0.0,0.0,
40072,2026-07-31 23:59:59.999999999,0.0,0.0,
40072,2026-08-31 23:59:59.999999999,0.0,0.0,
40072,2026-09-30 23:59:59.999999999,0.0,0.0,
40072,2026-10-31 23:59:59.999999999,0.0,0.0,
40072,2026-11-30 23:59:59.999999999,0.0,0.0,
40072,2026-12-31 23:59:59.999999999,0.0,0.0,
40072,2027-01-31 23:59:59.999999999,0.0,0.0,
40072,2027-02-28 23:59:59.999999999,0.0,0.0,
40072,2027-03-31 23:59:59.999999999,0.0,0.0,
40072,2027-04-30 23:59:59.999999999,0.0,0.0,
40072,2027-05-31 23:59:59.999999999,0.0,0.0,
40072,2024-12-31 23:59:59.999999999,157917940000.0,159078355809.17398,-0.7294632505291835
40072,2025-01-31 23:59:59.999999999,158677530000.0,160571237253.16946,-1.179354792031463
40072,2025-02-28 23:59:59.999999999,159437130000.0,162066454479.00497,-1.6223757146150146
40072,2025-03-31 23:59:59.999999999,160196720000.0,163570688060.6001,-2.0626955921039483
40072,2025-04-30 23:59:59.999999999,160956320000.0,165016772155.568,-2.460631368876879
40072,2025-05-31 23:59:59.999999999,161715910000.0,166452563922.64963,-2.845646295271694
40072,2025-06-30 23:59:59.999999999,162475500000.0,167945308180.78333,-3.2568938829153855
40072,2025-07-31 23:59:59.999999999,163235100000.0,169425949442.0554,-3.6540132975159705
40072,2025-08-31 23:59:59.999999999,163994700000.0,170928763511.86066,-4.056699201114566
40072,2025-09-30 23:59:59.999999999,164754300000.0,172412495834.75305,-4.441791218017618
40072,2025-10-31 23:59:59.999999999,165513890000.0,173899046345.78033,-4.8218542757890175
40072,2025-11-30 23:59:59.999999999,166273480000.0,175384372731.09988,-5.194812877124886
40072,2025-12-31 23:59:59.999999999,167033080000.0,176882462916.6904,-5.568322033897361
40072,2026-01-31 23:59:59.999999999,167792670000.0,178381162678.5102,-5.935878963628821
40072,2026-02-28 23:59:59.999999999,168552270000.0,179880513405.06128,-6.297650264957793
40072,2026-03-31 23:59:59.999999999,169311860000.0,181380490382.18298,-6.653762801475194
40072,2026-04-30 23:59:59.999999999,170071460000.0,182881106007.00912,-7.004358457083139
40072,2026-05-31 23:59:59.999999999,170831050000.0,184382326519.0757,-7.349551323550381
40072,2026-06-30 23:59:59.999999999,171590650000.0,185884174268.54022,-7.6894800306619295
40072,2026-07-31 23:59:59.999999999,172350240000.0,187386611795.38095,-8.0242493502151
40072,2026-08-31 23:59:59.999999999,173109840000.0,188889661357.9308,-8.353990059852606
40072,2026-09-30 23:59:59.999999999,173869450000.0,190393302387.92038,-8.678799603072985
40072,2026-10-31 23:59:59.999999999,174629040000.0,191897526373.07388,-8.998803932209993
40072,2026-11-30 23:59:59.999999999,175388640000.0,193402313246.89444,-9.314094393430786
40072,2026-12-31 23:59:59.999999999,176148230000.0,194907685059.00317,-9.62478765951391
40072,2027-01-31 23:59:59.999999999,176907830000.0,196413619600.67712,-9.930976473186425
40072,2027-02-28 23:59:59.999999999,177667420000.0,197920085497.45587,-10.23274681321629
40072,2027-03-31 23:59:59.999999999,178427020000.0,199427127608.34412,-10.530216523795263
40072,2027-04-30 23:59:59.999999999,179186610000.0,200934711533.48737,-10.823464545031023
40072,2027-05-31 23:59:59.999999999,179946210000.0,202442835922.97397,-11.112582245949937
40072,2024-12-31 23:59:59.999999999,224726580000.0,226377925018.31915,-0.7294632505291854
40072,2025-01-31 23:59:59.999999999,226214250000.0,228913956159.597,-1.1793547920314522
40072,2025-02-28 23:59:59.999999999,227701900000.0,231457001445.22342,-1.6223757146150108
40072,2025-03-31 23:59:59.999999999,229189570000.0,234016616905.70477,-2.062695592103956
40072,2025-04-30 23:59:59.999999999,230677220000.0,236496524959.4561,-2.4606313688768666
40072,2025-05-31 23:59:59.999999999,232164880000.0,238964982655.94556,-2.845646295271692
40072,2025-06-30 23:59:59.999999999,233652540000.0,241518537779.03198,-3.2568938829153877
40072,2025-07-31 23:59:59.999999999,235140200000.0,244058118603.43686,-3.6540132975159616
40072,2025-08-31 23:59:59.999999999,236627850000.0,246633012770.75607,-4.056699201114577
40072,2025-09-30 23:59:59.999999999,238115500000.0,249183724939.0729,-4.441791218017613
40072,2025-10-31 23:59:59.999999999,239603170000.0,251741793775.09225,-4.821854275789017
40072,2025-11-30 23:59:59.999999999,241090820000.0,254301298758.608,-5.194812877124888
40072,2025-12-31 23:59:59.999999999,242578490000.0,256882536208.95776,-5.568322033897362
40072,2026-01-31 23:59:59.999999999,244066140000.0,259467836908.43024,-5.9358789636288165
40072,2026-02-28 23:59:59.999999999,245553800000.0,262057256893.06738,-6.2976502649577935
40072,2026-03-31 23:59:59.999999999,247041460000.0,264650687151.5375,-6.6537628014751995
40072,2026-04-30 23:59:59.999999999,248529110000.0,267248125684.7994,-7.004358457083133
40072,2026-05-31 23:59:59.999999999,250016780000.0,269849503983.62247,-7.349551323550382
40072,2026-06-30 23:59:59.999999999,251504430000.0,272454783150.97772,-7.689480030661939
40072,2026-07-31 23:59:59.999999999,252992100000.0,275063908063.4583,-8.0242493502151
40072,2026-08-31 23:59:59.999999999,254479750000.0,277676840694.09766,-8.353990059852599
40072,2026-09-30 23:59:59.999999999,255967410000.0,280293525612.2776,-8.678799603072973
40072,2026-10-31 23:59:59.999999999,257455060000.0,282913933184.1448,-8.998803932209993
40072,2026-11-30 23:59:59.999999999,258942730000.0,285538010022.6318,-9.314094393430782
40072,2026-12-31 23:59:59.999999999,260430380000.0,288165719682.9987,-9.624787659513915
40072,2027-01-31 23:59:59.999999999,261918030000.0,290797015018.18427,-9.930976473186421
40072,2027-02-28 23:59:59.999999999,263405700000.0,293431835910.0474,-10.232746813216288
40072,2027-03-31 23:59:59.999999999,264893350000.0,296070181010.8333,-10.530216523795263
40072,2027-04-30 23:59:59.999999999,266381020000.0,298712005045.89355,-10.823464545031019
40072,2027-05-31 23:59:59.999999999,267868670000.0,301357238934.74774,-11.112582245949948
40072,2024-12-31 23:59:59.999999999,0.0,0.0,
40072,2025-01-31 23:59:59.999999999,0.0,0.0,
40072,2025-02-28 23:59:59.999999999,0.0,0.0,
40072,2025-03-31 23:59:59.999999999,0.0,0.0,
40072,2025-04-30 23:59:59.999999999,0.0,0.0,
40072,2025-05-31 23:59:59.999999999,0.0,0.0,
40072,2025-06-30 23:59:59.999999999,0.0,0.0,
40072,2025-07-31 23:59:59.999999999,0.0,0.0,
40072,2025-08-31 23:59:59.999999999,0.0,0.0,
40072,2025-09-30 23:59:59.999999999,0.0,0.0,
40072,2025-10-31 23:59:59.999999999,0.0,0.0,
40072,2025-11-30 23:59:59.999999999,0.0,0.0,
40072,2025-12-31 23:59:59.999999999,0.0,0.0,
40072,2026-01-31 23:59:59.999999999,0.0,0.0,
40072,2026-02-28 23:59:59.999999999,0.0,0.0,
40072,2026-03-31 23:59:59.999999999,0.0,0.0,
40072,2026-04-30 23:59:59.999999999,0.0,0.0,
40072,2026-05-31 23:59:59.999999999,0.0,0.0,
40072,2026-06-30 23:59:59.999999999,0.0,0.0,
40072,2026-07-31 23:59:59.999999999,0.0,0.0,
40072,2026-08-31 23:59:59.999999999,0.0,0.0,
40072,2026-09-30 23:59:59.999999999,0.0,0.0,
40072,2026-10-31 23:59:59.999999999,0.0,0.0,
40072,2026-11-30 23:59:59.999999999,0.0,0.0,
40072,2026-12-31 23:59:59.999999999,0.0,0.0,
40072,2027-01-31 23:59:59.999999999,0.0,0.0,
40072,2027-02-28 23:59:59.999999999,0.0,0.0,
40072,2027-03-31 23:59:59.999999999,0.0,0.0,
40072,2027-04-30 23:59:59.999999999,0.0,0.0,
40072,2027-05-31 23:59:59.999999999,0.0,0.0,
40072,2024-12-31 23:59:59.999999999,834704600.0,837830383.3902467,-0.3730835563158137
40072,2025-01-31 23:59:59.999999999,769929000.0,772821965.5122125,-0.37433479395155717
40072,2025-02-28 23:59:59.999999999,719200800.0,722483543.7750512,-0.4543737782453
40072,2025-03-31 23:59:59.999999999,670928700.0,674391788.7318912,-0.5135122920762499
40072,2025-04-30 23:59:59.999999999,626469440.0,630075656.7012041,-0.5723466162912259
40072,2025-05-31 23:59:59.999999999,586528100.0,590225400.4006636,-0.626417026131676
40072,2025-06-30 23:59:59.999999999,550324400.0,554075952.8403902,-0.6770798879031827
40072,2025-07-31 23:59:59.999999999,517431840.0,521208677.9754783,-0.724630677706403
40072,2025-08-31 23:59:59.999999999,487600220.0,491380490.3413384,-0.7693155132619178
40072,2025-09-30 23:59:59.999999999,460546460.0,464313897.79788965,-0.811398025292271
40072,2025-10-31 23:59:59.999999999,436004960.0,439747727.4376245,-0.8511169482178625
40072,2025-11-30 23:59:59.999999999,413743300.0,417453205.82207054,-0.8887007622243053
40072,2025-12-31 23:59:59.999999999,393550370.0,397222039.8918109,-0.9243374040400494
40072,2026-01-31 23:59:59.999999999,375233760.0,378864023.19545037,-0.9581968656806366
40072,2026-02-28 23:59:59.999999999,358619040.0,362206523.06679887,-0.9904523630396505
40072,2026-03-31 23:59:59.999999999,343548130.0,347092783.4653237,-1.0212414761074442
40072,2026-04-30 23:59:59.999999999,329877570.0,333380378.92344475,-1.0506949853365877
40072,2026-05-31 23:59:59.999999999,317477250.0,320939947.290543,-1.078924365687728
40072,2026-06-30 23:59:59.999999999,306229120.0,309654068.4578521,-1.1060563405186792
40072,2026-07-31 23:59:59.999999999,296026140.0,299416016.25464475,-1.132161297531179
40072,2026-08-31 23:59:59.999999999,286771230.0,290129030.0927719,-1.1573464715675628
40072,2026-09-30 23:59:59.999999999,278376220.0,281705070.75407785,-1.1816779673745594
40072,2026-10-31 23:59:59.999999999,270761280.0,274064433.22239196,-1.2052469499796752
40072,2026-11-30 23:59:59.999999999,263853900.0,267134563.10549662,-1.228092339440561
40072,2026-12-31 23:59:59.999999999,257588340.0,260849720.11866963,-1.2502923588286434
40072,2027-01-31 23:59:59.999999999,251904940.0,255150166.30152875,-1.2718871982601987
40072,2027-02-28 23:59:59.999999999,246749650.0,249981773.05747384,-1.2929442886744922
40072,2027-03-31 23:59:59.999999999,242073360.0,245295268.2789571,-1.3134816262713427
40072,2027-04-30 23:59:59.999999999,237831580.0,241046073.04241407,-1.333557938464508
40072,2027-05-31 23:59:59.999999999,233983950.0,237193662.5474787,-1.3532024899005144
40072,2024-12-31 23:59:59.999999999,115813474000.0,116247173392.60976,-0.3730835563158117
40072,2025-01-31 23:59:59.999999999,116014875000.0,116450790450.4878,-0.37433479395155705
40072,2025-02-28 23:59:59.999999999,116408290000.0,116939630248.22495,-0.45437377824530145
40072,2025-03-31 23:59:59.999999999,116778180000.0,117380946195.26811,-0.5135122920762509
40072,2025-04-30 23:59:59.999999999,117150960000.0,117825326839.2988,-0.5723466162912202
40072,2025-05-31 23:59:59.999999999,117523380000.0,118264209415.59933,-0.6264170261316758
40072,2025-06-30 23:59:59.999999999,117895850000.0,118699538639.1596,-0.6770798879031743
40072,2025-07-31 23:59:59.999999999,118268305000.0,119131569306.02452,-0.7246306777064049
40072,2025-08-31 23:59:59.999999999,118640770000.0,119560569077.65866,-0.7693155132619189
40072,2025-09-30 23:59:59.999999999,119013230000.0,119986799062.20212,-0.811398025292275
40072,2025-10-31 23:59:59.999999999,119385694000.0,120410528624.56238,-0.8511169482178681
40072,2025-11-30 23:59:59.999999999,119758160000.0,120831994730.17793,-0.8887007622243127
40072,2025-12-31 23:59:59.999999999,120130620000.0,121251389288.10818,-0.9243374040400422
40072,2026-01-31 23:59:59.999999999,120503080000.0,121668910696.80455,-0.9581968656806334
40072,2026-02-28 23:59:59.999999999,120875540000.0,122084731588.9332,-0.9904523630396452
40072,2026-03-31 23:59:59.999999999,121248010000.0,122499016912.53468,-1.0212414761074493
40072,2026-04-30 23:59:59.999999999,121620460000.0,122911892709.07655,-1.050694985336587
40072,2026-05-31 23:59:59.999999999,121992930000.0,123323496532.70946,-1.0789243656877237
40072,2026-06-30 23:59:59.999999999,122365390000.0,123733953995.54214,-1.1060563405186674
40072,2026-07-31 23:59:59.999999999,122737850000.0,124143355439.74536,-1.1321612975311763
40072,2026-08-31 23:59:59.999999999,123110310000.0,124551805817.90723,-1.1573464715675588
40072,2026-09-30 23:59:59.999999999,123482776000.0,124959393169.24593,-1.1816779673745568
40072,2026-10-31 23:59:59.999999999,123855230000.0,125366205390.7776,-1.2052469499796759
40072,2026-11-30 23:59:59.999999999,124227700000.0,125772298652.8945,-1.2280923394405607
40072,2026-12-31 23:59:59.999999999,124600160000.0,126177746887.88133,-1.2502923588286479
40072,2027-01-31 23:59:59.999999999,124972620000.0,126582609833.69847,-1.2718871982602025
40072,2027-02-28 23:59:59.999999999,125345080000.0,126986949810.94252,-1.2929442886744882
40072,2027-03-31 23:59:59.999999999,125717545000.0,127390799707.72104,-1.3134816262713394
40072,2027-04-30 23:59:59.999999999,126090000000.0,127794212294.95758,-1.333557938464498
40072,2027-05-31 23:59:59.999999999,126462470000.0,128197236289.45251,-1.3532024899005124
40072,2024-12-31 23:59:59.999999999,0.0,0.0,
40072,2025-01-31 23:59:59.999999999,0.0,0.0,
40072,2025-02-28 23:59:59.999999999,0.0,0.0,
40072,2025-03-31 23:59:59.999999999,0.0,0.0,
40072,2025-04-30 23:59:59.999999999,0.0,0.0,
40072,2025-05-31 23:59:59.999999999,0.0,0.0,
40072,2025-06-30 23:59:59.999999999,0.0,0.0,
40072,2025-07-31 23:59:59.999999999,0.0,0.0,
40072,2025-08-31 23:59:59.999999999,0.0,0.0,
40072,2025-09-30 23:59:59.999999999,0.0,0.0,
40072,2025-10-31 23:59:59.999999999,0.0,0.0,
40072,2025-11-30 23:59:59.999999999,0.0,0.0,
40072,2025-12-31 23:59:59.999999999,0.0,0.0,
40072,2026-01-31 23:59:59.999999999,0.0,0.0,
40072,2026-02-28 23:59:59.999999999,0.0,0.0,
40072,2026-03-31 23:59:59.999999999,0.0,0.0,
40072,2026-04-30 23:59:59.999999999,0.0,0.0,
40072,2026-05-31 23:59:59.999999999,0.0,0.0,
40072,2026-06-30 23:59:59.999999999,0.0,0.0,
40072,2026-07-31 23:59:59.999999999,0.0,0.0,
40072,2026-08-31 23:59:59.999999999,0.0,0.0,
40072,2026-09-30 23:59:59.999999999,0.0,0.0,
40072,2026-10-31 23:59:59.999999999,0.0,0.0,
40072,2026-11-30 23:59:59.999999999,0.0,0.0,
40072,2026-12-31 23:59:59.999999999,0.0,0.0,
40072,2027-01-31 23:59:59.999999999,0.0,0.0,
40072,2027-02-28 23:59:59.999999999,0.0,0.0,
40072,2027-03-31 23:59:59.999999999,0.0,0.0,
40072,2027-04-30 23:59:59.999999999,0.0,0.0,
40072,2027-05-31 23:59:59.999999999,0.0,0.0,
40072,2024-12-31 23:59:59.999999999,13698091000.0,13832242673.955957,-0.9698475447408461
40072,2025-01-31 23:59:59.999999999,13053927000.0,13270221120.209938,-1.6299178005446546
40072,2025-02-28 23:59:59.999999999,12440057000.0,12741847962.441193,-2.368503621537271
40072,2025-03-31 23:59:59.999999999,11855054000.0,12232733009.835087,-3.0874473065948034
40072,2025-04-30 23:59:59.999999999,11297561000.0,11741508796.86337,-3.7810151024369825
40072,2025-05-31 23:59:59.999999999,10766284000.0,11266674795.898664,-4.441337208746086
40072,2025-06-30 23:59:59.999999999,10259992000.0,10807656600.157072,-5.067380177022951
40072,2025-07-31 23:59:59.999999999,9777507000.0,10364179404.242823,-5.660574304634813
40072,2025-08-31 23:59:59.999999999,9317712000.0,9936096402.695555,-6.223616454926844
40072,2025-09-30 23:59:59.999999999,8879540000.0,9523276720.184235,-6.759611372206152
40072,2025-10-31 23:59:59.999999999,8461972500.0,9125548993.797325,-7.271633895652315
40072,2025-11-30 23:59:59.999999999,8064041500.0,8742697234.098524,-7.76254448628978
40072,2025-12-31 23:59:59.999999999,7684824000.0,8374446247.960407,-8.234839218513875
40072,2026-01-31 23:59:59.999999999,7323439000.0,8020474887.261615,-8.690704641051495
40072,2026-02-28 23:59:59.999999999,6979049000.0,7680422608.260137,-9.131966872575784
40072,2026-03-31 23:59:59.999999999,6650853400.0,7353901104.018178,-9.560201015404356
40072,2026-04-30 23:59:59.999999999,6338092000.0,7040502189.00595,-9.976705327963591
40072,2026-05-31 23:59:59.999999999,6040038400.0,6739802987.676422,-10.382567397829371
40072,2026-06-30 23:59:59.999999999,5756001000.0,6451375563.35842,-10.778705851631216
40072,2026-07-31 23:59:59.999999999,5485320700.0,6174792113.747138,-11.165904811793514
40072,2026-08-31 23:59:59.999999999,5227369000.0,5909623125.4736805,-11.544799913429252
40072,2026-09-30 23:59:59.999999999,4981548000.0,5655449941.275044,-11.915973375641098
40072,2026-10-31 23:59:59.999999999,4747287000.0,5411858115.775872,-12.279905746948723
40072,2026-11-30 23:59:59.999999999,4524042000.0,5178442260.667435,-12.637005256153824
40072,2026-12-31 23:59:59.999999999,4311295500.0,4954809267.01503,-12.987659954925121
40072,2027-01-31 23:59:59.999999999,4108553500.0,4740575510.375015,-13.332179542163175
40072,2027-02-28 23:59:59.999999999,3915345700.0,4535370259.448483,-13.670870512871435
40072,2027-03-31 23:59:59.999999999,3731223600.0,4338833181.175322,-14.00398687397172
40072,2027-04-30 23:59:59.999999999,3555759900.0,4150616649.961218,-14.33176870156814
40072,2027-05-31 23:59:59.999999999,3388547300.0,3970384981.986592,-14.654439220034224
40072,2024-12-31 23:59:59.999999999,165383470000.0,167003147025.0625,-0.9698475447408378
40072,2025-01-31 23:59:59.999999999,165537780000.0,168280611253.68924,-1.6299178005446588
40072,2025-02-28 23:59:59.999999999,165514740000.0,169530065451.8209,-2.368503621537276
40072,2025-03-31 23:59:59.999999999,165518180000.0,170791270843.5585,-3.087447306594815
40072,2025-04-30 23:59:59.999999999,165517670000.0,172021844362.85,-3.781015102436986
40072,2025-05-31 23:59:59.999999999,165517750000.0,173210622180.39865,-4.441337208746089
40072,2025-06-30 23:59:59.999999999,165517740000.0,174352860263.04193,-5.067380177022962
40072,2025-07-31 23:59:59.999999999,165517740000.0,175449168535.8349,-5.660574304634814
40072,2025-08-31 23:59:59.999999999,165517740000.0,176502581702.18805,-6.223616454926831
40072,2025-09-30 23:59:59.999999999,165517740000.0,177517211607.43976,-6.759611372206152
40072,2025-10-31 23:59:59.999999999,165517740000.0,178497416634.8861,-7.271633895652313
40072,2025-11-30 23:59:59.999999999,165517740000.0,179447424110.04318,-7.762544486289773
40072,2025-12-31 23:59:59.999999999,165517740000.0,180370999815.64426,-8.234839218513871
40072,2026-01-31 23:59:59.999999999,165517740000.0,181271509470.45273,-8.690704641051491
40072,2026-02-28 23:59:59.999999999,165517740000.0,182151778009.64893,-9.131966872575786
40072,2026-03-31 23:59:59.999999999,165517740000.0,183014270091.6354,-9.56020101540436
40072,2026-04-30 23:59:59.999999999,165517740000.0,183861009072.14868,-9.976705327963591
40072,2026-05-31 23:59:59.999999999,165517740000.0,184693684228.5649,-10.382567397829373
40072,2026-06-30 23:59:59.999999999,165517740000.0,185513715715.39365,-10.778705851631223
40072,2026-07-31 23:59:59.999999999,165517740000.0,186322309731.78635,-11.165904811793514
40072,2026-08-31 23:59:59.999999999,165517740000.0,187120415557.2634,-11.54479991342925
40072,2026-09-30 23:59:59.999999999,165517740000.0,187908914166.54135,-11.915973375641098
40072,2026-10-31 23:59:59.999999999,165517740000.0,188688509050.7556,-12.279905746948732
40072,2026-11-30 23:59:59.999999999,165517740000.0,189459780390.20807,-12.637005256153817
40072,2026-12-31 23:59:59.999999999,165517740000.0,190223292349.40363,-12.987659954925116
40072,2027-01-31 23:59:59.999999999,165517740000.0,190979462861.33157,-13.332179542163178
40072,2027-02-28 23:59:59.999999999,165517740000.0,191728723511.19705,-13.670870512871442
40072,2027-03-31 23:59:59.999999999,165517740000.0,192471408809.8847,-14.003986873971721
40072,2027-04-30 23:59:59.999999999,165517740000.0,193207838512.9795,-14.331768701568132
40072,2027-05-31 23:59:59.999999999,165517740000.0,193938309703.92316,-14.654439220034224
40072,2024-12-31 23:59:59.999999999,104928444000.0,105956056629.72763,-0.969847544740843
40072,2025-01-31 23:59:59.999999999,103204495000.0,104914515727.19273,-1.629917800544653
40072,2025-02-28 23:59:59.999999999,101915710000.0,104388150664.95525,-2.3685036215372692
40072,2025-03-31 23:59:59.999999999,100964040000.0,104180560616.75745,-3.087447306594805
40072,2025-04-30 23:59:59.999999999,100273500000.0,104213836979.00523,-3.7810151024369723
40072,2025-05-31 23:59:59.999999999,99785230000.0,104423006112.9873,-4.441337208746086
40072,2025-06-30 23:59:59.999999999,99453660000.0,104762364373.2296,-5.067380177022959
40072,2025-07-31 23:59:59.999999999,99243470000.0,105198294372.14366,-5.66057430463482
40072,2025-08-31 23:59:59.999999999,99127300000.0,105706034134.22842,-6.223616454926841
40072,2025-09-30 23:59:59.999999999,99083960000.0,106267210785.15996,-6.759611372206155
40072,2025-10-31 23:59:59.999999999,99097040000.0,106868099921.53383,-7.271633895652306
40072,2025-11-30 23:59:59.999999999,99153830000.0,107498444461.38448,-7.762544486289774
40072,2025-12-31 23:59:59.999999999,99244474000.0,108150493632.68031,-8.234839218513878
40072,2026-01-31 23:59:59.999999999,99361340000.0,108818429765.99248,-8.690704641051502
40072,2026-02-28 23:59:59.999999999,99498525000.0,109497830257.28447,-9.131966872575774
40072,2026-03-31 23:59:59.999999999,99651445000.0,110185389457.76886,-9.560201015404353
40072,2026-04-30 23:59:59.999999999,99816550000.0,110878575003.99353,-9.976705327963591
40072,2026-05-31 23:59:59.999999999,99991100000.0,111575503266.0667,-10.38256739782938
40072,2026-06-30 23:59:59.999999999,100172960000.0,112274726337.66032,-10.778705851631214
40072,2026-07-31 23:59:59.999999999,100360495000.0,112975198195.43764,-11.16590481179352
40072,2026-08-31 23:59:59.999999999,100552420000.0,113676094996.77774,-11.544799913429243
40072,2026-09-30 23:59:59.999999999,100747740000.0,114376854688.58783,-11.915973375641094
40072,2026-10-31 23:59:59.999999999,100945690000.0,115077043046.48383,-12.279905746948726
40072,2026-11-30 23:59:59.999999999,101145690000.0,115776354059.93756,-12.637005256153817
40072,2026-12-31 23:59:59.999999999,101347260000.0,116474585571.99957,-12.987659954925112
40072,2027-01-31 23:59:59.999999999,101550060000.0,117171590423.69511,-13.332179542163184
40072,2027-02-28 23:59:59.999999999,101753810000.0,117867291669.11293,-13.670870512871435
40072,2027-03-31 23:59:59.999999999,101958290000.0,118561644492.26129,-14.003986873971725
40072,2027-04-30 23:59:59.999999999,102163340000.0,119254640563.43845,-14.331768701568132
40072,2027-05-31 23:59:59.999999999,102368830000.0,119946284850.03793,-14.654439220034229
40072,2024-12-31 23:59:59.999999999,18738356000.0,18921869510.87024,-0.9698475447408329
40072,2025-01-31 23:59:59.999999999,18738356000.0,19048836602.582153,-1.6299178005446608
40072,2025-02-28 23:59:59.999999999,18738356000.0,19192941744.29312,-2.3685036215372715
40072,2025-03-31 23:59:59.999999999,18738356000.0,19335324169.285995,-3.0874473065948083
40072,2025-04-30 23:59:59.999999999,18738356000.0,19474697476.749825,-3.781015102436981
40072,2025-05-31 23:59:59.999999999,18738356000.0,19609270030.215454,-4.441337208746087
40072,2025-06-30 23:59:59.999999999,18738356000.0,19738585387.13229,-5.067380177022947
40072,2025-07-31 23:59:59.999999999,18738356000.0,19862699063.389145,-5.660574304634809
40072,2025-08-31 23:59:59.999999999,18738356000.0,19981956560.516647,-6.223616454926841
40072,2025-09-30 23:59:59.999999999,18738356000.0,20096823382.83854,-6.759611372206152
40072,2025-10-31 23:59:59.999999999,18738356000.0,20207792945.379448,-7.271633895652309
40072,2025-11-30 23:59:59.999999999,18738356000.0,20315343826.039,-7.762544486289778
40072,2025-12-31 23:59:59.999999999,18738356000.0,20419902351.198753,-8.234839218513883
40072,2026-01-31 23:59:59.999999999,18738356000.0,20521849555.773186,-8.690704641051495
40072,2026-02-28 23:59:59.999999999,18738356000.0,20621505252.263145,-9.131966872575783
40072,2026-03-31 23:59:59.999999999,18738356000.0,20719148466.032803,-9.560201015404349
40072,2026-04-30 23:59:59.999999999,18738356000.0,20815008262.32327,-9.976705327963598
40072,2026-05-31 23:59:59.999999999,18738356000.0,20909275885.17654,-10.382567397829382
40072,2026-06-30 23:59:59.999999999,18738356000.0,21002112111.083508,-10.778705851631223
40072,2026-07-31 23:59:59.999999999,18738356000.0,21093653494.52862,-11.165904811793512
40072,2026-08-31 23:59:59.999999999,18738356000.0,21184007503.98037,-11.544799913429241
40072,2026-09-30 23:59:59.999999999,18738356000.0,21273273875.08198,-11.915973375641094
40072,2026-10-31 23:59:59.999999999,18738356000.0,21361532250.46062,-12.279905746948733
40072,2026-11-30 23:59:59.999999999,18738356000.0,21448848312.654625,-12.637005256153822
40072,2026-12-31 23:59:59.999999999,18738356000.0,21535285931.04495,-12.987659954925125
40072,2027-01-31 23:59:59.999999999,18738356000.0,21620892420.060402,-13.332179542163178
40072,2027-02-28 23:59:59.999999999,18738356000.0,21705716639.704838,-13.670870512871439
40072,2027-03-31 23:59:59.999999999,18738356000.0,21789796460.143677,-14.003986873971726
40072,2027-04-30 23:59:59.999999999,18738356000.0,21873168081.086555,-14.33176870156814
40072,2027-05-31 23:59:59.999999999,18738356000.0,21955865135.51703,-14.654439220034229
40072,2024-12-31 23:59:59.999999999,0.3799701,0.38369132439126585,-0.9698475447408375
40072,2025-01-31 23:59:59.999999999,0.32064533,0.32595818277988703,-1.6299178005446509
40072,2025-02-28 23:59:59.999999999,0.4779547,0.489549687772126,-2.3685036215372666
40072,2025-03-31 23:59:59.999999999,0.5455933,0.5629748739045668,-3.0874473065948003
40072,2025-04-30 23:59:59.999999999,0.51144564,0.5315433768732191,-3.781015102436976
40072,2025-05-31 23:59:59.999999999,0.47774625,0.4999507467877265,-4.44133720874609
40072,2025-06-30 23:59:59.999999999,0.41688305,0.43913572823839403,-5.067380177022954
40072,2025-07-31 23:59:59.999999999,0.36742392,0.3894701702021839,-5.660574304634814
40072,2025-08-31 23:59:59.999999999,0.34819257,0.3713009175986531,-6.223616454926838
40072,2025-09-30 23:59:59.999999999,0.3520102,0.3775297332705217,-6.759611372206152
40072,2025-10-31 23:59:59.999999999,0.37395796,0.40328324277481337,-7.271633895652312
40072,2025-11-30 23:59:59.999999999,0.4010719,0.43482542298683335,-7.762544486289778
40072,2025-12-31 23:59:59.999999999,0.47373056,0.5162422863786973,-8.234839218513871
40072,2026-01-31 23:59:59.999999999,0.47478855,0.5199783271744026,-8.690704641051507
40072,2026-02-28 23:59:59.999999999,0.49368548,0.5432994056779022,-9.13196687257578
40072,2026-03-31 23:59:59.999999999,0.49264744,0.5447241643309275,-9.560201015404354
40072,2026-04-30 23:59:59.999999999,0.47580916,0.5285400391399835,-9.976705327963604
40072,2026-05-31 23:59:59.999999999,0.46193576,0.5154530153093336,-10.382567397829385
40072,2026-06-30 23:59:59.999999999,0.44974577,0.5040789629448864,-10.778705851631214
40072,2026-07-31 23:59:59.999999999,0.44441566,0.5002760007526786,-11.165904811793526
40072,2026-08-31 23:59:59.999999999,0.44656253,0.5048459877691538,-11.544799913429248
40072,2026-09-30 23:59:59.999999999,0.45260534,0.5138336134821537,-11.915973375641087
40072,2026-10-31 23:59:59.999999999,0.45971486,0.5240701844184965,-12.279905746948721
40072,2026-11-30 23:59:59.999999999,0.4650488,0.5323178209968417,-12.63700525615381
40072,2026-12-31 23:59:59.999999999,0.46712378,0.5368477349675772,-12.987659954925121
40072,2027-01-31 23:59:59.999999999,0.4661584,0.5378679048147382,-13.332179542163173
40072,2027-02-28 23:59:59.999999999,0.4633006,0.5366677371811586,-13.670870512871444
40072,2027-03-31 23:59:59.999999999,0.46007457,0.5349952364431348,-14.00398687397172
40072,2027-04-30 23:59:59.999999999,0.45773062,0.5343061414504197,-14.331768701568134
40072,2027-05-31 23:59:59.999999999,0.45685297,0.5352978741159313,-14.654439220034234
40072,2024-12-31 23:59:59.999999999,131239230000.0,131239231488.0,0.0
40072,2025-01-31 23:59:59.999999999,132014260000.0,132014260224.0,0.0
40072,2025-02-28 23:59:59.999999999,133020830000.0,133020827648.0,0.0
40072,2025-03-31 23:59:59.999999999,134555280000.0,134555279360.0,0.0
40072,2025-04-30 23:59:59.999999999,135940320000.0,135940317184.0,0.0
40072,2025-05-31 23:59:59.999999999,137302220000.0,137302220800.0,0.0
40072,2025-06-30 23:59:59.999999999,138695310000.0,138695311360.0,0.0
40072,2025-07-31 23:59:59.999999999,140168330000.0,140168331264.0,0.0
40072,2025-08-31 23:59:59.999999999,141862450000.0,141862453248.0,0.0
40072,2025-09-30 23:59:59.999999999,143197000000.0,143196995584.0,0.0
40072,2025-10-31 23:59:59.999999999,145721070000.0,145721065472.0,0.0
40072,2025-11-30 23:59:59.999999999,146318920000.0,146318917632.0,0.0
40072,2025-12-31 23:59:59.999999999,147565530000.0,147565527040.0,0.0
40072,2026-01-31 23:59:59.999999999,148597080000.0,148597080064.0,0.0
40072,2026-02-28 23:59:59.999999999,149777900000.0,149777907712.0,0.0
40072,2026-03-31 23:59:59.999999999,151165500000.0,151165501440.0,0.0
40072,2026-04-30 23:59:59.999999999,152490400000.0,152490393600.0,0.0
40072,2026-05-31 23:59:59.999999999,153743000000.0,153742999552.0,0.0
40072,2026-06-30 23:59:59.999999999,155098600000.0,155098595328.0,0.0
40072,2026-07-31 23:59:59.999999999,156499410000.0,156499410944.0,0.0
40072,2026-08-31 23:59:59.999999999,157952970000.0,157952966656.0,0.0
40072,2026-09-30 23:59:59.999999999,159265260000.0,159265259520.0,0.0
40072,2026-10-31 23:59:59.999999999,161109700000.0,161109704704.0,0.0
40072,2026-11-30 23:59:59.999999999,162106280000.0,162106277888.0,0.0
40072,2026-12-31 23:59:59.999999999,163398830000.0,163398828032.0,0.0
40072,2027-01-31 23:59:59.999999999,164691380000.0,164691378176.0,0.0
40072,2027-02-28 23:59:59.999999999,165983940000.0,165983944704.0,0.0
40072,2027-03-31 23:59:59.999999999,167276500000.0,167276494848.0,0.0
40072,2027-04-30 23:59:59.999999999,168569040000.0,168569044992.0,0.0
40072,2027-05-31 23:59:59.999999999,169861600000.0,169861595136.0,0.0
40072,2024-12-31 23:59:59.999999999,2274859800.0,2275132625.94994,-0.011992705252788553
40072,2025-01-31 23:59:59.999999999,2274859800.0,2273117593.2421374,0.07664287861930189
40072,2025-02-28 23:59:59.999999999,2274859800.0,2270899742.6991234,0.17438168785777572
40072,2025-03-31 23:59:59.999999999,2274859800.0,2267188548.1913247,0.33835861665740585
40072,2025-04-30 23:59:59.999999999,2274859800.0,2263116259.970635,0.5189090917281218
40072,2025-05-31 23:59:59.999999999,2274859800.0,2260389970.6198883,0.6401464158037962
40072,2025-06-30 23:59:59.999999999,2274859800.0,2257918282.082968,0.7503147501601761
40072,2025-07-31 23:59:59.999999999,2274859800.0,2254573935.7002664,0.8997638080754665
40072,2025-08-31 23:59:59.999999999,2274859800.0,2253206740.324362,0.9609875244968032
40072,2025-09-30 23:59:59.999999999,2274859800.0,2251181857.682193,1.0517994464554667
40072,2025-10-31 23:59:59.999999999,2274859800.0,2249963153.2560296,1.1065346873766042
40072,2025-11-30 23:59:59.999999999,2274859800.0,2249479884.211569,1.1282560011567604
40072,2025-12-31 23:59:59.999999999,2274859800.0,2248928548.4371853,1.1530480850907743
40072,2026-01-31 23:59:59.999999999,2274859800.0,2246648510.5506816,1.2557044556294867
40072,2026-02-28 23:59:59.999999999,2274859800.0,2244580526.6354012,1.3489936763367976
40072,2026-03-31 23:59:59.999999999,2274859800.0,2242598931.29652,1.4385472254206735
40072,2026-04-30 23:59:59.999999999,2274859800.0,2240004085.725348,1.5560547633271478
40072,2026-05-31 23:59:59.999999999,2274859800.0,2237817715.6153016,1.6552760363912595
40072,2026-06-30 23:59:59.999999999,2274859800.0,2235802927.5141907,1.7468824289103821
40072,2026-07-31 23:59:59.999999999,2274859800.0,2232977586.2762027,1.8756206950398295
40072,2026-08-31 23:59:59.999999999,2274859800.0,2230968875.6510696,1.9673470494348138
40072,2026-09-30 23:59:59.999999999,2274859800.0,2228339251.6467676,2.087676924366575
40072,2026-10-31 23:59:59.999999999,2274859800.0,2226066410.980333,2.1919096743470083
40072,2026-11-30 23:59:59.999999999,2274859800.0,2224082839.3073077,2.2830506038393246
40072,2026-12-31 23:59:59.999999999,2274859800.0,2222061789.2840476,2.3760809429590166
40072,2027-01-31 23:59:59.999999999,2274859800.0,2219740761.594685,2.483128451707885
40072,2027-02-28 23:59:59.999999999,2274859800.0,2217400067.1721406,2.5913099615414916
40072,2027-03-31 23:59:59.999999999,2274859800.0,2215117047.1081758,2.6970461434450193
40072,2027-04-30 23:59:59.999999999,2274859800.0,2212706620.308479,2.8089198595544604
40072,2027-05-31 23:59:59.999999999,2274859800.0,2210501758.4458923,2.9114664717278935
40072,2024-12-31 23:59:59.999999999,167334410000.0,167354482617.82767,-0.011992705252777744
40072,2025-01-31 23:59:59.999999999,168231010000.0,168102171960.38797,0.07664287861931363
40072,2025-02-28 23:59:59.999999999,169216020000.0,168921448311.281,0.17438168785776514
40072,2025-03-31 23:59:59.999999999,170374790000.0,169800257366.09537,0.3383586166574043
40072,2025-04-30 23:59:59.999999999,171458940000.0,170573813804.06332,0.5189090917281179
40072,2025-05-31 23:59:59.999999999,172666620000.0,171568329345.04327,0.6401464158037838
40072,2025-06-30 23:59:59.999999999,173827740000.0,172533193551.85797,0.750314750160195
40072,2025-07-31 23:59:59.999999999,174911490000.0,173351731856.0869,0.899763808075459
40072,2025-08-31 23:59:59.999999999,175820520000.0,174146990617.8756,0.9609875244967956
40072,2025-09-30 23:59:59.999999999,176796730000.0,174956537451.54697,1.051799446455473
40072,2025-10-31 23:59:59.999999999,177465210000.0,175522990157.58566,1.1065346873766206
40072,2025-11-30 23:59:59.999999999,178091660000.0,176104742838.60178,1.1282560011567713
40072,2025-12-31 23:59:59.999999999,178897960000.0,176858695162.1167,1.1530480850907654
40072,2026-01-31 23:59:59.999999999,179795300000.0,177565597141.03494,1.2557044556294739
40072,2026-02-28 23:59:59.999999999,180709080000.0,178303774446.05292,1.3489936763367987
40072,2026-03-31 23:59:59.999999999,181655200000.0,179079070929.8298,1.438547225420679
40072,2026-04-30 23:59:59.999999999,182587440000.0,179789813199.72864,1.55605476332715
40072,2026-05-31 23:59:59.999999999,183542660000.0,180553994122.54227,1.655276036391264
40072,2026-06-30 23:59:59.999999999,184489210000.0,181321736399.0498,1.7468824289103786
40072,2026-07-31 23:59:59.999999999,185421370000.0,182007593164.07077,1.8756206950398406
40072,2026-08-31 23:59:59.999999999,186321030000.0,182726169174.206,1.967347049434813
40072,2026-09-30 23:59:59.999999999,187233170000.0,183404284576.59482,2.0876769243665785
40072,2026-10-31 23:59:59.999999999,188088070000.0,184053781595.213,2.1919096743470083
40072,2026-11-30 23:59:59.999999999,188935160000.0,184717955411.57632,2.2830506038393397
40072,2026-12-31 23:59:59.999999999,189815700000.0,185410204957.69885,2.3760809429590224
40072,2027-01-31 23:59:59.999999999,190713180000.0,186092274052.5704,2.4831284517078904
40072,2027-02-28 23:59:59.999999999,191613730000.0,186773841651.72513,2.5913099615414845
40072,2027-03-31 23:59:59.999999999,192520290000.0,187464291850.31458,2.6970461434450193
40072,2027-04-30 23:59:59.999999999,193424260000.0,188139571337.03345,2.8089198595544547
40072,2027-05-31 23:59:59.999999999,194332500000.0,188834650620.18872,2.9114664717278806
40072,2024-12-31 23:59:59.999999999,109089650000.0,109102737105.6838,-0.01199270525278667
40072,2025-01-31 23:59:59.999999999,111337550000.0,111252286964.7404,0.0766428786193148
40072,2025-02-28 23:59:59.999999999,113549130000.0,113351467573.63354,0.17438168785777003
40072,2025-03-31 23:59:59.999999999,115849540000.0,115458878615.5084,0.33835861665741
40072,2025-04-30 23:59:59.999999999,118252820000.0,117642365597.19212,0.5189090917281308
40072,2025-05-31 23:59:59.999999999,120436880000.0,119670815022.86794,0.6401464158037835
40072,2025-06-30 23:59:59.999999999,122631270000.0,121717998209.83192,0.7503147501601822
40072,2025-07-31 23:59:59.999999999,125031875000.0,123916915006.68622,0.8997638080754525
40072,2025-08-31 23:59:59.999999999,127210970000.0,126000125647.67555,0.9609875244967943
40072,2025-09-30 23:59:59.999999999,129533700000.0,128185444254.89058,1.0517994464554674
40072,2025-10-31 23:59:59.999999999,131864175000.0,130421020757.68556,1.1065346873766086
40072,2025-11-30 23:59:59.999999999,134094200000.0,132598154199.81746,1.1282560011567644
40072,2025-12-31 23:59:59.999999999,136271140000.0,134717782105.1597,1.1530480850907712
40072,2026-01-31 23:59:59.999999999,138627600000.0,136908431019.55504,1.255704455629477
40072,2026-02-28 23:59:59.999999999,140945690000.0,139069645800.44797,1.3489936763368022
40072,2026-03-31 23:59:59.999999999,143231370000.0,141200138540.73215,1.438547225420676
40072,2026-04-30 23:59:59.999999999,145624190000.0,143392914602.061,1.5560547633271449
40072,2026-05-31 23:59:59.999999999,147947470000.0,145538408449.19522,1.6552760363912722
40072,2026-06-30 23:59:59.999999999,150258930000.0,147679144540.85074,1.7468824289103644
40072,2026-07-31 23:59:59.999999999,152714660000.0,149903045252.7446,1.8756206950398318
40072,2026-08-31 23:59:59.999999999,155071900000.0,152079965086.09717,1.9673470494348169
40072,2026-09-30 23:59:59.999999999,157530780000.0,154309304011.991,2.087676924366576
40072,2026-10-31 23:59:59.999999999,159979540000.0,156548142503.4562,2.1919096743470052
40072,2026-11-30 23:59:59.999999999,162392590000.0,158767838199.28848,2.283050603839337
40072,2026-12-31 23:59:59.999999999,164795500000.0,160970704268.13785,2.376080942959024
40072,2027-01-31 23:59:59.999999999,167238350000.0,163186229209.2362,2.4831284517078887
40072,2027-02-28 23:59:59.999999999,169688560000.0,165402472953.71445,2.591309961541479
40072,2027-03-31 23:59:59.999999999,172130960000.0,167610428755.245,2.697046143445024
40072,2027-04-30 23:59:59.999999999,174603880000.0,169833394454.9981,2.8089198595544524
40072,2027-05-31 23:59:59.999999999,177045800000.0,172036999356.76117,2.9114664717278917
40072,2024-12-31 23:59:59.999999999,0.0,0.0,
40072,2025-01-31 23:59:59.999999999,0.0,0.0,
40072,2025-02-28 23:59:59.999999999,0.0,0.0,
40072,2025-03-31 23:59:59.999999999,0.0,0.0,
40072,2025-04-30 23:59:59.999999999,0.0,0.0,
40072,2025-05-31 23:59:59.999999999,0.0,0.0,
40072,2025-06-30 23:59:59.999999999,0.0,0.0,
40072,2025-07-31 23:59:59.999999999,0.0,0.0,
40072,2025-08-31 23:59:59.999999999,0.0,0.0,
40072,2025-09-30 23:59:59.999999999,0.0,0.0,
40072,2025-10-31 23:59:59.999999999,0.0,0.0,
40072,2025-11-30 23:59:59.999999999,0.0,0.0,
40072,2025-12-31 23:59:59.999999999,0.0,0.0,
40072,2026-01-31 23:59:59.999999999,0.0,0.0,
40072,2026-02-28 23:59:59.999999999,0.0,0.0,
40072,2026-03-31 23:59:59.999999999,0.0,0.0,
40072,2026-04-30 23:59:59.999999999,0.0,0.0,
40072,2026-05-31 23:59:59.999999999,0.0,0.0,
40072,2026-06-30 23:59:59.999999999,0.0,0.0,
40072,2026-07-31 23:59:59.999999999,0.0,0.0,
40072,2026-08-31 23:59:59.999999999,0.0,0.0,
40072,2026-09-30 23:59:59.999999999,0.0,0.0,
40072,2026-10-31 23:59:59.999999999,0.0,0.0,
40072,2026-11-30 23:59:59.999999999,0.0,0.0,
40072,2026-12-31 23:59:59.999999999,0.0,0.0,
40072,2027-01-31 23:59:59.999999999,0.0,0.0,
40072,2027-02-28 23:59:59.999999999,0.0,0.0,
40072,2027-03-31 23:59:59.999999999,0.0,0.0,
40072,2027-04-30 23:59:59.999999999,0.0,0.0,
40072,2027-05-31 23:59:59.999999999,0.0,0.0,
40072,2024-12-31 23:59:59.999999999,0.0,0.0,
40072,2025-01-31 23:59:59.999999999,0.0,0.0,
40072,2025-02-28 23:59:59.999999999,0.0,0.0,
40072,2025-03-31 23:59:59.999999999,0.0,0.0,
40072,2025-04-30 23:59:59.999999999,0.0,0.0,
40072,2025-05-31 23:59:59.999999999,0.0,0.0,
40072,2025-06-30 23:59:59.999999999,0.0,0.0,
40072,2025-07-31 23:59:59.999999999,0.0,0.0,
40072,2025-08-31 23:59:59.999999999,0.0,0.0,
40072,2025-09-30 23:59:59.999999999,0.0,0.0,
40072,2025-10-31 23:59:59.999999999,0.0,0.0,
40072,2025-11-30 23:59:59.999999999,0.0,0.0,
40072,2025-12-31 23:59:59.999999999,0.0,0.0,
40072,2026-01-31 23:59:59.999999999,0.0,0.0,
40072,2026-02-28 23:59:59.999999999,0.0,0.0,
40072,2026-03-31 23:59:59.999999999,0.0,0.0,
40072,2026-04-30 23:59:59.999999999,0.0,0.0,
40072,2026-05-31 23:59:59.999999999,0.0,0.0,
40072,2026-06-30 23:59:59.999999999,0.0,0.0,
40072,2026-07-31 23:59:59.999999999,0.0,0.0,
40072,2026-08-31 23:59:59.999999999,0.0,0.0,
40072,2026-09-30 23:59:59.999999999,0.0,0.0,
40072,2026-10-31 23:59:59.999999999,0.0,0.0,
40072,2026-11-30 23:59:59.999999999,0.0,0.0,
40072,2026-12-31 23:59:59.999999999,0.0,0.0,
40072,2027-01-31 23:59:59.999999999,0.0,0.0,
40072,2027-02-28 23:59:59.999999999,0.0,0.0,
40072,2027-03-31 23:59:59.999999999,0.0,0.0,
40072,2027-04-30 23:59:59.999999999,0.0,0.0,
40072,2027-05-31 23:59:59.999999999,0.0,0.0,
40072,2024-12-31 23:59:59.999999999,119479464.0,119493794.53857438,-0.011992705252787459
40072,2025-01-31 23:59:59.999999999,119479464.0,119387961.62948224,0.07664287861931673
40072,2025-02-28 23:59:59.999999999,119479464.0,119271476.38634461,0.1743816878577692
40072,2025-03-31 23:59:59.999999999,119479464.0,119076558.20489466,0.33835861665741074
40072,2025-04-30 23:59:59.999999999,119479464.0,118862674.77392685,0.5189090917281308
40072,2025-05-31 23:59:59.999999999,119479464.0,118719485.46891007,0.6401464158037922
40072,2025-06-30 23:59:59.999999999,119479464.0,118589668.22712585,0.7503147501601809
40072,2025-07-31 23:59:59.999999999,119479464.0,118414017.52660745,0.8997638080754603
40072,2025-08-31 23:59:59.999999999,119479464.0,118342210.12448986,0.9609875244968039
40072,2025-09-30 23:59:59.999999999,119479464.0,118235859.88026747,1.051799446455479
40072,2025-10-31 23:59:59.999999999,119479464.0,118171851.47273897,1.1065346873766182
40072,2025-11-30 23:59:59.999999999,119479464.0,118146469.36918731,1.1282560011567604
40072,2025-12-31 23:59:59.999999999,119479464.0,118117512.28642453,1.1530480850907652
40072,2026-01-31 23:59:59.999999999,119479464.0,117997760.85934618,1.2557044556294716
40072,2026-02-28 23:59:59.999999999,119479464.0,117889146.863721,1.3489936763368022
40072,2026-03-31 23:59:59.999999999,119479464.0,117785070.14151938,1.4385472254206702
40072,2026-04-30 23:59:59.999999999,119479464.0,117648784.48502429,1.5560547633271484
40072,2026-05-31 23:59:59.999999999,119479464.0,117533952.64720732,1.6552760363912657
40072,2026-06-30 23:59:59.999999999,119479464.0,117428132.58527033,1.7468824289103784
40072,2026-07-31 23:59:59.999999999,119479464.0,117279740.90843233,1.8756206950398429
40072,2026-08-31 23:59:59.999999999,119479464.0,117174240.04576203,1.9673470494348158
40072,2026-09-30 23:59:59.999999999,119479464.0,117036127.76742724,2.0876769243665785
40072,2026-10-31 23:59:59.999999999,119479464.0,116916754.35045974,2.1919096743470137
40072,2026-11-30 23:59:59.999999999,119479464.0,116812573.82786271,2.2830506038393366
40072,2026-12-31 23:59:59.999999999,119479464.0,116706424.8792357,2.376080942959017
40072,2027-01-31 23:59:59.999999999,119479464.0,116584520.59872578,2.4831284517079015
40072,2027-02-28 23:59:59.999999999,119479464.0,116461583.38829029,2.591309961541489
40072,2027-03-31 23:59:59.999999999,119479464.0,116341675.3322327,2.697046143445014
40072,2027-04-30 23:59:59.999999999,119479464.0,116215075.6599903,2.808919859554456
40072,2027-05-31 23:59:59.999999999,119479464.0,116099272.60420851,2.9114664717278824
40072,2024-12-31 23:59:59.999999999,547925800000.0,547925786624.0,0.0
40072,2025-01-31 23:59:59.999999999,551371400000.0,551371407360.0,0.0
40072,2025-02-28 23:59:59.999999999,555229400000.0,555229380608.0,0.0
40072,2025-03-31 23:59:59.999999999,558616740000.0,558616739840.0,0.0
40072,2025-04-30 23:59:59.999999999,562572900000.0,562572886016.0,0.0
40072,2025-05-31 23:59:59.999999999,566515400000.0,566515400704.0,0.0
40072,2025-06-30 23:59:59.999999999,570097200000.0,570097205248.0,0.0
40072,2025-07-31 23:59:59.999999999,574028840000.0,574028840960.0,0.0
40072,2025-08-31 23:59:59.999999999,577401650000.0,577401651200.0,0.0
40072,2025-09-30 23:59:59.999999999,580356340000.0,580356341760.0,0.0
40072,2025-10-31 23:59:59.999999999,583402650000.0,583402651648.0,0.0
40072,2025-11-30 23:59:59.999999999,586232370000.0,586232365056.0,0.0
40072,2025-12-31 23:59:59.999999999,587481200000.0,587481219072.0,0.0
40072,2026-01-31 23:59:59.999999999,590102000000.0,590102003712.0,0.0
40072,2026-02-28 23:59:59.999999999,592896000000.0,592896000000.0,0.0
40072,2026-03-31 23:59:59.999999999,596020900000.0,596020887552.0,0.0
40072,2026-04-30 23:59:59.999999999,599382700000.0,599382687744.0,0.0
40072,2026-05-31 23:59:59.999999999,602572100000.0,602572128256.0,0.0
40072,2026-06-30 23:59:59.999999999,605573900000.0,605573873664.0,0.0
40072,2026-07-31 23:59:59.999999999,608784800000.0,608784809984.0,0.0
40072,2026-08-31 23:59:59.999999999,611740400000.0,611740418048.0,0.0
40072,2026-09-30 23:59:59.999999999,614757700000.0,614757695488.0,0.0
40072,2026-10-31 23:59:59.999999999,618015950000.0,618015948800.0,0.0
40072,2026-11-30 23:59:59.999999999,621016840000.0,621016842240.0,0.0
40072,2026-12-31 23:59:59.999999999,622841040000.0,622841036800.0,0.0
40072,2027-01-31 23:59:59.999999999,625616900000.0,625616879616.0,0.0
40072,2027-02-28 23:59:59.999999999,628600800000.0,628600799232.0,0.0
40072,2027-03-31 23:59:59.999999999,631481760000.0,631481761792.0,0.0
40072,2027-04-30 23:59:59.999999999,634649250000.0,634649247744.0,0.0
40072,2027-05-31 23:59:59.999999999,637767500000.0,637767516160.0,0.0
40072,2024-12-31 23:59:59.999999999,2716565.5,2716565.5,0.0
40072,2025-01-31 23:59:59.999999999,2716565.5,2716565.5,0.0
40072,2025-02-28 23:59:59.999999999,2716565.5,2716565.5,0.0
40072,2025-03-31 23:59:59.999999999,2716565.5,2716565.5,0.0
40072,2025-04-30 23:59:59.999999999,2716565.5,2716565.5,0.0
40072,2025-05-31 23:59:59.999999999,2716565.5,2716565.5,0.0
40072,2025-06-30 23:59:59.999999999,2716565.5,2716565.5,0.0
40072,2025-07-31 23:59:59.999999999,2716565.5,2716565.5,0.0
40072,2025-08-31 23:59:59.999999999,2716565.5,2716565.5,0.0
40072,2025-09-30 23:59:59.999999999,2716565.5,2716565.5,0.0
40072,2025-10-31 23:59:59.999999999,2716565.5,2716565.5,0.0
40072,2025-11-30 23:59:59.999999999,2716565.5,2716565.5,0.0
40072,2025-12-31 23:59:59.999999999,2716565.5,2716565.5,0.0
40072,2026-01-31 23:59:59.999999999,2716565.5,2716565.5,0.0
40072,2026-02-28 23:59:59.999999999,2716565.5,2716565.5,0.0
40072,2026-03-31 23:59:59.999999999,2716565.5,2716565.5,0.0
40072,2026-04-30 23:59:59.999999999,2716565.5,2716565.5,0.0
40072,2026-05-31 23:59:59.999999999,2716565.5,2716565.5,0.0
40072,2026-06-30 23:59:59.999999999,2716565.5,2716565.5,0.0
40072,2026-07-31 23:59:59.999999999,2716565.5,2716565.5,0.0
40072,2026-08-31 23:59:59.999999999,2716565.5,2716565.5,0.0
40072,2026-09-30 23:59:59.999999999,2716565.5,2716565.5,0.0
40072,2026-10-31 23:59:59.999999999,2716565.5,2716565.5,0.0
40072,2026-11-30 23:59:59.999999999,2716565.5,2716565.5,0.0
40072,2026-12-31 23:59:59.999999999,2716565.5,2716565.5,0.0
40072,2027-01-31 23:59:59.999999999,2716565.5,2716565.5,0.0
40072,2027-02-28 23:59:59.999999999,2716565.5,2716565.5,0.0
40072,2027-03-31 23:59:59.999999999,2716565.5,2716565.5,0.0
40072,2027-04-30 23:59:59.999999999,2716565.5,2716565.5,0.0
40072,2027-05-31 23:59:59.999999999,2716565.5,2716565.5,0.0
40072,2024-12-31 23:59:59.999999999,3580503800.0,3580503808.0,0.0
40072,2025-01-31 23:59:59.999999999,3502350600.0,3502350592.0,0.0
40072,2025-02-28 23:59:59.999999999,3500930600.0,3500930560.0,0.0
40072,2025-03-31 23:59:59.999999999,3423215400.0,3423215360.0,0.0
40072,2025-04-30 23:59:59.999999999,3421359900.0,3421359872.0,0.0
40072,2025-05-31 23:59:59.999999999,3344077600.0,3344077568.0,0.0
40072,2025-06-30 23:59:59.999999999,3341791700.0,3341791744.0,0.0
40072,2025-07-31 23:59:59.999999999,3264937500.0,3264937472.0,0.0
40072,2025-08-31 23:59:59.999999999,3262226000.0,3262225920.0,0.0
40072,2025-09-30 23:59:59.999999999,3185794800.0,3185794816.0,0.0
40072,2025-10-31 23:59:59.999999999,3182662700.0,3182662656.0,0.0
40072,2025-11-30 23:59:59.999999999,3106649900.0,3106649856.0,0.0
40072,2025-12-31 23:59:59.999999999,3103101700.0,3103101696.0,0.0
40072,2026-01-31 23:59:59.999999999,3027502600.0,3027502592.0,0.0
40072,2026-02-28 23:59:59.999999999,3023543000.0,3023543040.0,0.0
40072,2026-03-31 23:59:59.999999999,2948352800.0,2948352768.0,0.0
40072,2026-04-30 23:59:59.999999999,2943986700.0,2943986688.0,0.0
40072,2026-05-31 23:59:59.999999999,2869200600.0,2869200640.0,0.0
40072,2026-06-30 23:59:59.999999999,2864433000.0,2864432896.0,0.0
40072,2026-07-31 23:59:59.999999999,2790046500.0,2790046464.0,0.0
40072,2026-08-31 23:59:59.999999999,2784881200.0,2784881152.0,0.0
40072,2026-09-30 23:59:59.999999999,2710889700.0,2710889728.0,0.0
40072,2026-10-31 23:59:59.999999999,2705331700.0,2705331712.0,0.0
40072,2026-11-30 23:59:59.999999999,2631731000.0,2631730944.0,0.0
40072,2026-12-31 23:59:59.999999999,2625784600.0,2625784576.0,0.0
40072,2027-01-31 23:59:59.999999999,2552569900.0,2552569856.0,0.0
40072,2027-02-28 23:59:59.999999999,2546239500.0,2546239488.0,0.0
40072,2027-03-31 23:59:59.999999999,2473406700.0,2473406720.0,0.0
40072,2027-04-30 23:59:59.999999999,2466696700.0,2466696704.0,0.0
40072,2027-05-31 23:59:59.999999999,2394241300.0,2394241280.0,0.0
40072,2024-12-31 23:59:59.999999999,0.0,,
40072,2025-01-31 23:59:59.999999999,0.0,,
40072,2025-02-28 23:59:59.999999999,0.0,,
40072,2025-03-31 23:59:59.999999999,0.0,,
40072,2025-04-30 23:59:59.999999999,0.0,,
40072,2025-05-31 23:59:59.999999999,0.0,,
40072,2025-06-30 23:59:59.999999999,0.0,,
40072,2025-07-31 23:59:59.999999999,0.0,,
40072,2025-08-31 23:59:59.999999999,0.0,,
40072,2025-09-30 23:59:59.999999999,0.0,,
40072,2025-10-31 23:59:59.999999999,0.0,,
40072,2025-11-30 23:59:59.999999999,0.0,,
40072,2025-12-31 23:59:59.999999999,0.0,,
40072,2026-01-31 23:59:59.999999999,0.0,,
40072,2026-02-28 23:59:59.999999999,0.0,,
40072,2026-03-31 23:59:59.999999999,0.0,,
40072,2026-04-30 23:59:59.999999999,0.0,,
40072,2026-05-31 23:59:59.999999999,0.0,,
40072,2026-06-30 23:59:59.999999999,0.0,,
40072,2026-07-31 23:59:59.999999999,0.0,,
40072,2026-08-31 23:59:59.999999999,0.0,,
40072,2026-09-30 23:59:59.999999999,0.0,,
40072,2026-10-31 23:59:59.999999999,0.0,,
40072,2026-11-30 23:59:59.999999999,0.0,,
40072,2026-12-31 23:59:59.999999999,0.0,,
40072,2027-01-31 23:59:59.999999999,0.0,,
40072,2027-02-28 23:59:59.999999999,0.0,,
40072,2027-03-31 23:59:59.999999999,0.0,,
40072,2027-04-30 23:59:59.999999999,0.0,,
40072,2027-05-31 23:59:59.999999999,0.0,,
40072,2024-12-31 23:59:59.999999999,0.0,,
40072,2025-01-31 23:59:59.999999999,0.0,,
40072,2025-02-28 23:59:59.999999999,0.0,,
40072,2025-03-31 23:59:59.999999999,0.0,,
40072,2025-04-30 23:59:59.999999999,0.0,,
40072,2025-05-31 23:59:59.999999999,0.0,,
40072,2025-06-30 23:59:59.999999999,0.0,,
40072,2025-07-31 23:59:59.999999999,0.0,,
40072,2025-08-31 23:59:59.999999999,0.0,,
40072,2025-09-30 23:59:59.999999999,0.0,,
40072,2025-10-31 23:59:59.999999999,0.0,,
40072,2025-11-30 23:59:59.999999999,0.0,,
40072,2025-12-31 23:59:59.999999999,0.0,,
40072,2026-01-31 23:59:59.999999999,0.0,,
40072,2026-02-28 23:59:59.999999999,0.0,,
40072,2026-03-31 23:59:59.999999999,0.0,,
40072,2026-04-30 23:59:59.999999999,0.0,,
40072,2026-05-31 23:59:59.999999999,0.0,,
40072,2026-06-30 23:59:59.999999999,0.0,,
40072,2026-07-31 23:59:59.999999999,0.0,,
40072,2026-08-31 23:59:59.999999999,0.0,,
40072,2026-09-30 23:59:59.999999999,0.0,,
40072,2026-10-31 23:59:59.999999999,0.0,,
40072,2026-11-30 23:59:59.999999999,0.0,,
40072,2026-12-31 23:59:59.999999999,0.0,,
40072,2027-01-31 23:59:59.999999999,0.0,,
40072,2027-02-28 23:59:59.999999999,0.0,,
40072,2027-03-31 23:59:59.999999999,0.0,,
40072,2027-04-30 23:59:59.999999999,0.0,,
40072,2027-05-31 23:59:59.999999999,0.0,,
40072,2024-12-31 23:59:59.999999999,0.0,,
40072,2025-01-31 23:59:59.999999999,0.0,,
40072,2025-02-28 23:59:59.999999999,0.0,,
40072,2025-03-31 23:59:59.999999999,0.0,,
40072,2025-04-30 23:59:59.999999999,0.0,,
40072,2025-05-31 23:59:59.999999999,0.0,,
40072,2025-06-30 23:59:59.999999999,0.0,,
40072,2025-07-31 23:59:59.999999999,0.0,,
40072,2025-08-31 23:59:59.999999999,0.0,,
40072,2025-09-30 23:59:59.999999999,0.0,,
40072,2025-10-31 23:59:59.999999999,0.0,,
40072,2025-11-30 23:59:59.999999999,0.0,,
40072,2025-12-31 23:59:59.999999999,0.0,,
40072,2026-01-31 23:59:59.999999999,0.0,,
40072,2026-02-28 23:59:59.999999999,0.0,,
40072,2026-03-31 23:59:59.999999999,0.0,,
40072,2026-04-30 23:59:59.999999999,0.0,,
40072,2026-05-31 23:59:59.999999999,0.0,,
40072,2026-06-30 23:59:59.999999999,0.0,,
40072,2026-07-31 23:59:59.999999999,0.0,,
40072,2026-08-31 23:59:59.999999999,0.0,,
40072,2026-09-30 23:59:59.999999999,0.0,,
40072,2026-10-31 23:59:59.999999999,0.0,,
40072,2026-11-30 23:59:59.999999999,0.0,,
40072,2026-12-31 23:59:59.999999999,0.0,,
40072,2027-01-31 23:59:59.999999999,0.0,,
40072,2027-02-28 23:59:59.999999999,0.0,,
40072,2027-03-31 23:59:59.999999999,0.0,,
40072,2027-04-30 23:59:59.999999999,0.0,,
40072,2027-05-31 23:59:59.999999999,0.0,,
40002,2024-12-31 23:59:59.999999999,818871860000.0,818871861248.0,0.0
40002,2025-01-31 23:59:59.999999999,808780700000.0,808780693504.0,0.0
40002,2025-02-28 23:59:59.999999999,813786660000.0,813786660864.0,0.0
40002,2025-03-31 23:59:59.999999999,816810560000.0,816810557440.0,0.0
40002,2025-04-30 23:59:59.999999999,814791500000.0,814791524352.0,0.0
40002,2025-05-31 23:59:59.999999999,817280900000.0,817280909312.0,0.0
40002,2025-06-30 23:59:59.999999999,817161500000.0,817161502720.0,0.0
40002,2025-07-31 23:59:59.999999999,818180400000.0,818180390912.0,0.0
40002,2025-08-31 23:59:59.999999999,819953340000.0,819953336320.0,0.0
40002,2025-09-30 23:59:59.999999999,824092200000.0,824092196864.0,0.0
40002,2025-10-31 23:59:59.999999999,826127300000.0,826127286272.0,0.0
40002,2025-11-30 23:59:59.999999999,762748860000.0,762748862464.0,0.0
40002,2025-12-31 23:59:59.999999999,752196400000.0,752196386816.0,0.0
40002,2026-01-31 23:59:59.999999999,749345200000.0,749345177600.0,0.0
40002,2026-02-28 23:59:59.999999999,753565000000.0,753564975104.0,0.0
40002,2026-03-31 23:59:59.999999999,755814040000.0,755814039552.0,0.0
40002,2026-04-30 23:59:59.999999999,754397600000.0,754397609984.0,0.0
40002,2026-05-31 23:59:59.999999999,756166200000.0,756166230016.0,0.0
40002,2026-06-30 23:59:59.999999999,756081950000.0,756081950720.0,0.0
40002,2026-07-31 23:59:59.999999999,756804900000.0,756804878336.0,0.0
40002,2026-08-31 23:59:59.999999999,758062800000.0,758062776320.0,0.0
40002,2026-09-30 23:59:59.999999999,760999200000.0,760999182336.0,0.0
40002,2026-10-31 23:59:59.999999999,762443100000.0,762443071488.0,0.0
40002,2026-11-30 23:59:59.999999999,717477250000.0,717477249024.0,0.0
40002,2026-12-31 23:59:59.999999999,709990500000.0,709990481920.0,0.0
40002,2027-01-31 23:59:59.999999999,707967600000.0,707967582208.0,0.0
40002,2027-02-28 23:59:59.999999999,710961460000.0,710961463296.0,0.0
40002,2027-03-31 23:59:59.999999999,712557130000.0,712557133824.0,0.0
40002,2027-04-30 23:59:59.999999999,711552200000.0,711552204800.0,0.0
40002,2027-05-31 23:59:59.999999999,712807000000.0,712807022592.0,0.0
40002,2024-12-31 23:59:59.999999999,168122220000.0,168941257572.3248,-0.4848058077075481
40002,2025-01-31 23:59:59.999999999,168122220000.0,169266005406.02835,-0.6757321762776208
40002,2025-02-28 23:59:59.999999999,168122220000.0,170125830720.23074,-1.1777224938437767
40002,2025-03-31 23:59:59.999999999,168122220000.0,170618468263.37527,-1.463058334061434
40002,2025-04-30 23:59:59.999999999,168122220000.0,171507223667.75296,-1.9736796219793356
40002,2025-05-31 23:59:59.999999999,168122220000.0,172077932138.8397,-2.2987907546727473
40002,2025-06-30 23:59:59.999999999,168122220000.0,172929212899.32126,-2.7797456975183663
40002,2025-07-31 23:59:59.999999999,168122220000.0,173527864366.7238,-3.115144557590941
40002,2025-08-31 23:59:59.999999999,168122220000.0,174344968543.70795,-3.5692157058997176
40002,2025-09-30 23:59:59.999999999,168122220000.0,174976030076.3843,-3.9169991051873425
40002,2025-10-31 23:59:59.999999999,168122220000.0,175781578709.4808,-4.357315608218334
40002,2025-11-30 23:59:59.999999999,168122220000.0,176448742114.6165,-4.718946403827461
40002,2025-12-31 23:59:59.999999999,168122220000.0,177251525619.48764,-5.15048039422005
40002,2026-01-31 23:59:59.999999999,168122220000.0,177948793600.48468,-5.522135248944961
40002,2026-02-28 23:59:59.999999999,168122220000.0,178750575825.60324,-5.945913870494449
40002,2026-03-31 23:59:59.999999999,168122220000.0,179472392636.59875,-6.324188319916665
40002,2026-04-30 23:59:59.999999999,168122220000.0,180275840092.75696,-6.741679607485718
40002,2026-05-31 23:59:59.999999999,168122220000.0,181019736824.48404,-7.124922677900816
40002,2026-06-30 23:59:59.999999999,168122220000.0,181828149248.55707,-7.537847556167562
40002,2026-07-31 23:59:59.999999999,168122220000.0,182592741907.57397,-7.925025503422672
40002,2026-08-31 23:59:59.999999999,168122220000.0,183408622898.3408,-8.33461486857883
40002,2026-09-30 23:59:59.999999999,168122220000.0,184192629664.8051,-8.724784020973122
40002,2026-10-31 23:59:59.999999999,168122220000.0,185017734006.46588,-9.131834606662856
40002,2026-11-30 23:59:59.999999999,168122220000.0,185820146861.13867,-9.524223619500278
40002,2026-12-31 23:59:59.999999999,168122220000.0,186655916200.12552,-9.929337378331143
40002,2027-01-31 23:59:59.999999999,168122220000.0,187476115531.32294,-10.323392359860021
40002,2027-02-28 23:59:59.999999999,168122220000.0,188323801568.28403,-10.727046106787075
40002,2027-03-31 23:59:59.999999999,168122220000.0,189161443667.36633,-11.12236337145061
40002,2027-04-30 23:59:59.999999999,168122220000.0,190022119609.64133,-11.524920946377113
40002,2027-05-31 23:59:59.999999999,168122220000.0,190877042814.51752,-11.92119384028243
40002,2024-12-31 23:59:59.999999999,25234470000.0,25357405084.53375,-0.4848058077075478
40002,2025-01-31 23:59:59.999999999,25234470000.0,25406148431.705887,-0.6757321762776131
40002,2025-02-28 23:59:59.999999999,25234470000.0,25535204762.33509,-1.1777224938437885
40002,2025-03-31 23:59:59.999999999,25234470000.0,25609147681.43534,-1.4630583340614365
40002,2025-04-30 23:59:59.999999999,25234470000.0,25742546302.552063,-1.9736796219793278
40002,2025-05-31 23:59:59.999999999,25234470000.0,25828207354.769142,-2.298790754672757
40002,2025-06-30 23:59:59.999999999,25234470000.0,25955981182.159763,-2.779745697518368
40002,2025-07-31 23:59:59.999999999,25234470000.0,26045836366.0356,-3.115144557590936
40002,2025-08-31 23:59:59.999999999,25234470000.0,26168480425.336403,-3.5692157058997283
40002,2025-09-30 23:59:59.999999999,25234470000.0,26263200230.00277,-3.9169991051873456
40002,2025-10-31 23:59:59.999999999,25234470000.0,26384109848.518986,-4.357315608218324
40002,2025-11-30 23:59:59.999999999,25234470000.0,26484248399.42542,-4.7189464038274656
40002,2025-12-31 23:59:59.999999999,25234470000.0,26604742983.28682,-5.150480394220041
40002,2026-01-31 23:59:59.999999999,25234470000.0,26709400110.271015,-5.5221352489449425
40002,2026-02-28 23:59:59.999999999,25234470000.0,26829744406.058006,-5.945913870494429
40002,2026-03-31 23:59:59.999999999,25234470000.0,26938086213.95182,-6.324188319916657
40002,2026-04-30 23:59:59.999999999,25234470000.0,27058680454.238094,-6.741679607485722
40002,2026-05-31 23:59:59.999999999,25234470000.0,27170336369.66413,-7.124922677900809
40002,2026-06-30 23:59:59.999999999,25234470000.0,27291675831.71835,-7.537847556167543
40002,2026-07-31 23:59:59.999999999,25234470000.0,27406438122.812653,-7.925025503422657
40002,2026-08-31 23:59:59.999999999,25234470000.0,27528898586.768826,-8.334614868578843
40002,2026-09-30 23:59:59.999999999,25234470000.0,27646574857.514828,-8.724784020973127
40002,2026-10-31 23:59:59.999999999,25234470000.0,27770419709.442383,-9.131834606662858
40002,2026-11-30 23:59:59.999999999,25234470000.0,27890858660.19581,-9.52422361950028
40002,2026-12-31 23:59:59.999999999,25234470000.0,28016304285.44131,-9.929337378331132
40002,2027-01-31 23:59:59.999999999,25234470000.0,28139412914.973877,-10.323392359860021
40002,2027-02-28 23:59:59.999999999,25234470000.0,28266647188.783657,-10.72704610678708
40002,2027-03-31 23:59:59.999999999,25234470000.0,28392373907.807255,-11.122363371450612
40002,2027-04-30 23:59:59.999999999,25234470000.0,28521557914.298008,-11.524920946377105
40002,2027-05-31 23:59:59.999999999,25234470000.0,28649878457.981266,-11.921193840282433
40002,2024-12-31 23:59:59.999999999,-4.9889228e-11,-5.013227233309624e-11,-0.4848058077075555
40002,2025-01-31 23:59:59.999999999,-9.25691e-11,-9.319887299282616e-11,-0.6757321762776196
40002,2025-02-28 23:59:59.999999999,-1.2908141e-10,-1.306197504076266e-10,-1.1777224938437831
40002,2025-03-31 23:59:59.999999999,-1.6031743e-10,-1.6269778957084975e-10,-1.4630583340614374
40002,2025-04-30 23:59:59.999999999,-1.870396e-10,-1.9080549520192466e-10,-1.9736796219793395
40002,2025-05-31 23:59:59.999999999,-2.0990024e-10,-2.1483893362474284e-10,-2.2987907546727517
40002,2025-06-30 23:59:59.999999999,-2.2945734e-10,-2.36018043423274e-10,-2.7797456975183583
40002,2025-07-31 23:59:59.999999999,-2.461883e-10,-2.5410399886594046e-10,-3.11514455759093
40002,2025-08-31 23:59:59.999999999,-2.605015e-10,-2.701435139822433e-10,-3.5692157058997234
40002,2025-09-30 23:59:59.999999999,-2.7274635e-10,-2.83865356764752e-10,-3.916999105187345
40002,2025-10-31 23:59:59.999999999,-2.8322172e-10,-2.9612481670960805e-10,-4.357315608218326
40002,2025-11-30 23:59:59.999999999,-2.9218333e-10,-3.0665417945747956e-10,-4.718946403827472
40002,2025-12-31 23:59:59.999999999,-2.9984992e-10,-3.161322523460727e-10,-5.150480394220041
40002,2026-01-31 23:59:59.999999999,-3.0640862e-10,-3.243178934088735e-10,-5.522135248944964
40002,2026-02-28 23:59:59.999999999,-3.1201955e-10,-3.317448097441039e-10,-5.945913870494449
40002,2026-03-31 23:59:59.999999999,-3.1681965e-10,-3.3820860280024856e-10,-6.3241883199166695
40002,2026-04-30 23:59:59.999999999,-3.2092612e-10,-3.441259907557483e-10,-6.741679607485727
40002,2026-05-31 23:59:59.999999999,-3.2443917e-10,-3.4932855974802705e-10,-7.124922677900819
40002,2026-06-30 23:59:59.999999999,-3.2744454e-10,-3.5413900179397956e-10,-7.537847556167566
40002,2026-07-31 23:59:59.999999999,-3.3001563e-10,-3.5842054558493093e-10,-7.925025503422689
40002,2026-08-31 23:59:59.999999999,-3.3221517e-10,-3.624216181084402e-10,-8.334614868578827
40002,2026-09-30 23:59:59.999999999,-3.3409686e-10,-3.6603239740814217e-10,-8.724784020973129
40002,2026-10-31 23:59:59.999999999,-3.3570666e-10,-3.694436389955311e-10,-9.131834606662864
40002,2026-11-30 23:59:59.999999999,-3.370838e-10,-3.725680163222065e-10,-9.524223619500289
40002,2026-12-31 23:59:59.999999999,-3.3826195e-10,-3.75551746135064e-10,-9.92933737833113
40002,2027-01-31 23:59:59.999999999,-3.3926983e-10,-3.7832590167758557e-10,-10.323392359860021
40002,2027-02-28 23:59:59.999999999,-3.4013206e-10,-3.810023602577226e-10,-10.727046106787077
40002,2027-03-31 23:59:59.999999999,-3.4086972e-10,-3.835269863921783e-10,-11.12236337145062
40002,2027-04-30 23:59:59.999999999,-3.4150077e-10,-3.859852692511151e-10,-11.52492094637712
40002,2027-05-31 23:59:59.999999999,-3.4204062e-10,-3.883347572068e-10,-11.921193840282438
40002,2024-12-31 23:59:59.999999999,46203184.0,46428270.95400321,-0.484805807707555
40002,2025-01-31 23:59:59.999999999,46203184.0,46517517.83562097,-0.6757321762776155
40002,2025-02-28 23:59:59.999999999,46203184.0,46753814.18640319,-1.1777224938437756
40002,2025-03-31 23:59:59.999999999,46203184.0,46889200.353547335,-1.4630583340614278
40002,2025-04-30 23:59:59.999999999,46203184.0,47133447.24337895,-1.9736796219793376
40002,2025-05-31 23:59:59.999999999,46203184.0,47290288.786481686,-2.2987907546727517
40002,2025-06-30 23:59:59.999999999,46203184.0,47524236.931378424,-2.779745697518362
40002,2025-07-31 23:59:59.999999999,46203184.0,47688757.74136279,-3.1151445575909333
40002,2025-08-31 23:59:59.999999999,46203184.0,47913313.511053495,-3.5692157058997225
40002,2025-09-30 23:59:59.999999999,46203184.0,48086741.22343574,-3.9169991051873554
40002,2025-10-31 23:59:59.999999999,46203184.0,48308121.3098721,-4.357315608218322
40002,2025-11-30 23:59:59.999999999,46203184.0,48491470.50348737,-4.71894640382746
40002,2025-12-31 23:59:59.999999999,46203184.0,48712090.68009287,-5.150480394220041
40002,2026-01-31 23:59:59.999999999,46203184.0,48903713.18376355,-5.522135248944957
40002,2026-02-28 23:59:59.999999999,46203184.0,49124058.18964805,-5.945913870494448
40002,2026-03-31 23:59:59.999999999,46203184.0,49322427.1787371,-6.3241883199166695
40002,2026-04-30 23:59:59.999999999,46203184.0,49543229.82178508,-6.741679607485739
40002,2026-05-31 23:59:59.999999999,46203184.0,49747666.79306567,-7.124922677900812
40002,2026-06-30 23:59:59.999999999,46203184.0,49969833.903733574,-7.537847556167568
40002,2026-07-31 23:59:59.999999999,46203184.0,50179958.509483494,-7.925025503422694
40002,2026-08-31 23:59:59.999999999,46203184.0,50404178.124335855,-8.334614868578832
40002,2026-09-30 23:59:59.999999999,46203184.0,50619638.09608133,-8.72478402097313
40002,2026-10-31 23:59:59.999999999,46203184.0,50846392.46319352,-9.131834606662856
40002,2026-11-30 23:59:59.999999999,46203184.0,51066910.77807452,-9.524223619500301
40002,2026-12-31 23:59:59.999999999,46203184.0,51296596.08930712,-9.929337378331141
40002,2027-01-31 23:59:59.999999999,46203184.0,51522002.46624749,-10.323392359860033
40002,2027-02-28 23:59:59.999999999,46203184.0,51754962.71274681,-10.727046106787071
40002,2027-03-31 23:59:59.999999999,46203184.0,51985162.69407479,-11.122363371450621
40002,2027-04-30 23:59:59.999999999,46203184.0,52221692.81363085,-11.524920946377106
40002,2027-05-31 23:59:59.999999999,46203184.0,52456641.97152892,-11.921193840282438
40002,2024-12-31 23:59:59.999999999,663768100.0,667001791.4223288,-0.48480580770754705
40002,2025-01-31 23:59:59.999999999,663768100.0,668283937.5952259,-0.6757321762776107
40002,2025-02-28 23:59:59.999999999,663768100.0,671678638.4109089,-1.1777224938437854
40002,2025-03-31 23:59:59.999999999,663768100.0,673623634.728097,-1.463058334061432
40002,2025-04-30 23:59:59.999999999,663768100.0,677132555.2568933,-1.973679621979337
40002,2025-05-31 23:59:59.999999999,663768100.0,679385785.628591,-2.2987907546727597
40002,2025-06-30 23:59:59.999999999,663768100.0,682746751.4483314,-2.779745697518359
40002,2025-07-31 23:59:59.999999999,663768100.0,685110304.3597577,-3.1151445575909325
40002,2025-08-31 23:59:59.999999999,663768100.0,688336336.6366501,-3.5692157058997207
40002,2025-09-30 23:59:59.999999999,663768100.0,690827848.6500057,-3.916999105187344
40002,2025-10-31 23:59:59.999999999,663768100.0,694008258.154908,-4.357315608218327
40002,2025-11-30 23:59:59.999999999,663768100.0,696642304.9993055,-4.718946403827465
40002,2025-12-31 23:59:59.999999999,663768100.0,699811797.4226948,-5.150480394220047
40002,2026-01-31 23:59:59.999999999,663768100.0,702564701.0005988,-5.522135248944954
40002,2026-02-28 23:59:59.999999999,663768100.0,705730240.2428749,-5.9459138704944445
40002,2026-03-31 23:59:59.999999999,663768100.0,708580065.7557852,-6.3241883199166695
40002,2026-04-30 23:59:59.999999999,663768100.0,711752179.5441641,-6.741679607485721
40002,2026-05-31 23:59:59.999999999,663768100.0,714689179.4210755,-7.124922677900816
40002,2026-06-30 23:59:59.999999999,663768100.0,717880895.5407091,-7.537847556167559
40002,2026-07-31 23:59:59.999999999,663768100.0,720899605.5976905,-7.925025503422677
40002,2026-08-31 23:59:59.999999999,663768100.0,724120808.5782348,-8.334614868578829
40002,2026-09-30 23:59:59.999999999,663768100.0,727216168.0258527,-8.724784020973127
40002,2026-10-31 23:59:59.999999999,663768100.0,730473785.9807945,-9.131834606662855
40002,2026-11-30 23:59:59.999999999,663768100.0,733641815.0295776,-9.524223619500285
40002,2026-12-31 23:59:59.999999999,663768100.0,736941539.7642618,-9.929337378331134
40002,2027-01-31 23:59:59.999999999,663768100.0,740179792.1076711,-10.323392359860026
40002,2027-02-28 23:59:59.999999999,663768100.0,743526565.4970825,-10.72704610678708
40002,2027-03-31 23:59:59.999999999,663768100.0,746833684.1292465,-11.122363371450612
40002,2027-04-30 23:59:59.999999999,663768100.0,750231743.3338535,-11.524920946377117
40002,2027-05-31 23:59:59.999999999,663768100.0,753607089.9920658,-11.921193840282426
40002,2024-12-31 23:59:59.999999999,54229987000.0,54494178269.11116,-0.4848058077075569
40002,2025-01-31 23:59:59.999999999,53659267000.0,54024326831.41727,-0.6757321762776141
40002,2025-02-28 23:59:59.999999999,52379877000.0,53004118805.84006,-1.1777224938437758
40002,2025-03-31 23:59:59.999999999,51715895000.0,52483763370.01407,-1.4630583340614256
40002,2025-04-30 23:59:59.999999999,50517496000.0,51534624183.778885,-1.9736796219793482
40002,2025-05-31 23:59:59.999999999,49783180000.0,50954519085.83309,-2.2987907546727473
40002,2025-06-30 23:59:59.999999999,48645860000.0,50036755946.60347,-2.779745697518355
40002,2025-07-31 23:59:59.999999999,47858504000.0,49397301014.138756,-3.115144557590936
40002,2025-08-31 23:59:59.999999999,46767243000.0,48498250435.63528,-3.569215705899727
40002,2025-09-30 23:59:59.999999999,45939890000.0,47812711614.0897,-3.916999105187344
40002,2025-10-31 23:59:59.999999999,44883360000.0,46928170280.273636,-4.357315608218324
40002,2025-11-30 23:59:59.999999999,44025848000.0,46206298257.987076,-4.71894640382747
40002,2025-12-31 23:59:59.999999999,42995507000.0,45330231907.02585,-5.150480394220051
40002,2026-01-31 23:59:59.999999999,42115252000.0,44576845946.90176,-5.522135248944964
40002,2026-02-28 23:59:59.999999999,41104667000.0,43703222598.32699,-5.945913870494447
40002,2026-03-31 23:59:59.999999999,40207254000.0,42921702820.482285,-6.3241883199166695
40002,2026-04-30 23:59:59.999999999,39211560000.0,42046179681.30108,-6.741679607485719
40002,2026-05-31 23:59:59.999999999,38301217000.0,41239499198.6579,-7.124922677900806
40002,2026-06-30 23:59:59.999999999,37316760000.0,40358956141.18289,-7.537847556167559
40002,2026-07-31 23:59:59.999999999,36396660000.0,39529371457.33661,-7.925025503422672
40002,2026-08-31 23:59:59.999999999,35420670000.0,38641273310.7674,-8.33461486857883
40002,2026-09-30 23:59:59.999999999,34493215000.0,37790340291.19779,-8.724784020973122
40002,2026-10-31 23:59:59.999999999,33523616000.0,36892585647.44623,-9.131834606662855
40002,2026-11-30 23:59:59.999999999,32590615000.0,36021370395.252304,-9.524223619500289
40002,2026-12-31 23:59:59.999999999,31625828000.0,35112241246.45396,-9.929337378331141
40002,2027-01-31 23:59:59.999999999,30688645000.0,34221460788.469337,-10.323392359860025
40002,2027-02-28 23:59:59.999999999,29727492000.0,33299550199.223404,-10.727046106787082
40002,2027-03-31 23:59:59.999999999,28787155000.0,32389649450.639145,-11.12236337145062
40002,2027-04-30 23:59:59.999999999,27828742000.0,31453763524.90579,-11.524920946377105
40002,2027-05-31 23:59:59.999999999,26886023000.0,30524963200.84797,-11.921193840282438
40002,2024-12-31 23:59:59.999999999,-49820348.0,-50063056.60594152,-0.48480580770754284
40002,2025-01-31 23:59:59.999999999,-99640696.0,-100318580.93012999,-0.6757321762776172
40002,2025-02-28 23:59:59.999999999,-149461040.0,-151242254.04609725,-1.1777224938437847
40002,2025-03-31 23:59:59.999999999,-199281390.0,-202240285.34963745,-1.4630583340614107
40002,2025-04-30 23:59:59.999999999,-249101730.0,-254117187.13849968,-1.9736796219793418
40002,2025-05-31 23:59:59.999999999,-298922080.0,-305955353.37685347,-2.2987907546727557
40002,2025-06-30 23:59:59.999999999,-348742430.0,-358713762.37605464,-2.779745697518369
40002,2025-07-31 23:59:59.999999999,-398562780.0,-411377797.0561316,-3.115144557590944
40002,2025-08-31 23:59:59.999999999,-448383100.0,-464979215.1772766,-3.56921570589972
40002,2025-09-30 23:59:59.999999999,-498203460.0,-518513630.2574591,-3.9169991051873474
40002,2025-10-31 23:59:59.999999999,-548023800.0,-572990826.7266182,-4.357315608218328
40002,2025-11-30 23:59:59.999999999,-597844160.0,-627453347.1615763,-4.718946403827466
40002,2025-12-31 23:59:59.999999999,-647664500.0,-682833729.3555807,-5.150480394220036
40002,2026-01-31 23:59:59.999999999,-697484860.0,-738252145.9792106,-5.522135248944964
40002,2026-02-28 23:59:59.999999999,-747305200.0,-794548378.2289009,-5.945913870494448
40002,2026-03-31 23:59:59.999999999,-797125570.0,-850940657.682584,-6.324188319916667
40002,2026-04-30 23:59:59.999999999,-846945900.0,-908171964.1049671,-6.741679607485722
40002,2026-05-31 23:59:59.999999999,-896766200.0,-965561735.0281533,-7.124922677900797
40002,2026-06-30 23:59:59.999999999,-946586560.0,-1023755704.3407773,-7.537847556167561
40002,2026-07-31 23:59:59.999999999,-996406900.0,-1082169088.2325892,-7.925025503422667
40002,2026-08-31 23:59:59.999999999,-1046227260.0,-1141354790.033357,-8.334614868578836
40002,2026-09-30 23:59:59.999999999,-1096047600.0,-1200816239.3741677,-8.724784020973116
40002,2026-10-31 23:59:59.999999999,-1145868000.0,-1261022523.1685157,-9.131834606662858
40002,2026-11-30 23:59:59.999999999,-1195688300.0,-1321556296.9821692,-9.52422361950029
40002,2026-12-31 23:59:59.999999999,-1245508600.0,-1382812751.3967686,-9.929337378331137
40002,2027-01-31 23:59:59.999999999,-1295329000.0,-1444444719.851557,-10.323392359860014
40002,2027-02-28 23:59:59.999999999,-1345149300.0,-1506782573.3749654,-10.727046106787082
40002,2027-03-31 23:59:59.999999999,-1394969700.0,-1569539628.770806,-11.122363371450614
40002,2027-04-30 23:59:59.999999999,-1444790000.0,-1632990929.7106626,-11.524920946377119
40002,2027-05-31 23:59:59.999999999,-1494610400.0,-1696901328.6689541,-11.921193840282433
40002,2024-12-31 23:59:59.999999999,226134130.0,227235780.2598895,-0.48480580770755105
40002,2025-01-31 23:59:59.999999999,369963200.0,372480168.347779,-0.6757321762776164
40002,2025-02-28 23:59:59.999999999,445786530.0,451099225.0428851,-1.1777224938438005
40002,2025-03-31 23:59:59.999999999,447152600.0,453791847.4433107,-1.463058334061428
40002,2025-04-30 23:59:59.999999999,420435620.0,428900742.5543125,-1.9736796219793376
40002,2025-05-31 23:59:59.999999999,392821800.0,402064411.51984763,-2.2987907546727437
40002,2025-06-30 23:59:59.999999999,379097200.0,389936457.9118605,-2.7797456975183836
40002,2025-07-31 23:59:59.999999999,378839840.0,391020700.05687577,-3.1151445575909418
40002,2025-08-31 23:59:59.999999999,386180100.0,400473872.3499388,-3.569215705899719
40002,2025-09-30 23:59:59.999999999,394998000.0,411100831.9072237,-3.916999105187349
40002,2025-10-31 23:59:59.999999999,401947300.0,420259320.98842084,-4.357315608218332
40002,2025-11-30 23:59:59.999999999,406349400.0,426474511.62979496,-4.7189464038274656
40002,2025-12-31 23:59:59.999999999,409041440.0,431253043.45249814,-5.150480394220038
40002,2026-01-31 23:59:59.999999999,411156130.0,435187786.1373964,-5.522135248944965
40002,2026-02-28 23:59:59.999999999,413457020.0,439594961.8081453,-5.945913870494449
40002,2026-03-31 23:59:59.999999999,416201820.0,444300205.7152068,-6.32418831991666
40002,2026-04-30 23:59:59.999999999,419308100.0,449620038.44287264,-6.741679607485731
40002,2026-05-31 23:59:59.999999999,422578080.0,454996208.00794697,-7.1249226779008135
40002,2026-06-30 23:59:59.999999999,425850600.0,460567465.4380229,-7.537847556167566
40002,2026-07-31 23:59:59.999999999,429052580.0,465981748.4021666,-7.925025503422679
40002,2026-08-31 23:59:59.999999999,432182800.0,471478719.4537799,-8.334614868578845
40002,2026-09-30 23:59:59.999999999,435272640.0,476879331.7344946,-8.724784020973129
40002,2026-10-31 23:59:59.999999999,438354100.0,482406693.37002164,-9.131834606662864
40002,2026-11-30 23:59:59.999999999,441445220.0,487915366.5877189,-9.52422361950028
40002,2026-12-31 23:59:59.999999999,444549700.0,493556595.52242696,-9.929337378331136
40002,2027-01-31 23:59:59.999999999,447663300.0,499197402.51149094,-10.323392359860023
40002,2027-02-28 23:59:59.999999999,450780030.0,504945800.87404394,-10.727046106787073
40002,2027-03-31 23:59:59.999999999,453895840.0,510697468.1347445,-11.12236337145062
40002,2027-04-30 23:59:59.999999999,457009300.0,516540156.71804744,-11.524920946377119
40002,2027-05-31 23:59:59.999999999,460120900.0,522396835.3585998,-11.921193840282438
40002,2024-12-31 23:59:59.999999999,8251281400.0,7295022206.782212,13.108379578731777
40002,2025-01-31 23:59:59.999999999,9702142000.0,8166483556.347197,18.80440198106137
40002,2025-02-28 23:59:59.999999999,8266922500.0,6823709533.900621,21.149976489025583
40002,2025-03-31 23:59:59.999999999,12890263000.0,9964106226.095686,29.366972164957467
40002,2025-04-30 23:59:59.999999999,14921129000.0,11084805896.61274,34.608842943831355
40002,2025-05-31 23:59:59.999999999,15515031000.0,11235174233.094679,38.09336825679519
40002,2025-06-30 23:59:59.999999999,17566994000.0,12300004829.282856,42.82103686803375
40002,2025-07-31 23:59:59.999999999,18651503000.0,12746438192.146189,46.327172429175235
40002,2025-08-31 23:59:59.999999999,19123761000.0,12834792333.86864,48.99938117063207
40002,2025-09-30 23:59:59.999999999,19921265000.0,13121568874.314875,51.82075276833208
40002,2025-10-31 23:59:59.999999999,20371730000.0,13218128602.584171,54.119626495518325
40002,2025-11-30 23:59:59.999999999,20586435000.0,13194153339.242817,56.026946410957876
40002,2025-12-31 23:59:59.999999999,20867420000.0,13218286417.943687,57.8678166004384
40002,2026-01-31 23:59:59.999999999,21029808000.0,13187650326.86209,59.46592157637151
40002,2026-02-28 23:59:59.999999999,21108247000.0,13121389031.371271,60.86899395737259
40002,2026-03-31 23:59:59.999999999,21199057000.0,13070762762.306686,62.18683853044593
40002,2026-04-30 23:59:59.999999999,21251486000.0,13007621062.813282,63.37718936750559
40002,2026-05-31 23:59:59.999999999,21275998000.0,12936911054.184563,64.45964665667299
40002,2026-06-30 23:59:59.999999999,21302866000.0,12873905512.983294,65.4732194400225
40002,2026-07-31 23:59:59.999999999,21318056000.0,12810510522.017653,66.41066645517583
40002,2026-08-31 23:59:59.999999999,21324554000.0,12747705313.796877,67.28151235909397
40002,2026-09-30 23:59:59.999999999,21331704000.0,12689806068.054317,68.10110173157841
40002,2026-10-31 23:59:59.999999999,21335554000.0,12634260001.82988,68.87062673167934
40002,2026-11-30 23:59:59.999999999,21336881000.0,12581037561.95293,69.59556035764602
40002,2026-12-31 23:59:59.999999999,21338507000.0,12531200716.944252,70.28302192260647
40002,2027-01-31 23:59:59.999999999,21339290000.0,12483816566.514868,70.93562282257511
40002,2027-02-28 23:59:59.999999999,21339396000.0,12438667266.082693,71.55693322698238
40002,2027-03-31 23:59:59.999999999,21339662000.0,12395903541.866577,72.15092279418197
40002,2027-04-30 23:59:59.999999999,21339742000.0,12355110590.053577,72.71996112426106
40002,2027-05-31 23:59:59.999999999,21339662000.0,12316087836.286081,73.26656499743656
40002,2024-12-31 23:59:59.999999999,101921320000.0,90109430657.21779,13.10837957873178
40002,2025-01-31 23:59:59.999999999,106018636000.0,89237969307.6528,18.804401981061368
40002,2025-02-28 23:59:59.999999999,109738550000.0,90580743330.09938,21.149976489025573
40002,2025-03-31 23:59:59.999999999,113118930000.0,87440346637.90431,29.366972164957474
40002,2025-04-30 23:59:59.999999999,116193880000.0,86319646967.38725,34.60884294383136
40002,2025-05-31 23:59:59.999999999,118994060000.0,86169278630.90533,38.09336825679516
40002,2025-06-30 23:59:59.999999999,121547055000.0,85104448034.71715,42.821036868033744
40002,2025-07-31 23:59:59.999999999,123877680000.0,84658014671.8538,46.32717242917525
40002,2025-08-31 23:59:59.999999999,126008270000.0,84569660530.13138,48.99938117063203
40002,2025-09-30 23:59:59.999999999,127958910000.0,84282883989.68512,51.8207527683321
40002,2025-10-31 23:59:59.999999999,129747650000.0,84186324261.41583,54.11962649551831
40002,2025-11-30 23:59:59.999999999,131390760000.0,84210299524.75719,56.02694641095787
40002,2025-12-31 23:59:59.999999999,132902860000.0,84186166446.05632,57.867816600438395
40002,2026-01-31 23:59:59.999999999,134297100000.0,84216802537.13791,59.465921576371514
40002,2026-02-28 23:59:59.999999999,135585320000.0,84283063832.62872,60.86899395737261
40002,2026-03-31 23:59:59.999999999,136778146000.0,84333690101.69331,62.18683853044593
40002,2026-04-30 23:59:59.999999999,137885170000.0,84396831801.18672,63.37718936750558
40002,2026-05-31 23:59:59.999999999,138915020000.0,84467541809.81544,64.45964665667299
40002,2026-06-30 23:59:59.999999999,139875420000.0,84530547351.01671,65.47321944002249
40002,2026-07-31 23:59:59.999999999,140773340000.0,84593942341.98235,66.41066645517584
40002,2026-08-31 23:59:59.999999999,141615090000.0,84656747550.20312,67.28151235909394
40002,2026-09-30 23:59:59.999999999,142406250000.0,84714646795.94568,68.10110173157844
40002,2026-10-31 23:59:59.999999999,143151960000.0,84770192862.17012,68.87062673167935
40002,2026-11-30 23:59:59.999999999,143856750000.0,84823415302.04707,69.59556035764602
40002,2026-12-31 23:59:59.999999999,144524740000.0,84873252147.05574,70.28302192260648
40002,2027-01-31 23:59:59.999999999,145159620000.0,84920636297.48514,70.9356228225751
40002,2027-02-28 23:59:59.999999999,145764700000.0,84965785597.91731,71.55693322698237
40002,2027-03-31 23:59:59.999999999,146343000000.0,85008549322.13342,72.15092279418197
40002,2027-04-30 23:59:59.999999999,146897190000.0,85049342273.94643,72.71996112426106
40002,2027-05-31 23:59:59.999999999,147429690000.0,85088365027.71391,73.26656499743656
40002,2024-12-31 23:59:59.999999999,0.0,,
40002,2025-01-31 23:59:59.999999999,0.0,,
40002,2025-02-28 23:59:59.999999999,0.0,,
40002,2025-03-31 23:59:59.999999999,0.0,,
40002,2025-04-30 23:59:59.999999999,0.0,,
40002,2025-05-31 23:59:59.999999999,0.0,,
40002,2025-06-30 23:59:59.999999999,0.0,,
40002,2025-07-31 23:59:59.999999999,0.0,,
40002,2025-08-31 23:59:59.999999999,0.0,,
40002,2025-09-30 23:59:59.999999999,0.0,,
40002,2025-10-31 23:59:59.999999999,0.0,,
40002,2025-11-30 23:59:59.999999999,0.0,,
40002,2025-12-31 23:59:59.999999999,0.0,,
40002,2026-01-31 23:59:59.999999999,0.0,,
40002,2026-02-28 23:59:59.999999999,0.0,,
40002,2026-03-31 23:59:59.999999999,0.0,,
40002,2026-04-30 23:59:59.999999999,0.0,,
40002,2026-05-31 23:59:59.999999999,0.0,,
40002,2026-06-30 23:59:59.999999999,0.0,,
40002,2026-07-31 23:59:59.999999999,0.0,,
40002,2026-08-31 23:59:59.999999999,0.0,,
40002,2026-09-30 23:59:59.999999999,0.0,,
40002,2026-10-31 23:59:59.999999999,0.0,,
40002,2026-11-30 23:59:59.999999999,0.0,,
40002,2026-12-31 23:59:59.999999999,0.0,,
40002,2027-01-31 23:59:59.999999999,0.0,,
40002,2027-02-28 23:59:59.999999999,0.0,,
40002,2027-03-31 23:59:59.999999999,0.0,,
40002,2027-04-30 23:59:59.999999999,0.0,,
40002,2027-05-31 23:59:59.999999999,0.0,,
40002,2024-12-31 23:59:59.999999999,8299222000.0,6404434230.004099,29.585560846561904
40002,2025-01-31 23:59:59.999999999,9292315000.0,6909491677.09899,34.48622645857876
40002,2025-02-28 23:59:59.999999999,9049027000.0,6644473435.110612,36.18876873197039
40002,2025-03-31 23:59:59.999999999,9492951000.0,6839651239.688479,38.792910739588656
40002,2025-04-30 23:59:59.999999999,9149549000.0,6527917210.078694,40.16030304234973
40002,2025-05-31 23:59:59.999999999,9491254000.0,6662941780.335788,42.448404697326886
40002,2025-06-30 23:59:59.999999999,9180484000.0,6408693474.974752,43.2504709399628
40002,2025-07-31 23:59:59.999999999,9471863000.0,6530910455.398412,45.03127624679978
40002,2025-08-31 23:59:59.999999999,9201525000.0,6314930203.845813,45.710632405663674
40002,2025-09-30 23:59:59.999999999,9453247000.0,6423483596.930267,47.166990393151046
40002,2025-10-31 23:59:59.999999999,9219149000.0,6236822126.797878,47.81804920149798
40002,2025-11-30 23:59:59.999999999,9436951000.0,6335388699.077276,48.95614107109883
40002,2025-12-31 23:59:59.999999999,9234341000.0,6176074490.123526,49.51796450588644
40002,2026-01-31 23:59:59.999999999,9422828000.0,6255065048.974646,50.64315792438683
40002,2026-02-28 23:59:59.999999999,9247483000.0,6119690342.525001,51.110307260815816
40002,2026-03-31 23:59:59.999999999,9410603000.0,6188476467.008436,52.06655560813933
40002,2026-04-30 23:59:59.999999999,9258855000.0,6073182938.713396,52.45474271785214
40002,2026-05-31 23:59:59.999999999,9400024000.0,6133082971.562521,53.26751827075255
40002,2026-06-30 23:59:59.999999999,9268697000.0,6034705677.723454,53.589877998765026
40002,2026-07-31 23:59:59.999999999,9390868000.0,6086868123.51036,54.28079415303956
40002,2026-08-31 23:59:59.999999999,9277215000.0,6002792906.773792,54.54830549844921
40002,2026-09-30 23:59:59.999999999,9382945000.0,6048217204.462191,55.13571108321885
40002,2026-10-31 23:59:59.999999999,9284585000.0,5976269426.866551,55.35754513109441
40002,2026-11-30 23:59:59.999999999,9376087000.0,6015826435.614867,55.85700718510983
40002,2026-12-31 23:59:59.999999999,9290965000.0,5954188773.130406,56.04082010176658
40002,2027-01-31 23:59:59.999999999,9370153000.0,5988635939.05475,56.465563366321284
40002,2027-02-28 23:59:59.999999999,9296485000.0,5935780335.77319,56.61774611120356
40002,2027-03-31 23:59:59.999999999,9365017000.0,5965776897.462676,56.97899430303982
40002,2027-04-30 23:59:59.999999999,9301263000.0,5920416676.030026,57.10487739246458
40002,2027-05-31 23:59:59.999999999,9360572000.0,5946536754.052035,57.41216784074534
40002,2024-12-31 23:59:59.999999999,53354172000.0,41172930122.34207,29.585560846561904
40002,2025-01-31 23:59:59.999999999,53341340000.0,39663050300.86403,34.486226458578756
40002,2025-02-28 23:59:59.999999999,53352055000.0,39175076829.573814,36.18876873197039
40002,2025-03-31 23:59:59.999999999,53334176000.0,38427161344.04637,38.79291073958866
40002,2025-04-30 23:59:59.999999999,53438470000.0,38126678478.89388,40.160303042349724
40002,2025-05-31 23:59:59.999999999,53511800000.0,37565741011.77293,42.44840469732689
40002,2025-06-30 23:59:59.999999999,53404205000.0,37280299817.22157,43.25047093996282
40002,2025-07-31 23:59:59.999999999,53370606000.0,36799376623.54927,45.03127624679977
40002,2025-08-31 23:59:59.999999999,53289300000.0,36572005136.619446,45.71063240566368
40002,2025-09-30 23:59:59.999999999,53226430000.0,36167370360.57312,47.16699039315104
40002,2025-10-31 23:59:59.999999999,53211505000.0,35997975164.36224,47.81804920149797
40002,2025-11-30 23:59:59.999999999,53097054000.0,35646099466.7256,48.95614107109885
40002,2025-12-31 23:59:59.999999999,53097054000.0,35512156939.44897,49.517964505886454
40002,2026-01-31 23:59:59.999999999,53097054000.0,35246907287.12106,50.64315792438685
40002,2026-02-28 23:59:59.999999999,53097054000.0,35137943380.89373,51.11030726081579
40002,2026-03-31 23:59:59.999999999,53097054000.0,34916983550.8249,52.06655560813931
40002,2026-04-30 23:59:59.999999999,53097054000.0,34828076359.85892,52.454742717852156
40002,2026-05-31 23:59:59.999999999,53097054000.0,34643383547.3229,53.26751827075253
40002,2026-06-30 23:59:59.999999999,53097054000.0,34570672820.2668,53.58987799876503
40002,2026-07-31 23:59:59.999999999,53097054000.0,34415854870.00419,54.280794153039544
40002,2026-08-31 23:59:59.999999999,53097054000.0,34356283646.56045,54.54830549844923
40002,2026-09-30 23:59:59.999999999,53097054000.0,34226197074.326332,55.135711083218844
40002,2026-10-31 23:59:59.999999999,53097054000.0,34177325705.806847,55.3575451310944
40002,2026-11-30 23:59:59.999999999,53097054000.0,34067800458.23487,55.85700718510982
40002,2026-12-31 23:59:59.999999999,53097054000.0,34027669281.2632,56.040820101766585
40002,2027-01-31 23:59:59.999999999,53097054000.0,33935297368.71735,56.46556336632127
40002,2027-02-28 23:59:59.999999999,53097054000.0,33902323029.409073,56.61774611120357
40002,2027-03-31 23:59:59.999999999,53097054000.0,33824305247.808434,56.97899430303982
40002,2027-04-30 23:59:59.999999999,53097054000.0,33797202919.01438,57.10487739246457
40002,2027-05-31 23:59:59.999999999,53097054000.0,33731226077.59176,57.41216784074534
40002,2024-12-31 23:59:59.999999999,14346355000.0,11070951573.830866,29.585560846561908
40002,2025-01-31 23:59:59.999999999,15739419000.0,11703368470.114433,34.48622645857875
40002,2025-02-28 23:59:59.999999999,17019240000.0,12496801760.132753,36.188768731970384
40002,2025-03-31 23:59:59.999999999,18195026000.0,13109477871.055365,38.79291073958866
40002,2025-04-30 23:59:59.999999999,19275231000.0,13752275654.09583,40.160303042349724
40002,2025-05-31 23:59:59.999999999,20267626000.0,14228047368.49421,42.44840469732689
40002,2025-06-30 23:59:59.999999999,21179350000.0,14784837252.560518,43.2504709399628
40002,2025-07-31 23:59:59.999999999,22016958000.0,15180834805.958498,45.03127624679978
40002,2025-08-31 23:59:59.999999999,22786480000.0,15638172555.974922,45.71063240566369
40002,2025-09-30 23:59:59.999999999,23493446000.0,15963801100.530867,47.16699039315104
40002,2025-10-31 23:59:59.999999999,24142942000.0,16332878385.56818,47.81804920149797
40002,2025-11-30 23:59:59.999999999,24739641000.0,16608674987.217497,48.95614107109883
40002,2025-12-31 23:59:59.999999999,25287834000.0,16912906541.744976,49.51796450588645
40002,2026-01-31 23:59:59.999999999,25791463000.0,17120899335.465107,50.64315792438685
40002,2026-02-28 23:59:59.999999999,26254156000.0,17374166098.8654,51.110307260815816
40002,2026-03-31 23:59:59.999999999,26679233000.0,17544444539.63288,52.06655560813933
40002,2026-04-30 23:59:59.999999999,27069757000.0,17755930027.114983,52.454742717852135
40002,2026-05-31 23:59:59.999999999,27428534000.0,17895855939.643074,53.267518270752525
40002,2026-06-30 23:59:59.999999999,27758148000.0,18072901642.79133,53.589877998765026
40002,2026-07-31 23:59:59.999999999,28060965000.0,18188242430.33439,54.280794153039565
40002,2026-08-31 23:59:59.999999999,28339167000.0,18336769944.258213,54.548305498449224
40002,2026-09-30 23:59:59.999999999,28594756000.0,18432091092.592487,55.135711083218865
40002,2026-10-31 23:59:59.999999999,28829567000.0,18556914600.87949,55.3575451310944
40002,2026-11-30 23:59:59.999999999,29045289000.0,18635856984.924137,55.85700718510981
40002,2026-12-31 23:59:59.999999999,29243476000.0,18740914043.471455,56.04082010176658
40002,2027-01-31 23:59:59.999999999,29425551000.0,18806407446.415623,56.465563366321284
40002,2027-02-28 23:59:59.999999999,29592828000.0,18894939199.921925,56.61774611120357
40002,2027-03-31 23:59:59.999999999,29746504000.0,18949352945.00353,56.97899430303983
40002,2027-04-30 23:59:59.999999999,29887689000.0,19024036172.560955,57.10487739246458
40002,2027-05-31 23:59:59.999999999,30017397000.0,19069298865.36392,57.412167840745354
40002,2024-12-31 23:59:59.999999999,3709482000.0,2862573545.8229628,29.585560846561904
40002,2025-01-31 23:59:59.999999999,4350601000.0,3234979023.9225492,34.48622645857875
40002,2025-02-28 23:59:59.999999999,4350601000.0,3194537447.182819,36.18876873197039
40002,2025-03-31 23:59:59.999999999,4350601000.0,3134599017.2097845,38.79291073958867
40002,2025-04-30 23:59:59.999999999,4350601000.0,3104018128.9315968,40.16030304234973
40002,2025-05-31 23:59:59.999999999,4350601000.0,3054159311.3970766,42.4484046973269
40002,2025-06-30 23:59:59.999999999,4350601000.0,3037058927.2431536,43.25047093996281
40002,2025-07-31 23:59:59.999999999,4350601000.0,2999767587.093821,45.03127624679979
40002,2025-08-31 23:59:59.999999999,4350601000.0,2985781575.5598183,45.710632405663674
40002,2025-09-30 23:59:59.999999999,4350601000.0,2956234413.9657497,47.16699039315104
40002,2025-10-31 23:59:59.999999999,4350601000.0,2943213795.271702,47.81804920149798
40002,2025-11-30 23:59:59.999999999,4350601000.0,2920726318.9796233,48.95614107109884
40002,2025-12-31 23:59:59.999999999,4350601000.0,2909751500.682528,49.51796450588643
40002,2026-01-31 23:59:59.999999999,4350601000.0,2888017800.439182,50.64315792438685
40002,2026-02-28 23:59:59.999999999,4350601000.0,2879089649.7158723,51.1103072608158
40002,2026-03-31 23:59:59.999999999,4350601000.0,2860984914.5337877,52.06655560813934
40002,2026-04-30 23:59:59.999999999,4350601000.0,2853700146.312702,52.454742717852135
40002,2026-05-31 23:59:59.999999999,4350601000.0,2838567013.471509,53.26751827075255
40002,2026-06-30 23:59:59.999999999,4350601000.0,2832609331.2184167,53.589877998765026
40002,2026-07-31 23:59:59.999999999,4350601000.0,2819924048.151062,54.28079415303956
40002,2026-08-31 23:59:59.999999999,4350601000.0,2815042974.407542,54.548305498449224
40002,2026-09-30 23:59:59.999999999,4350601000.0,2804384100.618989,55.135711083218844
40002,2026-10-31 23:59:59.999999999,4350601000.0,2800379738.447115,55.3575451310944
40002,2026-11-30 23:59:59.999999999,4350601000.0,2791405593.2261257,55.85700718510982
40002,2026-12-31 23:59:59.999999999,4350601000.0,2788117374.13494,56.04082010176658
40002,2027-01-31 23:59:59.999999999,4350601000.0,2780548717.812276,56.46556336632127
40002,2027-02-28 23:59:59.999999999,4350601000.0,2777846906.8958097,56.61774611120355
40002,2027-03-31 23:59:59.999999999,4350601000.0,2771454381.72536,56.97899430303981
40002,2027-04-30 23:59:59.999999999,4350601000.0,2769233704.3946376,57.10487739246457
40002,2027-05-31 23:59:59.999999999,4350601000.0,2763827774.992289,57.412167840745354
40002,2024-12-31 23:59:59.999999999,0.0,,
40002,2025-01-31 23:59:59.999999999,0.0,,
40002,2025-02-28 23:59:59.999999999,0.0,,
40002,2025-03-31 23:59:59.999999999,0.0,,
40002,2025-04-30 23:59:59.999999999,0.0,,
40002,2025-05-31 23:59:59.999999999,0.0,,
40002,2025-06-30 23:59:59.999999999,0.0,,
40002,2025-07-31 23:59:59.999999999,0.0,,
40002,2025-08-31 23:59:59.999999999,0.0,,
40002,2025-09-30 23:59:59.999999999,0.0,,
40002,2025-10-31 23:59:59.999999999,0.0,,
40002,2025-11-30 23:59:59.999999999,0.0,,
40002,2025-12-31 23:59:59.999999999,0.0,,
40002,2026-01-31 23:59:59.999999999,0.0,,
40002,2026-02-28 23:59:59.999999999,0.0,,
40002,2026-03-31 23:59:59.999999999,0.0,,
40002,2026-04-30 23:59:59.999999999,0.0,,
40002,2026-05-31 23:59:59.999999999,0.0,,
40002,2026-06-30 23:59:59.999999999,0.0,,
40002,2026-07-31 23:59:59.999999999,0.0,,
40002,2026-08-31 23:59:59.999999999,0.0,,
40002,2026-09-30 23:59:59.999999999,0.0,,
40002,2026-10-31 23:59:59.999999999,0.0,,
40002,2026-11-30 23:59:59.999999999,0.0,,
40002,2026-12-31 23:59:59.999999999,0.0,,
40002,2027-01-31 23:59:59.999999999,0.0,,
40002,2027-02-28 23:59:59.999999999,0.0,,
40002,2027-03-31 23:59:59.999999999,0.0,,
40002,2027-04-30 23:59:59.999999999,0.0,,
40002,2027-05-31 23:59:59.999999999,0.0,,
40002,2024-12-31 23:59:59.999999999,145192630000.0,145192632320.0,0.0
40002,2025-01-31 23:59:59.999999999,145131030000.0,145131028480.0,0.0
40002,2025-02-28 23:59:59.999999999,145371400000.0,145371398144.0,0.0
40002,2025-03-31 23:59:59.999999999,145223930000.0,145223925760.0,0.0
40002,2025-04-30 23:59:59.999999999,145633350000.0,145633345536.0,0.0
40002,2025-05-31 23:59:59.999999999,145827550000.0,145827545088.0,0.0
40002,2025-06-30 23:59:59.999999999,145758370000.0,145758371840.0,0.0
40002,2025-07-31 23:59:59.999999999,146014550000.0,146014552064.0,0.0
40002,2025-08-31 23:59:59.999999999,146073040000.0,146073042944.0,0.0
40002,2025-09-30 23:59:59.999999999,146455200000.0,146455199744.0,0.0
40002,2025-10-31 23:59:59.999999999,147780450000.0,147780452352.0,0.0
40002,2025-11-30 23:59:59.999999999,147285250000.0,147285245952.0,0.0
40002,2025-12-31 23:59:59.999999999,147259650000.0,147259654144.0,0.0
40002,2026-01-31 23:59:59.999999999,147252670000.0,147252674560.0,0.0
40002,2026-02-28 23:59:59.999999999,147279920000.0,147279921152.0,0.0
40002,2026-03-31 23:59:59.999999999,147263210000.0,147263209472.0,0.0
40002,2026-04-30 23:59:59.999999999,147309630000.0,147309625344.0,0.0
40002,2026-05-31 23:59:59.999999999,147331650000.0,147331645440.0,0.0
40002,2026-06-30 23:59:59.999999999,147323800000.0,147323797504.0,0.0
40002,2026-07-31 23:59:59.999999999,147352850000.0,147352846336.0,0.0
40002,2026-08-31 23:59:59.999999999,147359470000.0,147359465472.0,0.0
40002,2026-09-30 23:59:59.999999999,147402800000.0,147402801152.0,0.0
40002,2026-10-31 23:59:59.999999999,147553040000.0,147553042432.0,0.0
40002,2026-11-30 23:59:59.999999999,147496910000.0,147496910848.0,0.0
40002,2026-12-31 23:59:59.999999999,147494010000.0,147494010880.0,0.0
40002,2027-01-31 23:59:59.999999999,147493200000.0,147493208064.0,0.0
40002,2027-02-28 23:59:59.999999999,147496300000.0,147496304640.0,0.0
40002,2027-03-31 23:59:59.999999999,147494400000.0,147494404096.0,0.0
40002,2027-04-30 23:59:59.999999999,147499660000.0,147499663360.0,0.0
40002,2027-05-31 23:59:59.999999999,147502170000.0,147502170112.0,0.0
40002,2024-12-31 23:59:59.999999999,42962370000.0,43171112160.031906,-0.4835214790346783
40002,2025-01-31 23:59:59.999999999,42962370000.0,43268045273.518265,-0.7064675826835876
40002,2025-02-28 23:59:59.999999999,42962370000.0,43295412708.15822,-0.7692319516692417
40002,2025-03-31 23:59:59.999999999,42962370000.0,43329737875.56051,-0.8478410753731257
40002,2025-04-30 23:59:59.999999999,42962370000.0,43343484249.351295,-0.8792871545784864
40002,2025-05-31 23:59:59.999999999,42962370000.0,43361198380.81437,-0.9197804389807521
40002,2025-06-30 23:59:59.999999999,42962370000.0,43365869974.93543,-0.9304538688342853
40002,2025-07-31 23:59:59.999999999,42962370000.0,43326388469.43465,-0.8401759811839599
40002,2025-08-31 23:59:59.999999999,42962370000.0,43295049615.94309,-0.7683997567716973
40002,2025-09-30 23:59:59.999999999,42962370000.0,43225708652.32781,-0.6092163680782844
40002,2025-10-31 23:59:59.999999999,42962370000.0,43189454042.08411,-0.5257845627380118
40002,2025-11-30 23:59:59.999999999,42962370000.0,43206984781.26549,-0.5661450862721441
40002,2025-12-31 23:59:59.999999999,42962370000.0,43199574412.699715,-0.5490884017366199
40002,2026-01-31 23:59:59.999999999,42962370000.0,43159009595.65553,-0.455615264339446
40002,2026-02-28 23:59:59.999999999,42962370000.0,43097058654.10379,-0.31252270644452673
40002,2026-03-31 23:59:59.999999999,42962370000.0,43034339474.235664,-0.1672360145756428
40002,2026-04-30 23:59:59.999999999,42962370000.0,42963740478.45859,-0.0031885456045767343
40002,2026-05-31 23:59:59.999999999,42962370000.0,42891952332.03161,0.16417585150537262
40002,2026-06-30 23:59:59.999999999,42962370000.0,42814649938.64933,0.3450235411531897
40002,2026-07-31 23:59:59.999999999,42962370000.0,42723774426.94759,0.5584622057687726
40002,2026-08-31 23:59:59.999999999,42962370000.0,42633304190.90634,0.7718528397896218
40002,2026-09-30 23:59:59.999999999,42962370000.0,42531189722.7746,1.0137991437246678
40002,2026-10-31 23:59:59.999999999,42962370000.0,42436333857.21332,1.2395903580093701
40002,2026-11-30 23:59:59.999999999,42962370000.0,42354272717.74313,1.4357414334779048
40002,2026-12-31 23:59:59.999999999,42962370000.0,42264344133.81657,1.6515728340024762
40002,2027-01-31 23:59:59.999999999,42962370000.0,42164547270.413,1.8921661472381872
40002,2027-02-28 23:59:59.999999999,42962370000.0,42058100273.58372,2.150050241295007
40002,2027-03-31 23:59:59.999999999,42962370000.0,41950501584.17991,2.412054534770284
40002,2027-04-30 23:59:59.999999999,42962370000.0,41839983963.80077,2.682569374716529
40002,2027-05-31 23:59:59.999999999,42962370000.0,41728379082.51927,2.957199643533885
40002,2024-12-31 23:59:59.999999999,124482790000.0,125087614861.46738,-0.48352147903468434
40002,2025-01-31 23:59:59.999999999,125171350000.0,126061938280.05115,-0.7064675826835829
40002,2025-02-28 23:59:59.999999999,126076710000.0,127054047142.50908,-0.7692319516692401
40002,2025-03-31 23:59:59.999999999,126904920000.0,127990070405.29507,-0.8478410753731257
40002,2025-04-30 23:59:59.999999999,127766440000.0,128899837602.30963,-0.8792871545784811
40002,2025-05-31 23:59:59.999999999,128567760000.0,129761281831.65828,-0.9197804389807536
40002,2025-06-30 23:59:59.999999999,129378080000.0,130593192225.49634,-0.9304538688342946
40002,2025-07-31 23:59:59.999999999,130324726000.0,131428960316.90242,-0.8401759811839657
40002,2025-08-31 23:59:59.999999999,131202280000.0,132218242026.13664,-0.7683997567716931
40002,2025-09-30 23:59:59.999999999,132198650000.0,133008966345.99153,-0.609216368078295
40002,2025-10-31 23:59:59.999999999,133028725000.0,133731866244.17331,-0.5257845627380118
40002,2025-11-30 23:59:59.999999999,133607370000.0,134368084966.55614,-0.566145086272144
40002,2025-12-31 23:59:59.999999999,134256640000.0,134997897799.4048,-0.5490884017366295
40002,2026-01-31 23:59:59.999999999,135013010000.0,135630962729.36554,-0.45561526433944993
40002,2026-02-28 23:59:59.999999999,135831120000.0,136256951737.2882,-0.31252270644453195
40002,2026-03-31 23:59:59.999999999,136627790000.0,136856663453.64107,-0.16723601457564127
40002,2026-04-30 23:59:59.999999999,137434120000.0,137438502481.32985,-0.0031885456045656125
40002,2026-05-31 23:59:59.999999999,138223620000.0,137997058154.7221,0.16417585150538264
40002,2026-06-30 23:59:59.999999999,139015780000.0,138537794395.9396,0.34502354115318845
40002,2026-07-31 23:59:59.999999999,139846570000.0,139069912984.3867,0.5584622057687677
40002,2026-08-31 23:59:59.999999999,140657870000.0,139580512649.3233,0.7718528397896094
40002,2026-09-30 23:59:59.999999999,141502800000.0,140082651344.16602,1.0137991437246803
40002,2026-10-31 23:59:59.999999999,142300790000.0,140558441890.95157,1.2395903580093646
40002,2026-11-30 23:59:59.999999999,143027750000.0,141003305977.50732,1.4357414334778877
40002,2026-12-31 23:59:59.999999999,143774680000.0,141438715635.79715,1.6515728340024844
40002,2027-01-31 23:59:59.999999999,144551890000.0,141867517704.07632,1.8921661472381883
40002,2027-02-28 23:59:59.999999999,145346540000.0,142287295280.4897,2.150050241295012
40002,2027-03-31 23:59:59.999999999,146135150000.0,142693314133.6259,2.4120545347702738
40002,2027-04-30 23:59:59.999999999,146926490000.0,143088049314.2175,2.6825693747165418
40002,2027-05-31 23:59:59.999999999,147713080000.0,143470375899.32834,2.957199643533884
40002,2024-12-31 23:59:59.999999999,1575888.9,1585462.6922298654,-0.6038500481143653
40002,2025-01-31 23:59:59.999999999,-1006100.56,-1010258.9202094432,-0.4116130653497324
40002,2025-02-28 23:59:59.999999999,-3829149.8,-3859958.758088701,-0.7981693593005212
40002,2025-03-31 23:59:59.999999999,-7029348.0,-7094356.179229146,-0.9163365580583168
40002,2025-04-30 23:59:59.999999999,-10476472.0,-10581058.455318252,-0.9884309377922809
40002,2025-05-31 23:59:59.999999999,-14375334.0,-14522866.717247015,-1.0158649812010496
40002,2025-06-30 23:59:59.999999999,-18306012.0,-18502835.041345682,-1.0637453174384857
40002,2025-07-31 23:59:59.999999999,-22510544.0,-22736913.42173535,-0.9956031301898358
40002,2025-08-31 23:59:59.999999999,-26939472.0,-27195360.9682113,-0.9409287433632878
40002,2025-09-30 23:59:59.999999999,-31539488.0,-31793691.308283858,-0.7995400905764761
40002,2025-10-31 23:59:59.999999999,-36283932.0,-36552543.88912844,-0.7348651025307446
40002,2025-11-30 23:59:59.999999999,-41301264.0,-41627032.76659556,-0.7825894495583096
40002,2025-12-31 23:59:59.999999999,-46583456.0,-46942371.3318718,-0.7645871345832767
40002,2026-01-31 23:59:59.999999999,-52052290.0,-52402940.86852842,-0.6691473087515389
40002,2026-02-28 23:59:59.999999999,-57686870.0,-57991108.471093096,-0.5246260661576231
40002,2026-03-31 23:59:59.999999999,-63491140.0,-63731170.155085616,-0.3766291353218813
40002,2026-04-30 23:59:59.999999999,-69442750.0,-69588903.34985417,-0.21002105625864492
40002,2026-05-31 23:59:59.999999999,-75553930.0,-75582875.73794445,-0.038299333892533385
40002,2026-06-30 23:59:59.999999999,-81774250.0,-81655793.00773089,0.14506624442175065
40002,2026-07-31 23:59:59.999999999,-88120820.0,-87803519.27763607,0.3613713037636189
40002,2026-08-31 23:59:59.999999999,-94581784.0,-94038501.84656394,0.577723105715253
40002,2026-09-30 23:59:59.999999999,-101145370.0,-100320365.64424442,0.8223677719449327
40002,2026-10-31 23:59:59.999999999,-107802936.0,-106682111.49125671,1.0506208520583555
40002,2026-11-30 23:59:59.999999999,-114561960.0,-113147775.19451584,1.249856484630822
40002,2026-12-31 23:59:59.999999999,-121416490.0,-119658446.30206743,1.469216551161417
40002,2027-01-31 23:59:59.999999999,-128353820.0,-126191735.39192066,1.713336139933749
40002,2027-02-28 23:59:59.999999999,-135367400.0,-132746136.06467995,1.974638217750349
40002,2027-03-31 23:59:59.999999999,-142453470.0,-139332305.491484,2.240088181636225
40002,2027-04-30 23:59:59.999999999,-149605940.0,-145937124.0923388,2.5139675257269234
40002,2027-05-31 23:59:59.999999999,-156822450.0,-152562864.21647513,2.7920187559410556
40002,2024-12-31 23:59:59.999999999,-92.52756,-93.08967944717817,-0.6038500481143669
40002,2025-01-31 23:59:59.999999999,-88.86968,-89.23699343612007,-0.41161306534973385
40002,2025-02-28 23:59:59.999999999,-42.26567,-42.605736712107486,-0.798169359300529
40002,2025-03-31 23:59:59.999999999,-20.672201,-20.86337993419989,-0.9163365580583319
40002,2025-04-30 23:59:59.999999999,-32.396786,-32.720202338910006,-0.9884309377922867
40002,2025-05-31 23:59:59.999999999,-48.722702,-49.22273859049618,-1.0158649812010587
40002,2025-06-30 23:59:59.999999999,-51.234116,-51.784975856394986,-1.0637453174384792
40002,2025-07-31 23:59:59.999999999,-44.59369,-45.04212981922815,-0.9956031301898276
40002,2025-08-31 23:59:59.999999999,-40.04957,-40.42998553106897,-0.9409287433632745
40002,2025-09-30 23:59:59.999999999,-40.98455,-41.31487950105854,-0.7995400905764701
40002,2025-10-31 23:59:59.999999999,-43.651985,-43.9751431492488,-0.7348651025307464
40002,2025-11-30 23:59:59.999999999,-44.536816,-44.88810521885998,-0.7825894495583068
40002,2025-12-31 23:59:59.999999999,-43.689735,-44.02635526074726,-0.7645871345832803
40002,2026-01-31 23:59:59.999999999,-42.836945,-43.12551782196899,-0.6691473087515278
40002,2026-02-28 23:59:59.999999999,-42.819298,-43.0451237298238,-0.5246260661576231
40002,2026-03-31 23:59:59.999999999,-43.223076,-43.38648199869749,-0.3766291353218675
40002,2026-04-30 23:59:59.999999999,-43.43404,-43.52545268505058,-0.21002105625865203
40002,2026-05-31 23:59:59.999999999,-43.344425,-43.36103218791291,-0.03829933389252976
40002,2026-06-30 23:59:59.999999999,-43.197426,-43.134851732839444,0.14506624442173213
40002,2026-07-31 23:59:59.999999999,-43.16709,-43.01165957465361,0.36137130376361337
40002,2026-08-31 23:59:59.999999999,-43.22301,-42.97473603713901,0.5777231057152564
40002,2026-09-30 23:59:59.999999999,-43.265724,-42.9128229561061,0.822367771944945
40002,2026-10-31 23:59:59.999999999,-43.26008,-42.81030444484854,1.0506208520583482
40002,2026-11-30 23:59:59.999999999,-43.23658,-42.702855486597755,1.2498564846308338
40002,2026-12-31 23:59:59.999999999,-43.22753,-42.601621361006444,1.469216551161418
40002,2027-01-31 23:59:59.999999999,-43.234367,-42.506095081892795,1.7133361399337552
40002,2027-02-28 23:59:59.999999999,-43.24217,-42.40482651595882,1.9746382177503452
40002,2027-03-31 23:59:59.999999999,-43.242775,-42.29532244392755,2.2400881816362213
40002,2027-04-30 23:59:59.999999999,-43.239304,-42.17893876560367,2.5139675257269207
40002,2027-05-31 23:59:59.999999999,-43.23727,-42.062867213341534,2.7920187559410543
40002,2024-12-31 23:59:59.999999999,0.0,,
40002,2025-01-31 23:59:59.999999999,0.0,,
40002,2025-02-28 23:59:59.999999999,0.0,,
40002,2025-03-31 23:59:59.999999999,0.0,,
40002,2025-04-30 23:59:59.999999999,0.0,,
40002,2025-05-31 23:59:59.999999999,0.0,,
40002,2025-06-30 23:59:59.999999999,0.0,,
40002,2025-07-31 23:59:59.999999999,0.0,,
40002,2025-08-31 23:59:59.999999999,0.0,,
40002,2025-09-30 23:59:59.999999999,0.0,,
40002,2025-10-31 23:59:59.999999999,0.0,,
40002,2025-11-30 23:59:59.999999999,0.0,,
40002,2025-12-31 23:59:59.999999999,0.0,,
40002,2026-01-31 23:59:59.999999999,0.0,,
40002,2026-02-28 23:59:59.999999999,0.0,,
40002,2026-03-31 23:59:59.999999999,0.0,,
40002,2026-04-30 23:59:59.999999999,0.0,,
40002,2026-05-31 23:59:59.999999999,0.0,,
40002,2026-06-30 23:59:59.999999999,0.0,,
40002,2026-07-31 23:59:59.999999999,0.0,,
40002,2026-08-31 23:59:59.999999999,0.0,,
40002,2026-09-30 23:59:59.999999999,0.0,,
40002,2026-10-31 23:59:59.999999999,0.0,,
40002,2026-11-30 23:59:59.999999999,0.0,,
40002,2026-12-31 23:59:59.999999999,0.0,,
40002,2027-01-31 23:59:59.999999999,0.0,,
40002,2027-02-28 23:59:59.999999999,0.0,,
40002,2027-03-31 23:59:59.999999999,0.0,,
40002,2027-04-30 23:59:59.999999999,0.0,,
40002,2027-05-31 23:59:59.999999999,0.0,,
40002,2024-12-31 23:59:59.999999999,0.0,,
40002,2025-01-31 23:59:59.999999999,0.0,,
40002,2025-02-28 23:59:59.999999999,0.0,,
40002,2025-03-31 23:59:59.999999999,0.0,,
40002,2025-04-30 23:59:59.999999999,0.0,,
40002,2025-05-31 23:59:59.999999999,0.0,,
40002,2025-06-30 23:59:59.999999999,0.0,,
40002,2025-07-31 23:59:59.999999999,0.0,,
40002,2025-08-31 23:59:59.999999999,0.0,,
40002,2025-09-30 23:59:59.999999999,0.0,,
40002,2025-10-31 23:59:59.999999999,0.0,,
40002,2025-11-30 23:59:59.999999999,0.0,,
40002,2025-12-31 23:59:59.999999999,0.0,,
40002,2026-01-31 23:59:59.999999999,0.0,,
40002,2026-02-28 23:59:59.999999999,0.0,,
40002,2026-03-31 23:59:59.999999999,0.0,,
40002,2026-04-30 23:59:59.999999999,0.0,,
40002,2026-05-31 23:59:59.999999999,0.0,,
40002,2026-06-30 23:59:59.999999999,0.0,,
40002,2026-07-31 23:59:59.999999999,0.0,,
40002,2026-08-31 23:59:59.999999999,0.0,,
40002,2026-09-30 23:59:59.999999999,0.0,,
40002,2026-10-31 23:59:59.999999999,0.0,,
40002,2026-11-30 23:59:59.999999999,0.0,,
40002,2026-12-31 23:59:59.999999999,0.0,,
40002,2027-01-31 23:59:59.999999999,0.0,,
40002,2027-02-28 23:59:59.999999999,0.0,,
40002,2027-03-31 23:59:59.999999999,0.0,,
40002,2027-04-30 23:59:59.999999999,0.0,,
40002,2027-05-31 23:59:59.999999999,0.0,,
40002,2024-12-31 23:59:59.999999999,872999.25,877240.898165507,-0.48352147903468445
40002,2025-01-31 23:59:59.999999999,872999.25,879210.5877862315,-0.7064675826835861
40002,2025-02-28 23:59:59.999999999,872999.25,879766.6965298526,-0.769231951669239
40002,2025-03-31 23:59:59.999999999,872999.25,880464.1870316041,-0.8478410753731389
40002,2025-04-30 23:59:59.999999999,872999.25,880743.5145885603,-0.8792871545784885
40002,2025-05-31 23:59:59.999999999,872999.25,881103.4673397724,-0.9197804389807517
40002,2025-06-30 23:59:59.999999999,872999.25,881198.3945542355,-0.9304538688342866
40002,2025-07-31 23:59:59.999999999,872999.25,880396.1267966192,-0.8401759811839685
40002,2025-08-31 23:59:59.999999999,872999.25,879759.3184632479,-0.7683997567716874
40002,2025-09-30 23:59:59.999999999,872999.25,878350.3038199365,-0.6092163680782927
40002,2025-10-31 23:59:59.999999999,872999.25,877613.6068653864,-0.525784562738
40002,2025-11-30 23:59:59.999999999,872999.25,877969.8330688712,-0.5661450862721454
40002,2025-12-31 23:59:59.999999999,872999.25,877819.2537103344,-0.5490884017366224
40002,2026-01-31 23:59:59.999999999,872999.25,876994.9729643151,-0.45561526433945465
40002,2026-02-28 23:59:59.999999999,872999.25,875736.1242367772,-0.3125227064445282
40002,2026-03-31 23:59:59.999999999,872999.25,874461.6648372655,-0.16723601457562515
40002,2026-04-30 23:59:59.999999999,872999.25,873027.086866805,-0.003188545604568127
40002,2026-05-31 23:59:59.999999999,872999.25,871568.3452477383,0.16417585150536615
40002,2026-06-30 23:59:59.999999999,872999.25,869997.5536325111,0.34502354115318173
40002,2026-07-31 23:59:59.999999999,872999.25,868150.9550271527,0.558462205768776
40002,2026-08-31 23:59:59.999999999,872999.25,866312.5916598188,0.7718528397896036
40002,2026-09-30 23:59:59.999999999,872999.25,864237.6164447367,1.0137991437246747
40002,2026-10-31 23:59:59.999999999,872999.25,862310.1366894601,1.239590358009358
40002,2026-11-30 23:59:59.999999999,872999.25,860642.6469239322,1.4357414334778937
40002,2026-12-31 23:59:59.999999999,872999.25,858815.2899764886,1.6515728340024947
40002,2027-01-31 23:59:59.999999999,872999.25,856787.4086988019,1.8921661472381988
40002,2027-02-28 23:59:59.999999999,872999.25,854624.3961092861,2.1500502412950286
40002,2027-03-31 23:59:59.999999999,872999.25,852437.9810226391,2.4120545347702955
40002,2027-04-30 23:59:59.999999999,872999.25,850192.2529949449,2.6825693747165538
40002,2027-05-31 23:59:59.999999999,872999.25,847924.4317275172,2.9571996435338823
40002,2024-12-31 23:59:59.999999999,120822670000.0,120822669312.0,0.0
40002,2025-01-31 23:59:59.999999999,122633806000.0,122633805824.0,0.0
40002,2025-02-28 23:59:59.999999999,124444950000.0,124444950528.0,0.0
40002,2025-03-31 23:59:59.999999999,126256090000.0,126256087040.0,0.0
40002,2025-04-30 23:59:59.999999999,128067230000.0,128067231744.0,0.0
40002,2025-05-31 23:59:59.999999999,129878370000.0,129878368256.0,0.0
40002,2025-06-30 23:59:59.999999999,131689510000.0,131689512960.0,0.0
40002,2025-07-31 23:59:59.999999999,133500660000.0,133500657664.0,0.0
40002,2025-08-31 23:59:59.999999999,135311794000.0,135311794176.0,0.0
40002,2025-09-30 23:59:59.999999999,137122940000.0,137122938880.0,0.0
40002,2025-10-31 23:59:59.999999999,138934080000.0,138934075392.0,0.0
40002,2025-11-30 23:59:59.999999999,140745210000.0,140745211904.0,0.0
40002,2025-12-31 23:59:59.999999999,142556360000.0,142556364800.0,0.0
40002,2026-01-31 23:59:59.999999999,144367500000.0,144367501312.0,0.0
40002,2026-02-28 23:59:59.999999999,146178640000.0,146178637824.0,0.0
40002,2026-03-31 23:59:59.999999999,147989790000.0,147989790720.0,0.0
40002,2026-04-30 23:59:59.999999999,149800930000.0,149800927232.0,0.0
40002,2026-05-31 23:59:59.999999999,151612060000.0,151612063744.0,0.0
40002,2026-06-30 23:59:59.999999999,153423200000.0,153423200256.0,0.0
40002,2026-07-31 23:59:59.999999999,155234350000.0,155234353152.0,0.0
40002,2026-08-31 23:59:59.999999999,157045490000.0,157045489664.0,0.0
40002,2026-09-30 23:59:59.999999999,158856630000.0,158856626176.0,0.0
40002,2026-10-31 23:59:59.999999999,160667760000.0,160667762688.0,0.0
40002,2026-11-30 23:59:59.999999999,162478920000.0,162478915584.0,0.0
40002,2026-12-31 23:59:59.999999999,164290050000.0,164290052096.0,0.0
40002,2027-01-31 23:59:59.999999999,166101190000.0,166101188608.0,0.0
40002,2027-02-28 23:59:59.999999999,167912340000.0,167912341504.0,0.0
40002,2027-03-31 23:59:59.999999999,169723480000.0,169723478016.0,0.0
40002,2027-04-30 23:59:59.999999999,171534610000.0,171534614528.0,0.0
40002,2027-05-31 23:59:59.999999999,173345750000.0,173345751040.0,0.0
40002,2024-12-31 23:59:59.999999999,0.0,,
40002,2025-01-31 23:59:59.999999999,0.0,,
40002,2025-02-28 23:59:59.999999999,0.0,,
40002,2025-03-31 23:59:59.999999999,0.0,,
40002,2025-04-30 23:59:59.999999999,0.0,,
40002,2025-05-31 23:59:59.999999999,0.0,,
40002,2025-06-30 23:59:59.999999999,0.0,,
40002,2025-07-31 23:59:59.999999999,0.0,,
40002,2025-08-31 23:59:59.999999999,0.0,,
40002,2025-09-30 23:59:59.999999999,0.0,,
40002,2025-10-31 23:59:59.999999999,0.0,,
40002,2025-11-30 23:59:59.999999999,0.0,,
40002,2025-12-31 23:59:59.999999999,0.0,,
40002,2026-01-31 23:59:59.999999999,0.0,,
40002,2026-02-28 23:59:59.999999999,0.0,,
40002,2026-03-31 23:59:59.999999999,0.0,,
40002,2026-04-30 23:59:59.999999999,0.0,,
40002,2026-05-31 23:59:59.999999999,0.0,,
40002,2026-06-30 23:59:59.999999999,0.0,,
40002,2026-07-31 23:59:59.999999999,0.0,,
40002,2026-08-31 23:59:59.999999999,0.0,,
40002,2026-09-30 23:59:59.999999999,0.0,,
40002,2026-10-31 23:59:59.999999999,0.0,,
40002,2026-11-30 23:59:59.999999999,0.0,,
40002,2026-12-31 23:59:59.999999999,0.0,,
40002,2027-01-31 23:59:59.999999999,0.0,,
40002,2027-02-28 23:59:59.999999999,0.0,,
40002,2027-03-31 23:59:59.999999999,0.0,,
40002,2027-04-30 23:59:59.999999999,0.0,,
40002,2027-05-31 23:59:59.999999999,0.0,,
40002,2024-12-31 23:59:59.999999999,33481802000.0,33481801728.0,0.0
40002,2025-01-31 23:59:59.999999999,32544567000.0,32544567296.0,0.0
40002,2025-02-28 23:59:59.999999999,32229194000.0,32229193728.0,0.0
40002,2025-03-31 23:59:59.999999999,31107285000.0,31107284992.0,0.0
40002,2025-04-30 23:59:59.999999999,30758334000.0,30758334464.0,0.0
40002,2025-05-31 23:59:59.999999999,29797474000.0,29797474304.0,0.0
40002,2025-06-30 23:59:59.999999999,29529790000.0,29529790464.0,0.0
40002,2025-07-31 23:59:59.999999999,28450718000.0,28450717696.0,0.0
40002,2025-08-31 23:59:59.999999999,27999400000.0,27999399936.0,0.0
40002,2025-09-30 23:59:59.999999999,27200662000.0,27200661504.0,0.0
40002,2025-10-31 23:59:59.999999999,26731150000.0,26731149312.0,0.0
40002,2025-11-30 23:59:59.999999999,25865327000.0,25865326592.0,0.0
40002,2025-12-31 23:59:59.999999999,25582280000.0,25582280704.0,0.0
40002,2026-01-31 23:59:59.999999999,24792564000.0,24792563712.0,0.0
40002,2026-02-28 23:59:59.999999999,24341602000.0,24341602304.0,0.0
40002,2026-03-31 23:59:59.999999999,23457480000.0,23457480704.0,0.0
40002,2026-04-30 23:59:59.999999999,22987821000.0,22987821056.0,0.0
40002,2026-05-31 23:59:59.999999999,22188413000.0,22188412928.0,0.0
40002,2026-06-30 23:59:59.999999999,21759867000.0,21759866880.0,0.0
40002,2026-07-31 23:59:59.999999999,20900086000.0,20900085760.0,0.0
40002,2026-08-31 23:59:59.999999999,20375368000.0,20375367680.0,0.0
40002,2026-09-30 23:59:59.999999999,19661860000.0,19661860864.0,0.0
40002,2026-10-31 23:59:59.999999999,19126966000.0,19126966272.0,0.0
40002,2026-11-30 23:59:59.999999999,18379321000.0,18379321344.0,0.0
40002,2026-12-31 23:59:59.999999999,17940572000.0,17940572160.0,0.0
40002,2027-01-31 23:59:59.999999999,17232982000.0,17232982016.0,0.0
40002,2027-02-28 23:59:59.999999999,16706586000.0,16706585600.0,0.0
40002,2027-03-31 23:59:59.999999999,15950475000.0,15950475264.0,0.0
40002,2027-04-30 23:59:59.999999999,15413948000.0,15413948416.0,0.0
40002,2027-05-31 23:59:59.999999999,14702188000.0,14702187520.0,0.0
40002,2024-12-31 23:59:59.999999999,0.0,,
40002,2025-01-31 23:59:59.999999999,0.0,,
40002,2025-02-28 23:59:59.999999999,0.0,,
40002,2025-03-31 23:59:59.999999999,0.0,,
40002,2025-04-30 23:59:59.999999999,0.0,,
40002,2025-05-31 23:59:59.999999999,0.0,,
40002,2025-06-30 23:59:59.999999999,0.0,,
40002,2025-07-31 23:59:59.999999999,0.0,,
40002,2025-08-31 23:59:59.999999999,0.0,,
40002,2025-09-30 23:59:59.999999999,0.0,,
40002,2025-10-31 23:59:59.999999999,0.0,,
40002,2025-11-30 23:59:59.999999999,0.0,,
40002,2025-12-31 23:59:59.999999999,0.0,,
40002,2026-01-31 23:59:59.999999999,0.0,,
40002,2026-02-28 23:59:59.999999999,0.0,,
40002,2026-03-31 23:59:59.999999999,0.0,,
40002,2026-04-30 23:59:59.999999999,0.0,,
40002,2026-05-31 23:59:59.999999999,0.0,,
40002,2026-06-30 23:59:59.999999999,0.0,,
40002,2026-07-31 23:59:59.999999999,0.0,,
40002,2026-08-31 23:59:59.999999999,0.0,,
40002,2026-09-30 23:59:59.999999999,0.0,,
40002,2026-10-31 23:59:59.999999999,0.0,,
40002,2026-11-30 23:59:59.999999999,0.0,,
40002,2026-12-31 23:59:59.999999999,0.0,,
40002,2027-01-31 23:59:59.999999999,0.0,,
40002,2027-02-28 23:59:59.999999999,0.0,,
40002,2027-03-31 23:59:59.999999999,0.0,,
40002,2027-04-30 23:59:59.999999999,0.0,,
40002,2027-05-31 23:59:59.999999999,0.0,,
40002,2024-12-31 23:59:59.999999999,0.0,,
40002,2025-01-31 23:59:59.999999999,0.0,,
40002,2025-02-28 23:59:59.999999999,0.0,,
40002,2025-03-31 23:59:59.999999999,0.0,,
40002,2025-04-30 23:59:59.999999999,0.0,,
40002,2025-05-31 23:59:59.999999999,0.0,,
40002,2025-06-30 23:59:59.999999999,0.0,,
40002,2025-07-31 23:59:59.999999999,0.0,,
40002,2025-08-31 23:59:59.999999999,0.0,,
40002,2025-09-30 23:59:59.999999999,0.0,,
40002,2025-10-31 23:59:59.999999999,0.0,,
40002,2025-11-30 23:59:59.999999999,0.0,,
40002,2025-12-31 23:59:59.999999999,0.0,,
40002,2026-01-31 23:59:59.999999999,0.0,,
40002,2026-02-28 23:59:59.999999999,0.0,,
40002,2026-03-31 23:59:59.999999999,0.0,,
40002,2026-04-30 23:59:59.999999999,0.0,,
40002,2026-05-31 23:59:59.999999999,0.0,,
40002,2026-06-30 23:59:59.999999999,0.0,,
40002,2026-07-31 23:59:59.999999999,0.0,,
40002,2026-08-31 23:59:59.999999999,0.0,,
40002,2026-09-30 23:59:59.999999999,0.0,,
40002,2026-10-31 23:59:59.999999999,0.0,,
40002,2026-11-30 23:59:59.999999999,0.0,,
40002,2026-12-31 23:59:59.999999999,0.0,,
40002,2027-01-31 23:59:59.999999999,0.0,,
40002,2027-02-28 23:59:59.999999999,0.0,,
40002,2027-03-31 23:59:59.999999999,0.0,,
40002,2027-04-30 23:59:59.999999999,0.0,,
40002,2027-05-31 23:59:59.999999999,0.0,,
40002,2024-12-31 23:59:59.999999999,0.51612574,0.5161257386207581,0.0
40002,2025-01-31 23:59:59.999999999,0.51612574,0.5161257386207581,0.0
40002,2025-02-28 23:59:59.999999999,0.51612574,0.5161257386207581,0.0
40002,2025-03-31 23:59:59.999999999,0.51612574,0.5161257386207581,0.0
40002,2025-04-30 23:59:59.999999999,0.51612574,0.5161257386207581,0.0
40002,2025-05-31 23:59:59.999999999,0.51612574,0.5161257386207581,0.0
40002,2025-06-30 23:59:59.999999999,0.51612574,0.5161257386207581,0.0
40002,2025-07-31 23:59:59.999999999,0.51612574,0.5161257386207581,0.0
40002,2025-08-31 23:59:59.999999999,0.51612574,0.5161257386207581,0.0
40002,2025-09-30 23:59:59.999999999,0.51612574,0.5161257386207581,0.0
40002,2025-10-31 23:59:59.999999999,0.51612574,0.5161257386207581,0.0
40002,2025-11-30 23:59:59.999999999,0.51612574,0.5161257386207581,0.0
40002,2025-12-31 23:59:59.999999999,0.51612574,0.5161257386207581,0.0
40002,2026-01-31 23:59:59.999999999,0.51612574,0.5161257386207581,0.0
40002,2026-02-28 23:59:59.999999999,0.51612574,0.5161257386207581,0.0
40002,2026-03-31 23:59:59.999999999,0.51612574,0.5161257386207581,0.0
40002,2026-04-30 23:59:59.999999999,0.51612574,0.5161257386207581,0.0
40002,2026-05-31 23:59:59.999999999,0.51612574,0.5161257386207581,0.0
40002,2026-06-30 23:59:59.999999999,0.51612574,0.5161257386207581,0.0
40002,2026-07-31 23:59:59.999999999,0.51612574,0.5161257386207581,0.0
40002,2026-08-31 23:59:59.999999999,0.51612574,0.5161257386207581,0.0
40002,2026-09-30 23:59:59.999999999,0.51612574,0.5161257386207581,0.0
40002,2026-10-31 23:59:59.999999999,0.51612574,0.5161257386207581,0.0
40002,2026-11-30 23:59:59.999999999,0.51612574,0.5161257386207581,0.0
40002,2026-12-31 23:59:59.999999999,0.51612574,0.5161257386207581,0.0
40002,2027-01-31 23:59:59.999999999,0.51612574,0.5161257386207581,0.0
40002,2027-02-28 23:59:59.999999999,0.51612574,0.5161257386207581,0.0
40002,2027-03-31 23:59:59.999999999,0.51612574,0.5161257386207581,0.0
40002,2027-04-30 23:59:59.999999999,0.51612574,0.5161257386207581,0.0
40002,2027-05-31 23:59:59.999999999,0.51612574,0.5161257386207581,0.0
40012,2024-12-31 23:59:59.999999999,3930040000000.0,3930040041472.0,0.0
40012,2025-01-31 23:59:59.999999999,3972577600000.0,3972577624064.0,0.0
40012,2025-02-28 23:59:59.999999999,4015115200000.0,4015115206656.0,0.0
40012,2025-03-31 23:59:59.999999999,4057652800000.0,4057652789248.0,0.0
40012,2025-04-30 23:59:59.999999999,4100190400000.0,4100190371840.0,0.0
40012,2025-05-31 23:59:59.999999999,4142728000000.0,4142727954432.0,0.0
40012,2025-06-30 23:59:59.999999999,4185265500000.0,4185265537024.0,0.0
40012,2025-07-31 23:59:59.999999999,4227803000000.0,4227803119616.0,0.0
40012,2025-08-31 23:59:59.999999999,4270340400000.0,4270340440064.0,0.0
40012,2025-09-30 23:59:59.999999999,4312878000000.0,4312878022656.0,0.0
40012,2025-10-31 23:59:59.999999999,4355415600000.0,4355415605248.0,0.0
40012,2025-11-30 23:59:59.999999999,4397953200000.0,4397953187840.0,0.0
40012,2025-12-31 23:59:59.999999999,4440491000000.0,4440490770432.0,0.0
40012,2026-01-31 23:59:59.999999999,4483028400000.0,4483028353024.0,0.0
40012,2026-02-28 23:59:59.999999999,4525566000000.0,4525565935616.0,0.0
40012,2026-03-31 23:59:59.999999999,4568103500000.0,4568103518208.0,0.0
40012,2026-04-30 23:59:59.999999999,4610641000000.0,4610641100800.0,0.0
40012,2026-05-31 23:59:59.999999999,4653178700000.0,4653178683392.0,0.0
40012,2026-06-30 23:59:59.999999999,4695716300000.0,4695716265984.0,0.0
40012,2026-07-31 23:59:59.999999999,4738254000000.0,4738253848576.0,0.0
40012,2026-08-31 23:59:59.999999999,4780791400000.0,4780791431168.0,0.0
40012,2026-09-30 23:59:59.999999999,4823329000000.0,4823329013760.0,0.0
40012,2026-10-31 23:59:59.999999999,4865866600000.0,4865866596352.0,0.0
40012,2026-11-30 23:59:59.999999999,4908404000000.0,4908404178944.0,0.0
40012,2026-12-31 23:59:59.999999999,4950942000000.0,4950941761536.0,0.0
40012,2027-01-31 23:59:59.999999999,4993479300000.0,4993479344128.0,0.0
40012,2027-02-28 23:59:59.999999999,5036017000000.0,5036016926720.0,0.0
40012,2027-03-31 23:59:59.999999999,5078554500000.0,5078554509312.0,0.0
40012,2027-04-30 23:59:59.999999999,5121092000000.0,5121092091904.0,0.0
40012,2027-05-31 23:59:59.999999999,5163629700000.0,5163629674496.0,0.0
40012,2024-12-31 23:59:59.999999999,109689900000.0,109844354677.78908,-0.1406150714273436
40012,2025-01-31 23:59:59.999999999,109429030000.0,109661818578.39845,-0.2122777730810932
40012,2025-02-28 23:59:59.999999999,111689360000.0,111786761220.82526,-0.08713183901342955
40012,2025-03-31 23:59:59.999999999,114547080000.0,114476010125.65443,0.06208382897652942
40012,2025-04-30 23:59:59.999999999,115484780000.0,115224515503.23628,0.2258746687951209
40012,2025-05-31 23:59:59.999999999,116404410000.0,115959782427.16069,0.38343465254309256
40012,2025-06-30 23:59:59.999999999,119268470000.0,118613289798.14104,0.5523638126671631
40012,2025-07-31 23:59:59.999999999,117662500000.0,117159597699.25223,0.4292444892468097
40012,2025-08-31 23:59:59.999999999,113795350000.0,113508063123.8507,0.25309867532127894
40012,2025-09-30 23:59:59.999999999,112593730000.0,112374744536.66595,0.19487212027662826
40012,2025-10-31 23:59:59.999999999,115904496000.0,115378194568.55724,0.45615295802712397
40012,2025-11-30 23:59:59.999999999,117226490000.0,116457213601.20697,0.660563809664305
40012,2025-12-31 23:59:59.999999999,117392700000.0,116620487582.04486,0.6621614451850664
40012,2026-01-31 23:59:59.999999999,117544710000.0,116794589107.70961,0.6422531608879771
40012,2026-02-28 23:59:59.999999999,118515000000.0,117695472884.15909,0.6963109045388047
40012,2026-03-31 23:59:59.999999999,119681310000.0,118794119878.3866,0.7468306028292052
40012,2026-04-30 23:59:59.999999999,120229530000.0,119236871547.14763,0.8325075892819476
40012,2026-05-31 23:59:59.999999999,120774180000.0,119675487066.81136,0.9180608528255042
40012,2026-06-30 23:59:59.999999999,121949420000.0,120756389108.6524,0.9879663247251838
40012,2026-07-31 23:59:59.999999999,121681470000.0,120530922438.24136,0.9545658313103538
40012,2026-08-31 23:59:59.999999999,120684160000.0,119582957712.03006,0.9208680610006013
40012,2026-09-30 23:59:59.999999999,120549925000.0,119458101461.55133,0.9139802065246138
40012,2026-10-31 23:59:59.999999999,121875644000.0,120648122459.93462,1.0174397504387398
40012,2026-11-30 23:59:59.999999999,122559580000.0,121213041051.12802,1.1108846450803964
40012,2026-12-31 23:59:59.999999999,122870874000.0,121506899422.15987,1.122549169081487
40012,2027-01-31 23:59:59.999999999,123178470000.0,121814242133.30612,1.1199225729294877
40012,2027-02-28 23:59:59.999999999,123751350000.0,122346730521.18309,1.1480648030669802
40012,2027-03-31 23:59:59.999999999,124388295000.0,122946567293.95056,1.1726454782608453
40012,2027-04-30 23:59:59.999999999,124826040000.0,123317571816.66783,1.2232405561591515
40012,2027-05-31 23:59:59.999999999,125263180000.0,123680145588.1013,1.2799453593552317
40012,2024-12-31 23:59:59.999999999,28381805000.0,28421769835.955746,-0.14061507142734828
40012,2025-01-31 23:59:59.999999999,28226435000.0,28286480983.91566,-0.2122777730810854
40012,2025-02-28 23:59:59.999999999,28212703000.0,28237306916.804478,-0.08713183901342816
40012,2025-03-31 23:59:59.999999999,28306203000.0,28288639953.151695,0.062083828976543125
40012,2025-04-30 23:59:59.999999999,28747194000.0,28682408073.760925,0.22587466879512857
40012,2025-05-31 23:59:59.999999999,29733843000.0,29620268570.125805,0.38343465254310055
40012,2025-06-30 23:59:59.999999999,29948787000.0,29784269163.274696,0.5523638126671274
40012,2025-07-31 23:59:59.999999999,29985632000.0,29857470708.3559,0.42924448924681674
40012,2025-08-31 23:59:59.999999999,30102209000.0,30026212565.746944,0.25309867532127445
40012,2025-09-30 23:59:59.999999999,30216892000.0,30158122642.970013,0.19487212027664733
40012,2025-10-31 23:59:59.999999999,30376851000.0,30238915747.343163,0.45615295802712996
40012,2025-11-30 23:59:59.999999999,30797490000.0,30595388114.688038,0.6605638096643012
40012,2025-12-31 23:59:59.999999999,30815650000.0,30612942688.281597,0.6621614451850708
40012,2026-01-31 23:59:59.999999999,30720735000.0,30524689449.161522,0.642253160887975
40012,2026-02-28 23:59:59.999999999,30737381000.0,30524833630.83616,0.6963109045388072
40012,2026-03-31 23:59:59.999999999,30838493000.0,30609889164.229435,0.7468306028292012
40012,2026-04-30 23:59:59.999999999,31213318000.0,30955610338.62242,0.8325075892819472
40012,2026-05-31 23:59:59.999999999,32017945000.0,31726674398.44447,0.9180608528255052
40012,2026-06-30 23:59:59.999999999,32214716000.0,31899559510.302544,0.987966324725176
40012,2026-07-31 23:59:59.999999999,32271202000.0,31966065168.289112,0.9545658313103522
40012,2026-08-31 23:59:59.999999999,32390492000.0,32094940107.3541,0.920868061000616
40012,2026-09-30 23:59:59.999999999,32508291000.0,32213862742.774044,0.9139802065245956
40012,2026-10-31 23:59:59.999999999,32661752000.0,32332785198.96179,1.0174397504387434
40012,2026-11-30 23:59:59.999999999,33020545000.0,32657755037.856483,1.1108846450803942
40012,2026-12-31 23:59:59.999999999,33062314000.0,32695293241.390022,1.1225491690814822
40012,2027-01-31 23:59:59.999999999,33015013000.0,32649365758.947243,1.119922572929476
40012,2027-02-28 23:59:59.999999999,33055590000.0,32680398250.187477,1.14806480306699
40012,2027-03-31 23:59:59.999999999,33162699000.0,32778325203.649765,1.1726454782608484
40012,2027-04-30 23:59:59.999999999,33485406000.0,33080749069.10546,1.2232405561591513
40012,2027-05-31 23:59:59.999999999,34146658000.0,33715123149.842686,1.279945359355236
40012,2024-12-31 23:59:59.999999999,58168705000.0,58250614166.7174,-0.14061507142734977
40012,2025-01-31 23:59:59.999999999,58431460000.0,58555760191.74574,-0.21227777308109264
40012,2025-02-28 23:59:59.999999999,58694218000.0,58745403678.561,-0.08713183901343623
40012,2025-03-31 23:59:59.999999999,58956970000.0,58920391996.600525,0.06208382897653773
40012,2025-04-30 23:59:59.999999999,59219730000.0,59086269516.42638,0.22587466879512613
40012,2025-05-31 23:59:59.999999999,59482485000.0,59255279461.084946,0.3834346525431006
40012,2025-06-30 23:59:59.999999999,59745243000.0,59417044881.51829,0.5523638126671605
40012,2025-07-31 23:59:59.999999999,60007997000.0,59751517344.55714,0.42924448924681013
40012,2025-08-31 23:59:59.999999999,60270756000.0,60118596468.715935,0.253098675321279
40012,2025-09-30 23:59:59.999999999,60533510000.0,60415776639.08182,0.19487212027664774
40012,2025-10-31 23:59:59.999999999,60796270000.0,60520203843.96172,0.4561529580271241
40012,2025-11-30 23:59:59.999999999,61059023000.0,60658335833.936386,0.6605638096642974
40012,2025-12-31 23:59:59.999999999,61321780000.0,60918403069.84902,0.6621614451850696
40012,2026-01-31 23:59:59.999999999,61584536000.0,61191531009.89323,0.6422531608879565
40012,2026-02-28 23:59:59.999999999,61847294000.0,61419622423.538345,0.6963109045387986
40012,2026-03-31 23:59:59.999999999,62110050000.0,61649629952.98019,0.746830602829201
40012,2026-04-30 23:59:59.999999999,62372807000.0,61857835481.05468,0.8325075892819453
40012,2026-05-31 23:59:59.999999999,62635560000.0,62065759518.84863,0.9180608528255024
40012,2026-06-30 23:59:59.999999999,62898320000.0,62282984447.623665,0.9879663247251674
40012,2026-07-31 23:59:59.999999999,63161074000.0,62563860429.59043,0.9545658313103528
40012,2026-08-31 23:59:59.999999999,63423832000.0,62845111504.25707,0.9208680610006166
40012,2026-09-30 23:59:59.999999999,63686586000.0,63109775511.4433,0.9139802065246012
40012,2026-10-31 23:59:59.999999999,63949345000.0,63305251970.33837,1.0174397504387438
40012,2026-11-30 23:59:59.999999999,64212100000.0,63506613850.12842,1.1108846450804044
40012,2026-12-31 23:59:59.999999999,64474857000.0,63759129889.215034,1.1225491690814808
40012,2027-01-31 23:59:59.999999999,64737610000.0,64020630286.0943,1.1199225729294855
40012,2027-02-28 23:59:59.999999999,65000370000.0,64262593953.28449,1.1480648030669782
40012,2027-03-31 23:59:59.999999999,65263124000.0,64506689700.05653,1.1726454782608435
40012,2027-04-30 23:59:59.999999999,65525883000.0,64734029971.74934,1.2232405561591597
40012,2027-05-31 23:59:59.999999999,65788637000.0,64957220257.744835,1.2799453593552372
40012,2024-12-31 23:59:59.999999999,78156590000.0,78266641702.13324,-0.14061507142734614
40012,2025-01-31 23:59:59.999999999,78148550000.0,78314795560.0078,-0.21227777308109552
40012,2025-02-28 23:59:59.999999999,78471100000.0,78539535405.55147,-0.08713183901343882
40012,2025-03-31 23:59:59.999999999,78459600000.0,78410920394.28348,0.06208382897654553
40012,2025-04-30 23:59:59.999999999,80276800000.0,80095883177.15506,0.22587466879513868
40012,2025-05-31 23:59:59.999999999,81481720000.0,81170484044.53629,0.3834346525430932
40012,2025-06-30 23:59:59.999999999,81726775000.0,81277825997.46742,0.5523638126671431
40012,2025-07-31 23:59:59.999999999,81684610000.0,81335482993.44835,0.42924448924680714
40012,2025-08-31 23:59:59.999999999,82903920000.0,82694617562.3876,0.25309867532127356
40012,2025-09-30 23:59:59.999999999,83453500000.0,83291190131.78653,0.1948721202766526
40012,2025-10-31 23:59:59.999999999,84925310000.0,84539678682.98096,0.4561529580271232
40012,2025-11-30 23:59:59.999999999,87179080000.0,86606989347.72908,0.6605638096643071
40012,2025-12-31 23:59:59.999999999,87508400000.0,86932766910.28748,0.662161445185066
40012,2026-01-31 23:59:59.999999999,87591470000.0,87032500073.27954,0.6422531608879658
40012,2026-02-28 23:59:59.999999999,88031820000.0,87423085347.64012,0.6963109045387983
40012,2026-03-31 23:59:59.999999999,88137190000.0,87483831303.29948,0.7468306028292044
40012,2026-04-30 23:59:59.999999999,89211130000.0,88474576388.97672,0.8325075892819472
40012,2026-05-31 23:59:59.999999999,89868140000.0,89050601829.39877,0.9180608528255091
40012,2026-06-30 23:59:59.999999999,90236715000.0,89353928286.70824,0.9879663247251789
40012,2026-07-31 23:59:59.999999999,90362240000.0,89507829863.77301,0.9545658313103624
40012,2026-08-31 23:59:59.999999999,91144454000.0,90312792483.02605,0.9208680610006172
40012,2026-09-30 23:59:59.999999999,91540865000.0,90711777334.17894,0.9139802065245959
40012,2026-10-31 23:59:59.999999999,92423320000.0,91492443162.61597,1.017439750438748
40012,2026-11-30 23:59:59.999999999,93575460000.0,92547368406.9413,1.1108846450804006
40012,2026-12-31 23:59:59.999999999,93949280000.0,92906360676.20541,1.1225491690814793
40012,2027-01-31 23:59:59.999999999,94157780000.0,93114967500.18942,1.1199225729294875
40012,2027-02-28 23:59:59.999999999,94573806000.0,93500360834.51828,1.1480648030669716
40012,2027-03-31 23:59:59.999999999,94797790000.0,93699033749.56166,1.1726454782608464
40012,2027-04-30 23:59:59.999999999,95486280000.0,94332367898.28294,1.2232405561591548
40012,2027-05-31 23:59:59.999999999,95956430000.0,94743758412.91516,1.279945359355231
40012,2024-12-31 23:59:59.999999999,15332215000.0,15353804547.230902,-0.14061507142733223
40012,2025-01-31 23:59:59.999999999,15389167000.0,15421903866.09365,-0.2122777730810945
40012,2025-02-28 23:59:59.999999999,15446119000.0,15459589648.764898,-0.08713183901342729
40012,2025-03-31 23:59:59.999999999,15503071000.0,15493452303.56929,0.062083828976540543
40012,2025-04-30 23:59:59.999999999,15560023000.0,15524956096.835682,0.22587466879513737
40012,2025-05-31 23:59:59.999999999,15616975000.0,15557322681.829918,0.3834346525430914
40012,2025-06-30 23:59:59.999999999,15673927000.0,15587825150.685783,0.5523638126671481
40012,2025-07-31 23:59:59.999999999,15730878000.0,15663643139.010511,0.42924448924680964
40012,2025-08-31 23:59:59.999999999,15787830000.0,15747972362.5604,0.25309867532126945
40012,2025-09-30 23:59:59.999999999,15844783000.0,15813966092.97479,0.19487212027664333
40012,2025-10-31 23:59:59.999999999,15901735000.0,15829528051.551117,0.4561529580271194
40012,2025-11-30 23:59:59.999999999,15958687000.0,15853961189.980762,0.6605638096643063
40012,2025-12-31 23:59:59.999999999,16015639000.0,15910286743.367031,0.6621614451850772
40012,2026-01-31 23:59:59.999999999,16072590000.0,15970022362.581802,0.6422531608879721
40012,2026-02-28 23:59:59.999999999,16129542000.0,16018007014.468466,0.6963109045388024
40012,2026-03-31 23:59:59.999999999,16186494000.0,16066504380.481668,0.7468306028292029
40012,2026-04-30 23:59:59.999999999,16243446000.0,16109334329.127214,0.8325075892819438
40012,2026-05-31 23:59:59.999999999,16300399000.0,16152112371.413666,0.9180608528255052
40012,2026-06-30 23:59:59.999999999,16357350000.0,16197326270.937275,0.9879663247251801
40012,2026-07-31 23:59:59.999999999,16414302000.0,16259098410.098078,0.9545658313103599
40012,2026-08-31 23:59:59.999999999,16471254000.0,16320959512.599628,0.9208680610006145
40012,2026-09-30 23:59:59.999999999,16528206000.0,16378509489.145456,0.9139802065246051
40012,2026-10-31 23:59:59.999999999,16585158000.0,16418113221.809273,1.0174397504387473
40012,2026-11-30 23:59:59.999999999,16642109000.0,16459265981.518372,1.1108846450803942
40012,2026-12-31 23:59:59.999999999,16699062000.0,16513688004.520546,1.1225491690814837
40012,2027-01-31 23:59:59.999999999,16756014000.0,16570438004.355932,1.1199225729294826
40012,2027-02-28 23:59:59.999999999,16812966000.0,16622133029.173092,1.1480648030669838
40012,2027-03-31 23:59:59.999999999,16869918000.0,16674386259.500223,1.172645478260844
40012,2027-04-30 23:59:59.999999999,16926870000.0,16722315360.580547,1.2232405561591513
40012,2027-05-31 23:59:59.999999999,16983821000.0,16769184907.968756,1.2799453593552335
40012,2024-12-31 23:59:59.999999999,410778.97,411357.39925077814,-0.14061507142734167
40012,2025-01-31 23:59:59.999999999,425375.8,426280.711701875,-0.21227777308110568
40012,2025-02-28 23:59:59.999999999,661041.1,661617.6045861125,-0.08713183901343942
40012,2025-03-31 23:59:59.999999999,939528.4,938945.4417177809,0.06208382897654226
40012,2025-04-30 23:59:59.999999999,939528.4,937411.001006228,0.22587466879513377
40012,2025-05-31 23:59:59.999999999,939528.4,935939.6580242417,0.3834346525430988
40012,2025-06-30 23:59:59.999999999,939528.4,934367.2683323257,0.5523638126671423
40012,2025-07-31 23:59:59.999999999,939528.4,935512.7381253948,0.42924448924681047
40012,2025-08-31 23:59:59.999999999,939528.4,937156.4444534006,0.2530986753212668
40012,2025-09-30 23:59:59.999999999,939528.4,937701.0570682345,0.1948721202766531
40012,2025-10-31 23:59:59.999999999,939528.4,935262.1490418377,0.4561529580271181
40012,2025-11-30 23:59:59.999999999,939528.4,933362.9173551251,0.6605638096643067
40012,2025-12-31 23:59:59.999999999,939528.4,933348.1037078805,0.662161445185067
40012,2026-01-31 23:59:59.999999999,939528.4,933532.7315238642,0.6422531608879669
40012,2026-02-28 23:59:59.999999999,939528.4,933031.5744046305,0.6963109045388054
40012,2026-03-31 23:59:59.999999999,939528.4,932563.7038686316,0.7468306028291958
40012,2026-04-30 23:59:59.999999999,939528.4,931771.3081449417,0.832507589281946
40012,2026-05-31 23:59:59.999999999,939528.4,930981.3992266133,0.918060852825504
40012,2026-06-30 23:59:59.999999999,939528.4,930336.9591372516,0.9879663247251902
40012,2026-07-31 23:59:59.999999999,939528.4,930644.758128029,0.9545658313103542
40012,2026-08-31 23:59:59.999999999,939528.4,930955.5031097349,0.920868061000616
40012,2026-09-30 23:59:59.999999999,939528.4,931019.0452078262,0.913980206524596
40012,2026-10-31 23:59:59.999999999,939528.4,930065.5187075452,1.0174397504387331
40012,2026-11-30 23:59:59.999999999,939528.4,929205.9685739415,1.1108846450803975
40012,2026-12-31 23:59:59.999999999,939528.4,929098.7843167067,1.122549169081477
40012,2027-01-31 23:59:59.999999999,939528.4,929122.917714257,1.1199225729294813
40012,2027-02-28 23:59:59.999999999,939528.4,928864.4096446539,1.148064803066973
40012,2027-03-31 23:59:59.999999999,939528.4,928638.7348662126,1.1726454782608506
40012,2027-04-30 23:59:59.999999999,939528.4,928174.5672613049,1.2232405561591597
40012,2027-05-31 23:59:59.999999999,939528.4,927654.8991672769,1.2799453593552388
40012,2024-12-31 23:59:59.999999999,57223094000.0,57303671871.13209,-0.14061507142735183
40012,2025-01-31 23:59:59.999999999,57752940000.0,57875797999.14549,-0.21227777308108386
40012,2025-02-28 23:59:59.999999999,58282783000.0,58333609867.04007,-0.08713183901342642
40012,2025-03-31 23:59:59.999999999,58812625000.0,58776134421.226906,0.06208382897653729
40012,2025-04-30 23:59:59.999999999,59342470000.0,59208733636.999626,0.22587466879514725
40012,2025-05-31 23:59:59.999999999,59872313000.0,59643619040.56767,0.38343465254309395
40012,2025-06-30 23:59:59.999999999,60402156000.0,60070348651.9039,0.5523638126671392
40012,2025-07-31 23:59:59.999999999,60932000000.0,60671572410.88688,0.42924448924681186
40012,2025-08-31 23:59:59.999999999,61461844000.0,61306677579.16365,0.25309867532127694
40012,2025-09-30 23:59:59.999999999,61991686000.0,61871116587.267555,0.19487212027664738
40012,2025-10-31 23:59:59.999999999,62521530000.0,62237629531.884346,0.456152958027125
40012,2025-11-30 23:59:59.999999999,63051375000.0,62637613188.04228,0.6605638096642965
40012,2025-12-31 23:59:59.999999999,63581217000.0,63162975893.998405,0.6621614451850657
40012,2026-01-31 23:59:59.999999999,64111060000.0,63701931276.82789,0.6422531608879731
40012,2026-02-28 23:59:59.999999999,64640905000.0,64193915978.98783,0.6963109045388023
40012,2026-03-31 23:59:59.999999999,65170747000.0,64687640298.00642,0.7468306028291967
40012,2026-04-30 23:59:59.999999999,65700590000.0,65158143081.808754,0.8325075892819442
40012,2026-05-31 23:59:59.999999999,66230436000.0,65627931492.44869,0.9180608528254974
40012,2026-06-30 23:59:59.999999999,66760280000.0,66107161521.93163,0.987966324725181
40012,2026-07-31 23:59:59.999999999,67290120000.0,66653865169.84103,0.9545658313103513
40012,2026-08-31 23:59:59.999999999,67819966000.0,67201132696.36851,0.9208680610006055
40012,2026-09-30 23:59:59.999999999,68349810000.0,67730762873.60712,0.9139802065246028
40012,2026-10-31 23:59:59.999999999,68879655000.0,68185904416.272675,1.0174397504387442
40012,2026-11-30 23:59:59.999999999,69409500000.0,68646909115.31566,1.1108846450804033
40012,2026-12-31 23:59:59.999999999,69939340000.0,69162951130.76932,1.122549169081482
40012,2027-01-31 23:59:59.999999999,70469180000.0,69688721714.73073,1.1199225729294717
40012,2027-02-28 23:59:59.999999999,70999020000.0,70193160644.48045,1.1480648030669844
40012,2027-03-31 23:59:59.999999999,71528866000.0,70699807693.93793,1.1726454782608402
40012,2027-04-30 23:59:59.999999999,72058720000.0,71187916691.9394,1.2232405561591508
40012,2027-05-31 23:59:59.999999999,72588560000.0,71671206060.04059,1.2799453593552268
40012,2024-12-31 23:59:59.999999999,1302266400000.0,1304100141633.6423,-0.14061507142735116
40012,2025-01-31 23:59:59.999999999,1306977200000.0,1309757563227.9814,-0.21227777308108517
40012,2025-02-28 23:59:59.999999999,1312210000000.0,1313354376316.8481,-0.08713183901342321
40012,2025-03-31 23:59:59.999999999,1317525700000.0,1316708188596.072,0.06208382897653206
40012,2025-04-30 23:59:59.999999999,1322854600000.0,1319873386120.585,0.22587466879513762
40012,2025-05-31 23:59:59.999999999,1328185700000.0,1323112465531.0366,0.3834346525431004
40012,2025-06-30 23:59:59.999999999,1333517100000.0,1326191687845.7405,0.5523638126671471
40012,2025-07-31 23:59:59.999999999,1338848400000.0,1333126074207.751,0.42924448924680353
40012,2025-08-31 23:59:59.999999999,1344179900000.0,1340786416429.1304,0.253098675321268
40012,2025-09-30 23:59:59.999999999,1349511400000.0,1346886707076.1963,0.19487212027664816
40012,2025-10-31 23:59:59.999999999,1354842800000.0,1348690674951.5725,0.4561529580271172
40012,2025-11-30 23:59:59.999999999,1360174300000.0,1351248394161.499,0.6605638096643075
40012,2025-12-31 23:59:59.999999999,1365505600000.0,1356523231796.0679,0.6621614451850751
40012,2026-01-31 23:59:59.999999999,1370837100000.0,1362089030451.815,0.642253160887968
40012,2026-02-28 23:59:59.999999999,1376168600000.0,1366652425112.7957,0.6963109045387994
40012,2026-03-31 23:59:59.999999999,1381499900000.0,1371258947114.9124,0.7468306028292004
40012,2026-04-30 23:59:59.999999999,1386831400000.0,1375381259877.9543,0.832507589281949
40012,2026-05-31 23:59:59.999999999,1392162900000.0,1379498264389.235,0.918060852825508
40012,2026-06-30 23:59:59.999999999,1397494300000.0,1383822550724.885,0.9879663247251875
40012,2026-07-31 23:59:59.999999999,1402825700000.0,1389561457315.409,0.9545658313103512
40012,2026-08-31 23:59:59.999999999,1408157200000.0,1395308272628.8616,0.9208680610006046
40012,2026-09-30 23:59:59.999999999,1413488600000.0,1400686576400.2546,0.9139802065245974
40012,2026-10-31 23:59:59.999999999,1418820000000.0,1404529814496.5486,1.0174397504387425
40012,2026-11-30 23:59:59.999999999,1424151500000.0,1408504681575.143,1.1108846450804062
40012,2026-12-31 23:59:59.999999999,1429482900000.0,1413614380920.9556,1.1225491690814757
40012,2027-01-31 23:59:59.999999999,1434814400000.0,1418923537095.4585,1.1199225729294844
40012,2027-02-28 23:59:59.999999999,1440145700000.0,1423799593678.7634,1.148064803066981
40012,2027-03-31 23:59:59.999999999,1445477200000.0,1428723360468.6084,1.1726454782608502
40012,2027-04-30 23:59:59.999999999,1450808700000.0,1433276288185.1072,1.2232405561591566
40012,2027-05-31 23:59:59.999999999,1456140000000.0,1437737800368.4875,1.2799453593552323
40012,2024-12-31 23:59:59.999999999,3569400600.0,3598287472.3605866,-0.8027956794023451
40012,2025-01-31 23:59:59.999999999,3569400600.0,3598099013.451155,-0.7975999922144659
40012,2025-02-28 23:59:59.999999999,3569400600.0,3597911598.2954597,-0.792432540837498
40012,2025-03-31 23:59:59.999999999,3569400600.0,3597725859.463133,-0.7873107782414436
40012,2025-04-30 23:59:59.999999999,3569400600.0,3597541137.315732,-0.7822165262779676
40012,2025-05-31 23:59:59.999999999,3569400600.0,3597357740.535024,-0.7771583076101344
40012,2025-06-30 23:59:59.999999999,3569400600.0,3597175657.3665023,-0.7721358090929722
40012,2025-07-31 23:59:59.999999999,3569400600.0,3596994868.8576446,-0.7671485187969734
40012,2025-08-31 23:59:59.999999999,3569400600.0,3596815363.68035,-0.7621961348691066
40012,2025-09-30 23:59:59.999999999,3569400600.0,3596637443.2087946,-0.7572869837137326
40012,2025-10-31 23:59:59.999999999,3569400600.0,3596460462.912086,-0.7524032918236332
40012,2025-11-30 23:59:59.999999999,3569400600.0,3596285038.4259543,-0.747562057475881
40012,2025-12-31 23:59:59.999999999,3569400600.0,3596110530.0952787,-0.7427456378703426
40012,2026-01-31 23:59:59.999999999,3569400600.0,3595937238.9164295,-0.7379623489876553
40012,2026-02-28 23:59:59.999999999,3569400600.0,3595765461.641811,-0.7332203927942731
40012,2026-03-31 23:59:59.999999999,3569400600.0,3595594259.6773973,-0.7284938673738842
40012,2026-04-30 23:59:59.999999999,3569400600.0,3595424544.4934597,-0.7238079445532094
40012,2026-05-31 23:59:59.999999999,3569400600.0,3595256302.951232,-0.7191622730765483
40012,2026-06-30 23:59:59.999999999,3569400600.0,3595088909.570572,-0.7145395904447974
40012,2026-07-31 23:59:59.999999999,3569400600.0,3594922659.788015,-0.7099480629583245
40012,2026-08-31 23:59:59.999999999,3569400600.0,3594757844.9609094,-0.7053957472115931
40012,2026-09-30 23:59:59.999999999,3569400600.0,3594593846.453096,-0.7008655644908239
40012,2026-10-31 23:59:59.999999999,3569400600.0,3594431257.9453754,-0.6963739225794322
40012,2026-11-30 23:59:59.999999999,3569400600.0,3594269465.277944,-0.6919038630293954
40012,2026-12-31 23:59:59.999999999,3569400600.0,3594108462.5274734,-0.6874552280511368
40012,2027-01-31 23:59:59.999999999,3569400600.0,3593949131.3859625,-0.6830523885711103
40012,2027-02-28 23:59:59.999999999,3569400600.0,3593790566.4258337,-0.6786703335940499
40012,2027-03-31 23:59:59.999999999,3569400600.0,3593633055.934395,-0.6743170367485962
40012,2027-04-30 23:59:59.999999999,3569400600.0,3593476884.3255672,-0.6700003673485699
40012,2027-05-31 23:59:59.999999999,3569400600.0,3593321450.4724884,-0.6657037173599659
40012,2024-12-31 23:59:59.999999999,87013450000.0,87717643177.50256,-0.802795679402353
40012,2025-01-31 23:59:59.999999999,87344260000.0,88046518093.45853,-0.7975999922144581
40012,2025-02-28 23:59:59.999999999,87675080000.0,88375391972.07945,-0.7924325408375038
40012,2025-03-31 23:59:59.999999999,88005890000.0,88704264184.68579,-0.7873107782414382
40012,2025-04-30 23:59:59.999999999,88336700000.0,89033135386.85945,-0.7822165262779669
40012,2025-05-31 23:59:59.999999999,88667520000.0,89362005271.81693,-0.7771583076101272
40012,2025-06-30 23:59:59.999999999,88998330000.0,89690865659.24046,-0.7721358090929679
40012,2025-07-31 23:59:59.999999999,89329150000.0,90019732951.96602,-0.7671485187969961
40012,2025-08-31 23:59:59.999999999,89659965000.0,90348598969.25203,-0.7621961348691076
40012,2025-09-30 23:59:59.999999999,89990775000.0,90677463411.57765,-0.7572869837137238
40012,2025-10-31 23:59:59.999999999,90321590000.0,91006326919.51018,-0.7524032918236395
40012,2025-11-30 23:59:59.999999999,90652400000.0,91335188881.19978,-0.7475620574758856
40012,2025-12-31 23:59:59.999999999,90983220000.0,91664049932.36795,-0.7427456378703369
40012,2026-01-31 23:59:59.999999999,91314040000.0,91992909773.86934,-0.7379623489876536
40012,2026-02-28 23:59:59.999999999,91644850000.0,92321768110.77644,-0.7332203927942628
40012,2026-03-31 23:59:59.999999999,91975660000.0,92650617683.9113,-0.7284938673738662
40012,2026-04-30 23:59:59.999999999,92306480000.0,92979473971.40884,-0.723807944553213
40012,2026-05-31 23:59:59.999999999,92637290000.0,93308328794.32703,-0.7191622730765533
40012,2026-06-30 23:59:59.999999999,92968110000.0,93637182774.29953,-0.7145395904448014
40012,2026-07-31 23:59:59.999999999,93298926000.0,93966035617.70663,-0.7099480629583212
40012,2026-08-31 23:59:59.999999999,93629735000.0,94294887034.98274,-0.7053957472115912
40012,2026-09-30 23:59:59.999999999,93960550000.0,94623737640.95963,-0.700865564490821
40012,2026-10-31 23:59:59.999999999,94291360000.0,94952586845.6074,-0.696373922579441
40012,2026-11-30 23:59:59.999999999,94622180000.0,95281435259.30902,-0.6919038630294053
40012,2026-12-31 23:59:59.999999999,94953000000.0,95610274695.95137,-0.6874552280511361
40012,2027-01-31 23:59:59.999999999,95283810000.0,95939120663.26454,-0.6830523885711035
40012,2027-02-28 23:59:59.999999999,95614620000.0,96267965869.10808,-0.6786703335940458
40012,2027-03-31 23:59:59.999999999,95945440000.0,96596810026.96751,-0.6743170367485919
40012,2027-04-30 23:59:59.999999999,96276250000.0,96925652854.17798,-0.670000367348556
40012,2027-05-31 23:59:59.999999999,96607070000.0,97254494948.16963,-0.6657037173599726
40012,2024-12-31 23:59:59.999999999,-21950510.0,-22128153.86314483,-0.8027956794023454
40012,2025-01-31 23:59:59.999999999,-21950510.0,-22126994.909676876,-0.7975999922144563
40012,2025-02-28 23:59:59.999999999,-21950510.0,-22125842.374913227,-0.7924325408375076
40012,2025-03-31 23:59:59.999999999,-21950510.0,-22124700.148926094,-0.7873107782414359
40012,2025-04-30 23:59:59.999999999,-21950510.0,-22123564.17517997,-0.782216526277967
40012,2025-05-31 23:59:59.999999999,-21950510.0,-22122436.35195498,-0.7771583076101308
40012,2025-06-30 23:59:59.999999999,-21950510.0,-22121316.606965207,-0.772135809092962
40012,2025-07-31 23:59:59.999999999,-21950510.0,-22120204.823659565,-0.7671485187969928
40012,2025-08-31 23:59:59.999999999,-21950510.0,-22119100.932374354,-0.7621961348691093
40012,2025-09-30 23:59:59.999999999,-21950510.0,-22118006.78645071,-0.7572869837137276
40012,2025-10-31 23:59:59.999999999,-21950510.0,-22116918.422259025,-0.7524032918236369
40012,2025-11-30 23:59:59.999999999,-21950510.0,-22115839.625734206,-0.7475620574758877
40012,2025-12-31 23:59:59.999999999,-21950510.0,-22114766.46323086,-0.7427456378703373
40012,2026-01-31 23:59:59.999999999,-21950510.0,-22113700.785766747,-0.7379623489876597
40012,2026-02-28 23:59:59.999999999,-21950510.0,-22112644.41826077,-0.7332203927942696
40012,2026-03-31 23:59:59.999999999,-21950510.0,-22111591.588702455,-0.7284938673738759
40012,2026-04-30 23:59:59.999999999,-21950510.0,-22110547.9023011,-0.7238079445532131
40012,2026-05-31 23:59:59.999999999,-21950510.0,-22109513.27825808,-0.7191622730765458
40012,2026-06-30 23:59:59.999999999,-21950510.0,-22108483.87009896,-0.7145395904447994
40012,2026-07-31 23:59:59.999999999,-21950510.0,-22107461.494650528,-0.7099480629583198
40012,2026-08-31 23:59:59.999999999,-21950510.0,-22106447.94365408,-0.705395747211586
40012,2026-09-30 23:59:59.999999999,-21950510.0,-22105439.412723158,-0.7008655644908163
40012,2026-10-31 23:59:59.999999999,-21950510.0,-22104439.55277788,-0.6963739225794328
40012,2026-11-30 23:59:59.999999999,-21950510.0,-22103444.58695974,-0.6919038630294048
40012,2026-12-31 23:59:59.999999999,-21950510.0,-22102454.478842426,-0.6874552280511422
40012,2027-01-31 23:59:59.999999999,-21950510.0,-22101474.650509745,-0.6830523885711086
40012,2027-02-28 23:59:59.999999999,-21950510.0,-22100499.533912756,-0.6786703335940427
40012,2027-03-31 23:59:59.999999999,-21950510.0,-22099530.90191312,-0.6743170367485983
40012,2027-04-30 23:59:59.999999999,-21950510.0,-22098570.503552582,-0.6700003673485568
40012,2027-05-31 23:59:59.999999999,-21950510.0,-22097614.642120477,-0.6657037173599689
40012,2024-12-31 23:59:59.999999999,103648900000.0,103223651202.70348,0.4119714429219749
40012,2025-01-31 23:59:59.999999999,103648900000.0,103550332804.64813,0.095190774072957
40012,2025-02-28 23:59:59.999999999,103648900000.0,103847248401.88312,-0.1909971009684653
40012,2025-03-31 23:59:59.999999999,103648900000.0,104120425952.25827,-0.4528629036481995
40012,2025-04-30 23:59:59.999999999,103648900000.0,104374880154.59918,-0.6955476121494666
40012,2025-05-31 23:59:59.999999999,103648900000.0,104614753491.83548,-0.9232448498871224
40012,2025-06-30 23:59:59.999999999,103648900000.0,104843412250.28859,-1.1393267890184502
40012,2025-07-31 23:59:59.999999999,103648900000.0,105063613079.31905,-1.3465269943181886
40012,2025-08-31 23:59:59.999999999,103648900000.0,105277563864.63393,-1.547015942283829
40012,2025-09-30 23:59:59.999999999,103648900000.0,105487039825.8796,-1.7425236890841589
40012,2025-10-31 23:59:59.999999999,103648900000.0,105693451571.94696,-1.9344135076856759
40012,2025-11-30 23:59:59.999999999,103648900000.0,105897905594.36328,-2.123745898221986
40012,2025-12-31 23:59:59.999999999,103648900000.0,106101260761.68575,-2.3113369022013703
40012,2026-01-31 23:59:59.999999999,103648900000.0,106304176235.1346,-2.4978069170691746
40012,2026-02-28 23:59:59.999999999,103648900000.0,106507148492.79036,-2.6836182972111384
40012,2026-03-31 23:59:59.999999999,103648900000.0,106710527495.4411,-2.8690930494855817
40012,2026-04-30 23:59:59.999999999,103648900000.0,106914578252.9668,-3.0544712782198875
40012,2026-05-31 23:59:59.999999999,103648900000.0,107119461407.50116,-3.2398951543441292
40012,2026-06-30 23:59:59.999999999,103648900000.0,107325299811.71886,-3.425470648736479
40012,2026-07-31 23:59:59.999999999,103648900000.0,107532128014.15587,-3.611222913439106
40012,2026-08-31 23:59:59.999999999,103648900000.0,107739954630.01025,-3.7971535035997857
40012,2026-09-30 23:59:59.999999999,103648900000.0,107948781189.39127,-3.983257591252767
40012,2026-10-31 23:59:59.999999999,103648900000.0,108158555712.70912,-4.169482954901567
40012,2026-11-30 23:59:59.999999999,103648900000.0,108369208575.02937,-4.35576255386351
40012,2026-12-31 23:59:59.999999999,103648900000.0,108580685158.43091,-4.542043534938933
40012,2027-01-31 23:59:59.999999999,103648900000.0,108792912775.41609,-4.728258005220431
40012,2027-02-28 23:59:59.999999999,103648900000.0,109005788420.2573,-4.914312652466249
40012,2027-03-31 23:59:59.999999999,103648900000.0,109219246548.33119,-5.100148148216926
40012,2027-04-30 23:59:59.999999999,103648900000.0,109433197158.50815,-5.2856849116177305
40012,2027-05-31 23:59:59.999999999,103648900000.0,109647567506.74074,-5.470859477454401
40012,2024-12-31 23:59:59.999999999,183532800000.0,182779797383.34995,0.41197144292197824
40012,2025-01-31 23:59:59.999999999,184212700000.0,184037514449.41098,0.09519077407295448
40012,2025-02-28 23:59:59.999999999,184892590000.0,185246403291.93594,-0.1909971009684622
40012,2025-03-31 23:59:59.999999999,185572470000.0,186416686901.1855,-0.4528629036482019
40012,2025-04-30 23:59:59.999999999,186252380000.0,187556925831.03876,-0.6955476121494779
40012,2025-05-31 23:59:59.999999999,186932260000.0,188674189699.46655,-0.9232448498871056
40012,2025-06-30 23:59:59.999999999,187612170000.0,189774317833.75702,-1.139326789018454
40012,2025-07-31 23:59:59.999999999,188292060000.0,190862064257.13525,-1.346526994318189
40012,2025-08-31 23:59:59.999999999,188971940000.0,191941304467.9467,-1.5470159422838328
40012,2025-09-30 23:59:59.999999999,189651850000.0,193015180361.3246,-1.7425236890841533
40012,2025-10-31 23:59:59.999999999,190331730000.0,194086160880.62332,-1.9344135076856717
40012,2025-11-30 23:59:59.999999999,191011620000.0,195156241489.763,-2.1237458982219684
40012,2025-12-31 23:59:59.999999999,191691520000.0,196226988853.44833,-2.3113369022013766
40012,2026-01-31 23:59:59.999999999,192371410000.0,197299571233.62122,-2.4978069170691755
40012,2026-02-28 23:59:59.999999999,193051300000.0,198374921432.64462,-2.683618297211114
40012,2026-03-31 23:59:59.999999999,193731200000.0,199453711551.05228,-2.8690930494855893
40012,2026-04-30 23:59:59.999999999,194411090000.0,200536412960.24307,-3.0544712782198995
40012,2026-05-31 23:59:59.999999999,195090990000.0,201623375013.07367,-3.239895154344131
40012,2026-06-30 23:59:59.999999999,195770880000.0,202714812299.97696,-3.4254706487364803
40012,2026-07-31 23:59:59.999999999,196450760000.0,203810826000.60333,-3.6112229134391245
40012,2026-08-31 23:59:59.999999999,197130670000.0,204911469008.74326,-3.797153503599772
40012,2026-09-30 23:59:59.999999999,197810550000.0,206016729863.54013,-3.9832575912527486
40012,2026-10-31 23:59:59.999999999,198490440000.0,207126545697.9525,-4.169482954901557
40012,2026-11-30 23:59:59.999999999,199170340000.0,208240818506.35883,-4.355762553863498
40012,2026-12-31 23:59:59.999999999,199850230000.0,209359426035.00836,-4.542043534938936
40012,2027-01-31 23:59:59.999999999,200530120000.0,210482260961.48013,-4.728258005220427
40012,2027-02-28 23:59:59.999999999,201210020000.0,211609155334.3741,-4.914312652466253
40012,2027-03-31 23:59:59.999999999,201889900000.0,212739959808.70093,-5.100148148216943
40012,2027-04-30 23:59:59.999999999,202569810000.0,213874544445.5496,-5.28568491161774
40012,2027-05-31 23:59:59.999999999,203249700000.0,215012741726.47757,-5.470859477454409
40012,2024-12-31 23:59:59.999999999,112251216000.0,111790670234.78162,0.4119714429219814
40012,2025-01-31 23:59:59.999999999,110734025000.0,110628716372.53801,0.09519077407295276
40012,2025-02-28 23:59:59.999999999,109457120000.0,109666581270.95874,-0.1909971009684499
40012,2025-03-31 23:59:59.999999999,108382460000.0,108875518787.74422,-0.4528629036481972
40012,2025-04-30 23:59:59.999999999,107478010000.0,108230804584.90047,-0.6955476121495001
40012,2025-05-31 23:59:59.999999999,106716810000.0,107711245696.64351,-0.9232448498871065
40012,2025-06-30 23:59:59.999999999,106076170000.0,107298650460.95695,-1.1393267890184535
40012,2025-07-31 23:59:59.999999999,105536990000.0,106977467615.27771,-1.3465269943181863
40012,2025-08-31 23:59:59.999999999,105083216000.0,106734414276.76482,-1.5470159422838266
40012,2025-09-30 23:59:59.999999999,104701305000.0,106558105055.22652,-1.7425236890841682
40012,2025-10-31 23:59:59.999999999,104379880000.0,106438851031.78426,-1.9344135076856637
40012,2025-11-30 23:59:59.999999999,104109370000.0,106368360999.73788,-2.1237458982219826
40012,2025-12-31 23:59:59.999999999,103881700000.0,106339569126.87134,-2.3113369022013943
40012,2026-01-31 23:59:59.999999999,103690090000.0,106346420798.7671,-2.497806917069183
40012,2026-02-28 23:59:59.999999999,103528830000.0,106383767267.65736,-2.6836182972111358
40012,2026-03-31 23:59:59.999999999,103393110000.0,106447176510.64044,-2.8690930494855897
40012,2026-04-30 23:59:59.999999999,103278890000.0,106532903862.32841,-3.0544712782198764
40012,2026-05-31 23:59:59.999999999,103182750000.0,106637703583.09248,-3.2398951543441425
40012,2026-06-30 23:59:59.999999999,103101840000.0,106758833929.17729,-3.425470648736481
40012,2026-07-31 23:59:59.999999999,103033750000.0,106893927507.21558,-3.6112229134391245
40012,2026-08-31 23:59:59.999999999,102976450000.0,107040955870.10855,-3.797153503599808
40012,2026-09-30 23:59:59.999999999,102928210000.0,107198192092.19821,-3.9832575912527703
40012,2026-10-31 23:59:59.999999999,102887620000.0,107364150565.50352,-4.169482954901568
40012,2026-11-30 23:59:59.999999999,102853450000.0,107537531295.5195,-4.355762553863519
40012,2026-12-31 23:59:59.999999999,102824710000.0,107717271410.09483,-4.54204353493893
40012,2027-01-31 23:59:59.999999999,102800510000.0,107902411279.1314,-4.728258005220422
40012,2027-02-28 23:59:59.999999999,102780130000.0,108092118007.5645,-4.914312652466257
40012,2027-03-31 23:59:59.999999999,102762996000.0,108285728277.52965,-5.100148148216933
40012,2027-04-30 23:59:59.999999999,102748570000.0,108482619025.56187,-5.285684911617735
40012,2027-05-31 23:59:59.999999999,102736430000.0,108682284095.7672,-5.470859477454401
40012,2024-12-31 23:59:59.999999999,10323871000.0,10281513819.164963,0.4119714429219854
40012,2025-01-31 23:59:59.999999999,10323871000.0,10314052693.402859,0.09519077407294163
40012,2025-02-28 23:59:59.999999999,10323871000.0,10343626747.222193,-0.1909971009684615
40012,2025-03-31 23:59:59.999999999,10323871000.0,10370836390.812035,-0.4528629036481907
40012,2025-04-30 23:59:59.999999999,10323871000.0,10396181109.461596,-0.6955476121494808
40012,2025-05-31 23:59:59.999999999,10323871000.0,10420073512.054493,-0.9232448498870998
40012,2025-06-30 23:59:59.999999999,10323871000.0,10442848894.997423,-1.1393267890184533
40012,2025-07-31 23:59:59.999999999,10323871000.0,10464781832.267994,-1.3465269943181872
40012,2025-08-31 23:59:59.999999999,10323871000.0,10486092238.654573,-1.5470159422838283
40012,2025-09-30 23:59:59.999999999,10323871000.0,10506956933.569315,-1.7425236890841505
40012,2025-10-31 23:59:59.999999999,10323871000.0,10527516419.645449,-1.9344135076856728
40012,2025-11-30 23:59:59.999999999,10323871000.0,10547880908.135874,-2.1237458982219692
40012,2025-12-31 23:59:59.999999999,10323871000.0,10568135945.994581,-2.3113369022013757
40012,2026-01-31 23:59:59.999999999,10323871000.0,10588347188.47708,-2.4978069170691692
40012,2026-02-28 23:59:59.999999999,10323871000.0,10608564086.907621,-2.6836182972111264
40012,2026-03-31 23:59:59.999999999,10323871000.0,10628821498.8662,-2.869093049485583
40012,2026-04-30 23:59:59.999999999,10323871000.0,10649145820.461758,-3.0544712782198844
40012,2026-05-31 23:59:59.999999999,10323871000.0,10669553052.332703,-3.2398951543441226
40012,2026-06-30 23:59:59.999999999,10323871000.0,10690055431.126911,-3.4254706487364692
40012,2026-07-31 23:59:59.999999999,10323871000.0,10710656398.025219,-3.611222913439112
40012,2026-08-31 23:59:59.999999999,10323871000.0,10731356811.137918,-3.7971535035997928
40012,2026-09-30 23:59:59.999999999,10323871000.0,10752156822.870386,-3.983257591252759
40012,2026-10-31 23:59:59.999999999,10323871000.0,10773051255.834843,-4.169482954901564
40012,2026-11-30 23:59:59.999999999,10323871000.0,10794033175.092274,-4.35576255386351
40012,2026-12-31 23:59:59.999999999,10323871000.0,10815097140.465897,-4.542043534938933
40012,2027-01-31 23:59:59.999999999,10323871000.0,10836235911.972404,-4.728258005220414
40012,2027-02-28 23:59:59.999999999,10323871000.0,10857439229.804096,-4.914312652466244
40012,2027-03-31 23:59:59.999999999,10323871000.0,10878700565.438265,-5.100148148216935
40012,2027-04-30 23:59:59.999999999,10323871000.0,10900010954.380363,-5.285684911617738
40012,2027-05-31 23:59:59.999999999,10323871000.0,10921363151.01449,-5.470859477454413
40012,2024-12-31 23:59:59.999999999,1.231029e-05,1.2259783197631639e-05,0.4119714429219749
40012,2025-01-31 23:59:59.999999999,8.361247e-07,8.353295275126485e-07,0.09519077407295497
40012,2025-02-28 23:59:59.999999999,-3.040636e-07,-3.0464546853019306e-07,-0.19099710096846487
40012,2025-03-31 23:59:59.999999999,1.3195607e-06,1.3255637243831538e-06,-0.45286290364819776
40012,2025-04-30 23:59:59.999999999,1.3364057e-06,1.3457661611554495e-06,-0.695547612149484
40012,2025-05-31 23:59:59.999999999,1.0288757e-06,1.0384632166140301e-06,-0.9232448498871051
40012,2025-06-30 23:59:59.999999999,1.0412273e-06,1.0532269757031265e-06,-1.1393267890184655
40012,2025-07-31 23:59:59.999999999,1.1315507e-06,1.1469952764020397e-06,-1.3465269943181932
40012,2025-08-31 23:59:59.999999999,1.1582234e-06,1.1764228759400934e-06,-1.5470159422838208
40012,2025-09-30 23:59:59.999999999,9.547662e-07,9.716982367576433e-07,-1.7425236890841518
40012,2025-10-31 23:59:59.999999999,1.034401e-06,1.0548052476388813e-06,-1.9344135076856797
40012,2025-11-30 23:59:59.999999999,1.1345955e-06,1.1592143164537173e-06,-2.123745898221962
40012,2025-12-31 23:59:59.999999999,1.144376e-06,1.171452236438077e-06,-2.311336902201384
40012,2026-01-31 23:59:59.999999999,1.150242e-06,1.1797088923733624e-06,-2.497806917069178
40012,2026-02-28 23:59:59.999999999,1.1537604e-06,1.185576777644544e-06,-2.6836182972111366
40012,2026-03-31 23:59:59.999999999,1.1558706e-06,1.190013148231e-06,-2.869093049485579
40012,2026-04-30 23:59:59.999999999,1.1571362e-06,1.1935942322748179e-06,-3.0544712782198724
40012,2026-05-31 23:59:59.999999999,1.1578953e-06,1.1966660517099952e-06,-3.239895154344134
40012,2026-06-30 23:59:59.999999999,1.1583505e-06,1.199436886895938e-06,-3.4254706487364714
40012,2026-07-31 23:59:59.999999999,1.1586236e-06,1.2020316464114047e-06,-3.6112229134391236
40012,2026-08-31 23:59:59.999999999,1.1587874e-06,1.204525093699721e-06,-3.7971535035997914
40012,2026-09-30 23:59:59.999999999,1.1588857e-06,1.2069620602175094e-06,-3.9832575912527606
40012,2026-10-31 23:59:59.999999999,1.1589445e-06,1.209368975403616e-06,-4.169482954901568
40012,2026-11-30 23:59:59.999999999,1.1589799e-06,1.2117613456550619e-06,-4.35576255386352
40012,2026-12-31 23:59:59.999999999,1.159001e-06,1.2141481835459705e-06,-4.542043534938934
40012,2027-01-31 23:59:59.999999999,1.1590138e-06,1.2165346755809035e-06,-4.728258005220427
40012,2027-02-28 23:59:59.999999999,1.1590214e-06,1.2189230858461646e-06,-4.914312652466258
40012,2027-03-31 23:59:59.999999999,1.159026e-06,1.2213149261656767e-06,-5.1001481482169275
40012,2027-04-30 23:59:59.999999999,1.1590288e-06,1.223710252222701e-06,-5.28568491161774
40012,2027-05-31 23:59:59.999999999,1.1590304e-06,1.2261090805097723e-06,-5.4708594774544
40012,2024-12-31 23:59:59.999999999,410025130000.0,410025132032.0,0.0
40012,2025-01-31 23:59:59.999999999,410521370000.0,410521370624.0,0.0
40012,2025-02-28 23:59:59.999999999,412550000000.0,412550004736.0,0.0
40012,2025-03-31 23:59:59.999999999,416623720000.0,416623722496.0,0.0
40012,2025-04-30 23:59:59.999999999,422776440000.0,422776438784.0,0.0
40012,2025-05-31 23:59:59.999999999,426668160000.0,426668163072.0,0.0
40012,2025-06-30 23:59:59.999999999,429758580000.0,429758578688.0,0.0
40012,2025-07-31 23:59:59.999999999,435700100000.0,435700105216.0,0.0
40012,2025-08-31 23:59:59.999999999,439486000000.0,439485988864.0,0.0
40012,2025-09-30 23:59:59.999999999,445392400000.0,445392388096.0,0.0
40012,2025-10-31 23:59:59.999999999,469685200000.0,469685207040.0,0.0
40012,2025-11-30 23:59:59.999999999,463921700000.0,463921709056.0,0.0
40012,2025-12-31 23:59:59.999999999,462962620000.0,462962622464.0,0.0
40012,2026-01-31 23:59:59.999999999,463416920000.0,463416918016.0,0.0
40012,2026-02-28 23:59:59.999999999,465406070000.0,465406066688.0,0.0
40012,2026-03-31 23:59:59.999999999,469442560000.0,469442560000.0,0.0
40012,2026-04-30 23:59:59.999999999,475560250000.0,475560247296.0,0.0
40012,2026-05-31 23:59:59.999999999,479418970000.0,479418974208.0,0.0
40012,2026-06-30 23:59:59.999999999,482478300000.0,482478292992.0,0.0
40012,2026-07-31 23:59:59.999999999,488390560000.0,488390557696.0,0.0
40012,2026-08-31 23:59:59.999999999,492148880000.0,492148883456.0,0.0
40012,2026-09-30 23:59:59.999999999,498029330000.0,498029330432.0,0.0
40012,2026-10-31 23:59:59.999999999,522297670000.0,522297671680.0,0.0
40012,2026-11-30 23:59:59.999999999,516511140000.0,516511137792.0,0.0
40012,2026-12-31 23:59:59.999999999,515530400000.0,515530391552.0,0.0
40012,2027-01-31 23:59:59.999999999,515964270000.0,515964272640.0,0.0
40012,2027-02-28 23:59:59.999999999,517934150000.0,517934153728.0,0.0
40012,2027-03-31 23:59:59.999999999,521952530000.0,521952526336.0,0.0
40012,2027-04-30 23:59:59.999999999,528053170000.0,528053174272.0,0.0
40012,2027-05-31 23:59:59.999999999,531895800000.0,531895812096.0,0.0
40012,2024-12-31 23:59:59.999999999,135531454000.0,135326926344.31685,0.1511363076131379
40012,2025-01-31 23:59:59.999999999,135927520000.0,136036210704.14417,-0.07989742112160579
40012,2025-02-28 23:59:59.999999999,136323600000.0,136569927551.81758,-0.1803700625997021
40012,2025-03-31 23:59:59.999999999,136719670000.0,136901614046.6543,-0.13290036930630572
40012,2025-04-30 23:59:59.999999999,137115740000.0,137324283929.48402,-0.151863757462673
40012,2025-05-31 23:59:59.999999999,137511810000.0,137928884724.20685,-0.3023816258942396
40012,2025-06-30 23:59:59.999999999,137907880000.0,138268867213.56674,-0.26107632530840785
40012,2025-07-31 23:59:59.999999999,138303960000.0,138770261335.82855,-0.33602170619257926
40012,2025-08-31 23:59:59.999999999,138700030000.0,139171196156.31445,-0.33855152310773284
40012,2025-09-30 23:59:59.999999999,139096100000.0,139545446325.7128,-0.32200947400603314
40012,2025-10-31 23:59:59.999999999,139492180000.0,140340254236.21713,-0.6042986546038855
40012,2025-11-30 23:59:59.999999999,139888250000.0,141381419335.29562,-1.0561306841562141
40012,2025-12-31 23:59:59.999999999,140284310000.0,141808194336.6361,-1.0746069673650829
40012,2026-01-31 23:59:59.999999999,140680400000.0,142649274729.11404,-1.3802228808052996
40012,2026-02-28 23:59:59.999999999,141076460000.0,143365107527.43347,-1.5963744253430219
40012,2026-03-31 23:59:59.999999999,141472530000.0,143742044191.1947,-1.5788795630149577
40012,2026-04-30 23:59:59.999999999,141868610000.0,144213149405.75476,-1.6257434106499051
40012,2026-05-31 23:59:59.999999999,142264680000.0,144842938391.01642,-1.780037032979945
40012,2026-06-30 23:59:59.999999999,142660750000.0,145239259880.86234,-1.7753551064481132
40012,2026-07-31 23:59:59.999999999,143056830000.0,145865238876.41556,-1.9253445399660876
40012,2026-08-31 23:59:59.999999999,143452900000.0,146505075089.91928,-2.0833256513782676
40012,2026-09-30 23:59:59.999999999,143848960000.0,147058923216.0469,-2.1827707219990296
40012,2026-10-31 23:59:59.999999999,144245030000.0,148017181654.0055,-2.5484546455039294
40012,2026-11-30 23:59:59.999999999,144641110000.0,149184161435.22537,-3.045261158771153
40012,2026-12-31 23:59:59.999999999,145037180000.0,149792427532.4705,-3.1745574077432552
40012,2027-01-31 23:59:59.999999999,145433250000.0,150729617439.78738,-3.5138214942416
40012,2027-02-28 23:59:59.999999999,145829330000.0,151565582306.1246,-3.7846661985165
40012,2027-03-31 23:59:59.999999999,146225400000.0,152196007947.54248,-3.9229742409540567
40012,2027-04-30 23:59:59.999999999,146621460000.0,152894994129.18243,-4.103162166239314
40012,2027-05-31 23:59:59.999999999,147017550000.0,153708118909.4102,-4.352776665852868
40012,2024-12-31 23:59:59.999999999,321033860000.0,320549396645.8333,0.15113630761313254
40012,2025-01-31 23:59:59.999999999,322665870000.0,322923881261.3136,-0.0798974211216097
40012,2025-02-28 23:59:59.999999999,325126620000.0,325714109879.8864,-0.1803700625997021
40012,2025-03-31 23:59:59.999999999,328699350000.0,329136770928.0863,-0.13290036930631408
40012,2025-04-30 23:59:59.999999999,331863260000.0,332368007729.1413,-0.1518637574626715
40012,2025-05-31 23:59:59.999999999,334349530000.0,335363611123.9743,-0.3023816258942383
40012,2025-06-30 23:59:59.999999999,337648120000.0,338531950680.8324,-0.2610763253084104
40012,2025-07-31 23:59:59.999999999,340341500000.0,341488966716.4199,-0.3360217061925788
40012,2025-08-31 23:59:59.999999999,343474100000.0,344640897471.64246,-0.3385515231077475
40012,2025-09-30 23:59:59.999999999,346894140000.0,348014779954.3944,-0.322009474006036
40012,2025-10-31 23:59:59.999999999,348186700000.0,350303585775.8728,-0.6042986546038955
40012,2025-11-30 23:59:59.999999999,347664450000.0,351375433303.70734,-1.0561306841562228
40012,2025-12-31 23:59:59.999999999,350831250000.0,354642257771.2305,-1.0746069673650969
40012,2026-01-31 23:59:59.999999999,352296700000.0,357227229818.4208,-1.3802228808052999
40012,2026-02-28 23:59:59.999999999,354377300000.0,360126265619.2892,-1.5963744253430143
40012,2026-03-31 23:59:59.999999999,358030150000.0,363773696127.7857,-1.5788795630149475
40012,2026-04-30 23:59:59.999999999,361297970000.0,367268817756.04065,-1.6257434106499078
40012,2026-05-31 23:59:59.999999999,363985240000.0,370581732133.43365,-1.7800370329799438
40012,2026-06-30 23:59:59.999999999,367553150000.0,374196467062.1361,-1.7753551064481246
40012,2026-07-31 23:59:59.999999999,370239600000.0,377507931025.947,-1.9253445399660891
40012,2026-08-31 23:59:59.999999999,372874640000.0,380808114540.75757,-2.0833256513782756
40012,2026-09-30 23:59:59.999999999,376017320000.0,384408068761.93744,-2.182770721999022
40012,2026-10-31 23:59:59.999999999,377303600000.0,387170460646.36115,-2.548454645503927
40012,2026-11-30 23:59:59.999999999,377388340000.0,389241763336.6056,-3.045261158771155
40012,2026-12-31 23:59:59.999999999,380374450000.0,392845557936.4623,-3.174557407743254
40012,2027-01-31 23:59:59.999999999,381926240000.0,395835186206.70245,-3.513821494241621
40012,2027-02-28 23:59:59.999999999,383994820000.0,399099402854.3082,-3.7846661985165073
40012,2027-03-31 23:59:59.999999999,387044740000.0,402848375005.57056,-3.922974240954062
40012,2027-04-30 23:59:59.999999999,389808260000.0,406487083283.95703,-4.103162166239318
40012,2027-05-31 23:59:59.999999999,392119350000.0,409964178441.5596,-4.352776665852856
40012,2024-12-31 23:59:59.999999999,140123230000.0,139911768630.9749,0.1511363076131332
40012,2025-01-31 23:59:59.999999999,142569550000.0,142683554400.3305,-0.07989742112160426
40012,2025-02-28 23:59:59.999999999,145085430000.0,145347595356.73212,-0.180370062599714
40012,2025-03-31 23:59:59.999999999,147888720000.0,148085524032.32816,-0.1329003693063147
40012,2025-04-30 23:59:59.999999999,150659330000.0,150888479057.87555,-0.15186375746266043
40012,2025-05-31 23:59:59.999999999,153055170000.0,153519380863.9191,-0.3023816258942456
40012,2025-06-30 23:59:59.999999999,156193770000.0,156602619789.08203,-0.2610763253084068
40012,2025-07-31 23:59:59.999999999,158793760000.0,159329141266.94717,-0.33602170619257504
40012,2025-08-31 23:59:59.999999999,161438650000.0,161987055917.04456,-0.33855152310774916
40012,2025-09-30 23:59:59.999999999,163930360000.0,164459934329.48505,-0.3220094740060356
40012,2025-10-31 23:59:59.999999999,166144480000.0,167154588062.772,-0.6042986546038884
40012,2025-11-30 23:59:59.999999999,168855270000.0,170657641185.41638,-1.0561306841562064
40012,2025-12-31 23:59:59.999999999,171222840000.0,173082803255.09,-1.0746069673650833
40012,2026-01-31 23:59:59.999999999,173274600000.0,175699641988.21432,-1.380222880805297
40012,2026-02-28 23:59:59.999999999,175299530000.0,178143361722.99216,-1.5963744253430219
40012,2026-03-31 23:59:59.999999999,177391450000.0,180237180162.5408,-1.5788795630149552
40012,2026-04-30 23:59:59.999999999,179419870000.0,182384985158.22467,-1.625743410649919
40012,2026-05-31 23:59:59.999999999,181244900000.0,184529598616.17722,-1.780037032979952
40012,2026-06-30 23:59:59.999999999,183334780000.0,186648453783.34915,-1.775355106448122
40012,2026-07-31 23:59:59.999999999,185157980000.0,188792889656.85242,-1.925344539966092
40012,2026-08-31 23:59:59.999999999,186959900000.0,190937760102.38,-2.0833256513782796
40012,2026-09-30 23:59:59.999999999,188660200000.0,192870115942.27353,-2.1827707219990296
40012,2026-10-31 23:59:59.999999999,190209060000.0,195183220818.18524,-2.5484546455039334
40012,2026-11-30 23:59:59.999999999,191931060000.0,197959438003.64673,-3.0452611587711598
40012,2026-12-31 23:59:59.999999999,193478020000.0,199821464115.3344,-3.1745574077432717
40012,2027-01-31 23:59:59.999999999,194863100000.0,201959603974.12814,-3.5138214942416077
40012,2027-02-28 23:59:59.999999999,196208380000.0,203926307901.0123,-3.7846661985165015
40012,2027-03-31 23:59:59.999999999,197554470000.0,205620926908.63678,-3.922974240954052
40012,2027-04-30 23:59:59.999999999,198848460000.0,207356642137.3646,-4.103162166239315
40012,2027-05-31 23:59:59.999999999,200033470000.0,209136722889.671,-4.352776665852876
40012,2024-12-31 23:59:59.999999999,0.0,0.0,
40012,2025-01-31 23:59:59.999999999,0.0,0.0,
40012,2025-02-28 23:59:59.999999999,0.0,0.0,
40012,2025-03-31 23:59:59.999999999,0.0,0.0,
40012,2025-04-30 23:59:59.999999999,0.0,0.0,
40012,2025-05-31 23:59:59.999999999,0.0,0.0,
40012,2025-06-30 23:59:59.999999999,0.0,0.0,
40012,2025-07-31 23:59:59.999999999,0.0,0.0,
40012,2025-08-31 23:59:59.999999999,0.0,0.0,
40012,2025-09-30 23:59:59.999999999,0.0,0.0,
40012,2025-10-31 23:59:59.999999999,0.0,0.0,
40012,2025-11-30 23:59:59.999999999,0.0,0.0,
40012,2025-12-31 23:59:59.999999999,0.0,0.0,
40012,2026-01-31 23:59:59.999999999,0.0,0.0,
40012,2026-02-28 23:59:59.999999999,0.0,0.0,
40012,2026-03-31 23:59:59.999999999,0.0,0.0,
40012,2026-04-30 23:59:59.999999999,0.0,0.0,
40012,2026-05-31 23:59:59.999999999,0.0,0.0,
40012,2026-06-30 23:59:59.999999999,0.0,0.0,
40012,2026-07-31 23:59:59.999999999,0.0,0.0,
40012,2026-08-31 23:59:59.999999999,0.0,0.0,
40012,2026-09-30 23:59:59.999999999,0.0,0.0,
40012,2026-10-31 23:59:59.999999999,0.0,0.0,
40012,2026-11-30 23:59:59.999999999,0.0,0.0,
40012,2026-12-31 23:59:59.999999999,0.0,0.0,
40012,2027-01-31 23:59:59.999999999,0.0,0.0,
40012,2027-02-28 23:59:59.999999999,0.0,0.0,
40012,2027-03-31 23:59:59.999999999,0.0,0.0,
40012,2027-04-30 23:59:59.999999999,0.0,0.0,
40012,2027-05-31 23:59:59.999999999,0.0,0.0,
40012,2024-12-31 23:59:59.999999999,0.0,,
40012,2025-01-31 23:59:59.999999999,0.0,,
40012,2025-02-28 23:59:59.999999999,0.0,,
40012,2025-03-31 23:59:59.999999999,0.0,,
40012,2025-04-30 23:59:59.999999999,0.0,,
40012,2025-05-31 23:59:59.999999999,0.0,,
40012,2025-06-30 23:59:59.999999999,0.0,,
40012,2025-07-31 23:59:59.999999999,0.0,,
40012,2025-08-31 23:59:59.999999999,0.0,,
40012,2025-09-30 23:59:59.999999999,0.0,,
40012,2025-10-31 23:59:59.999999999,0.0,,
40012,2025-11-30 23:59:59.999999999,0.0,,
40012,2025-12-31 23:59:59.999999999,0.0,,
40012,2026-01-31 23:59:59.999999999,0.0,,
40012,2026-02-28 23:59:59.999999999,0.0,,
40012,2026-03-31 23:59:59.999999999,0.0,,
40012,2026-04-30 23:59:59.999999999,0.0,,
40012,2026-05-31 23:59:59.999999999,0.0,,
40012,2026-06-30 23:59:59.999999999,0.0,,
40012,2026-07-31 23:59:59.999999999,0.0,,
40012,2026-08-31 23:59:59.999999999,0.0,,
40012,2026-09-30 23:59:59.999999999,0.0,,
40012,2026-10-31 23:59:59.999999999,0.0,,
40012,2026-11-30 23:59:59.999999999,0.0,,
40012,2026-12-31 23:59:59.999999999,0.0,,
40012,2027-01-31 23:59:59.999999999,0.0,,
40012,2027-02-28 23:59:59.999999999,0.0,,
40012,2027-03-31 23:59:59.999999999,0.0,,
40012,2027-04-30 23:59:59.999999999,0.0,,
40012,2027-05-31 23:59:59.999999999,0.0,,
40012,2024-12-31 23:59:59.999999999,0.0,,
40012,2025-01-31 23:59:59.999999999,0.0,,
40012,2025-02-28 23:59:59.999999999,0.0,,
40012,2025-03-31 23:59:59.999999999,0.0,,
40012,2025-04-30 23:59:59.999999999,0.0,,
40012,2025-05-31 23:59:59.999999999,0.0,,
40012,2025-06-30 23:59:59.999999999,0.0,,
40012,2025-07-31 23:59:59.999999999,0.0,,
40012,2025-08-31 23:59:59.999999999,0.0,,
40012,2025-09-30 23:59:59.999999999,0.0,,
40012,2025-10-31 23:59:59.999999999,0.0,,
40012,2025-11-30 23:59:59.999999999,0.0,,
40012,2025-12-31 23:59:59.999999999,0.0,,
40012,2026-01-31 23:59:59.999999999,0.0,,
40012,2026-02-28 23:59:59.999999999,0.0,,
40012,2026-03-31 23:59:59.999999999,0.0,,
40012,2026-04-30 23:59:59.999999999,0.0,,
40012,2026-05-31 23:59:59.999999999,0.0,,
40012,2026-06-30 23:59:59.999999999,0.0,,
40012,2026-07-31 23:59:59.999999999,0.0,,
40012,2026-08-31 23:59:59.999999999,0.0,,
40012,2026-09-30 23:59:59.999999999,0.0,,
40012,2026-10-31 23:59:59.999999999,0.0,,
40012,2026-11-30 23:59:59.999999999,0.0,,
40012,2026-12-31 23:59:59.999999999,0.0,,
40012,2027-01-31 23:59:59.999999999,0.0,,
40012,2027-02-28 23:59:59.999999999,0.0,,
40012,2027-03-31 23:59:59.999999999,0.0,,
40012,2027-04-30 23:59:59.999999999,0.0,,
40012,2027-05-31 23:59:59.999999999,0.0,,
40012,2024-12-31 23:59:59.999999999,37620960.0,37564186.87497227,0.15113630761313523
40012,2025-01-31 23:59:59.999999999,37620960.0,37651042.21175259,-0.07989742112159513
40012,2025-02-28 23:59:59.999999999,37620960.0,37688939.56388454,-0.18037006259969932
40012,2025-03-31 23:59:59.999999999,37620960.0,37671024.93125511,-0.13290036930630855
40012,2025-04-30 23:59:59.999999999,37620960.0,37678179.49913091,-0.15186375746267666
40012,2025-05-31 23:59:59.999999999,37620960.0,37735063.899752304,-0.3023816258942467
40012,2025-06-30 23:59:59.999999999,37620960.0,37719436.5187903,-0.2610763253084128
40012,2025-07-31 23:59:59.999999999,37620960.0,37747800.80431283,-0.33602170619259125
40012,2025-08-31 23:59:59.999999999,37620960.0,37748758.99854384,-0.33855152310774894
40012,2025-09-30 23:59:59.999999999,37620960.0,37742494.40771905,-0.3220094740060351
40012,2025-10-31 23:59:59.999999999,37620960.0,37849685.13806111,-0.6042986546038949
40012,2025-11-30 23:59:59.999999999,37620960.0,38022527.58067123,-1.0561306841562148
40012,2025-12-31 23:59:59.999999999,37620960.0,38029629.04336308,-1.074606967365095
40012,2026-01-31 23:59:59.999999999,37620960.0,38147480.25087323,-1.380222880805287
40012,2026-02-28 23:59:59.999999999,37620960.0,38231274.28517122,-1.596374425343026
40012,2026-03-31 23:59:59.999999999,37620960.0,38224478.47877035,-1.57887956301495
40012,2026-04-30 23:59:59.999999999,37620960.0,38242687.97988845,-1.6257434106499231
40012,2026-05-31 23:59:59.999999999,37620960.0,38302763.37268854,-1.7800370329799582
40012,2026-06-30 23:59:59.999999999,37620960.0,38300937.65242992,-1.775355106448115
40012,2026-07-31 23:59:59.999999999,37620960.0,38359512.78496288,-1.9253445399660916
40012,2026-08-31 23:59:59.999999999,37620960.0,38421402.94313371,-2.0833256513782743
40012,2026-09-30 23:59:59.999999999,37620960.0,38460463.74210778,-2.1827707219990238
40012,2026-10-31 23:59:59.999999999,37620960.0,38604785.44813994,-2.5484546455039188
40012,2026-11-30 23:59:59.999999999,37620960.0,38802600.52229869,-3.0452611587711504
40012,2026-12-31 23:59:59.999999999,37620960.0,38854415.73288362,-3.1745574077432543
40012,2027-01-31 23:59:59.999999999,37620960.0,38991035.382082984,-3.5138214942416117
40012,2027-02-28 23:59:59.999999999,37620960.0,39100794.55486953,-3.7846661985165135
40012,2027-03-31 23:59:59.999999999,37620960.0,39157082.25018391,-3.922974240954062
40012,2027-04-30 23:59:59.999999999,37620960.0,39230657.49594035,-4.103162166239309
40012,2027-05-31 23:59:59.999999999,37620960.0,39333039.35919789,-4.352776665852873
40012,2024-12-31 23:59:59.999999999,736162940000.0,736162938880.0,0.0
40012,2025-01-31 23:59:59.999999999,741220400000.0,741220417536.0,0.0
40012,2025-02-28 23:59:59.999999999,746277800000.0,746277830656.0,0.0
40012,2025-03-31 23:59:59.999999999,751335300000.0,751335309312.0,0.0
40012,2025-04-30 23:59:59.999999999,756392700000.0,756392722432.0,0.0
40012,2025-05-31 23:59:59.999999999,761450200000.0,761450201088.0,0.0
40012,2025-06-30 23:59:59.999999999,766507600000.0,766507614208.0,0.0
40012,2025-07-31 23:59:59.999999999,771565100000.0,771565092864.0,0.0
40012,2025-08-31 23:59:59.999999999,776622500000.0,776622505984.0,0.0
40012,2025-09-30 23:59:59.999999999,781680000000.0,781679984640.0,0.0
40012,2025-10-31 23:59:59.999999999,786737400000.0,786737397760.0,0.0
40012,2025-11-30 23:59:59.999999999,791794900000.0,791794876416.0,0.0
40012,2025-12-31 23:59:59.999999999,796852300000.0,796852289536.0,0.0
40012,2026-01-31 23:59:59.999999999,801909800000.0,801909768192.0,0.0
40012,2026-02-28 23:59:59.999999999,806967200000.0,806967181312.0,0.0
40012,2026-03-31 23:59:59.999999999,812024600000.0,812024594432.0,0.0
40012,2026-04-30 23:59:59.999999999,817082100000.0,817082073088.0,0.0
40012,2026-05-31 23:59:59.999999999,822139500000.0,822139486208.0,0.0
40012,2026-06-30 23:59:59.999999999,827196960000.0,827196964864.0,0.0
40012,2026-07-31 23:59:59.999999999,832254400000.0,832254377984.0,0.0
40012,2026-08-31 23:59:59.999999999,837311860000.0,837311856640.0,0.0
40012,2026-09-30 23:59:59.999999999,842369300000.0,842369269760.0,0.0
40012,2026-10-31 23:59:59.999999999,847426750000.0,847426748416.0,0.0
40012,2026-11-30 23:59:59.999999999,852484160000.0,852484161536.0,0.0
40012,2026-12-31 23:59:59.999999999,857541640000.0,857541640192.0,0.0
40012,2027-01-31 23:59:59.999999999,862599050000.0,862599053312.0,0.0
40012,2027-02-28 23:59:59.999999999,867656500000.0,867656531968.0,0.0
40012,2027-03-31 23:59:59.999999999,872713950000.0,872713945088.0,0.0
40012,2027-04-30 23:59:59.999999999,877771360000.0,877771358208.0,0.0
40012,2027-05-31 23:59:59.999999999,882828840000.0,882828836864.0,0.0
40012,2024-12-31 23:59:59.999999999,6607193600.0,6607193600.0,0.0
40012,2025-01-31 23:59:59.999999999,6510208500.0,6510208512.0,0.0
40012,2025-02-28 23:59:59.999999999,6418354000.0,6418354176.0,0.0
40012,2025-03-31 23:59:59.999999999,6385531400.0,6385531392.0,0.0
40012,2025-04-30 23:59:59.999999999,6409127400.0,6409127424.0,0.0
40012,2025-05-31 23:59:59.999999999,6414175700.0,6414175744.0,0.0
40012,2025-06-30 23:59:59.999999999,6357865500.0,6357865472.0,0.0
40012,2025-07-31 23:59:59.999999999,6312590300.0,6312590336.0,0.0
40012,2025-08-31 23:59:59.999999999,6276030500.0,6276030464.0,0.0
40012,2025-09-30 23:59:59.999999999,6264138000.0,6264138240.0,0.0
40012,2025-10-31 23:59:59.999999999,6254777000.0,6254776832.0,0.0
40012,2025-11-30 23:59:59.999999999,6212251000.0,6212251136.0,0.0
40012,2025-12-31 23:59:59.999999999,6186189300.0,6186189312.0,0.0
40012,2026-01-31 23:59:59.999999999,6155212000.0,6155211776.0,0.0
40012,2026-02-28 23:59:59.999999999,6139211300.0,6139211264.0,0.0
40012,2026-03-31 23:59:59.999999999,6144500700.0,6144500736.0,0.0
40012,2026-04-30 23:59:59.999999999,6156288500.0,6156288512.0,0.0
40012,2026-05-31 23:59:59.999999999,6159666700.0,6159666688.0,0.0
40012,2026-06-30 23:59:59.999999999,6154198500.0,6154198528.0,0.0
40012,2026-07-31 23:59:59.999999999,6148726000.0,6148725760.0,0.0
40012,2026-08-31 23:59:59.999999999,6148812000.0,6148811776.0,0.0
40012,2026-09-30 23:59:59.999999999,6152279000.0,6152279040.0,0.0
40012,2026-10-31 23:59:59.999999999,6154324500.0,6154324480.0,0.0
40012,2026-11-30 23:59:59.999999999,6153396000.0,6153396224.0,0.0
40012,2026-12-31 23:59:59.999999999,6151555600.0,6151555584.0,0.0
40012,2027-01-31 23:59:59.999999999,6151020500.0,6151020544.0,0.0
40012,2027-02-28 23:59:59.999999999,6151846400.0,6151846400.0,0.0
40012,2027-03-31 23:59:59.999999999,6152681500.0,6152681472.0,0.0
40012,2027-04-30 23:59:59.999999999,6152671000.0,6152671232.0,0.0
40012,2027-05-31 23:59:59.999999999,6152143000.0,6152142848.0,0.0
40012,2024-12-31 23:59:59.999999999,0.0,,
40012,2025-01-31 23:59:59.999999999,0.0,,
40012,2025-02-28 23:59:59.999999999,0.0,,
40012,2025-03-31 23:59:59.999999999,0.0,,
40012,2025-04-30 23:59:59.999999999,0.0,,
40012,2025-05-31 23:59:59.999999999,0.0,,
40012,2025-06-30 23:59:59.999999999,0.0,,
40012,2025-07-31 23:59:59.999999999,0.0,,
40012,2025-08-31 23:59:59.999999999,0.0,,
40012,2025-09-30 23:59:59.999999999,0.0,,
40012,2025-10-31 23:59:59.999999999,0.0,,
40012,2025-11-30 23:59:59.999999999,0.0,,
40012,2025-12-31 23:59:59.999999999,0.0,,
40012,2026-01-31 23:59:59.999999999,0.0,,
40012,2026-02-28 23:59:59.999999999,0.0,,
40012,2026-03-31 23:59:59.999999999,0.0,,
40012,2026-04-30 23:59:59.999999999,0.0,,
40012,2026-05-31 23:59:59.999999999,0.0,,
40012,2026-06-30 23:59:59.999999999,0.0,,
40012,2026-07-31 23:59:59.999999999,0.0,,
40012,2026-08-31 23:59:59.999999999,0.0,,
40012,2026-09-30 23:59:59.999999999,0.0,,
40012,2026-10-31 23:59:59.999999999,0.0,,
40012,2026-11-30 23:59:59.999999999,0.0,,
40012,2026-12-31 23:59:59.999999999,0.0,,
40012,2027-01-31 23:59:59.999999999,0.0,,
40012,2027-02-28 23:59:59.999999999,0.0,,
40012,2027-03-31 23:59:59.999999999,0.0,,
40012,2027-04-30 23:59:59.999999999,0.0,,
40012,2027-05-31 23:59:59.999999999,0.0,,
40012,2024-12-31 23:59:59.999999999,0.0,,
40012,2025-01-31 23:59:59.999999999,0.0,,
40012,2025-02-28 23:59:59.999999999,0.0,,
40012,2025-03-31 23:59:59.999999999,0.0,,
40012,2025-04-30 23:59:59.999999999,0.0,,
40012,2025-05-31 23:59:59.999999999,0.0,,
40012,2025-06-30 23:59:59.999999999,0.0,,
40012,2025-07-31 23:59:59.999999999,0.0,,
40012,2025-08-31 23:59:59.999999999,0.0,,
40012,2025-09-30 23:59:59.999999999,0.0,,
40012,2025-10-31 23:59:59.999999999,0.0,,
40012,2025-11-30 23:59:59.999999999,0.0,,
40012,2025-12-31 23:59:59.999999999,0.0,,
40012,2026-01-31 23:59:59.999999999,0.0,,
40012,2026-02-28 23:59:59.999999999,0.0,,
40012,2026-03-31 23:59:59.999999999,0.0,,
40012,2026-04-30 23:59:59.999999999,0.0,,
40012,2026-05-31 23:59:59.999999999,0.0,,
40012,2026-06-30 23:59:59.999999999,0.0,,
40012,2026-07-31 23:59:59.999999999,0.0,,
40012,2026-08-31 23:59:59.999999999,0.0,,
40012,2026-09-30 23:59:59.999999999,0.0,,
40012,2026-10-31 23:59:59.999999999,0.0,,
40012,2026-11-30 23:59:59.999999999,0.0,,
40012,2026-12-31 23:59:59.999999999,0.0,,
40012,2027-01-31 23:59:59.999999999,0.0,,
40012,2027-02-28 23:59:59.999999999,0.0,,
40012,2027-03-31 23:59:59.999999999,0.0,,
40012,2027-04-30 23:59:59.999999999,0.0,,
40012,2027-05-31 23:59:59.999999999,0.0,,
40012,2024-12-31 23:59:59.999999999,0.0,,
40012,2025-01-31 23:59:59.999999999,0.0,,
40012,2025-02-28 23:59:59.999999999,0.0,,
40012,2025-03-31 23:59:59.999999999,0.0,,
40012,2025-04-30 23:59:59.999999999,0.0,,
40012,2025-05-31 23:59:59.999999999,0.0,,
40012,2025-06-30 23:59:59.999999999,0.0,,
40012,2025-07-31 23:59:59.999999999,0.0,,
40012,2025-08-31 23:59:59.999999999,0.0,,
40012,2025-09-30 23:59:59.999999999,0.0,,
40012,2025-10-31 23:59:59.999999999,0.0,,
40012,2025-11-30 23:59:59.999999999,0.0,,
40012,2025-12-31 23:59:59.999999999,0.0,,
40012,2026-01-31 23:59:59.999999999,0.0,,
40012,2026-02-28 23:59:59.999999999,0.0,,
40012,2026-03-31 23:59:59.999999999,0.0,,
40012,2026-04-30 23:59:59.999999999,0.0,,
40012,2026-05-31 23:59:59.999999999,0.0,,
40012,2026-06-30 23:59:59.999999999,0.0,,
40012,2026-07-31 23:59:59.999999999,0.0,,
40012,2026-08-31 23:59:59.999999999,0.0,,
40012,2026-09-30 23:59:59.999999999,0.0,,
40012,2026-10-31 23:59:59.999999999,0.0,,
40012,2026-11-30 23:59:59.999999999,0.0,,
40012,2026-12-31 23:59:59.999999999,0.0,,
40012,2027-01-31 23:59:59.999999999,0.0,,
40012,2027-02-28 23:59:59.999999999,0.0,,
40012,2027-03-31 23:59:59.999999999,0.0,,
40012,2027-04-30 23:59:59.999999999,0.0,,
40012,2027-05-31 23:59:59.999999999,0.0,,
40012,2024-12-31 23:59:59.999999999,0.0,,
40012,2025-01-31 23:59:59.999999999,0.0,,
40012,2025-02-28 23:59:59.999999999,0.0,,
40012,2025-03-31 23:59:59.999999999,0.0,,
40012,2025-04-30 23:59:59.999999999,0.0,,
40012,2025-05-31 23:59:59.999999999,0.0,,
40012,2025-06-30 23:59:59.999999999,0.0,,
40012,2025-07-31 23:59:59.999999999,0.0,,
40012,2025-08-31 23:59:59.999999999,0.0,,
40012,2025-09-30 23:59:59.999999999,0.0,,
40012,2025-10-31 23:59:59.999999999,0.0,,
40012,2025-11-30 23:59:59.999999999,0.0,,
40012,2025-12-31 23:59:59.999999999,0.0,,
40012,2026-01-31 23:59:59.999999999,0.0,,
40012,2026-02-28 23:59:59.999999999,0.0,,
40012,2026-03-31 23:59:59.999999999,0.0,,
40012,2026-04-30 23:59:59.999999999,0.0,,
40012,2026-05-31 23:59:59.999999999,0.0,,
40012,2026-06-30 23:59:59.999999999,0.0,,
40012,2026-07-31 23:59:59.999999999,0.0,,
40012,2026-08-31 23:59:59.999999999,0.0,,
40012,2026-09-30 23:59:59.999999999,0.0,,
40012,2026-10-31 23:59:59.999999999,0.0,,
40012,2026-11-30 23:59:59.999999999,0.0,,
40012,2026-12-31 23:59:59.999999999,0.0,,
40012,2027-01-31 23:59:59.999999999,0.0,,
40012,2027-02-28 23:59:59.999999999,0.0,,
40012,2027-03-31 23:59:59.999999999,0.0,,
40012,2027-04-30 23:59:59.999999999,0.0,,
40012,2027-05-31 23:59:59.999999999,0.0,,
40014,2024-12-31 23:59:59.999999999,1788527200000.0,1788527247360.0,0.0
40014,2025-01-31 23:59:59.999999999,1794324700000.0,1794324692992.0,0.0
40014,2025-02-28 23:59:59.999999999,1800122000000.0,1800122007552.0,0.0
40014,2025-03-31 23:59:59.999999999,1805919300000.0,1805919322112.0,0.0
40014,2025-04-30 23:59:59.999999999,1811716600000.0,1811716636672.0,0.0
40014,2025-05-31 23:59:59.999999999,1817514100000.0,1817514082304.0,0.0
40014,2025-06-30 23:59:59.999999999,1823311400000.0,1823311396864.0,0.0
40014,2025-07-31 23:59:59.999999999,1829108700000.0,1829108711424.0,0.0
40014,2025-08-31 23:59:59.999999999,1834906200000.0,1834906157056.0,0.0
40014,2025-09-30 23:59:59.999999999,1840703500000.0,1840703471616.0,0.0
40014,2025-10-31 23:59:59.999999999,1846500800000.0,1846500786176.0,0.0
40014,2025-11-30 23:59:59.999999999,1852298100000.0,1852298100736.0,0.0
40014,2025-12-31 23:59:59.999999999,1858095500000.0,1858095546368.0,0.0
40014,2026-01-31 23:59:59.999999999,1863892900000.0,1863892860928.0,0.0
40014,2026-02-28 23:59:59.999999999,1869690200000.0,1869690175488.0,0.0
40014,2026-03-31 23:59:59.999999999,1875487600000.0,1875487621120.0,0.0
40014,2026-04-30 23:59:59.999999999,1881285000000.0,1881284935680.0,0.0
40014,2026-05-31 23:59:59.999999999,1887082300000.0,1887082250240.0,0.0
40014,2026-06-30 23:59:59.999999999,1892879700000.0,1892879695872.0,0.0
40014,2026-07-31 23:59:59.999999999,1898677000000.0,1898677010432.0,0.0
40014,2026-08-31 23:59:59.999999999,1904474300000.0,1904474324992.0,0.0
40014,2026-09-30 23:59:59.999999999,1910271600000.0,1910271639552.0,0.0
40014,2026-10-31 23:59:59.999999999,1916069100000.0,1916069085184.0,0.0
40014,2026-11-30 23:59:59.999999999,1921866400000.0,1921866399744.0,0.0
40014,2026-12-31 23:59:59.999999999,1927663700000.0,1927663714304.0,0.0
40014,2027-01-31 23:59:59.999999999,1933461200000.0,1933461159936.0,0.0
40014,2027-02-28 23:59:59.999999999,1939258500000.0,1939258474496.0,0.0
40014,2027-03-31 23:59:59.999999999,1945055800000.0,1945055789056.0,0.0
40014,2027-04-30 23:59:59.999999999,1950853100000.0,1950853103616.0,0.0
40014,2027-05-31 23:59:59.999999999,1956650500000.0,1956650549248.0,0.0
40014,2024-12-31 23:59:59.999999999,2345183000.0,2337987610.573347,0.3077589202830883
40014,2025-01-31 23:59:59.999999999,2345183000.0,2331957330.527537,0.5671478332526444
40014,2025-02-28 23:59:59.999999999,2345183000.0,2329977907.843618,0.6525842200132401
40014,2025-03-31 23:59:59.999999999,2345183000.0,2336978379.9775844,0.3510771042089972
40014,2025-04-30 23:59:59.999999999,2345183000.0,2335164293.8312726,0.4290354299778146
40014,2025-05-31 23:59:59.999999999,2345183000.0,2333423355.7658715,0.5039642808524455
40014,2025-06-30 23:59:59.999999999,2345183000.0,2339493075.6039085,0.2432108244057397
40014,2025-07-31 23:59:59.999999999,2345183000.0,2327447795.749041,0.7620012050689721
40014,2025-08-31 23:59:59.999999999,2345183000.0,2327667522.262437,0.7524895016165596
40014,2025-09-30 23:59:59.999999999,2345183000.0,2328816901.853366,0.7027634561398676
40014,2025-10-31 23:59:59.999999999,2345183000.0,2328201550.5604577,0.7293795262465326
40014,2025-11-30 23:59:59.999999999,2345183000.0,2334118403.78097,0.47403645852355764
40014,2025-12-31 23:59:59.999999999,2345183000.0,2337256195.08966,0.33914899560404205
40014,2026-01-31 23:59:59.999999999,2345183000.0,2334231739.976807,0.46915804612020623
40014,2026-02-28 23:59:59.999999999,2345183000.0,2332676545.245197,0.5361408027313355
40014,2026-03-31 23:59:59.999999999,2345183000.0,2334891893.6558056,0.44075198394223625
40014,2026-04-30 23:59:59.999999999,2345183000.0,2332031874.5324306,0.5639331782378031
40014,2026-05-31 23:59:59.999999999,2345183000.0,2330466035.775542,0.6315020257122372
40014,2026-06-30 23:59:59.999999999,2345183000.0,2333236951.608415,0.5119936225658474
40014,2026-07-31 23:59:59.999999999,2345183000.0,2329735686.655076,0.6630490073791356
40014,2026-08-31 23:59:59.999999999,2345183000.0,2328487766.9635053,0.7169979277265578
40014,2026-09-30 23:59:59.999999999,2345183000.0,2330652732.817523,0.6234409347166623
40014,2026-10-31 23:59:59.999999999,2345183000.0,2327360855.645938,0.7657652362257211
40014,2026-11-30 23:59:59.999999999,2345183000.0,2325997717.9491973,0.8248184382449915
40014,2026-12-31 23:59:59.999999999,2345183000.0,2328175482.4666796,0.7305073720345664
40014,2027-01-31 23:59:59.999999999,2345183000.0,2325190009.8681145,0.8598422514734413
40014,2027-02-28 23:59:59.999999999,2345183000.0,2324054910.310388,0.9091035498292148
40014,2027-03-31 23:59:59.999999999,2345183000.0,2325948114.399246,0.8269686448152704
40014,2027-04-30 23:59:59.999999999,2345183000.0,2323041398.2912097,0.9531288475994132
40014,2027-05-31 23:59:59.999999999,2345183000.0,2322002391.06713,0.9983015100262983
40014,2024-12-31 23:59:59.999999999,3140674800.0,3131038764.9034877,0.3077589202831011
40014,2025-01-31 23:59:59.999999999,3140674800.0,3122962999.017788,0.5671478332526726
40014,2025-02-28 23:59:59.999999999,3140674800.0,3120312151.285554,0.6525842200132684
40014,2025-03-31 23:59:59.999999999,3140674800.0,3129687200.8046155,0.3510771042089983
40014,2025-04-30 23:59:59.999999999,3140674800.0,3127257772.170653,0.42903542997781935
40014,2025-05-31 23:59:59.999999999,3140674800.0,3124926303.6267586,0.503964280852443
40014,2025-06-30 23:59:59.999999999,3140674800.0,3133054887.3793206,0.24321082440573374
40014,2025-07-31 23:59:59.999999999,3140674800.0,3116923818.9386067,0.7620012050689481
40014,2025-08-31 23:59:59.999999999,3140674800.0,3117218077.226378,0.7524895016165584
40014,2025-09-30 23:59:59.999999999,3140674800.0,3118757329.2046657,0.702763456139874
40014,2025-10-31 23:59:59.999999999,3140674800.0,3117933249.2380247,0.7293795262465281
40014,2025-11-30 23:59:59.999999999,3140674800.0,3125857113.6399946,0.4740364585235465
40014,2025-12-31 23:59:59.999999999,3140674800.0,3130059251.486771,0.33914899560404566
40014,2026-01-31 23:59:59.999999999,3140674800.0,3126008893.7525263,0.46915804612022194
40014,2026-02-28 23:59:59.999999999,3140674800.0,3123926173.1386003,0.5361408027313377
40014,2026-03-31 23:59:59.999999999,3140674800.0,3126892973.184937,0.44075198394223664
40014,2026-04-30 23:59:59.999999999,3140674800.0,3123062828.5326924,0.5639331782377943
40014,2026-05-31 23:59:59.999999999,3140674800.0,3120965853.413904,0.6315020257122306
40014,2026-06-30 23:59:59.999999999,3140674800.0,3124676670.72011,0.5119936225658556
40014,2026-07-31 23:59:59.999999999,3140674800.0,3119987768.073439,0.6630490073791194
40014,2026-08-31 23:59:59.999999999,3140674800.0,3118316550.949736,0.7169979277265579
40014,2026-09-30 23:59:59.999999999,3140674800.0,3121215878.55223,0.6234409347166371
40014,2026-10-31 23:59:59.999999999,3140674800.0,3116807388.538457,0.765765236225748
40014,2026-11-30 23:59:59.999999999,3140674800.0,3114981871.1785307,0.8248184382449895
40014,2026-12-31 23:59:59.999999999,3140674800.0,3117898338.782649,0.7305073720345802
40014,2027-01-31 23:59:59.999999999,3140674800.0,3113900186.5275264,0.85984225147343
40014,2027-02-28 23:59:59.999999999,3140674800.0,3112380058.4048653,0.9091035498291992
40014,2027-03-31 23:59:59.999999999,3140674800.0,3114915441.9822974,0.8269686448152699
40014,2027-04-30 23:59:59.999999999,3140674800.0,3111022760.6132116,0.9531288475994202
40014,2027-05-31 23:59:59.999999999,3140674800.0,3109631319.580378,0.9983015100263087
40014,2024-12-31 23:59:59.999999999,40592860000.0,40468314288.88775,0.3077589202830972
40014,2025-01-31 23:59:59.999999999,40756896000.0,40527047472.37913,0.5671478332526535
40014,2025-02-28 23:59:59.999999999,40923877000.0,40658546119.9345,0.6525842200132409
40014,2025-03-31 23:59:59.999999999,41093317000.0,40949552106.27872,0.35107710420900995
40014,2025-04-30 23:59:59.999999999,41264810000.0,41088527690.551285,0.42903542997782695
40014,2025-05-31 23:59:59.999999999,41438030000.0,41230246158.45386,0.5039642808524395
40014,2025-06-30 23:59:59.999999999,41612694000.0,41511732477.21706,0.24321082440573713
40014,2025-07-31 23:59:59.999999999,41788560000.0,41472538119.75478,0.7620012050689626
40014,2025-08-31 23:59:59.999999999,41965430000.0,41652001795.2774,0.7524895016165584
40014,2025-09-30 23:59:59.999999999,42143146000.0,41849046180.698944,0.7027634561398838
40014,2025-10-31 23:59:59.999999999,42321564000.0,42015114008.49291,0.7293795262465363
40014,2025-11-30 23:59:59.999999999,42500575000.0,42300057537.29677,0.47403645852356474
40014,2025-12-31 23:59:59.999999999,42680080000.0,42535818534.66772,0.3391489956040409
40014,2026-01-31 23:59:59.999999999,42859990000.0,42659848926.299545,0.4691580461201968
40014,2026-02-28 23:59:59.999999999,43040250000.0,42810726133.25406,0.5361408027313337
40014,2026-03-31 23:59:59.999999999,43220800000.0,43031138889.63101,0.4407519839422367
40014,2026-04-30 23:59:59.999999999,43401593000.0,43158209370.22795,0.5639331782377964
40014,2026-05-31 23:59:59.999999999,43582583000.0,43309085034.68851,0.6315020257122363
40014,2026-06-30 23:59:59.999999999,43763745000.0,43540818553.79162,0.5119936225658505
40014,2026-07-31 23:59:59.999999999,43945050000.0,43655592141.63938,0.6630490073791235
40014,2026-08-31 23:59:59.999999999,44126470000.0,43812336598.50017,0.7169979277265617
40014,2026-09-30 23:59:59.999999999,44307990000.0,44033465829.04725,0.6234409347166552
40014,2026-10-31 23:59:59.999999999,44489593000.0,44151496024.173294,0.7657652362257334
40014,2026-11-30 23:59:59.999999999,44671263000.0,44305820146.21832,0.8248184382450017
40014,2026-12-31 23:59:59.999999999,44852994000.0,44527715801.47164,0.7305073720345835
40014,2027-01-31 23:59:59.999999999,45034770000.0,44650843612.9763,0.8598422514734327
40014,2027-02-28 23:59:59.999999999,45216588000.0,44809225516.18141,0.9091035498292254
40014,2027-03-31 23:59:59.999999999,45398440000.0,45026090334.94382,0.8269686448152671
40014,2027-04-30 23:59:59.999999999,45580320000.0,45149983252.930016,0.9531288475994233
40014,2027-05-31 23:59:59.999999999,45762230000.0,45309898819.88965,0.99830151002631
40014,2024-12-31 23:59:59.999999999,60842824000.0,60656148970.84203,0.30775892028309093
40014,2025-01-31 23:59:59.999999999,61899407000.0,61550326019.61978,0.5671478332526547
40014,2025-02-28 23:59:59.999999999,62742995000.0,62336198747.61696,0.6525842200132435
40014,2025-03-31 23:59:59.999999999,61656347000.0,61440642595.16948,0.3510771042089971
40014,2025-04-30 23:59:59.999999999,62721450000.0,62453502331.73483,0.4290354299778214
40014,2025-05-31 23:59:59.999999999,63502086000.0,63183663050.88935,0.503964280852449
40014,2025-06-30 23:59:59.999999999,62470525000.0,62318958475.331085,0.24321082440572603
40014,2025-07-31 23:59:59.999999999,63541550000.0,63061025331.04856,0.7620012050689706
40014,2025-08-31 23:59:59.999999999,64262492000.0,63782535278.166916,0.7524895016165589
40014,2025-09-30 23:59:59.999999999,63285280000.0,62843638641.1216,0.7027634561398791
40014,2025-10-31 23:59:59.999999999,64359790000.0,63893760536.10069,0.7293795262465357
40014,2025-11-30 23:59:59.999999999,65024217000.0,64717432861.21732,0.47403645852355913
40014,2025-12-31 23:59:59.999999999,64100520000.0,63883858471.64032,0.33914899560404876
40014,2026-01-31 23:59:59.999999999,65176252000.0,64871900674.31535,0.4691580461201874
40014,2026-02-28 23:59:59.999999999,65787250000.0,65436417306.97178,0.5361408027313296
40014,2026-03-31 23:59:59.999999999,64916173000.0,64631309023.23226,0.4407519839422434
40014,2026-04-30 23:59:59.999999999,65991020000.0,65620962166.46443,0.5639331782378016
40014,2026-05-31 23:59:59.999999999,66551587000.0,66133949584.68918,0.6315020257122367
40014,2026-06-30 23:59:59.999999999,65732166000.0,65397335445.19261,0.5119936225658592
40014,2026-07-31 23:59:59.999999999,66804180000.0,66364152092.296455,0.6630490073791252
40014,2026-08-31 23:59:59.999999999,67317215000.0,66837988241.37522,0.7169979277265549
40014,2026-09-30 23:59:59.999999999,66548430000.0,66136109222.47816,0.6234409347166509
40014,2026-10-31 23:59:59.999999999,67615800000.0,67101957877.74539,0.765765236225732
40014,2026-11-30 23:59:59.999999999,68084130000.0,67527153380.09897,0.8248184382449903
40014,2026-12-31 23:59:59.999999999,67364893000.0,66876355961.55277,0.7305073720345757
40014,2027-01-31 23:59:59.999999999,68425970000.0,67842630066.18016,0.8598422514734386
40014,2027-02-28 23:59:59.999999999,68852310000.0,68232010387.44787,0.9091035498292214
40014,2027-03-31 23:59:59.999999999,68181504000.0,67622288874.10475,0.8269686448152659
40014,2027-04-30 23:59:59.999999999,69234750000.0,68581087407.91777,0.9531288475994083
40014,2027-05-31 23:59:59.999999999,69621735000.0,68933570548.30127,0.9983015100262914
40014,2024-12-31 23:59:59.999999999,7875651600.0,7851487929.521946,0.30775892028309215
40014,2025-01-31 23:59:59.999999999,7753415000.0,7709689829.183287,0.567147833252655
40014,2025-02-28 23:59:59.999999999,7640589300.0,7591051309.0241995,0.6525842200132412
40014,2025-03-31 23:59:59.999999999,7536449500.0,7510083352.841163,0.3510771042090052
40014,2025-04-30 23:59:59.999999999,7440327000.0,7408541898.411065,0.42903542997782046
40014,2025-05-31 23:59:59.999999999,7351604000.0,7314740544.419096,0.5039642808524463
40014,2025-06-30 23:59:59.999999999,7269712000.0,7252074042.933667,0.2432108244057285
40014,2025-07-31 23:59:59.999999999,7194124300.0,7139719539.073713,0.7620012050689742
40014,2025-08-31 23:59:59.999999999,7124355600.0,7071145953.059245,0.7524895016165575
40014,2025-09-30 23:59:59.999999999,7059958300.0,7010689706.717826,0.7027634561398958
40014,2025-10-31 23:59:59.999999999,7000518700.0,6949828033.216377,0.7293795262465386
40014,2025-11-30 23:59:59.999999999,6945655000.0,6912885187.873604,0.4740364585235658
40014,2025-12-31 23:59:59.999999999,6895014400.0,6871709067.716009,0.339148995604044
40014,2026-01-31 23:59:59.999999999,6848273000.0,6816293705.632838,0.46915804612020806
40014,2026-02-28 23:59:59.999999999,6805129700.0,6768839219.075256,0.5361408027313372
40014,2026-03-31 23:59:59.999999999,6765308000.0,6735620522.9144335,0.440751983942247
40014,2026-04-30 23:59:59.999999999,6728552000.0,6690820181.102532,0.5639331782377996
40014,2026-05-31 23:59:59.999999999,6694626000.0,6652614397.318112,0.6315020257122342
40014,2026-06-30 23:59:59.999999999,6663311000.0,6629368902.005368,0.5119936225658586
40014,2026-07-31 23:59:59.999999999,6634407400.0,6590707801.343929,0.6630490073791436
40014,2026-08-31 23:59:59.999999999,6607728600.0,6560688638.417952,0.7169979277265575
40014,2026-09-30 23:59:59.999999999,6583104000.0,6542316520.731032,0.6234409347166541
40014,2026-10-31 23:59:59.999999999,6560375000.0,6510519489.055115,0.7657652362257324
40014,2026-11-30 23:59:59.999999999,6539395600.0,6485898695.672204,0.824818438244995
40014,2026-12-31 23:59:59.999999999,6520031000.0,6472747335.540704,0.7305073720345728
40014,2027-01-31 23:59:59.999999999,6502158000.0,6446726148.73638,0.8598422514734169
40014,2027-02-28 23:59:59.999999999,6485660700.0,6427230491.446553,0.909103549829222
40014,2027-03-31 23:59:59.999999999,6470433300.0,6417363694.42336,0.826968644815272
40014,2027-04-30 23:59:59.999999999,6456378400.0,6395421758.296031,0.9531288475994117
40014,2027-05-31 23:59:59.999999999,6443405300.0,6379716505.787328,0.9983015100263037
40014,2024-12-31 23:59:59.999999999,154321680000.0,153848200870.12714,0.30775892028309065
40014,2025-01-31 23:59:59.999999999,155101800000.0,154227110874.38776,0.5671478332526444
40014,2025-02-28 23:59:59.999999999,155778300000.0,154768308393.84036,0.6525842200132455
40014,2025-03-31 23:59:59.999999999,157764630000.0,157212694799.64847,0.3510771042089955
40014,2025-04-30 23:59:59.999999999,158257820000.0,157581742238.62,0.42903542997782096
40014,2025-05-31 23:59:59.999999999,159242400000.0,158443903162.8707,0.5039642808524433
40014,2025-06-30 23:59:59.999999999,159754290000.0,159366692106.30014,0.24321082440572098
40014,2025-07-31 23:59:59.999999999,161551960000.0,160330239657.71823,0.7620012050689626
40014,2025-08-31 23:59:59.999999999,162193880000.0,160982506673.84018,0.752489501616557
40014,2025-09-30 23:59:59.999999999,163515900000.0,162374797358.1855,0.702763456139882
40014,2025-10-31 23:59:59.999999999,164991390000.0,163796686106.8662,0.7293795262465377
40014,2025-11-30 23:59:59.999999999,166134820000.0,165351000931.05316,0.4740364585235692
40014,2025-12-31 23:59:59.999999999,167076200000.0,166511478441.30087,0.3391489956040506
40014,2026-01-31 23:59:59.999999999,168041040000.0,167256341241.41962,0.46915804612020284
40014,2026-02-28 23:59:59.999999999,168987970000.0,168086785646.15143,0.5361408027313332
40014,2026-03-31 23:59:59.999999999,170161030000.0,169414332090.22983,0.4407519839422336
40014,2026-04-30 23:59:59.999999999,171076320000.0,170116975214.94833,0.5639331782377986
40014,2026-05-31 23:59:59.999999999,172076450000.0,170996602781.5355,0.6315020257122393
40014,2026-06-30 23:59:59.999999999,172994970000.0,172113758134.79144,0.5119936225658577
40014,2026-07-31 23:59:59.999999999,174135440000.0,172988445286.6463,0.6630490073791305
40014,2026-08-31 23:59:59.999999999,175076430000.0,173830067744.50623,0.7169979277265539
40014,2026-09-30 23:59:59.999999999,176134800000.0,175043506486.99664,0.6234409347166644
40014,2026-10-31 23:59:59.999999999,177219670000.0,175872892449.67572,0.765765236225728
40014,2026-11-30 23:59:59.999999999,178247200000.0,176789016459.45047,0.824818438244997
40014,2026-12-31 23:59:59.999999999,179239880000.0,177940013737.8457,0.7305073720345742
40014,2027-01-31 23:59:59.999999999,180236580000.0,178700044426.61813,0.8598422514734374
40014,2027-02-28 23:59:59.999999999,181230200000.0,179597479910.72775,0.9091035498292205
40014,2027-03-31 23:59:59.999999999,182262870000.0,180767979600.83502,0.8269686448152749
40014,2027-04-30 23:59:59.999999999,183251040000.0,181520914107.21793,0.9531288475994281
40014,2027-05-31 23:59:59.999999999,184253840000.0,182432613868.96567,0.9983015100262994
40014,2024-12-31 23:59:59.999999999,19743711000.0,19683134629.38673,0.30775892028310126
40014,2025-01-31 23:59:59.999999999,19743711000.0,19632366689.703133,0.5671478332526553
40014,2025-02-28 23:59:59.999999999,19743711000.0,19615702254.442726,0.6525842200132362
40014,2025-03-31 23:59:59.999999999,19743711000.0,19674638082.35686,0.35107710420899635
40014,2025-04-30 23:59:59.999999999,19743711000.0,19659365588.317253,0.4290354299778118
40014,2025-05-31 23:59:59.999999999,19743711000.0,19644708915.985996,0.5039642808524388
40014,2025-06-30 23:59:59.999999999,19743711000.0,19695808892.818398,0.243210824405739
40014,2025-07-31 23:59:59.999999999,19743711000.0,19594401655.260857,0.7620012050689773
40014,2025-08-31 23:59:59.999999999,19743711000.0,19596251496.77638,0.7524895016165657
40014,2025-09-30 23:59:59.999999999,19743711000.0,19605927935.234055,0.7027634561398819
40014,2025-10-31 23:59:59.999999999,19743711000.0,19600747393.52036,0.7293795262465458
40014,2025-11-30 23:59:59.999999999,19743711000.0,19650560411.346024,0.47403645852355514
40014,2025-12-31 23:59:59.999999999,19743711000.0,19676976962.26723,0.33914899560404693
40014,2026-01-31 23:59:59.999999999,19743711000.0,19651514570.209377,0.46915804612021006
40014,2026-02-28 23:59:59.999999999,19743711000.0,19638421640.57247,0.5361408027313296
40014,2026-03-31 23:59:59.999999999,19743711000.0,19657072295.870987,0.4407519839422464
40014,2026-04-30 23:59:59.999999999,19743711000.0,19632994263.466785,0.5639331782378071
40014,2026-05-31 23:59:59.999999999,19743711000.0,19619811723.525013,0.631502025712235
40014,2026-06-30 23:59:59.999999999,19743711000.0,19643139609.925472,0.5119936225658649
40014,2026-07-31 23:59:59.999999999,19743711000.0,19613663033.942757,0.6630490073791226
40014,2026-08-31 23:59:59.999999999,19743711000.0,19603157002.522926,0.7169979277265613
40014,2026-09-30 23:59:59.999999999,19743711000.0,19621383495.33236,0.6234409347166608
40014,2026-10-31 23:59:59.999999999,19743711000.0,19593669720.7774,0.765765236225723
40014,2026-11-30 23:59:59.999999999,19743711000.0,19582193687.849766,0.8248184382450041
40014,2026-12-31 23:59:59.999999999,19743711000.0,19600527930.50993,0.7305073720345718
40014,2027-01-31 23:59:59.999999999,19743711000.0,19575393725.852837,0.8598422514734392
40014,2027-02-28 23:59:59.999999999,19743711000.0,19565837508.655,0.9091035498292281
40014,2027-03-31 23:59:59.999999999,19743711000.0,19581776083.68995,0.8269686448152677
40014,2027-04-30 23:59:59.999999999,19743711000.0,19557304917.022873,0.9531288475994316
40014,2027-05-31 23:59:59.999999999,19743711000.0,19548557685.437912,0.9983015100262951
40014,2024-12-31 23:59:59.999999999,445920740000.0,444552589079.75757,0.30775892028310076
40014,2025-01-31 23:59:59.999999999,448691270000.0,446160881953.1816,0.5671478332526584
40014,2025-02-28 23:59:59.999999999,450496500000.0,447575687308.0121,0.6525842200132459
40014,2025-03-31 23:59:59.999999999,450049500000.0,448475014234.9231,0.351077104209008
40014,2025-04-30 23:59:59.999999999,451738470000.0,449808629962.3637,0.4290354299778029
40014,2025-05-31 23:59:59.999999999,453193040000.0,450920561307.9884,0.5039642808524415
40014,2025-06-30 23:59:59.999999999,454414300000.0,453311799866.41644,0.24321082440572842
40014,2025-07-31 23:59:59.999999999,458084970000.0,454620758930.45624,0.7620012050689675
40014,2025-08-31 23:59:59.999999999,459297520000.0,455867169075.3911,0.7524895016165501
40014,2025-09-30 23:59:59.999999999,461216900000.0,457998262842.9841,0.702763456139872
40014,2025-10-31 23:59:59.999999999,461502900000.0,458161172578.00494,0.7293795262465425
40014,2025-11-30 23:59:59.999999999,460377030000.0,458204972033.7921,0.47403645852356635
40014,2025-12-31 23:59:59.999999999,461944550000.0,460383168579.8315,0.3391489956040325
40014,2026-01-31 23:59:59.999999999,463512080000.0,461347626776.3939,0.469158046120208
40014,2026-02-28 23:59:59.999999999,465079600000.0,462599414887.5912,0.53614080273134
40014,2026-03-31 23:59:59.999999999,466647120000.0,464599390887.28076,0.44075198394223697
40014,2026-04-30 23:59:59.999999999,468214640000.0,465589033700.7249,0.5639331782377841
40014,2026-05-31 23:59:59.999999999,469782170000.0,466834100749.0542,0.6315020257122409
40014,2026-06-30 23:59:59.999999999,471349700000.0,468948702915.96497,0.5119936225658541
40014,2026-07-31 23:59:59.999999999,472917200000.0,469802194397.40265,0.6630490073791305
40014,2026-08-31 23:59:59.999999999,474484700000.0,471106876688.7642,0.716997927726564
40014,2026-09-30 23:59:59.999999999,476052230000.0,473102710090.0448,0.6234409347166547
40014,2026-10-31 23:59:59.999999999,477619750000.0,473990097474.3887,0.7657652362257317
40014,2026-11-30 23:59:59.999999999,479187270000.0,475267180345.5825,0.8248184382449998
40014,2026-12-31 23:59:59.999999999,480754800000.0,477268314275.8299,0.73050737203458
40014,2027-01-31 23:59:59.999999999,482322320000.0,478210461711.2405,0.8598422514734522
40014,2027-02-28 23:59:59.999999999,483889840000.0,479530412128.8262,0.909103549829216
40014,2027-03-31 23:59:59.999999999,485457360000.0,481475709791.6215,0.826968644815271
40014,2027-04-30 23:59:59.999999999,487024900000.0,482426737357.71094,0.9531288475994265
40014,2027-05-31 23:59:59.999999999,488592380000.0,483762962844.9707,0.9983015100262971
40014,2024-12-31 23:59:59.999999999,52113452.0,51998628.21788307,0.22082079095586152
40014,2025-01-31 23:59:59.999999999,87361750.0,87036112.09405914,0.37414344242415654
40014,2025-02-28 23:59:59.999999999,119715730.0,119102497.353461,0.5148763965201464
40014,2025-03-31 23:59:59.999999999,147671540.0,146737583.1985949,0.6364782498435242
40014,2025-04-30 23:59:59.999999999,172118260.0,170849160.56573412,0.7428163123913026
40014,2025-05-31 23:59:59.999999999,193444640.0,191841646.551769,0.8355815731587977
40014,2025-06-30 23:59:59.999999999,212058050.0,210132090.8068301,0.9165459620065279
40014,2025-07-31 23:59:59.999999999,228302000.0,226070226.31981412,0.9872037182944503
40014,2025-08-31 23:59:59.999999999,242478400.0,239961520.25634277,1.0488680605826024
40014,2025-09-30 23:59:59.999999999,254850350.0,252070808.94370526,1.1026834356355368
40014,2025-10-31 23:59:59.999999999,265647570.0,262628264.67098176,1.149649042078845
40014,2025-11-30 23:59:59.999999999,275070460.0,271833909.84999156,1.1906366471329848
40014,2025-12-31 23:59:59.999999999,283293980.0,279861739.42114866,1.2264072202046685
40014,2026-01-31 23:59:59.999999999,290470800.0,286863122.28200245,1.2576247826135762
40014,2026-02-28 23:59:59.999999999,296734080.0,292969802.4275208,1.2848687957901228
40014,2026-03-31 23:59:59.999999999,302200160.0,298296517.27911794,1.308645087944287
40014,2026-04-30 23:59:59.999999999,306970500.0,302943184.3310044,1.3293950408190278
40014,2026-05-31 23:59:59.999999999,311133660.0,306996869.0894011,1.3475039412842318
40014,2026-06-30 23:59:59.999999999,314766900.0,310533386.11981857,1.3633078018052256
40014,2026-07-31 23:59:59.999999999,317937700.0,313618850.6764988,1.3771000417178891
40014,2026-08-31 23:59:59.999999999,320704900.0,316310904.8918411,1.38913677657157
40014,2026-09-30 23:59:59.999999999,323119870.0,318659777.78826314,1.3996414115057894
40014,2026-10-31 23:59:59.999999999,325227500.0,320709306.1254029,1.4088090954337273
40014,2026-11-30 23:59:59.999999999,327066800.0,322497637.9151287,1.416809783293283
40014,2026-12-31 23:59:59.999999999,328672030.0,324058118.0079715,1.4237921334576709
40014,2027-01-31 23:59:59.999999999,330072900.0,325419765.64568675,1.4298855956338954
40014,2027-02-28 23:59:59.999999999,331295500.0,326607998.21158326,1.4352036123071588
40014,2027-03-31 23:59:59.999999999,332362460.0,327644886.3630944,1.4398447322866548
40014,2027-04-30 23:59:59.999999999,333293630.0,328549718.6580606,1.4438951161838114
40014,2027-05-31 23:59:59.999999999,334106270.0,329339316.17192197,1.4474299283446563
40014,2024-12-31 23:59:59.999999999,22988276000.0,22937624667.782116,0.22082079095586496
40014,2025-01-31 23:59:59.999999999,22988276000.0,22902587183.90594,0.3741434424241548
40014,2025-02-28 23:59:59.999999999,22988276000.0,22870520798.646538,0.5148763965201477
40014,2025-03-31 23:59:59.999999999,22988276000.0,22842885712.801407,0.6364782498435168
40014,2025-04-30 23:59:59.999999999,22988276000.0,22818774135.434265,0.7428163123913101
40014,2025-05-31 23:59:59.999999999,22988276000.0,22797781649.44823,0.8355815731588065
40014,2025-06-30 23:59:59.999999999,22988276000.0,22779491205.19317,0.9165459620065333
40014,2025-07-31 23:59:59.999999999,22988276000.0,22763553069.680187,0.9872037182944481
40014,2025-08-31 23:59:59.999999999,22988276000.0,22749661775.743656,1.0488680605826013
40014,2025-09-30 23:59:59.999999999,22988276000.0,22737552487.056293,1.1026834356355402
40014,2025-10-31 23:59:59.999999999,22988276000.0,22726995031.329018,1.149649042078852
40014,2025-11-30 23:59:59.999999999,22988276000.0,22717789386.15001,1.1906366471329906
40014,2025-12-31 23:59:59.999999999,22988276000.0,22709761556.57885,1.226407220204682
40014,2026-01-31 23:59:59.999999999,22988276000.0,22702760173.718,1.2576247826135716
40014,2026-02-28 23:59:59.999999999,22988276000.0,22696653493.57248,1.2848687957901193
40014,2026-03-31 23:59:59.999999999,22988276000.0,22691326778.720882,1.3086450879442875
40014,2026-04-30 23:59:59.999999999,22988276000.0,22686680111.668995,1.3293950408190314
40014,2026-05-31 23:59:59.999999999,22988276000.0,22682626426.9106,1.3475039412842416
40014,2026-06-30 23:59:59.999999999,22988276000.0,22679089909.88018,1.363307801805232
40014,2026-07-31 23:59:59.999999999,22988276000.0,22676004445.3235,1.3771000417178807
40014,2026-08-31 23:59:59.999999999,22988276000.0,22673312391.10816,1.3891367765715685
40014,2026-09-30 23:59:59.999999999,22988276000.0,22670963518.21174,1.3996414115057896
40014,2026-10-31 23:59:59.999999999,22988276000.0,22668913989.874596,1.408809095433738
40014,2026-11-30 23:59:59.999999999,22988276000.0,22667125658.084873,1.4168097832932758
40014,2026-12-31 23:59:59.999999999,22988276000.0,22665565177.992027,1.4237921334576757
40014,2027-01-31 23:59:59.999999999,22988276000.0,22664203530.354313,1.4298855956339043
40014,2027-02-28 23:59:59.999999999,22988276000.0,22663015297.788418,1.4352036123071537
40014,2027-03-31 23:59:59.999999999,22988276000.0,22661978409.636906,1.4398447322866472
40014,2027-04-30 23:59:59.999999999,22988276000.0,22661073577.341938,1.4438951161838185
40014,2027-05-31 23:59:59.999999999,22988276000.0,22660283979.82808,1.4474299283446546
40014,2024-12-31 23:59:59.999999999,0.0,,
40014,2025-01-31 23:59:59.999999999,0.0,,
40014,2025-02-28 23:59:59.999999999,0.0,,
40014,2025-03-31 23:59:59.999999999,0.0,,
40014,2025-04-30 23:59:59.999999999,0.0,,
40014,2025-05-31 23:59:59.999999999,0.0,,
40014,2025-06-30 23:59:59.999999999,0.0,,
40014,2025-07-31 23:59:59.999999999,0.0,,
40014,2025-08-31 23:59:59.999999999,0.0,,
40014,2025-09-30 23:59:59.999999999,0.0,,
40014,2025-10-31 23:59:59.999999999,0.0,,
40014,2025-11-30 23:59:59.999999999,0.0,,
40014,2025-12-31 23:59:59.999999999,0.0,,
40014,2026-01-31 23:59:59.999999999,0.0,,
40014,2026-02-28 23:59:59.999999999,0.0,,
40014,2026-03-31 23:59:59.999999999,0.0,,
40014,2026-04-30 23:59:59.999999999,0.0,,
40014,2026-05-31 23:59:59.999999999,0.0,,
40014,2026-06-30 23:59:59.999999999,0.0,,
40014,2026-07-31 23:59:59.999999999,0.0,,
40014,2026-08-31 23:59:59.999999999,0.0,,
40014,2026-09-30 23:59:59.999999999,0.0,,
40014,2026-10-31 23:59:59.999999999,0.0,,
40014,2026-11-30 23:59:59.999999999,0.0,,
40014,2026-12-31 23:59:59.999999999,0.0,,
40014,2027-01-31 23:59:59.999999999,0.0,,
40014,2027-02-28 23:59:59.999999999,0.0,,
40014,2027-03-31 23:59:59.999999999,0.0,,
40014,2027-04-30 23:59:59.999999999,0.0,,
40014,2027-05-31 23:59:59.999999999,0.0,,
40014,2024-12-31 23:59:59.999999999,5807772000.0,5094738441.352824,13.995492150483027
40014,2025-01-31 23:59:59.999999999,5807772000.0,5067172820.632355,14.615632140117585
40014,2025-02-28 23:59:59.999999999,5807772000.0,4999113557.321942,16.17603987998347
40014,2025-03-31 23:59:59.999999999,5807772000.0,4998311904.59382,16.19467273865455
40014,2025-04-30 23:59:59.999999999,5807772000.0,5020280849.438561,15.686200317846898
40014,2025-05-31 23:59:59.999999999,5807772000.0,5153730718.949537,12.690640561518768
40014,2025-06-30 23:59:59.999999999,5807772000.0,5052824986.142454,14.94109089327286
40014,2025-07-31 23:59:59.999999999,5807772000.0,5016070662.814263,15.783300324193462
40014,2025-08-31 23:59:59.999999999,5807772000.0,5327474582.833684,9.015483221899217
40014,2025-09-30 23:59:59.999999999,5807772000.0,5041217748.588959,15.205738963082888
40014,2025-10-31 23:59:59.999999999,5807772000.0,4886853265.178297,18.84482395622131
40014,2025-11-30 23:59:59.999999999,5807772000.0,4996040331.835978,16.24750350775735
40014,2025-12-31 23:59:59.999999999,5807772000.0,4823256457.26319,20.41184646639012
40014,2026-01-31 23:59:59.999999999,5807772000.0,4800979649.121029,20.970564019435
40014,2026-02-28 23:59:59.999999999,5807772000.0,4767665882.970852,21.81583824370327
40014,2026-03-31 23:59:59.999999999,5807772000.0,4777568019.362982,21.563358940400406
40014,2026-04-30 23:59:59.999999999,5807772000.0,4795558936.189827,21.10730443059465
40014,2026-05-31 23:59:59.999999999,5807772000.0,4820286833.755936,20.486028327791903
40014,2026-06-30 23:59:59.999999999,5807772000.0,4802203107.834314,20.939744312880066
40014,2026-07-31 23:59:59.999999999,5807772000.0,4793348772.9308195,21.163145748915053
40014,2026-08-31 23:59:59.999999999,5807772000.0,4863714006.140049,19.410231618638623
40014,2026-09-30 23:59:59.999999999,5807772000.0,4841104867.507625,19.9679064789615
40014,2026-10-31 23:59:59.999999999,5807772000.0,4719296358.908115,23.064366344302243
40014,2026-11-30 23:59:59.999999999,5807772000.0,4672493884.414763,24.297052145364802
40014,2026-12-31 23:59:59.999999999,5807772000.0,4628402294.919027,25.481144246593747
40014,2027-01-31 23:59:59.999999999,5807772000.0,4628703324.919168,25.47298351858448
40014,2027-02-28 23:59:59.999999999,5807772000.0,4615743774.448338,25.82527202117346
40014,2027-03-31 23:59:59.999999999,5807772000.0,4626305398.337798,25.538019216947834
40014,2027-04-30 23:59:59.999999999,5807772000.0,4642154012.700268,25.10942429119689
40014,2027-05-31 23:59:59.999999999,5807772000.0,4651651726.943637,24.853976628555355
40014,2024-12-31 23:59:59.999999999,104672610000.0,91821708281.08177,13.995492150483033
40014,2025-01-31 23:59:59.999999999,103507630000.0,90308477295.193,14.61563214011757
40014,2025-02-28 23:59:59.999999999,103956290000.0,89481696648.80368,16.176039879983474
40014,2025-03-31 23:59:59.999999999,103702950000.0,89249318871.31267,16.194672738654535
40014,2025-04-30 23:59:59.999999999,102733210000.0,88803339825.96138,15.686200317846904
40014,2025-05-31 23:59:59.999999999,101892284000.0,90417699205.79707,12.690640561518778
40014,2025-06-30 23:59:59.999999999,100466710000.0,87407133336.92572,14.941090893272865
40014,2025-07-31 23:59:59.999999999,100117406000.0,86469642354.01053,15.783300324193464
40014,2025-08-31 23:59:59.999999999,100171900000.0,91887772194.80075,9.015483221899231
40014,2025-09-30 23:59:59.999999999,97753600000.0,84851324928.63455,15.205738963082888
40014,2025-10-31 23:59:59.999999999,102079270000.0,85892900858.3519,18.84482395622129
40014,2025-11-30 23:59:59.999999999,105730000000.0,90952489866.5411,16.247503507757326
40014,2025-12-31 23:59:59.999999999,105789555000.0,87856434223.46193,20.411846466390116
40014,2026-01-31 23:59:59.999999999,105505840000.0,87216127334.1253,20.970564019435002
40014,2026-02-28 23:59:59.999999999,105753035000.0,86813862857.82625,21.815838243703254
40014,2026-03-31 23:59:59.999999999,104911544000.0,86301945943.62567,21.563358940400402
40014,2026-04-30 23:59:59.999999999,103838510000.0,85740911744.51726,21.107304430594652
40014,2026-05-31 23:59:59.999999999,103469960000.0,85877141570.7236,20.486028327791907
40014,2026-06-30 23:59:59.999999999,102644920000.0,84872774295.31354,20.93974431288008
40014,2026-07-31 23:59:59.999999999,102296400000.0,84428646463.16432,21.163145748915053
40014,2026-08-31 23:59:59.999999999,102012220000.0,85430052437.88257,19.410231618638615
40014,2026-09-30 23:59:59.999999999,99808050000.0,83195626338.20164,19.967906478961485
40014,2026-10-31 23:59:59.999999999,103663630000.0,84235295287.65132,23.064366344302258
40014,2026-11-30 23:59:59.999999999,106982320000.0,86069875538.87015,24.297052145364788
40014,2026-12-31 23:59:59.999999999,107016670000.0,85285058387.49158,25.48114424659374
40014,2027-01-31 23:59:59.999999999,106601190000.0,84959479309.91115,25.472983518584474
40014,2027-02-28 23:59:59.999999999,106726244000.0,84820992347.2611,25.82527202117347
40014,2027-03-31 23:59:59.999999999,106097430000.0,84514179125.80597,25.53801921694782
40014,2027-04-30 23:59:59.999999999,105299770000.0,84166138553.16832,25.1094242911969
40014,2027-05-31 23:59:59.999999999,104983320000.0,84084884966.32254,24.853976628555355
40014,2024-12-31 23:59:59.999999999,44458127000.0,38999899488.40413,13.99549215048303
40014,2025-01-31 23:59:59.999999999,46465990000.0,40540709664.450775,14.615632140117588
40014,2025-02-28 23:59:59.999999999,48138220000.0,41435583076.966255,16.176039879983474
40014,2025-03-31 23:59:59.999999999,48416883000.0,41668762901.80654,16.194672738654535
40014,2025-04-30 23:59:59.999999999,48695517000.0,42092762187.892296,15.686200317846907
40014,2025-05-31 23:59:59.999999999,45464910000.0,40344887246.58577,12.690640561518778
40014,2025-06-30 23:59:59.999999999,49949270000.0,43456408520.0651,14.94109089327286
40014,2025-07-31 23:59:59.999999999,51443300000.0,44430671918.97162,15.783300324193464
40014,2025-08-31 23:59:59.999999999,42190066000.0,38700984866.63845,9.01548322189923
40014,2025-09-30 23:59:59.999999999,53022093000.0,46023829879.68218,15.205738963082888
40014,2025-10-31 23:59:59.999999999,53642625000.0,45136694420.75177,18.844823956221294
40014,2025-11-30 23:59:59.999999999,46461645000.0,39967864597.53912,16.24750350775735
40014,2025-12-31 23:59:59.999999999,52062216000.0,43236789169.68675,20.41184646639011
40014,2026-01-31 23:59:59.999999999,53105332000.0,43899383833.13494,20.970564019434995
40014,2026-02-28 23:59:59.999999999,54007026000.0,44334978474.6005,21.815838243703244
40014,2026-03-31 23:59:59.999999999,54505350000.0,44836988377.988686,21.563358940400406
40014,2026-04-30 23:59:59.999999999,54958522000.0,45380022804.07138,21.107304430594645
40014,2026-05-31 23:59:59.999999999,54482640000.0,45219052907.757576,20.4860283277919
40014,2026-06-30 23:59:59.999999999,55924367000.0,46241512810.9743,20.93974431288008
40014,2026-07-31 23:59:59.999999999,56576524000.0,46694499336.65708,21.16314574891507
40014,2026-08-31 23:59:59.999999999,54478164000.0,45622693490.77835,19.410231618638633
40014,2026-09-30 23:59:59.999999999,57440320000.0,47879739858.65393,19.9679064789615
40014,2026-10-31 23:59:59.999999999,57793413000.0,46961939379.193634,23.064366344302258
40014,2026-11-30 23:59:59.999999999,56150180000.0,45174184641.428696,24.297052145364795
40014,2026-12-31 23:59:59.999999999,57725235000.0,46003115086.80475,25.481144246593757
40014,2027-01-31 23:59:59.999999999,58129617000.0,46328392986.20018,25.47298351858448
40014,2027-02-28 23:59:59.999999999,58483393000.0,46479845878.78229,25.82527202117347
40014,2027-03-31 23:59:59.999999999,58721780000.0,46776092277.28875,25.538019216947827
40014,2027-04-30 23:59:59.999999999,58936893000.0,47108276433.93368,25.10942429119689
40014,2027-05-31 23:59:59.999999999,58906140000.0,47180027631.19647,24.85397662855535
40014,2024-12-31 23:59:59.999999999,2858930.8,2507933.1612744704,13.995492150483038
40014,2025-01-31 23:59:59.999999999,2858930.8,2494363.7238810128,14.615632140117588
40014,2025-02-28 23:59:59.999999999,2858930.8,2460860.908112757,16.176039879983474
40014,2025-03-31 23:59:59.999999999,2858930.8,2460466.2869788506,16.194672738654535
40014,2025-04-30 23:59:59.999999999,2858930.8,2471280.7077638567,15.686200317846902
40014,2025-05-31 23:59:59.999999999,2858930.8,2536972.667609681,12.690640561518777
40014,2025-06-30 23:59:59.999999999,2858930.8,2487300.866714955,14.941090893272865
40014,2025-07-31 23:59:59.999999999,2858930.8,2469208.203596709,15.783300324193473
40014,2025-08-31 23:59:59.999999999,2858930.8,2622499.7271082066,9.015483221899228
40014,2025-09-30 23:59:59.999999999,2858930.8,2481587.0942992955,15.20573896308289
40014,2025-10-31 23:59:59.999999999,2858930.8,2405599.7180433706,18.84482395622131
40014,2025-11-30 23:59:59.999999999,2858930.8,2459348.083814307,16.247503507757358
40014,2025-12-31 23:59:59.999999999,2858930.8,2374293.588129634,20.411846466390124
40014,2026-01-31 23:59:59.999999999,2858930.8,2363327.6187260626,20.97056401943499
40014,2026-02-28 23:59:59.999999999,2858930.8,2346928.6024042773,21.815838243703254
40014,2026-03-31 23:59:59.999999999,2858930.8,2351803.022653944,21.563358940400406
40014,2026-04-30 23:59:59.999999999,2858930.8,2360659.2215405335,21.107304430594663
40014,2026-05-31 23:59:59.999999999,2858930.8,2372831.762884614,20.4860283277919
40014,2026-06-30 23:59:59.999999999,2858930.8,2363929.8778437423,20.93974431288007
40014,2026-07-31 23:59:59.999999999,2858930.8,2359571.2477823314,21.163145748915063
40014,2026-08-31 23:59:59.999999999,2858930.8,2394209.1990329516,19.41023161863862
40014,2026-09-30 23:59:59.999999999,2858930.8,2383079.636803835,19.967906478961485
40014,2026-10-31 23:59:59.999999999,2858930.8,2323118.2469192194,23.06436634430224
40014,2026-11-30 23:59:59.999999999,2858930.8,2300079.2863989198,24.297052145364805
40014,2026-12-31 23:59:59.999999999,2858930.8,2278374.7846462657,25.481144246593736
40014,2027-01-31 23:59:59.999999999,2858930.8,2278522.9695096463,25.472983518584474
40014,2027-02-28 23:59:59.999999999,2858930.8,2272143.5082762297,25.82527202117346
40014,2027-03-31 23:59:59.999999999,2858930.8,2277342.5674809758,25.53801921694781
40014,2027-04-30 23:59:59.999999999,2858930.8,2285144.1977270483,25.109424291196884
40014,2027-05-31 23:59:59.999999999,2858930.8,2289819.53735075,24.853976628555362
40014,2024-12-31 23:59:59.999999999,0.0,,
40014,2025-01-31 23:59:59.999999999,0.0,,
40014,2025-02-28 23:59:59.999999999,0.0,,
40014,2025-03-31 23:59:59.999999999,0.0,,
40014,2025-04-30 23:59:59.999999999,0.0,,
40014,2025-05-31 23:59:59.999999999,0.0,,
40014,2025-06-30 23:59:59.999999999,0.0,,
40014,2025-07-31 23:59:59.999999999,0.0,,
40014,2025-08-31 23:59:59.999999999,0.0,,
40014,2025-09-30 23:59:59.999999999,0.0,,
40014,2025-10-31 23:59:59.999999999,0.0,,
40014,2025-11-30 23:59:59.999999999,0.0,,
40014,2025-12-31 23:59:59.999999999,0.0,,
40014,2026-01-31 23:59:59.999999999,0.0,,
40014,2026-02-28 23:59:59.999999999,0.0,,
40014,2026-03-31 23:59:59.999999999,0.0,,
40014,2026-04-30 23:59:59.999999999,0.0,,
40014,2026-05-31 23:59:59.999999999,0.0,,
40014,2026-06-30 23:59:59.999999999,0.0,,
40014,2026-07-31 23:59:59.999999999,0.0,,
40014,2026-08-31 23:59:59.999999999,0.0,,
40014,2026-09-30 23:59:59.999999999,0.0,,
40014,2026-10-31 23:59:59.999999999,0.0,,
40014,2026-11-30 23:59:59.999999999,0.0,,
40014,2026-12-31 23:59:59.999999999,0.0,,
40014,2027-01-31 23:59:59.999999999,0.0,,
40014,2027-02-28 23:59:59.999999999,0.0,,
40014,2027-03-31 23:59:59.999999999,0.0,,
40014,2027-04-30 23:59:59.999999999,0.0,,
40014,2027-05-31 23:59:59.999999999,0.0,,
40014,2024-12-31 23:59:59.999999999,172311410000.0,172311412736.0,0.0
40014,2025-01-31 23:59:59.999999999,173046200000.0,173046202368.0,0.0
40014,2025-02-28 23:59:59.999999999,173723200000.0,173723205632.0,0.0
40014,2025-03-31 23:59:59.999999999,174346980000.0,174346977280.0,0.0
40014,2025-04-30 23:59:59.999999999,174921700000.0,174921695232.0,0.0
40014,2025-05-31 23:59:59.999999999,175451210000.0,175451209728.0,0.0
40014,2025-06-30 23:59:59.999999999,175939110000.0,175939108864.0,0.0
40014,2025-07-31 23:59:59.999999999,176388620000.0,176388620288.0,0.0
40014,2025-08-31 23:59:59.999999999,176802790000.0,176802791424.0,0.0
40014,2025-09-30 23:59:59.999999999,177184390000.0,177184391168.0,0.0
40014,2025-10-31 23:59:59.999999999,177535990000.0,177535991808.0,0.0
40014,2025-11-30 23:59:59.999999999,177859940000.0,177859936256.0,0.0
40014,2025-12-31 23:59:59.999999999,178158400000.0,178158403584.0,0.0
40014,2026-01-31 23:59:59.999999999,178433410000.0,178433409024.0,0.0
40014,2026-02-28 23:59:59.999999999,178686790000.0,178686787584.0,0.0
40014,2026-03-31 23:59:59.999999999,178920240000.0,178920243200.0,0.0
40014,2026-04-30 23:59:59.999999999,179135330000.0,179135332352.0,0.0
40014,2026-05-31 23:59:59.999999999,179333510000.0,179333513216.0,0.0
40014,2026-06-30 23:59:59.999999999,179516110000.0,179516112896.0,0.0
40014,2026-07-31 23:59:59.999999999,179684340000.0,179684343808.0,0.0
40014,2026-08-31 23:59:59.999999999,179839350000.0,179839352832.0,0.0
40014,2026-09-30 23:59:59.999999999,179982170000.0,179982172160.0,0.0
40014,2026-10-31 23:59:59.999999999,180113750000.0,180113752064.0,0.0
40014,2026-11-30 23:59:59.999999999,180235000000.0,180234993664.0,0.0
40014,2026-12-31 23:59:59.999999999,180346700000.0,180346699776.0,0.0
40014,2027-01-31 23:59:59.999999999,180449620000.0,180449624064.0,0.0
40014,2027-02-28 23:59:59.999999999,180544450000.0,180544454656.0,0.0
40014,2027-03-31 23:59:59.999999999,180631830000.0,180631830528.0,0.0
40014,2027-04-30 23:59:59.999999999,180712330000.0,180712325120.0,0.0
40014,2027-05-31 23:59:59.999999999,180786500000.0,180786495488.0,0.0
40014,2024-12-31 23:59:59.999999999,28462270000.0,28475557901.77139,-0.04666260733933656
40014,2025-01-31 23:59:59.999999999,28462270000.0,28488520162.61711,-0.09214132031875875
40014,2025-02-28 23:59:59.999999999,28462270000.0,28501162968.916065,-0.13645936117933907
40014,2025-03-31 23:59:59.999999999,28462270000.0,28513500701.514233,-0.1796701080324101
40014,2025-04-30 23:59:59.999999999,28462270000.0,28525546088.68368,-0.2218209056785891
40014,2025-05-31 23:59:59.999999999,28462270000.0,28537306743.36875,-0.26294099875485905
40014,2025-06-30 23:59:59.999999999,28462270000.0,28548792621.757015,-0.3030676600000126
40014,2025-07-31 23:59:59.999999999,28462270000.0,28560016753.72341,-0.3422487128291626
40014,2025-08-31 23:59:59.999999999,28462270000.0,28570982796.710308,-0.38049910107686363
40014,2025-09-30 23:59:59.999999999,28462270000.0,28581702966.477028,-0.4178634933583494
40014,2025-10-31 23:59:59.999999999,28462270000.0,28592182847.69327,-0.45436329358026806
40014,2025-11-30 23:59:59.999999999,28462270000.0,28602435512.279114,-0.49004585018272473
40014,2025-12-31 23:59:59.999999999,28462270000.0,28612462482.310196,-0.5249181834770528
40014,2026-01-31 23:59:59.999999999,28462270000.0,28622274364.318043,-0.5590188196837063
40014,2026-02-28 23:59:59.999999999,28462270000.0,28631876386.169247,-0.5923674714213825
40014,2026-03-31 23:59:59.999999999,28462270000.0,28641279280.612316,-0.6250028668708584
40014,2026-04-30 23:59:59.999999999,28462270000.0,28650482792.820194,-0.6569255051693587
40014,2026-05-31 23:59:59.999999999,28462270000.0,28659496306.126812,-0.6881692546866189
40014,2026-06-30 23:59:59.999999999,28462270000.0,28668326453.150646,-0.7187583463840481
40014,2026-07-31 23:59:59.999999999,28462270000.0,28676977195.471695,-0.748707682850195
40014,2026-08-31 23:59:59.999999999,28462270000.0,28685455495.680405,-0.778042488166217
40014,2026-09-30 23:59:59.999999999,28462270000.0,28693764947.258625,-0.8067762584803002
40014,2026-10-31 23:59:59.999999999,28462270000.0,28701915070.053642,-0.8349429139788559
40014,2026-11-30 23:59:59.999999999,28462270000.0,28709902983.97833,-0.862533461421033
40014,2026-12-31 23:59:59.999999999,28462270000.0,28717737869.921608,-0.8895805340892796
40014,2027-01-31 23:59:59.999999999,28462270000.0,28725422592.395924,-0.9160948896382266
40014,2027-02-28 23:59:59.999999999,28462270000.0,28732961417.075024,-0.9420920772690043
40014,2027-03-31 23:59:59.999999999,28462270000.0,28740359912.958908,-0.9675920893165945
40014,2027-04-30 23:59:59.999999999,28462270000.0,28747624831.037945,-0.9926189336165828
40014,2027-05-31 23:59:59.999999999,28462270000.0,28754752738.124134,-1.0171614994843967
40014,2024-12-31 23:59:59.999999999,109193720000.0,109244700329.55383,-0.046662607339353394
40014,2025-01-31 23:59:59.999999999,109785390000.0,109886642106.89124,-0.09214132031875572
40014,2025-02-28 23:59:59.999999999,110377070000.0,110527892151.55501,-0.1364593611793455
40014,2025-03-31 23:59:59.999999999,110968730000.0,111168470206.51804,-0.17967010803241668
40014,2025-04-30 23:59:59.999999999,111560410000.0,111808423545.7341,-0.2218209056785892
40014,2025-05-31 23:59:59.999999999,112152080000.0,112447747518.4022,-0.262940998754839
40014,2025-06-30 23:59:59.999999999,112743750000.0,113086480229.40764,-0.303067660000009
40014,2025-07-31 23:59:59.999999999,113335420000.0,113724639996.55782,-0.3422487128291603
40014,2025-08-31 23:59:59.999999999,113927094000.0,114362241573.15721,-0.3804991010768609
40014,2025-09-30 23:59:59.999999999,114518760000.0,114999301570.88179,-0.41786349335834966
40014,2025-10-31 23:59:59.999999999,115110440000.0,115635843691.95811,-0.4543632935802708
40014,2025-11-30 23:59:59.999999999,115702100000.0,116271889634.08086,-0.4900458501827294
40014,2025-12-31 23:59:59.999999999,116293780000.0,116907447907.90758,-0.5249181834770591
40014,2026-01-31 23:59:59.999999999,116885450000.0,117542531528.37628,-0.55901881968371
40014,2026-02-28 23:59:59.999999999,117477120000.0,118177165132.8952,-0.5923674714213822
40014,2026-03-31 23:59:59.999999999,118068790000.0,118811363677.15056,-0.6250028668708633
40014,2026-04-30 23:59:59.999999999,118660465000.0,119445130164.7349,-0.6569255051693679
40014,2026-05-31 23:59:59.999999999,119252140000.0,120078483235.1181,-0.688169254686614
40014,2026-06-30 23:59:59.999999999,119843810000.0,120711430715.30585,-0.718758346384039
40014,2026-07-31 23:59:59.999999999,120435480000.0,121343994432.99716,-0.7487076828501944
40014,2026-08-31 23:59:59.999999999,121027150000.0,121976176301.0628,-0.7780424881662208
40014,2026-09-30 23:59:59.999999999,121618825000.0,122607997430.26552,-0.8067762584802997
40014,2026-10-31 23:59:59.999999999,122210490000.0,123239471651.78152,-0.8349429139788509
40014,2026-11-30 23:59:59.999999999,122802170000.0,123870593122.54263,-0.8625334614210346
40014,2026-12-31 23:59:59.999999999,123393835000.0,124501375004.71544,-0.8895805340892751
40014,2027-01-31 23:59:59.999999999,123985510000.0,125131836761.8861,-0.9160948896382322
40014,2027-02-28 23:59:59.999999999,124577180000.0,125761971166.57764,-0.9420920772689878
40014,2027-03-31 23:59:59.999999999,125168850000.0,126391810148.54132,-0.9675920893165837
40014,2027-04-30 23:59:59.999999999,125760520000.0,127021358243.66354,-0.9926189336165758
40014,2027-05-31 23:59:59.999999999,126352196000.0,127650608426.77473,-1.0171614994843943
40014,2024-12-31 23:59:59.999999999,99796300000.0,99807595092.60056,-0.011312987343377556
40014,2025-01-31 23:59:59.999999999,102128380000.0,102155953193.95312,-0.026993373455945845
40014,2025-02-28 23:59:59.999999999,104460440000.0,104545576032.20735,-0.0814308815718084
40014,2025-03-31 23:59:59.999999999,106792520000.0,106936143078.8068,-0.134309544623232
40014,2025-04-30 23:59:59.999999999,109124580000.0,109327610920.1108,-0.18570560026154123
40014,2025-05-31 23:59:59.999999999,111456660000.0,111719945842.92577,-0.23566824432222702
40014,2025-06-30 23:59:59.999999999,113788720000.0,114113117033.85889,-0.28427392248222855
40014,2025-07-31 23:59:59.999999999,116120800000.0,116507110436.04356,-0.3315791204483009
40014,2025-08-31 23:59:59.999999999,118452860000.0,118901875830.54628,-0.37763311252228965
40014,2025-09-30 23:59:59.999999999,120784940000.0,121297401967.41182,-0.4224863839618759
40014,2025-10-31 23:59:59.999999999,123117000000.0,123693660043.38464,-0.46619793705060164
40014,2025-11-30 23:59:59.999999999,125449080000.0,126090632623.88333,-0.5088053525728854
40014,2025-12-31 23:59:59.999999999,127781140000.0,128488278433.66422,-0.5503505177939593
40014,2026-01-31 23:59:59.999999999,130113220000.0,130886590122.70924,-0.5908730680386646
40014,2026-02-28 23:59:59.999999999,132445280000.0,133285538856.47295,-0.6304183932345182
40014,2026-03-31 23:59:59.999999999,134777360000.0,135685132109.95172,-0.669031166374301
40014,2026-04-30 23:59:59.999999999,137109420000.0,138085303284.5509,-0.7067234393075963
40014,2026-05-31 23:59:59.999999999,139441490000.0,140486056911.58398,-0.7435392967441546
40014,2026-06-30 23:59:59.999999999,141773570000.0,142887379762.28793,-0.779501811945116
40014,2026-07-31 23:59:59.999999999,144105640000.0,145289245966.17844,-0.8146577665176722
40014,2026-08-31 23:59:59.999999999,146437700000.0,147691647446.52853,-0.8490296074343151
40014,2026-09-30 23:59:59.999999999,148769770000.0,150094560700.49982,-0.8826390978573317
40014,2026-10-31 23:59:59.999999999,151101850000.0,152497994483.63568,-0.9155168816239739
40014,2026-11-30 23:59:59.999999999,153433920000.0,154901893499.13092,-0.9476824808078648
40014,2026-12-31 23:59:59.999999999,155765980000.0,157306268356.02612,-0.9791645228911297
40014,2027-01-31 23:59:59.999999999,158098050000.0,159711097472.00436,-1.0099802214978295
40014,2027-02-28 23:59:59.999999999,160430130000.0,162116383893.53726,-1.0401507244601724
40014,2027-03-31 23:59:59.999999999,162762200000.0,164522090674.5999,-1.0697017788819163
40014,2027-04-30 23:59:59.999999999,165094260000.0,166928238923.67752,-1.098662634616332
40014,2027-05-31 23:59:59.999999999,167426330000.0,169334775460.71143,-1.1270271729590586
40014,2024-12-31 23:59:59.999999999,2103350100.0,2103588122.6580732,-0.01131298734338162
40014,2025-01-31 23:59:59.999999999,2194150400.0,2194742835.1298842,-0.026993373455946736
40014,2025-02-28 23:59:59.999999999,2243785000.0,2245613582.937282,-0.08143088157180768
40014,2025-03-31 23:59:59.999999999,2293419300.0,2296503687.645132,-0.13430954462323885
40014,2025-04-30 23:59:59.999999999,2343053800.0,2347413101.5909276,-0.18570560026154576
40014,2025-05-31 23:59:59.999999999,2392688400.0,2398340510.975084,-0.23566824432223202
40014,2025-06-30 23:59:59.999999999,2442323000.0,2449285624.317039,-0.2842739224822133
40014,2025-07-31 23:59:59.999999999,2491957200.0,2500247546.824792,-0.3315791204483026
40014,2025-08-31 23:59:59.999999999,2541591800.0,2551226082.4626846,-0.37763311252230214
40014,2025-09-30 23:59:59.999999999,2591226400.0,2602220394.8489156,-0.42248638396187377
40014,2025-10-31 23:59:59.999999999,2640861000.0,2653230232.6096287,-0.46619793705059065
40014,2025-11-30 23:59:59.999999999,2690495500.0,2704254881.5847163,-0.5088053525728757
40014,2025-12-31 23:59:59.999999999,2740129800.0,2755293564.3984103,-0.5503505177939605
40014,2026-01-31 23:59:59.999999999,2789764400.0,2806346296.4616923,-0.5908730680386537
40014,2026-02-28 23:59:59.999999999,2839399000.0,2857412566.389111,-0.6304183932345041
40014,2026-03-31 23:59:59.999999999,2889033500.0,2908492191.2308974,-0.6690311663742972
40014,2026-04-30 23:59:59.999999999,2938667800.0,2959583848.765186,-0.7067234393076092
40014,2026-05-31 23:59:59.999999999,2988302300.0,3010687984.265367,-0.7435392967441399
40014,2026-06-30 23:59:59.999999999,3037937000.0,3061803711.408633,-0.7795018119451201
40014,2026-07-31 23:59:59.999999999,3087571500.0,3112931191.7196956,-0.8146577665176702
40014,2026-08-31 23:59:59.999999999,3137206000.0,3164069906.304444,-0.8490296074343125
40014,2026-09-30 23:59:59.999999999,3186840300.0,3215219100.8660207,-0.8826390978573385
40014,2026-10-31 23:59:59.999999999,3236475000.0,3266379132.3747334,-0.9155168816239762
40014,2026-11-30 23:59:59.999999999,3286109400.0,3317549273.254804,-0.9476824808078562
40014,2026-12-31 23:59:59.999999999,3335744000.0,3368729403.1882215,-0.9791645228911388
40014,2027-01-31 23:59:59.999999999,3385378300.0,3419918807.5475144,-1.009980221497833
40014,2027-02-28 23:59:59.999999999,3435012900.0,3471117720.112617,-1.0401507244601784
40014,2027-03-31 23:59:59.999999999,3484647400.0,3522325805.8026876,-1.069701778881902
40014,2027-04-30 23:59:59.999999999,3534282000.0,3573543167.513354,-1.0986626346163233
40014,2027-05-31 23:59:59.999999999,3583916500.0,3624768671.889097,-1.127027172959056
40014,2024-12-31 23:59:59.999999999,0.0,,
40014,2025-01-31 23:59:59.999999999,0.0,,
40014,2025-02-28 23:59:59.999999999,0.0,,
40014,2025-03-31 23:59:59.999999999,0.0,,
40014,2025-04-30 23:59:59.999999999,0.0,,
40014,2025-05-31 23:59:59.999999999,0.0,,
40014,2025-06-30 23:59:59.999999999,0.0,,
40014,2025-07-31 23:59:59.999999999,0.0,,
40014,2025-08-31 23:59:59.999999999,0.0,,
40014,2025-09-30 23:59:59.999999999,0.0,,
40014,2025-10-31 23:59:59.999999999,0.0,,
40014,2025-11-30 23:59:59.999999999,0.0,,
40014,2025-12-31 23:59:59.999999999,0.0,,
40014,2026-01-31 23:59:59.999999999,0.0,,
40014,2026-02-28 23:59:59.999999999,0.0,,
40014,2026-03-31 23:59:59.999999999,0.0,,
40014,2026-04-30 23:59:59.999999999,0.0,,
40014,2026-05-31 23:59:59.999999999,0.0,,
40014,2026-06-30 23:59:59.999999999,0.0,,
40014,2026-07-31 23:59:59.999999999,0.0,,
40014,2026-08-31 23:59:59.999999999,0.0,,
40014,2026-09-30 23:59:59.999999999,0.0,,
40014,2026-10-31 23:59:59.999999999,0.0,,
40014,2026-11-30 23:59:59.999999999,0.0,,
40014,2026-12-31 23:59:59.999999999,0.0,,
40014,2027-01-31 23:59:59.999999999,0.0,,
40014,2027-02-28 23:59:59.999999999,0.0,,
40014,2027-03-31 23:59:59.999999999,0.0,,
40014,2027-04-30 23:59:59.999999999,0.0,,
40014,2027-05-31 23:59:59.999999999,0.0,,
40014,2024-12-31 23:59:59.999999999,1042904060.0,1043390937.4161409,-0.04666260733935547
40014,2025-01-31 23:59:59.999999999,1071873660.0,1072862213.4086357,-0.09214132031875497
40014,2025-02-28 23:59:59.999999999,1100843300.0,1102347520.3842926,-0.1364593611793311
40014,2025-03-31 23:59:59.999999999,1129812700.0,1131846325.515815,-0.17967010803240044
40014,2025-04-30 23:59:59.999999999,1158782300.0,1161358471.8805003,-0.2218209056785864
40014,2025-05-31 23:59:59.999999999,1187752000.0,1190883256.3281934,-0.2629409987548327
40014,2025-06-30 23:59:59.999999999,1216721400.0,1220420106.6594224,-0.3030676600000149
40014,2025-07-31 23:59:59.999999999,1245691000.0,1249969010.850399,-0.34224871282917146
40014,2025-08-31 23:59:59.999999999,1274660600.0,1279529205.1235108,-0.38049910107685897
40014,2025-09-30 23:59:59.999999999,1303630100.0,1309100332.3804507,-0.41786349335835027
40014,2025-10-31 23:59:59.999999999,1332599700.0,1338682160.3543575,-0.4543632935802634
40014,2025-11-30 23:59:59.999999999,1361569300.0,1368274452.1719792,-0.4900458501827243
40014,2025-12-31 23:59:59.999999999,1390538800.0,1397876459.7196136,-0.5249181834770543
40014,2026-01-31 23:59:59.999999999,1419508400.0,1427488280.1347325,-0.5590188196837108
40014,2026-02-28 23:59:59.999999999,1448478000.0,1457109394.0735166,-0.5923674714213749
40014,2026-03-31 23:59:59.999999999,1477447400.0,1486739589.0544946,-0.6250028668708589
40014,2026-04-30 23:59:59.999999999,1506417000.0,1516378501.1288202,-0.6569255051693672
40014,2026-05-31 23:59:59.999999999,1535386600.0,1546025898.905762,-0.6881692546866237
40014,2026-06-30 23:59:59.999999999,1564356100.0,1575681437.846949,-0.7187583463840466
40014,2026-07-31 23:59:59.999999999,1593325700.0,1605345037.6330128,-0.7487076828501982
40014,2026-08-31 23:59:59.999999999,1622295300.0,1635016418.423831,-0.7780424881662198
40014,2026-09-30 23:59:59.999999999,1651264800.0,1664695133.1100085,-0.8067762584802941
40014,2026-10-31 23:59:59.999999999,1680234400.0,1694381486.1544158,-0.8349429139788512
40014,2026-11-30 23:59:59.999999999,1709204000.0,1724074689.0933204,-0.8625334614210238
40014,2026-12-31 23:59:59.999999999,1738173400.0,1753774678.1485968,-0.8895805340892758
40014,2027-01-31 23:59:59.999999999,1767143000.0,1783481422.1661108,-0.9160948896382181
40014,2027-02-28 23:59:59.999999999,1796112600.0,1813194602.6974819,-0.9420920772689875
40014,2027-03-31 23:59:59.999999999,1825082100.0,1842914002.0972002,-0.967592089316583
40014,2027-04-30 23:59:59.999999999,1854051700.0,1872639890.1076655,-0.9926189336165872
40014,2027-05-31 23:59:59.999999999,1883021300.0,1902371502.500599,-1.0171614994843952
40014,2024-12-31 23:59:59.999999999,1.0891852e-12,1.08969364513708e-12,-0.046662607339348496
40014,2025-01-31 23:59:59.999999999,-1.6912023e-12,-1.6927620330177091e-12,-0.09214132031875685
40014,2025-02-28 23:59:59.999999999,-6.207279e-12,-6.215761036206011e-12,-0.13645936117935317
40014,2025-03-31 23:59:59.999999999,-6.221716e-12,-6.232914535130353e-12,-0.17967010803240463
40014,2025-04-30 23:59:59.999999999,-1.8474501e-12,-1.851557285394089e-12,-0.22182090567858348
40014,2025-05-31 23:59:59.999999999,-3.2861483e-12,-3.294811673948835e-12,-0.2629409987548442
40014,2025-06-30 23:59:59.999999999,-3.8493765e-12,-3.861078226113589e-12,-0.3030676600000164
40014,2025-07-31 23:59:59.999999999,-3.3701251e-12,-3.381698963671049e-12,-0.34224871282916175
40014,2025-08-31 23:59:59.999999999,-1.6728936e-12,-1.6792832521633196e-12,-0.3804991010768688
40014,2025-09-30 23:59:59.999999999,-2.634472e-12,-2.6455267581099967e-12,-0.41786349335833856
40014,2025-10-31 23:59:59.999999999,-2.4015932e-12,-2.412555011596711e-12,-0.4543632935802765
40014,2025-11-30 23:59:59.999999999,-1.9975185e-12,-2.0073554320692824e-12,-0.49004585018271674
40014,2025-12-31 23:59:59.999999999,-4.5373462e-13,-4.561289284276153e-13,-0.5249181834770529
40014,2026-01-31 23:59:59.999999999,-1.966411e-12,-1.97746537864327e-12,-0.5590188196837035
40014,2026-02-28 23:59:59.999999999,-2.5448805e-11,-2.5600453279809585e-11,-0.5923674714213748
40014,2026-03-31 23:59:59.999999999,-2.5448468e-11,-2.5608521982241494e-11,-0.6250028668708743
40014,2026-04-30 23:59:59.999999999,1.9259323e-12,1.9386678907490377e-12,-0.6569255051693703
40014,2026-05-31 23:59:59.999999999,1.959427e-12,1.9730045892866685e-12,-0.6881692546866093
40014,2026-06-30 23:59:59.999999999,1.9725398e-12,1.986820189000636e-12,-0.718758346384052
40014,2026-07-31 23:59:59.999999999,1.9613822e-12,1.9761780252090394e-12,-0.7487076828501894
40014,2026-08-31 23:59:59.999999999,1.9218683e-12,1.9369384677394823e-12,-0.7780424881662136
40014,2026-09-30 23:59:59.999999999,1.944255e-12,1.9600684537233504e-12,-0.8067762584802904
40014,2026-10-31 23:59:59.999999999,1.9388334e-12,1.955157877560811e-12,-0.8349429139788487
40014,2026-11-30 23:59:59.999999999,1.929426e-12,1.9462127562478777e-12,-0.8625334614210213
40014,2026-12-31 23:59:59.999999999,1.5991192e-12,1.613472301595662e-12,-0.8895805340892716
40014,2027-01-31 23:59:59.999999999,2.3857698e-12,2.407827737010068e-12,-0.9160948896382217
40014,2027-02-28 23:59:59.999999999,4.152996e-12,4.192493236001315e-12,-0.9420920772689915
40014,2027-03-31 23:59:59.999999999,4.1568897e-12,4.197504396718098e-12,-0.9675920893165824
40014,2027-04-30 23:59:59.999999999,2.3373786e-12,2.360812425720355e-12,-0.9926189336165819
40014,2027-05-31 23:59:59.999999999,2.7254245e-12,2.7534313301934994e-12,-1.0171614994843747
40014,2024-12-31 23:59:59.999999999,465712220000.0,465712218112.0,0.0
40014,2025-01-31 23:59:59.999999999,468736640000.0,468736638976.0,0.0
40014,2025-02-28 23:59:59.999999999,471761030000.0,471761027072.0,0.0
40014,2025-03-31 23:59:59.999999999,474785450000.0,474785447936.0,0.0
40014,2025-04-30 23:59:59.999999999,477809840000.0,477809836032.0,0.0
40014,2025-05-31 23:59:59.999999999,480834220000.0,480834224128.0,0.0
40014,2025-06-30 23:59:59.999999999,483858640000.0,483858644992.0,0.0
40014,2025-07-31 23:59:59.999999999,486883030000.0,486883033088.0,0.0
40014,2025-08-31 23:59:59.999999999,489907450000.0,489907453952.0,0.0
40014,2025-09-30 23:59:59.999999999,492931840000.0,492931842048.0,0.0
40014,2025-10-31 23:59:59.999999999,495956230000.0,495956230144.0,0.0
40014,2025-11-30 23:59:59.999999999,498980650000.0,498980651008.0,0.0
40014,2025-12-31 23:59:59.999999999,502005040000.0,502005039104.0,0.0
40014,2026-01-31 23:59:59.999999999,505029430000.0,505029427200.0,0.0
40014,2026-02-28 23:59:59.999999999,508053850000.0,508053848064.0,0.0
40014,2026-03-31 23:59:59.999999999,511078240000.0,511078236160.0,0.0
40014,2026-04-30 23:59:59.999999999,514102660000.0,514102657024.0,0.0
40014,2026-05-31 23:59:59.999999999,517127050000.0,517127045120.0,0.0
40014,2026-06-30 23:59:59.999999999,520151430000.0,520151433216.0,0.0
40014,2026-07-31 23:59:59.999999999,523175850000.0,523175854080.0,0.0
40014,2026-08-31 23:59:59.999999999,526200240000.0,526200242176.0,0.0
40014,2026-09-30 23:59:59.999999999,529224660000.0,529224663040.0,0.0
40014,2026-10-31 23:59:59.999999999,532249050000.0,532249051136.0,0.0
40014,2026-11-30 23:59:59.999999999,535273440000.0,535273439232.0,0.0
40014,2026-12-31 23:59:59.999999999,538297860000.0,538297860096.0,0.0
40014,2027-01-31 23:59:59.999999999,541322250000.0,541322248192.0,0.0
40014,2027-02-28 23:59:59.999999999,544346670000.0,544346669056.0,0.0
40014,2027-03-31 23:59:59.999999999,547371060000.0,547371057152.0,0.0
40014,2027-04-30 23:59:59.999999999,550395450000.0,550395445248.0,0.0
40014,2027-05-31 23:59:59.999999999,553419870000.0,553419866112.0,0.0
40014,2024-12-31 23:59:59.999999999,3915179300.0,3915179264.0,0.0
40014,2025-01-31 23:59:59.999999999,3926926000.0,3926926080.0,0.0
40014,2025-02-28 23:59:59.999999999,3912819700.0,3912819712.0,0.0
40014,2025-03-31 23:59:59.999999999,3950688800.0,3950688768.0,0.0
40014,2025-04-30 23:59:59.999999999,3927943200.0,3927943168.0,0.0
40014,2025-05-31 23:59:59.999999999,3947748400.0,3947748352.0,0.0
40014,2025-06-30 23:59:59.999999999,3960848000.0,3960847872.0,0.0
40014,2025-07-31 23:59:59.999999999,3957581000.0,3957581056.0,0.0
40014,2025-08-31 23:59:59.999999999,3981443300.0,3981443328.0,0.0
40014,2025-09-30 23:59:59.999999999,3979412000.0,3979411968.0,0.0
40014,2025-10-31 23:59:59.999999999,3991914800.0,3991914752.0,0.0
40014,2025-11-30 23:59:59.999999999,4012165600.0,4012165632.0,0.0
40014,2025-12-31 23:59:59.999999999,4013248000.0,4013248000.0,0.0
40014,2026-01-31 23:59:59.999999999,4028846600.0,4028846592.0,0.0
40014,2026-02-28 23:59:59.999999999,4031070500.0,4031070464.0,0.0
40014,2026-03-31 23:59:59.999999999,4042403000.0,4042403072.0,0.0
40014,2026-04-30 23:59:59.999999999,4045145000.0,4045145088.0,0.0
40014,2026-05-31 23:59:59.999999999,4051012900.0,4051012864.0,0.0
40014,2026-06-30 23:59:59.999999999,4064038000.0,4064037888.0,0.0
40014,2026-07-31 23:59:59.999999999,4070615600.0,4070615552.0,0.0
40014,2026-08-31 23:59:59.999999999,4079729200.0,4079729152.0,0.0
40014,2026-09-30 23:59:59.999999999,4089939500.0,4089939456.0,0.0
40014,2026-10-31 23:59:59.999999999,4095993600.0,4095993600.0,0.0
40014,2026-11-30 23:59:59.999999999,4113613600.0,4113613568.0,0.0
40014,2026-12-31 23:59:59.999999999,4120723200.0,4120723200.0,0.0
40014,2027-01-31 23:59:59.999999999,4128327200.0,4128327168.0,0.0
40014,2027-02-28 23:59:59.999999999,4136974800.0,4136974848.0,0.0
40014,2027-03-31 23:59:59.999999999,4145075700.0,4145075712.0,0.0
40014,2027-04-30 23:59:59.999999999,4148049000.0,4148048896.0,0.0
40014,2027-05-31 23:59:59.999999999,4157144800.0,4157144832.0,0.0
40014,2024-12-31 23:59:59.999999999,13755526000.0,13755526144.0,0.0
40014,2025-01-31 23:59:59.999999999,13365426000.0,13365426176.0,0.0
40014,2025-02-28 23:59:59.999999999,13271154000.0,13271153664.0,0.0
40014,2025-03-31 23:59:59.999999999,12928555000.0,12928555008.0,0.0
40014,2025-04-30 23:59:59.999999999,12843960000.0,12843960320.0,0.0
40014,2025-05-31 23:59:59.999999999,12496866000.0,12496866304.0,0.0
40014,2025-06-30 23:59:59.999999999,12419217000.0,12419217408.0,0.0
40014,2025-07-31 23:59:59.999999999,12098253000.0,12098252800.0,0.0
40014,2025-08-31 23:59:59.999999999,12022988000.0,12022987776.0,0.0
40014,2025-09-30 23:59:59.999999999,11723416000.0,11723415552.0,0.0
40014,2025-10-31 23:59:59.999999999,11616266000.0,11616266240.0,0.0
40014,2025-11-30 23:59:59.999999999,11315346000.0,11315346432.0,0.0
40014,2025-12-31 23:59:59.999999999,11314377000.0,11314376704.0,0.0
40014,2026-01-31 23:59:59.999999999,11014234000.0,11014234112.0,0.0
40014,2026-02-28 23:59:59.999999999,10920877000.0,10920877056.0,0.0
40014,2026-03-31 23:59:59.999999999,10645244000.0,10645243904.0,0.0
40014,2026-04-30 23:59:59.999999999,10539438000.0,10539438080.0,0.0
40014,2026-05-31 23:59:59.999999999,10250852000.0,10250852352.0,0.0
40014,2026-06-30 23:59:59.999999999,10168122000.0,10168122368.0,0.0
40014,2026-07-31 23:59:59.999999999,9873598000.0,9873598464.0,0.0
40014,2026-08-31 23:59:59.999999999,9782608000.0,9782607872.0,0.0
40014,2026-09-30 23:59:59.999999999,9538710000.0,9538709504.0,0.0
40014,2026-10-31 23:59:59.999999999,9415791000.0,9415790592.0,0.0
40014,2026-11-30 23:59:59.999999999,9140704000.0,9140704256.0,0.0
40014,2026-12-31 23:59:59.999999999,9084270000.0,9084269568.0,0.0
40014,2027-01-31 23:59:59.999999999,8810082000.0,8810082304.0,0.0
40014,2027-02-28 23:59:59.999999999,8685242000.0,8685242368.0,0.0
40014,2027-03-31 23:59:59.999999999,8432837000.0,8432837120.0,0.0
40014,2027-04-30 23:59:59.999999999,8308737000.0,8308737024.0,0.0
40014,2027-05-31 23:59:59.999999999,8052464600.0,8052464640.0,0.0
40014,2024-12-31 23:59:59.999999999,0.0,,
40014,2025-01-31 23:59:59.999999999,0.0,,
40014,2025-02-28 23:59:59.999999999,0.0,,
40014,2025-03-31 23:59:59.999999999,0.0,,
40014,2025-04-30 23:59:59.999999999,0.0,,
40014,2025-05-31 23:59:59.999999999,0.0,,
40014,2025-06-30 23:59:59.999999999,0.0,,
40014,2025-07-31 23:59:59.999999999,0.0,,
40014,2025-08-31 23:59:59.999999999,0.0,,
40014,2025-09-30 23:59:59.999999999,0.0,,
40014,2025-10-31 23:59:59.999999999,0.0,,
40014,2025-11-30 23:59:59.999999999,0.0,,
40014,2025-12-31 23:59:59.999999999,0.0,,
40014,2026-01-31 23:59:59.999999999,0.0,,
40014,2026-02-28 23:59:59.999999999,0.0,,
40014,2026-03-31 23:59:59.999999999,0.0,,
40014,2026-04-30 23:59:59.999999999,0.0,,
40014,2026-05-31 23:59:59.999999999,0.0,,
40014,2026-06-30 23:59:59.999999999,0.0,,
40014,2026-07-31 23:59:59.999999999,0.0,,
40014,2026-08-31 23:59:59.999999999,0.0,,
40014,2026-09-30 23:59:59.999999999,0.0,,
40014,2026-10-31 23:59:59.999999999,0.0,,
40014,2026-11-30 23:59:59.999999999,0.0,,
40014,2026-12-31 23:59:59.999999999,0.0,,
40014,2027-01-31 23:59:59.999999999,0.0,,
40014,2027-02-28 23:59:59.999999999,0.0,,
40014,2027-03-31 23:59:59.999999999,0.0,,
40014,2027-04-30 23:59:59.999999999,0.0,,
40014,2027-05-31 23:59:59.999999999,0.0,,
40014,2024-12-31 23:59:59.999999999,0.0,,
40014,2025-01-31 23:59:59.999999999,0.0,,
40014,2025-02-28 23:59:59.999999999,0.0,,
40014,2025-03-31 23:59:59.999999999,0.0,,
40014,2025-04-30 23:59:59.999999999,0.0,,
40014,2025-05-31 23:59:59.999999999,0.0,,
40014,2025-06-30 23:59:59.999999999,0.0,,
40014,2025-07-31 23:59:59.999999999,0.0,,
40014,2025-08-31 23:59:59.999999999,0.0,,
40014,2025-09-30 23:59:59.999999999,0.0,,
40014,2025-10-31 23:59:59.999999999,0.0,,
40014,2025-11-30 23:59:59.999999999,0.0,,
40014,2025-12-31 23:59:59.999999999,0.0,,
40014,2026-01-31 23:59:59.999999999,0.0,,
40014,2026-02-28 23:59:59.999999999,0.0,,
40014,2026-03-31 23:59:59.999999999,0.0,,
40014,2026-04-30 23:59:59.999999999,0.0,,
40014,2026-05-31 23:59:59.999999999,0.0,,
40014,2026-06-30 23:59:59.999999999,0.0,,
40014,2026-07-31 23:59:59.999999999,0.0,,
40014,2026-08-31 23:59:59.999999999,0.0,,
40014,2026-09-30 23:59:59.999999999,0.0,,
40014,2026-10-31 23:59:59.999999999,0.0,,
40014,2026-11-30 23:59:59.999999999,0.0,,
40014,2026-12-31 23:59:59.999999999,0.0,,
40014,2027-01-31 23:59:59.999999999,0.0,,
40014,2027-02-28 23:59:59.999999999,0.0,,
40014,2027-03-31 23:59:59.999999999,0.0,,
40014,2027-04-30 23:59:59.999999999,0.0,,
40014,2027-05-31 23:59:59.999999999,0.0,,
40014,2024-12-31 23:59:59.999999999,0.0,,
40014,2025-01-31 23:59:59.999999999,0.0,,
40014,2025-02-28 23:59:59.999999999,0.0,,
40014,2025-03-31 23:59:59.999999999,0.0,,
40014,2025-04-30 23:59:59.999999999,0.0,,
40014,2025-05-31 23:59:59.999999999,0.0,,
40014,2025-06-30 23:59:59.999999999,0.0,,
40014,2025-07-31 23:59:59.999999999,0.0,,
40014,2025-08-31 23:59:59.999999999,0.0,,
40014,2025-09-30 23:59:59.999999999,0.0,,
40014,2025-10-31 23:59:59.999999999,0.0,,
40014,2025-11-30 23:59:59.999999999,0.0,,
40014,2025-12-31 23:59:59.999999999,0.0,,
40014,2026-01-31 23:59:59.999999999,0.0,,
40014,2026-02-28 23:59:59.999999999,0.0,,
40014,2026-03-31 23:59:59.999999999,0.0,,
40014,2026-04-30 23:59:59.999999999,0.0,,
40014,2026-05-31 23:59:59.999999999,0.0,,
40014,2026-06-30 23:59:59.999999999,0.0,,
40014,2026-07-31 23:59:59.999999999,0.0,,
40014,2026-08-31 23:59:59.999999999,0.0,,
40014,2026-09-30 23:59:59.999999999,0.0,,
40014,2026-10-31 23:59:59.999999999,0.0,,
40014,2026-11-30 23:59:59.999999999,0.0,,
40014,2026-12-31 23:59:59.999999999,0.0,,
40014,2027-01-31 23:59:59.999999999,0.0,,
40014,2027-02-28 23:59:59.999999999,0.0,,
40014,2027-03-31 23:59:59.999999999,0.0,,
40014,2027-04-30 23:59:59.999999999,0.0,,
40014,2027-05-31 23:59:59.999999999,0.0,,
40021,2024-12-31 23:59:59.999999999,1025217660000.0,1025217658880.0,0.0
40021,2025-01-31 23:59:59.999999999,1028343600000.0,1028343595008.0,0.0
40021,2025-02-28 23:59:59.999999999,1031469470000.0,1031469465600.0,0.0
40021,2025-03-31 23:59:59.999999999,1034595400000.0,1034595401728.0,0.0
40021,2025-04-30 23:59:59.999999999,1037721340000.0,1037721337856.0,0.0
40021,2025-05-31 23:59:59.999999999,1040847300000.0,1040847273984.0,0.0
40021,2025-06-30 23:59:59.999999999,1043973140000.0,1043973144576.0,0.0
40021,2025-07-31 23:59:59.999999999,1047099100000.0,1047099080704.0,0.0
40021,2025-08-31 23:59:59.999999999,1050225000000.0,1050225016832.0,0.0
40021,2025-09-30 23:59:59.999999999,1053350950000.0,1053350952960.0,0.0
40021,2025-10-31 23:59:59.999999999,1056476900000.0,1056476889088.0,0.0
40021,2025-11-30 23:59:59.999999999,1059602760000.0,1059602759680.0,0.0
40021,2025-12-31 23:59:59.999999999,1062728700000.0,1062728695808.0,0.0
40021,2026-01-31 23:59:59.999999999,1065854600000.0,1065854631936.0,0.0
40021,2026-02-28 23:59:59.999999999,1068980600000.0,1068980568064.0,0.0
40021,2026-03-31 23:59:59.999999999,1072106440000.0,1072106438656.0,0.0
40021,2026-04-30 23:59:59.999999999,1075232400000.0,1075232374784.0,0.0
40021,2026-05-31 23:59:59.999999999,1078358300000.0,1078358310912.0,0.0
40021,2026-06-30 23:59:59.999999999,1081484250000.0,1081484247040.0,0.0
40021,2026-07-31 23:59:59.999999999,1084610200000.0,1084610183168.0,0.0
40021,2026-08-31 23:59:59.999999999,1087736050000.0,1087736053760.0,0.0
40021,2026-09-30 23:59:59.999999999,1090862000000.0,1090861989888.0,0.0
40021,2026-10-31 23:59:59.999999999,1093987900000.0,1093987926016.0,0.0
40021,2026-11-30 23:59:59.999999999,1097113860000.0,1097113862144.0,0.0
40021,2026-12-31 23:59:59.999999999,1100239700000.0,1100239732736.0,0.0
40021,2027-01-31 23:59:59.999999999,1103365700000.0,1103365668864.0,0.0
40021,2027-02-28 23:59:59.999999999,1106491600000.0,1106491604992.0,0.0
40021,2027-03-31 23:59:59.999999999,1109617500000.0,1109617541120.0,0.0
40021,2027-04-30 23:59:59.999999999,1112743500000.0,1112743477248.0,0.0
40021,2027-05-31 23:59:59.999999999,1115869400000.0,1115869413376.0,0.0
40021,2024-12-31 23:59:59.999999999,367312140000.0,369161535787.0973,-0.500971328758333
40021,2025-01-31 23:59:59.999999999,367808450000.0,370969449313.06213,-0.8520924984295822
40021,2025-02-28 23:59:59.999999999,369274750000.0,374115086095.71716,-1.293809671839527
40021,2025-03-31 23:59:59.999999999,370645040000.0,376974918190.3419,-1.6791241891445523
40021,2025-04-30 23:59:59.999999999,371324100000.0,379321223191.8968,-2.1082740134081766
40021,2025-05-31 23:59:59.999999999,373329070000.0,383286928374.3222,-2.5980172046455103
40021,2025-06-30 23:59:59.999999999,374311060000.0,385922352100.7411,-3.00871213640149
40021,2025-07-31 23:59:59.999999999,372886770000.0,385804305757.73254,-3.348210477942195
40021,2025-08-31 23:59:59.999999999,373796570000.0,388089137296.0108,-3.6828055295733004
40021,2025-09-30 23:59:59.999999999,373434550000.0,388596057956.9069,-3.9016118209280046
40021,2025-10-31 23:59:59.999999999,375058500000.0,391973199819.1132,-4.315270097781934
40021,2025-11-30 23:59:59.999999999,374789080000.0,393636347957.4196,-4.787989984974243
40021,2025-12-31 23:59:59.999999999,374789080000.0,395362996328.64636,-5.203804473280612
40021,2026-01-31 23:59:59.999999999,374789080000.0,396901526091.1981,-5.57126783284709
40021,2026-02-28 23:59:59.999999999,374789080000.0,398448422655.0462,-5.937868559597513
40021,2026-03-31 23:59:59.999999999,374789080000.0,399997595683.0639,-6.302167041783358
40021,2026-04-30 23:59:59.999999999,374789080000.0,401549109119.92,-6.664198592936805
40021,2026-05-31 23:59:59.999999999,374789080000.0,403102913981.5016,-7.023971784734087
40021,2026-06-30 23:59:59.999999999,374789080000.0,404659073383.31604,-7.38152096617428
40021,2026-07-31 23:59:59.999999999,374789080000.0,406217538152.59015,-7.736854310998377
40021,2026-08-31 23:59:59.999999999,374789080000.0,407778370781.3832,-8.090005283548814
40021,2026-09-30 23:59:59.999999999,374789080000.0,409341549651.4874,-8.44098788429988
40021,2026-10-31 23:59:59.999999999,374789080000.0,410907053391.0243,-8.789816103899774
40021,2026-11-30 23:59:59.999999999,374789080000.0,412474943209.3812,-9.136522057838327
40021,2026-12-31 23:59:59.999999999,374789080000.0,414045169432.8297,-9.481113001898747
40021,2027-01-31 23:59:59.999999999,374789080000.0,415617794131.74384,-9.823620563945783
40021,2027-02-28 23:59:59.999999999,374789080000.0,417192795059.26056,-10.164057606324981
40021,2027-03-31 23:59:59.999999999,374789080000.0,418770149831.0971,-10.502436911713032
40021,2027-04-30 23:59:59.999999999,374789080000.0,420349920974.51074,-10.83878922324657
40021,2027-05-31 23:59:59.999999999,374789080000.0,421932056365.38617,-11.173120556775409
40021,2024-12-31 23:59:59.999999999,1846964700.0,1856264086.8612123,-0.5009713287583277
40021,2025-01-31 23:59:59.999999999,1846964700.0,1862837837.4709983,-0.8520924984295855
40021,2025-02-28 23:59:59.999999999,1846964700.0,1871174168.3672988,-1.2938096718395213
40021,2025-03-31 23:59:59.999999999,1846964700.0,1878507204.8718262,-1.679124189144559
40021,2025-04-30 23:59:59.999999999,1846964700.0,1886742436.4884298,-2.108274013408174
40021,2025-05-31 23:59:59.999999999,1846964700.0,1896229094.1043239,-2.5980172046455015
40021,2025-06-30 23:59:59.999999999,1846964700.0,1904258389.2662988,-3.008712136401496
40021,2025-07-31 23:59:59.999999999,1846964700.0,1910947272.816389,-3.3482104779422013
40021,2025-08-31 23:59:59.999999999,1846964700.0,1917585687.7424865,-3.682805529573299
40021,2025-09-30 23:59:59.999999999,1846964700.0,1921951836.026971,-3.9016118209280033
40021,2025-10-31 23:59:59.999999999,1846964700.0,1930260698.7420523,-4.315270097781929
40021,2025-11-30 23:59:59.999999999,1846964700.0,1939844286.1447034,-4.787989984974238
40021,2025-12-31 23:59:59.999999999,1846964700.0,1948353228.457794,-5.203804473280615
40021,2026-01-31 23:59:59.999999999,1846964700.0,1955935120.182062,-5.571267832847071
40021,2026-02-28 23:59:59.999999999,1846964700.0,1963558243.595864,-5.937868559597518
40021,2026-03-31 23:59:59.999999999,1846964700.0,1971192585.4503279,-6.302167041783361
40021,2026-04-30 23:59:59.999999999,1846964700.0,1978838460.8654907,-6.66419859293682
40021,2026-05-31 23:59:59.999999999,1846964700.0,1986495628.4471004,-7.023971784734086
40021,2026-06-30 23:59:59.999999999,1846964700.0,1994164399.229078,-7.381520966174294
40021,2026-07-31 23:59:59.999999999,1846964700.0,2001844530.887451,-7.736854310998374
40021,2026-08-31 23:59:59.999999999,1846964700.0,2009536331.383781,-8.090005283548818
40021,2026-09-30 23:59:59.999999999,1846964700.0,2017239694.1833003,-8.440987884299876
40021,2026-10-31 23:59:59.999999999,1846964700.0,2024954513.965155,-8.789816103899788
40021,2026-11-30 23:59:59.999999999,1846964700.0,2032681092.3698833,-9.13652205783832
40021,2026-12-31 23:59:59.999999999,1846964700.0,2040419184.6048024,-9.48111300189875
40021,2027-01-31 23:59:59.999999999,1846964700.0,2048169096.5534027,-9.823620563945786
40021,2027-02-28 23:59:59.999999999,1846964700.0,2055930718.5828965,-10.164057606324969
40021,2027-03-31 23:59:59.999999999,1846964700.0,2063703940.383291,-10.50243691171303
40021,2027-04-30 23:59:59.999999999,1846964700.0,2071489070.0896025,-10.838789223246573
40021,2027-05-31 23:59:59.999999999,1846964700.0,2079285850.833613,-11.17312055677541
40021,2024-12-31 23:59:59.999999999,-1328293.9,-1334981.7508157429,-0.5009713287583327
40021,2025-01-31 23:59:59.999999999,-2442478.0,-2463469.0348470677,-0.8520924984295895
40021,2025-02-28 23:59:59.999999999,-3377065.0,-3421330.504979015,-1.293809671839534
40021,2025-03-31 23:59:59.999999999,-4161004.5,-4232066.146364199,-1.6791241891445534
40021,2025-04-30 23:59:59.999999999,-4818579.5,-4922356.257831227,-2.1082740134081783
40021,2025-05-31 23:59:59.999999999,-5370159.0,-5513398.029363449,-2.598017204645507
40021,2025-06-30 23:59:59.999999999,-5832828.5,-6013765.389117078,-3.0087121364014915
40021,2025-07-31 23:59:59.999999999,-6220920.0,-6436425.058203673,-3.348210477942204
40021,2025-08-31 23:59:59.999999999,-6546454.0,-6796765.661618215,-3.6828055295733018
40021,2025-09-30 23:59:59.999999999,-6819514.5,-7096388.013597435,-3.901611820928001
40021,2025-10-31 23:59:59.999999999,-7048560.5,-7366442.385533251,-4.315270097781938
40021,2025-11-30 23:59:59.999999999,-7240685.5,-7604802.691233302,-4.787989984974234
40021,2025-12-31 23:59:59.999999999,-7401842.0,-7808163.56486976,-5.203804473280614
40021,2026-01-31 23:59:59.999999999,-7537021.5,-7981703.584305622,-5.571267832847083
40021,2026-02-28 23:59:59.999999999,-7650411.0,-8133359.177436119,-5.937868559597522
40021,2026-03-31 23:59:59.999999999,-7745523.5,-8266491.609740876,-6.3021670417833535
40021,2026-04-30 23:59:59.999999999,-7825304.0,-8384032.581315383,-6.664198592936808
40021,2026-05-31 23:59:59.999999999,-7892225.0,-8488451.43366122,-7.0239717847340915
40021,2026-06-30 23:59:59.999999999,-7948359.0,-8581828.467618363,-7.381520966174286
40021,2026-07-31 23:59:59.999999999,-7995444.5,-8665913.61078328,-7.73685431099837
40021,2026-08-31 23:59:59.999999999,-8034940.0,-8742183.072459484,-8.090005283548829
40021,2026-09-30 23:59:59.999999999,-8068069.5,-8811879.151562542,-8.440987884299886
40021,2026-10-31 23:59:59.999999999,-8095858.5,-8876046.68051343,-8.789816103899769
40021,2026-11-30 23:59:59.999999999,-8119168.5,-8935568.705798587,-9.136522057838329
40021,2026-12-31 23:59:59.999999999,-8138720.5,-8991184.900639266,-9.48111300189874
40021,2027-01-31 23:59:59.999999999,-8155121.5,-9043522.87261982,-9.823620563945779
40021,2027-02-28 23:59:59.999999999,-8168878.5,-9093107.148809891,-10.164057606324969
40021,2027-03-31 23:59:59.999999999,-8180418.0,-9140380.718445076,-10.502436911713023
40021,2027-04-30 23:59:59.999999999,-8190097.5,-9185718.126357436,-10.838789223246566
40021,2027-05-31 23:59:59.999999999,-8198217.0,-9229432.6350168,-11.173120556775414
40021,2024-12-31 23:59:59.999999999,42996634000.0,43213118936.132256,-0.5009713287583214
40021,2025-01-31 23:59:59.999999999,42996634000.0,43366153339.463036,-0.8520924984295852
40021,2025-02-28 23:59:59.999999999,42996634000.0,43560219938.64071,-1.2938096718395393
40021,2025-03-31 23:59:59.999999999,42996634000.0,43730930227.58938,-1.6791241891445485
40021,2025-04-30 23:59:59.999999999,42996634000.0,43922643274.150894,-2.108274013408169
40021,2025-05-31 23:59:59.999999999,42996634000.0,44143489039.98974,-2.59801720464551
40021,2025-06-30 23:59:59.999999999,42996634000.0,44330407964.54558,-3.0087121364014955
40021,2025-07-31 23:59:59.999999999,42996634000.0,44486122618.75124,-3.348210477942199
40021,2025-08-31 23:59:59.999999999,42996634000.0,44640662382.66701,-3.6828055295732973
40021,2025-09-30 23:59:59.999999999,42996634000.0,44742304647.06553,-3.9016118209280055
40021,2025-10-31 23:59:59.999999999,42996634000.0,44935731797.47597,-4.315270097781931
40021,2025-11-30 23:59:59.999999999,42996634000.0,45158834051.72787,-4.7879899849742396
40021,2025-12-31 23:59:59.999999999,42996634000.0,45356918978.75892,-5.203804473280611
40021,2026-01-31 23:59:59.999999999,42996634000.0,45533422522.17213,-5.571267832847088
40021,2026-02-28 23:59:59.999999999,42996634000.0,45710885923.5691,-5.937868559597523
40021,2026-03-31 23:59:59.999999999,42996634000.0,45888610485.97976,-6.302167041783361
40021,2026-04-30 23:59:59.999999999,42996634000.0,46066603545.278206,-6.664198592936804
40021,2026-05-31 23:59:59.999999999,42996634000.0,46244859481.898476,-7.023971784734089
40021,2026-06-30 23:59:59.999999999,42996634000.0,46423385536.591415,-7.381520966174284
40021,2026-07-31 23:59:59.999999999,42996634000.0,46602176068.14752,-7.73685431099837
40021,2026-08-31 23:59:59.999999999,42996634000.0,46781238245.79432,-8.090005283548814
40021,2026-09-30 23:59:59.999999999,42996634000.0,46960569589.44311,-8.440987884299881
40021,2026-10-31 23:59:59.999999999,42996634000.0,47140167647.26462,-8.789816103899776
40021,2026-11-30 23:59:59.999999999,42996634000.0,47320039441.3354,-9.136522057838322
40021,2026-12-31 23:59:59.999999999,42996634000.0,47500179272.97527,-9.481113001898748
40021,2027-01-31 23:59:59.999999999,42996634000.0,47680594263.035065,-9.82362056394578
40021,2027-02-28 23:59:59.999999999,42996634000.0,47861281859.30536,-10.164057606324969
40021,2027-03-31 23:59:59.999999999,42996634000.0,48042239493.811646,-10.502436911713021
40021,2027-04-30 23:59:59.999999999,42996634000.0,48223474339.81943,-10.838789223246579
40021,2027-05-31 23:59:59.999999999,42996634000.0,48404980417.534676,-11.173120556775404
40021,2024-12-31 23:59:59.999999999,0.0,,
40021,2025-01-31 23:59:59.999999999,0.0,,
40021,2025-02-28 23:59:59.999999999,0.0,,
40021,2025-03-31 23:59:59.999999999,0.0,,
40021,2025-04-30 23:59:59.999999999,0.0,,
40021,2025-05-31 23:59:59.999999999,0.0,,
40021,2025-06-30 23:59:59.999999999,0.0,,
40021,2025-07-31 23:59:59.999999999,0.0,,
40021,2025-08-31 23:59:59.999999999,0.0,,
40021,2025-09-30 23:59:59.999999999,0.0,,
40021,2025-10-31 23:59:59.999999999,0.0,,
40021,2025-11-30 23:59:59.999999999,0.0,,
40021,2025-12-31 23:59:59.999999999,0.0,,
40021,2026-01-31 23:59:59.999999999,0.0,,
40021,2026-02-28 23:59:59.999999999,0.0,,
40021,2026-03-31 23:59:59.999999999,0.0,,
40021,2026-04-30 23:59:59.999999999,0.0,,
40021,2026-05-31 23:59:59.999999999,0.0,,
40021,2026-06-30 23:59:59.999999999,0.0,,
40021,2026-07-31 23:59:59.999999999,0.0,,
40021,2026-08-31 23:59:59.999999999,0.0,,
40021,2026-09-30 23:59:59.999999999,0.0,,
40021,2026-10-31 23:59:59.999999999,0.0,,
40021,2026-11-30 23:59:59.999999999,0.0,,
40021,2026-12-31 23:59:59.999999999,0.0,,
40021,2027-01-31 23:59:59.999999999,0.0,,
40021,2027-02-28 23:59:59.999999999,0.0,,
40021,2027-03-31 23:59:59.999999999,0.0,,
40021,2027-04-30 23:59:59.999999999,0.0,,
40021,2027-05-31 23:59:59.999999999,0.0,,
40021,2024-12-31 23:59:59.999999999,22459593000.0,22572675335.564884,-0.5009713287583343
40021,2025-01-31 23:59:59.999999999,22459593000.0,22652613927.97852,-0.852092498429581
40021,2025-02-28 23:59:59.999999999,22459593000.0,22753985975.277145,-1.2938096718395278
40021,2025-03-31 23:59:59.999999999,22459593000.0,22843157690.342983,-1.679124189144553
40021,2025-04-30 23:59:59.999999999,22459593000.0,22943300342.948574,-2.1082740134081774
40021,2025-05-31 23:59:59.999999999,22459593000.0,23058660675.510593,-2.598017204645508
40021,2025-06-30 23:59:59.999999999,22459593000.0,23156299084.90909,-3.008712136401495
40021,2025-07-31 23:59:59.999999999,22459593000.0,23237637725.139366,-3.3482104779422017
40021,2025-08-31 23:59:59.999999999,22459593000.0,23318362653.19793,-3.6828055295733035
40021,2025-09-30 23:59:59.999999999,22459593000.0,23371456201.89619,-3.9016118209279944
40021,2025-10-31 23:59:59.999999999,22459593000.0,23472494228.652637,-4.3152700977819345
40021,2025-11-30 23:59:59.999999999,22459593000.0,23589033253.74138,-4.787989984974233
40021,2025-12-31 23:59:59.999999999,22459593000.0,23692504302.738087,-5.203804473280615
40021,2026-01-31 23:59:59.999999999,22459593000.0,23784702164.8487,-5.5712678328470915
40021,2026-02-28 23:59:59.999999999,22459593000.0,23877401415.49986,-5.937868559597518
40021,2026-03-31 23:59:59.999999999,22459593000.0,23970237085.435658,-6.302167041783356
40021,2026-04-30 23:59:59.999999999,22459593000.0,24063213006.60131,-6.664198592936804
40021,2026-05-31 23:59:59.999999999,22459593000.0,24156326243.577175,-7.023971784734082
40021,2026-06-30 23:59:59.999999999,22459593000.0,24249580578.620174,-7.381520966174279
40021,2026-07-31 23:59:59.999999999,22459593000.0,24342973065.005013,-7.73685431099837
40021,2026-08-31 23:59:59.999999999,22459593000.0,24436507447.6279,-8.090005283548825
40021,2026-09-30 23:59:59.999999999,22459593000.0,24530182430.997124,-8.440987884299874
40021,2026-10-31 23:59:59.999999999,22459593000.0,24623996734.382507,-8.78981610389977
40021,2026-11-30 23:59:59.999999999,22459593000.0,24717954025.81492,-9.136522057838334
40021,2026-12-31 23:59:59.999999999,22459593000.0,24812051328.548836,-9.481113001898752
40021,2027-01-31 23:59:59.999999999,22459593000.0,24906292362.210575,-9.82362056394578
40021,2027-02-28 23:59:59.999999999,22459593000.0,25000675793.635674,-10.164057606324976
40021,2027-03-31 23:59:59.999999999,22459593000.0,25095200281.424652,-10.50243691171302
40021,2027-04-30 23:59:59.999999999,22459593000.0,25189869572.582993,-10.838789223246572
40021,2027-05-31 23:59:59.999999999,22459593000.0,25284680543.523407,-11.173120556775414
40021,2024-12-31 23:59:59.999999999,784602560.0,788552984.3637304,-0.500971328758328
40021,2025-01-31 23:59:59.999999999,454540130.0,458446516.37534606,-0.852092498429581
40021,2025-02-28 23:59:59.999999999,124477704.0,126109318.56062834,-1.2938096718395353
40021,2025-03-31 23:59:59.999999999,-205584700.0,-209095680.14375004,-1.6791241891445583
40021,2025-04-30 23:59:59.999999999,-535647140.0,-547183258.4434841,-2.1082740134081748
40021,2025-05-31 23:59:59.999999999,-865709600.0,-888800764.7841121,-2.5980172046455094
40021,2025-06-30 23:59:59.999999999,-1195771900.0,-1232865271.0351126,-3.008712136401495
40021,2025-07-31 23:59:59.999999999,-1525834400.0,-1578692309.314951,-3.348210477942205
40021,2025-08-31 23:59:59.999999999,-1855896800.0,-1926859313.3387372,-3.682805529573306
40021,2025-09-30 23:59:59.999999999,-2185959200.0,-2274709502.85517,-3.901611820927997
40021,2025-10-31 23:59:59.999999999,-2516021500.0,-2629491149.289095,-4.315270097781938
40021,2025-11-30 23:59:59.999999999,-2846084000.0,-2989207029.1876507,-4.787989984974239
40021,2025-12-31 23:59:59.999999999,-3176146400.0,-3350499895.435959,-5.203804473280618
40021,2026-01-31 23:59:59.999999999,-3506208800.0,-3713074069.2287264,-5.571267832847086
40021,2026-02-28 23:59:59.999999999,-3836271400.0,-4078444004.249098,-5.937868559597533
40021,2026-03-31 23:59:59.999999999,-4166333700.0,-4446563559.114461,-6.302167041783366
40021,2026-04-30 23:59:59.999999999,-4496396300.0,-4817440060.743652,-6.664198592936803
40021,2026-05-31 23:59:59.999999999,-4826458600.0,-5191078514.15784,-7.02397178473408
40021,2026-06-30 23:59:59.999999999,-5156521000.0,-5567486114.857013,-7.381520966174289
40021,2026-07-31 23:59:59.999999999,-5486583300.0,-5946668363.654153,-7.736854310998376
40021,2026-08-31 23:59:59.999999999,-5816645600.0,-6328632321.158066,-8.09000528354882
40021,2026-09-30 23:59:59.999999999,-6146708000.0,-6713383888.669099,-8.440987884299881
40021,2026-10-31 23:59:59.999999999,-6476771000.0,-7100929456.93197,-8.789816103899781
40021,2026-11-30 23:59:59.999999999,-6806833000.0,-7491275159.347113,-9.136522057838333
40021,2026-12-31 23:59:59.999999999,-7136895500.0,-7884426913.191835,-9.48111300189875
40021,2027-01-31 23:59:59.999999999,-7466958000.0,-8280392127.846475,-9.82362056394579
40021,2027-02-28 23:59:59.999999999,-7797020000.0,-8679176677.228195,-10.16405760632497
40021,2027-03-31 23:59:59.999999999,-8127082500.0,-9080786353.906473,-10.502436911713028
40021,2027-04-30 23:59:59.999999999,-8457145300.0,-9485229361.875143,-10.838789223246577
40021,2027-05-31 23:59:59.999999999,-8787207000.0,-9892509140.340242,-11.173120556775414
40021,2024-12-31 23:59:59.999999999,2291828500.0,2303367691.731457,-0.5009713287583334
40021,2025-01-31 23:59:59.999999999,2305117200.0,2324927718.6848235,-0.852092498429587
40021,2025-02-28 23:59:59.999999999,2315051800.0,2345396745.9420075,-1.2938096718395402
40021,2025-03-31 23:59:59.999999999,2298297900.0,2337548193.1439924,-1.679124189144562
40021,2025-04-30 23:59:59.999999999,2235181300.0,2283319953.21663,-2.1082740134081783
40021,2025-05-31 23:59:59.999999999,2174654200.0,2232659074.886634,-2.598017204645503
40021,2025-06-30 23:59:59.999999999,2081882000.0,2146462872.9621646,-3.0087121364014853
40021,2025-07-31 23:59:59.999999999,2015933000.0,2085768991.93359,-3.348210477942204
40021,2025-08-31 23:59:59.999999999,2145784300.0,2227831003.3821044,-3.6828055295732964
40021,2025-09-30 23:59:59.999999999,2245212200.0,2336368176.973186,-3.9016118209280073
40021,2025-10-31 23:59:59.999999999,2258003200.0,2359836519.690753,-4.315270097781935
40021,2025-11-30 23:59:59.999999999,2151103500.0,2259277466.8453345,-4.787989984974248
40021,2025-12-31 23:59:59.999999999,2151103500.0,2269187572.3996615,-5.203804473280622
40021,2026-01-31 23:59:59.999999999,2151103500.0,2278017970.412042,-5.571267832847085
40021,2026-02-28 23:59:59.999999999,2151103500.0,2286896389.7154865,-5.937868559597515
40021,2026-03-31 23:59:59.999999999,2151103500.0,2295787874.7945614,-6.302167041783356
40021,2026-04-30 23:59:59.999999999,2151103500.0,2304692792.659961,-6.6641985929368115
40021,2026-05-31 23:59:59.999999999,2151103500.0,2313610862.167165,-7.0239717847340915
40021,2026-06-30 23:59:59.999999999,2151103500.0,2322542445.567891,-7.381520966174296
40021,2026-07-31 23:59:59.999999999,2151103500.0,2331487260.6348014,-7.7368543109983685
40021,2026-08-31 23:59:59.999999999,2151103500.0,2340445666.041333,-8.09000528354882
40021,2026-09-30 23:59:59.999999999,2151103500.0,2349417537.7096915,-8.440987884299876
40021,2026-10-31 23:59:59.999999999,2151103500.0,2358402752.9758906,-8.789816103899781
40021,2026-11-30 23:59:59.999999999,2151103500.0,2367401663.151465,-9.136522057838324
40021,2026-12-31 23:59:59.999999999,2151103500.0,2376413983.1338425,-9.48111300189874
40021,2027-01-31 23:59:59.999999999,2151103500.0,2385440069.176195,-9.82362056394578
40021,2027-02-28 23:59:59.999999999,2151103500.0,2394479793.592559,-10.164057606324969
40021,2027-03-31 23:59:59.999999999,2151103500.0,2403533027.90825,-10.50243691171303
40021,2027-04-30 23:59:59.999999999,2151103500.0,2412600130.998722,-10.838789223246568
40021,2027-05-31 23:59:59.999999999,2151103500.0,2421680803.6973977,-11.173120556775402
40021,2024-12-31 23:59:59.999999999,3889073000.0,3897273048.817167,-0.21040744937426376
40021,2025-01-31 23:59:59.999999999,3889073000.0,3897273048.817167,-0.21040744937426376
40021,2025-02-28 23:59:59.999999999,3889073000.0,3897273048.817167,-0.21040744937426376
40021,2025-03-31 23:59:59.999999999,3889073000.0,3897273048.817167,-0.21040744937426376
40021,2025-04-30 23:59:59.999999999,3889073000.0,3897273048.817167,-0.21040744937426376
40021,2025-05-31 23:59:59.999999999,3889073000.0,3897273048.817167,-0.21040744937426376
40021,2025-06-30 23:59:59.999999999,3889073000.0,3897273048.817167,-0.21040744937426376
40021,2025-07-31 23:59:59.999999999,3889073000.0,3897273048.817167,-0.21040744937426376
40021,2025-08-31 23:59:59.999999999,3889073000.0,3897273048.817167,-0.21040744937426376
40021,2025-09-30 23:59:59.999999999,3889073000.0,3897273048.817167,-0.21040744937426376
40021,2025-10-31 23:59:59.999999999,3889073000.0,3897273048.817167,-0.21040744937426376
40021,2025-11-30 23:59:59.999999999,3889073000.0,3897273048.817167,-0.21040744937426376
40021,2025-12-31 23:59:59.999999999,3889073000.0,3897273048.817167,-0.21040744937426376
40021,2026-01-31 23:59:59.999999999,3889073000.0,3897273048.817167,-0.21040744937426376
40021,2026-02-28 23:59:59.999999999,3889073000.0,3897273048.817167,-0.21040744937426376
40021,2026-03-31 23:59:59.999999999,3889073000.0,3897273048.817167,-0.21040744937426376
40021,2026-04-30 23:59:59.999999999,3889073000.0,3897273048.817167,-0.21040744937426376
40021,2026-05-31 23:59:59.999999999,3889073000.0,3897273048.817167,-0.21040744937426376
40021,2026-06-30 23:59:59.999999999,3889073000.0,3897273048.817167,-0.21040744937426376
40021,2026-07-31 23:59:59.999999999,3889073000.0,3897273048.817167,-0.21040744937426376
40021,2026-08-31 23:59:59.999999999,3889073000.0,3897273048.817167,-0.21040744937426376
40021,2026-09-30 23:59:59.999999999,3889073000.0,3897273048.817167,-0.21040744937426376
40021,2026-10-31 23:59:59.999999999,3889073000.0,3897273048.817167,-0.21040744937426376
40021,2026-11-30 23:59:59.999999999,3889073000.0,3897273048.817167,-0.21040744937426376
40021,2026-12-31 23:59:59.999999999,3889073000.0,3897273048.817167,-0.21040744937426376
40021,2027-01-31 23:59:59.999999999,3889073000.0,3897273048.817167,-0.21040744937426376
40021,2027-02-28 23:59:59.999999999,3889073000.0,3897273048.817167,-0.21040744937426376
40021,2027-03-31 23:59:59.999999999,3889073000.0,3897273048.817167,-0.21040744937426376
40021,2027-04-30 23:59:59.999999999,3889073000.0,3897273048.817167,-0.21040744937426376
40021,2027-05-31 23:59:59.999999999,3889073000.0,3897273048.817167,-0.21040744937426376
40021,2024-12-31 23:59:59.999999999,24463827000.0,24515409191.182835,-0.210407449374276
40021,2025-01-31 23:59:59.999999999,24463827000.0,24515409191.182835,-0.210407449374276
40021,2025-02-28 23:59:59.999999999,24463827000.0,24515409191.182835,-0.210407449374276
40021,2025-03-31 23:59:59.999999999,24463827000.0,24515409191.182835,-0.210407449374276
40021,2025-04-30 23:59:59.999999999,24463827000.0,24515409191.182835,-0.210407449374276
40021,2025-05-31 23:59:59.999999999,24463827000.0,24515409191.182835,-0.210407449374276
40021,2025-06-30 23:59:59.999999999,24463827000.0,24515409191.182835,-0.210407449374276
40021,2025-07-31 23:59:59.999999999,24463827000.0,24515409191.182835,-0.210407449374276
40021,2025-08-31 23:59:59.999999999,24463827000.0,24515409191.182835,-0.210407449374276
40021,2025-09-30 23:59:59.999999999,24463827000.0,24515409191.182835,-0.210407449374276
40021,2025-10-31 23:59:59.999999999,24463827000.0,24515409191.182835,-0.210407449374276
40021,2025-11-30 23:59:59.999999999,24463827000.0,24515409191.182835,-0.210407449374276
40021,2025-12-31 23:59:59.999999999,24463827000.0,24515409191.182835,-0.210407449374276
40021,2026-01-31 23:59:59.999999999,24463827000.0,24515409191.182835,-0.210407449374276
40021,2026-02-28 23:59:59.999999999,24463827000.0,24515409191.182835,-0.210407449374276
40021,2026-03-31 23:59:59.999999999,24463827000.0,24515409191.182835,-0.210407449374276
40021,2026-04-30 23:59:59.999999999,24463827000.0,24515409191.182835,-0.210407449374276
40021,2026-05-31 23:59:59.999999999,24463827000.0,24515409191.182835,-0.210407449374276
40021,2026-06-30 23:59:59.999999999,24463827000.0,24515409191.182835,-0.210407449374276
40021,2026-07-31 23:59:59.999999999,24463827000.0,24515409191.182835,-0.210407449374276
40021,2026-08-31 23:59:59.999999999,24463827000.0,24515409191.182835,-0.210407449374276
40021,2026-09-30 23:59:59.999999999,24463827000.0,24515409191.182835,-0.210407449374276
40021,2026-10-31 23:59:59.999999999,24463827000.0,24515409191.182835,-0.210407449374276
40021,2026-11-30 23:59:59.999999999,24463827000.0,24515409191.182835,-0.210407449374276
40021,2026-12-31 23:59:59.999999999,24463827000.0,24515409191.182835,-0.210407449374276
40021,2027-01-31 23:59:59.999999999,24463827000.0,24515409191.182835,-0.210407449374276
40021,2027-02-28 23:59:59.999999999,24463827000.0,24515409191.182835,-0.210407449374276
40021,2027-03-31 23:59:59.999999999,24463827000.0,24515409191.182835,-0.210407449374276
40021,2027-04-30 23:59:59.999999999,24463827000.0,24515409191.182835,-0.210407449374276
40021,2027-05-31 23:59:59.999999999,24463827000.0,24515409191.182835,-0.210407449374276
40021,2024-12-31 23:59:59.999999999,-0.0,,
40021,2025-01-31 23:59:59.999999999,-0.0,,
40021,2025-02-28 23:59:59.999999999,-0.0,,
40021,2025-03-31 23:59:59.999999999,-0.0,,
40021,2025-04-30 23:59:59.999999999,-0.0,,
40021,2025-05-31 23:59:59.999999999,-0.0,,
40021,2025-06-30 23:59:59.999999999,-0.0,,
40021,2025-07-31 23:59:59.999999999,-0.0,,
40021,2025-08-31 23:59:59.999999999,-0.0,,
40021,2025-09-30 23:59:59.999999999,-0.0,,
40021,2025-10-31 23:59:59.999999999,-0.0,,
40021,2025-11-30 23:59:59.999999999,-0.0,,
40021,2025-12-31 23:59:59.999999999,-0.0,,
40021,2026-01-31 23:59:59.999999999,-0.0,,
40021,2026-02-28 23:59:59.999999999,-0.0,,
40021,2026-03-31 23:59:59.999999999,-0.0,,
40021,2026-04-30 23:59:59.999999999,-0.0,,
40021,2026-05-31 23:59:59.999999999,-0.0,,
40021,2026-06-30 23:59:59.999999999,-0.0,,
40021,2026-07-31 23:59:59.999999999,-0.0,,
40021,2026-08-31 23:59:59.999999999,-0.0,,
40021,2026-09-30 23:59:59.999999999,-0.0,,
40021,2026-10-31 23:59:59.999999999,-0.0,,
40021,2026-11-30 23:59:59.999999999,-0.0,,
40021,2026-12-31 23:59:59.999999999,-0.0,,
40021,2027-01-31 23:59:59.999999999,-0.0,,
40021,2027-02-28 23:59:59.999999999,-0.0,,
40021,2027-03-31 23:59:59.999999999,-0.0,,
40021,2027-04-30 23:59:59.999999999,-0.0,,
40021,2027-05-31 23:59:59.999999999,-0.0,,
40021,2024-12-31 23:59:59.999999999,2166330.0,2080272.472303675,4.136839228614396
40021,2025-01-31 23:59:59.999999999,2166330.0,1961970.6939335323,10.416022354378294
40021,2025-02-28 23:59:59.999999999,2166330.0,1991981.5627525053,8.75251259889079
40021,2025-03-31 23:59:59.999999999,2166330.0,2079060.1470921938,4.1975626837859
40021,2025-04-30 23:59:59.999999999,2166330.0,2105081.187577877,2.909570081360908
40021,2025-05-31 23:59:59.999999999,2166330.0,2134784.8930924693,1.4776714510956723
40021,2025-06-30 23:59:59.999999999,2166330.0,2171867.9784102957,-0.2549868806643217
40021,2025-07-31 23:59:59.999999999,2166330.0,2169507.162698573,-0.14644628758086273
40021,2025-08-31 23:59:59.999999999,2166330.0,2179543.6782316295,-0.606258932252757
40021,2025-09-30 23:59:59.999999999,2166330.0,2170671.133499967,-0.19999038237392217
40021,2025-10-31 23:59:59.999999999,2166330.0,2138607.3984170053,1.2962922322028307
40021,2025-11-30 23:59:59.999999999,2166330.0,2101007.785778078,3.1090895837747254
40021,2025-12-31 23:59:59.999999999,2166330.0,2085361.5816012393,3.882704041022437
40021,2026-01-31 23:59:59.999999999,2166330.0,2083849.8936174656,3.9580637086749455
40021,2026-02-28 23:59:59.999999999,2166330.0,2085300.9605707498,3.885723977563047
40021,2026-03-31 23:59:59.999999999,2166330.0,2098044.593282913,3.2547166507189265
40021,2026-04-30 23:59:59.999999999,2166330.0,2106543.842943973,2.8381159621379504
40021,2026-05-31 23:59:59.999999999,2166330.0,2115309.4670162676,2.4119654253568394
40021,2026-06-30 23:59:59.999999999,2166330.0,2122534.430745658,2.063362017593108
40021,2026-07-31 23:59:59.999999999,2166330.0,2121641.5626166267,2.1063141941968224
40021,2026-08-31 23:59:59.999999999,2166330.0,2124342.1634379523,1.9765100596645995
40021,2026-09-30 23:59:59.999999999,2166330.0,2122570.7136431495,2.061617362172247
40021,2026-10-31 23:59:59.999999999,2166330.0,2115360.564545973,2.4094916161475544
40021,2026-11-30 23:59:59.999999999,2166330.0,2106797.6652990286,2.8257262518145825
40021,2026-12-31 23:59:59.999999999,2166330.0,2103209.8040234693,3.001136446577078
40021,2027-01-31 23:59:59.999999999,2166330.0,2102858.077262203,3.0183645498527167
40021,2027-02-28 23:59:59.999999999,2166330.0,2103184.3667849223,3.0023822073005713
40021,2027-03-31 23:59:59.999999999,2166330.0,2106153.2804237087,2.8571861381420978
40021,2027-04-30 23:59:59.999999999,2166330.0,2108116.6265902487,2.7613924521769913
40021,2027-05-31 23:59:59.999999999,2166330.0,2110125.6839825073,2.6635530027489396
40021,2024-12-31 23:59:59.999999999,18437712000.0,17705273185.33569,4.1368392286143845
40021,2025-01-31 23:59:59.999999999,18460166000.0,16718738594.614845,10.4160223543783
40021,2025-02-28 23:59:59.999999999,18289345000.0,16817399501.799227,8.752512598890783
40021,2025-03-31 23:59:59.999999999,17298930000.0,16602048280.628231,4.197562683785899
40021,2025-04-30 23:59:59.999999999,16651760000.0,16180963153.217937,2.9095700813609136
40021,2025-05-31 23:59:59.999999999,16005769000.0,15772700523.300373,1.4776714510956697
40021,2025-06-30 23:59:59.999999999,15484629000.0,15524213700.261963,-0.2549868806643323
40021,2025-07-31 23:59:59.999999999,15556178000.0,15578992776.563766,-0.14644628758085038
40021,2025-08-31 23:59:59.999999999,15368269000.0,15462008608.29347,-0.6062589322527636
40021,2025-09-30 23:59:59.999999999,15502875000.0,15533941012.02769,-0.1999903823739041
40021,2025-10-31 23:59:59.999999999,16031238000.0,15826085822.81707,1.2962922322028236
40021,2025-11-30 23:59:59.999999999,16660696000.0,16158319437.45698,3.109089583774716
40021,2025-12-31 23:59:59.999999999,16926171000.0,16293541155.143585,3.882704041022443
40021,2026-01-31 23:59:59.999999999,16952508000.0,16307064417.34675,3.958063708674961
40021,2026-02-28 23:59:59.999999999,16928247000.0,16295065516.081993,3.885723977563055
40021,2026-03-31 23:59:59.999999999,16709194000.0,16182499231.025354,3.2547166507189336
40021,2026-04-30 23:59:59.999999999,16564458000.0,16107314239.497112,2.8381159621379575
40021,2026-05-31 23:59:59.999999999,16416718000.0,16030077887.691116,2.411965425356852
40021,2026-06-30 23:59:59.999999999,16295850000.0,15966405242.648203,2.0633620175931044
40021,2026-07-31 23:59:59.999999999,16310718000.0,15974250557.099255,2.106314194196815
40021,2026-08-31 23:59:59.999999999,16265678000.0,15950416242.41038,1.97651005966462
40021,2026-09-30 23:59:59.999999999,16295212000.0,15966053109.050179,2.0616173621722544
40021,2026-10-31 23:59:59.999999999,16415884000.0,16029651186.56209,2.4094916161475513
40021,2026-11-30 23:59:59.999999999,16560263000.0,16105175009.846096,2.8257262518145887
40021,2026-12-31 23:59:59.999999999,16621109000.0,16136821224.900524,3.0011364465770813
40021,2027-01-31 23:59:59.999999999,16627087000.0,16139925568.274584,3.018364549852726
40021,2027-02-28 23:59:59.999999999,16621543000.0,16137047578.713089,3.002382207300581
40021,2027-03-31 23:59:59.999999999,16571178000.0,16110860705.195765,2.857186138142097
40021,2027-04-30 23:59:59.999999999,16537949000.0,16093543294.186499,2.7613924521769855
40021,2027-05-31 23:59:59.999999999,16504011000.0,16075822693.919514,2.663553002748925
40021,2024-12-31 23:59:59.999999999,17682485000.0,16980047962.835867,4.136839228614392
40021,2025-01-31 23:59:59.999999999,19838147000.0,17966728140.53183,10.416022354378288
40021,2025-02-28 23:59:59.999999999,19431932000.0,17868030300.75297,8.752512598890794
40021,2025-03-31 23:59:59.999999999,18842331000.0,18083274359.47985,4.197562683785896
40021,2025-04-30 23:59:59.999999999,19042724000.0,18504327464.340496,2.909570081360926
40021,2025-05-31 23:59:59.999999999,19192019000.0,18912553539.671097,1.477671451095669
40021,2025-06-30 23:59:59.999999999,19112137000.0,19160994726.75802,-0.2549868806643376
40021,2025-07-31 23:59:59.999999999,19078238000.0,19106218555.77201,-0.1464462875808458
40021,2025-08-31 23:59:59.999999999,19106648000.0,19223190372.698437,-0.6062589322527592
40021,2025-09-30 23:59:59.999999999,19112968000.0,19151268887.878326,-0.19999038237392508
40021,2025-10-31 23:59:59.999999999,19103633000.0,18859163536.024094,1.2962922322028165
40021,2025-11-30 23:59:59.999999999,19102996000.0,18526976192.995167,3.109089583774711
40021,2025-12-31 23:59:59.999999999,19105872000.0,18391773730.163246,3.8827040410224507
40021,2026-01-31 23:59:59.999999999,19105675000.0,18378252328.304665,3.9580637086749473
40021,2026-02-28 23:59:59.999999999,19104844000.0,18390249443.827538,3.885723977563052
40021,2026-03-31 23:59:59.999999999,19105014000.0,18502800046.051918,3.2547166507189322
40021,2026-04-30 23:59:59.999999999,19105240000.0,18577974578.058197,2.838115962137965
40021,2026-05-31 23:59:59.999999999,19105157000.0,18655200142.53103,2.4119654253568554
40021,2026-06-30 23:59:59.999999999,19105102000.0,18718863896.240036,2.063362017593096
40021,2026-07-31 23:59:59.999999999,19105133000.0,18711019680.5888,2.1063141941968153
40021,2026-08-31 23:59:59.999999999,19105147000.0,18734850671.808563,1.976510059664598
40021,2026-09-30 23:59:59.999999999,19105135000.0,18719215985.186863,2.061617362172258
40021,2026-10-31 23:59:59.999999999,19105133000.0,18655626780.77739,2.409491616147562
40021,2026-11-30 23:59:59.999999999,19105137000.0,18580113495.34509,2.8257262518145874
40021,2026-12-31 23:59:59.999999999,19105137000.0,18548471695.658558,3.001136446577077
40021,2027-01-31 23:59:59.999999999,19105135000.0,18545367785.133717,3.0183645498527243
40021,2027-02-28 23:59:59.999999999,19105135000.0,18548245373.15009,3.0023822073005766
40021,2027-03-31 23:59:59.999999999,19105135000.0,18574428593.001656,2.8571861381420915
40021,2027-04-30 23:59:59.999999999,19105135000.0,18591743587.83736,2.761392452176986
40021,2027-05-31 23:59:59.999999999,19105135000.0,18609461715.67668,2.6635530027489285
40021,2024-12-31 23:59:59.999999999,499643.72,479795.35623615264,4.136839228614397
40021,2025-01-31 23:59:59.999999999,499643.72,452510.15939190617,10.4160223543783
40021,2025-02-28 23:59:59.999999999,499643.72,459431.88512142573,8.752512598890796
40021,2025-03-31 23:59:59.999999999,499643.72,479515.744784066,4.197562683785906
40021,2025-04-30 23:59:59.999999999,499643.72,485517.25398811663,2.909570081360924
40021,2025-05-31 23:59:59.999999999,499643.72,492368.1353792093,1.4776714510956792
40021,2025-06-30 23:59:59.999999999,499643.72,500921.00158653804,-0.2549868806643317
40021,2025-07-31 23:59:59.999999999,499643.72,500376.50156046223,-0.14644628758085007
40021,2025-08-31 23:59:59.999999999,499643.72,502691.3298388079,-0.6062589322527542
40021,2025-09-30 23:59:59.999999999,499643.72,500644.96052088146,-0.1999903823739179
40021,2025-10-31 23:59:59.999999999,499643.72,493249.76042031246,1.296292232202821
40021,2025-11-30 23:59:59.999999999,499643.72,484577.7620255742,3.1090895837747197
40021,2025-12-31 23:59:59.999999999,499643.72,480969.1116171704,3.882704041022441
40021,2026-01-31 23:59:59.999999999,499643.72,480620.45494630194,3.95806370867496
40021,2026-02-28 23:59:59.999999999,499643.72,480955.12994442973,3.8857239775630577
40021,2026-03-31 23:59:59.999999999,499643.72,483894.3294378999,3.2547166507189362
40021,2026-04-30 23:59:59.999999999,499643.72,485854.6017450908,2.838115962137953
40021,2026-05-31 23:59:59.999999999,499643.72,487876.31081464427,2.411965425356848
40021,2026-06-30 23:59:59.999999999,499643.72,489542.68101013,2.0633620175931107
40021,2026-07-31 23:59:59.999999999,499643.72,489336.7493412049,2.106314194196822
40021,2026-08-31 23:59:59.999999999,499643.72,489959.6176194572,1.9765100596646064
40021,2026-09-30 23:59:59.999999999,499643.72,489551.04932051187,2.0616173621722544
40021,2026-10-31 23:59:59.999999999,499643.72,487888.0959811522,2.4094916161475544
40021,2026-11-30 23:59:59.999999999,499643.72,485913.14349329256,2.8257262518145843
40021,2026-12-31 23:59:59.999999999,499643.72,485085.6369037704,3.001136446577081
40021,2027-01-31 23:59:59.999999999,499643.72,485004.51442151563,3.0183645498527234
40021,2027-02-28 23:59:59.999999999,499643.72,485079.770043014,3.0023822073005704
40021,2027-03-31 23:59:59.999999999,499643.72,485764.5221588647,2.857186138142099
40021,2027-04-30 23:59:59.999999999,499643.72,486217.3495581269,2.7613924521769886
40021,2027-05-31 23:59:59.999999999,499643.72,486680.7198233452,2.663553002748928
40021,2024-12-31 23:59:59.999999999,-9.8717326e-05,-9.47957772803378e-05,4.13683922861439
40021,2025-01-31 23:59:59.999999999,-3.2385795e-08,-2.93307028167025e-08,10.416022354378292
40021,2025-02-28 23:59:59.999999999,-7.912965e-05,-7.276121354646151e-05,8.752512598890798
40021,2025-03-31 23:59:59.999999999,4.4156466e-05,4.237763824493314e-05,4.1975626837859075
40021,2025-04-30 23:59:59.999999999,3.793927e-06,3.686660924486843e-06,2.9095700813609198
40021,2025-05-31 23:59:59.999999999,5.8022557e-05,5.717765897076789e-05,1.4776714510956757
40021,2025-06-30 23:59:59.999999999,2.1346945e-05,2.140151583482067e-05,-0.25498688066432795
40021,2025-07-31 23:59:59.999999999,-3.451361e-05,-3.456422847369518e-05,-0.1464462875808609
40021,2025-08-31 23:59:59.999999999,2.1841623e-05,2.1974847056581086e-05,-0.6062589322527596
40021,2025-09-30 23:59:59.999999999,-3.531372e-05,-3.538448396404652e-05,-0.19999038237392255
40021,2025-10-31 23:59:59.999999999,-7.1939166e-07,-7.101855839026456e-07,1.2962922322028225
40021,2025-11-30 23:59:59.999999999,5.5258326e-05,5.359209964104074e-05,3.1090895837747246
40021,2025-12-31 23:59:59.999999999,-5.0739953e-05,-4.8843504008408366e-05,3.8827040410224325
40021,2026-01-31 23:59:59.999999999,2.315988e-05,2.2278099223636092e-05,3.9580637086749784
40021,2026-02-28 23:59:59.999999999,-4.559281e-05,-4.388746363134205e-05,3.885723977563063
40021,2026-03-31 23:59:59.999999999,1.0445215e-05,1.0115968570839332e-05,3.2547166507189313
40021,2026-04-30 23:59:59.999999999,-1.9753293e-06,-1.9208143309151327e-06,2.838115962137954
40021,2026-05-31 23:59:59.999999999,2.1063943e-05,2.0567853258463828e-05,2.4119654253568434
40021,2026-06-30 23:59:59.999999999,8.003347e-06,7.841547409465989e-06,2.0633620175931022
40021,2026-07-31 23:59:59.999999999,-4.671641e-06,-4.575271319555327e-06,2.1063141941968238
40021,2026-08-31 23:59:59.999999999,2.1600677e-06,2.118201192209434e-06,1.9765100596646106
40021,2026-09-30 23:59:59.999999999,-6.649397e-06,-6.515081120889816e-06,2.0616173621722464
40021,2026-10-31 23:59:59.999999999,-7.096911e-06,-6.929934654704003e-06,2.4094916161475575
40021,2026-11-30 23:59:59.999999999,2.2679384e-05,2.2056137550213654e-05,2.8257262518145794
40021,2026-12-31 23:59:59.999999999,-1.0512095e-05,-1.0205805148701196e-05,3.0011364465770787
40021,2027-01-31 23:59:59.999999999,1.1925804e-05,1.1576386306257545e-05,3.0183645498527203
40021,2027-02-28 23:59:59.999999999,-9.5776195e-06,-9.298444646322115e-06,3.00238220730057
40021,2027-03-31 23:59:59.999999999,2.2629113e-06,2.200051694328479e-06,2.857186138142099
40021,2027-04-30 23:59:59.999999999,-4.6160294e-06,-4.49198798336942e-06,2.761392452176991
40021,2027-05-31 23:59:59.999999999,3.7959871e-06,3.6975022094924824e-06,2.663553002748928
40021,2024-12-31 23:59:59.999999999,90650430000.0,90650427392.0,0.0
40021,2025-01-31 23:59:59.999999999,91146396000.0,91146395648.0,0.0
40021,2025-02-28 23:59:59.999999999,91369005000.0,91369005056.0,0.0
40021,2025-03-31 23:59:59.999999999,91346700000.0,91346698240.0,0.0
40021,2025-04-30 23:59:59.999999999,92258976000.0,92258975744.0,0.0
40021,2025-05-31 23:59:59.999999999,93006470000.0,93006471168.0,0.0
40021,2025-06-30 23:59:59.999999999,93096580000.0,93096583168.0,0.0
40021,2025-07-31 23:59:59.999999999,93893100000.0,93893099520.0,0.0
40021,2025-08-31 23:59:59.999999999,94400210000.0,94400208896.0,0.0
40021,2025-09-30 23:59:59.999999999,95436470000.0,95436472320.0,0.0
40021,2025-10-31 23:59:59.999999999,99856065000.0,99856064512.0,0.0
40021,2025-11-30 23:59:59.999999999,97523680000.0,97523679232.0,0.0
40021,2025-12-31 23:59:59.999999999,97475625000.0,97475624960.0,0.0
40021,2026-01-31 23:59:59.999999999,97842720000.0,97842716672.0,0.0
40021,2026-02-28 23:59:59.999999999,97974985000.0,97974984704.0,0.0
40021,2026-03-31 23:59:59.999999999,97896990000.0,97896988672.0,0.0
40021,2026-04-30 23:59:59.999999999,98641240000.0,98641240064.0,0.0
40021,2026-05-31 23:59:59.999999999,99244850000.0,99244851200.0,0.0
40021,2026-06-30 23:59:59.999999999,99276235000.0,99276234752.0,0.0
40021,2026-07-31 23:59:59.999999999,99929350000.0,99929350144.0,0.0
40021,2026-08-31 23:59:59.999999999,100332000000.0,100332003328.0,0.0
40021,2026-09-30 23:59:59.999999999,101200770000.0,101200773120.0,0.0
40021,2026-10-31 23:59:59.999999999,105034695000.0,105034694656.0,0.0
40021,2026-11-30 23:59:59.999999999,102958730000.0,102958727168.0,0.0
40021,2026-12-31 23:59:59.999999999,102885260000.0,102885261312.0,0.0
40021,2027-01-31 23:59:59.999999999,103177404000.0,103177404416.0,0.0
40021,2027-02-28 23:59:59.999999999,103265890000.0,103265886208.0,0.0
40021,2027-03-31 23:59:59.999999999,103172080000.0,103172079616.0,0.0
40021,2027-04-30 23:59:59.999999999,103799955000.0,103799955456.0,0.0
40021,2027-05-31 23:59:59.999999999,104306290000.0,104306286592.0,0.0
40021,2024-12-31 23:59:59.999999999,27119182000.0,27196722648.09184,-0.28511091242561615
40021,2025-01-31 23:59:59.999999999,27223106000.0,27383085572.785038,-0.5842294008825499
40021,2025-02-28 23:59:59.999999999,27309156000.0,27587635304.37286,-1.0094339340810368
40021,2025-03-31 23:59:59.999999999,27380406000.0,27776705406.592224,-1.4267319640369254
40021,2025-04-30 23:59:59.999999999,27439400000.0,27945128341.456135,-1.8097157231727456
40021,2025-05-31 23:59:59.999999999,27488250000.0,28120896445.227203,-2.2497383412347753
40021,2025-06-30 23:59:59.999999999,27528696000.0,28280441050.730927,-2.658180759565973
40021,2025-07-31 23:59:59.999999999,27562185000.0,28428486809.959957,-3.0473029104610907
40021,2025-08-31 23:59:59.999999999,27589915000.0,28574485945.758533,-3.445630915731937
40021,2025-09-30 23:59:59.999999999,27612875000.0,28712263815.072636,-3.8289877459801906
40021,2025-10-31 23:59:59.999999999,27631884000.0,28843913559.737614,-4.202027818546268
40021,2025-11-30 23:59:59.999999999,27647625000.0,28972567656.40819,-4.57309292058945
40021,2025-12-31 23:59:59.999999999,27660659000.0,29097165415.867126,-4.936930135070056
40021,2026-01-31 23:59:59.999999999,27671452000.0,29218560003.892574,-5.294950728873923
40021,2026-02-28 23:59:59.999999999,27680387000.0,29337861411.590977,-5.649608593952019
40021,2026-03-31 23:59:59.999999999,27687786000.0,29455086174.786556,-5.999981355679611
40021,2026-04-30 23:59:59.999999999,27693912000.0,29570626734.581474,-6.3465502014089665
40021,2026-05-31 23:59:59.999999999,27698985000.0,29684921005.06906,-6.690049957451255
40021,2026-06-30 23:59:59.999999999,27703183000.0,29798111875.068344,-7.030406905818556
40021,2026-07-31 23:59:59.999999999,27706660000.0,29910398619.855198,-7.36779801521036
40021,2026-08-31 23:59:59.999999999,27709540000.0,30021971186.226425,-7.702461706736063
40021,2026-09-30 23:59:59.999999999,27711926000.0,30132937025.436817,-8.034433388929573
40021,2026-10-31 23:59:59.999999999,27713900000.0,30243399625.108353,-8.363805367331583
40021,2026-11-30 23:59:59.999999999,27715535000.0,30353448969.966446,-8.690656948330844
40021,2026-12-31 23:59:59.999999999,27716889000.0,30463148689.372494,-9.015023828874808
40021,2027-01-31 23:59:59.999999999,27718009000.0,30572553068.864872,-9.336950795162553
40021,2027-02-28 23:59:59.999999999,27718937000.0,30681708868.981075,-9.656477432964664
40021,2027-03-31 23:59:59.999999999,27719705000.0,30790649510.132126,-9.973628302714385
40021,2027-04-30 23:59:59.999999999,27720342000.0,30899409623.98926,-10.288442914200989
40021,2027-05-31 23:59:59.999999999,27720868000.0,31008005467.695423,-10.600932172564306
40021,2024-12-31 23:59:59.999999999,63518323000.0,63699938162.91083,-0.28511091242561504
40021,2025-01-31 23:59:59.999999999,63481990000.0,63855051150.77139,-0.5842294008825426
40021,2025-02-28 23:59:59.999999999,63122506000.0,63766183219.88986,-1.009433934081046
40021,2025-03-31 23:59:59.999999999,63146807000.0,64060782962.94465,-1.4267319640369198
40021,2025-04-30 23:59:59.999999999,63275622000.0,64441836446.47309,-1.8097157231727496
40021,2025-05-31 23:59:59.999999999,63355480000.0,64813614757.54059,-2.249738341234771
40021,2025-06-30 23:59:59.999999999,63539780000.0,65274906641.15997,-2.658180759565984
40021,2025-07-31 23:59:59.999999999,63769657000.0,65773990057.34383,-3.04730291046109
40021,2025-08-31 23:59:59.999999999,64000262000.0,66284169997.67625,-3.4456309157319382
40021,2025-09-30 23:59:59.999999999,64262865000.0,66821450029.308495,-3.8289877459801844
40021,2025-10-31 23:59:59.999999999,64544137000.0,67375264576.31595,-4.202027818546272
40021,2025-11-30 23:59:59.999999999,64830894000.0,67937750540.369354,-4.5730929205894535
40021,2025-12-31 23:59:59.999999999,65128694000.0,68511035728.74082,-4.93693013507006
40021,2026-01-31 23:59:59.999999999,65434060000.0,69092471051.54056,-5.294950728873933
40021,2026-02-28 23:59:59.999999999,65742990000.0,69679616989.68192,-5.649608593952012
40021,2026-03-31 23:59:59.999999999,66056106000.0,70272439236.36307,-5.999981355679611
40021,2026-04-30 23:59:59.999999999,66372313000.0,70870120887.95316,-6.346550201408947
40021,2026-05-31 23:59:59.999999999,66690327000.0,71471827492.76967,-6.690049957451251
40021,2026-06-30 23:59:59.999999999,67010023000.0,72077354749.86592,-7.030406905818568
40021,2026-07-31 23:59:59.999999999,67331000000.0,72686384247.94853,-7.367798015210367
40021,2026-08-31 23:59:59.999999999,67652810000.0,73298605742.91986,-7.702461706736087
40021,2026-09-30 23:59:59.999999999,67975320000.0,73913881093.6412,-8.034433388929562
40021,2026-10-31 23:59:59.999999999,68298363000.0,74532081077.54788,-8.36380536733159
40021,2026-11-30 23:59:59.999999999,68621783000.0,75153079352.64526,-8.690656948330851
40021,2026-12-31 23:59:59.999999999,68945490000.0,75776789660.66531,-9.015023828874801
40021,2027-01-31 23:59:59.999999999,69269430000.0,76403155287.109,-9.33695079516254
40021,2027-02-28 23:59:59.999999999,69593530000.0,77032119614.73082,-9.656477432964653
40021,2027-03-31 23:59:59.999999999,69917760000.0,77663644794.10435,-9.97362830271438
40021,2027-04-30 23:59:59.999999999,70242080000.0,78297696637.7045,-10.288442914200994
40021,2027-05-31 23:59:59.999999999,70566480000.0,78934243431.05269,-10.600932172564303
40021,2024-12-31 23:59:59.999999999,30260183000.0,30346704806.966248,-0.2851109124256088
40021,2025-01-31 23:59:59.999999999,29952262000.0,30128280416.17161,-0.5842294008825425
40021,2025-02-28 23:59:59.999999999,29659664000.0,29962112111.016003,-1.009433934081047
40021,2025-03-31 23:59:59.999999999,29363990000.0,29788999708.609604,-1.4267319640369391
40021,2025-04-30 23:59:59.999999999,29068935000.0,29604696006.42578,-1.8097157231727456
40021,2025-05-31 23:59:59.999999999,28773755000.0,29435987578.67864,-2.2497383412347727
40021,2025-06-30 23:59:59.999999999,28478601000.0,29256286186.369637,-2.6581807595659774
40021,2025-07-31 23:59:59.999999999,28183441000.0,29069270122.49251,-3.0473029104610947
40021,2025-08-31 23:59:59.999999999,27888282000.0,28883500420.017696,-3.4456309157319467
40021,2025-09-30 23:59:59.999999999,27593122000.0,28691724403.521233,-3.8289877459801787
40021,2025-10-31 23:59:59.999999999,27297964000.0,28495346415.364754,-4.202027818546268
40021,2025-11-30 23:59:59.999999999,27002804000.0,28296845250.91997,-4.573092920589444
40021,2025-12-31 23:59:59.999999999,26707644000.0,28094658055.90696,-4.936930135070062
40021,2026-01-31 23:59:59.999999999,26412487000.0,27889206393.193558,-5.294950728873933
40021,2026-02-28 23:59:59.999999999,26117327000.0,27681206679.473137,-5.649608593952027
40021,2026-03-31 23:59:59.999999999,25822170000.0,27470387198.22659,-5.999981355679593
40021,2026-04-30 23:59:59.999999999,25527010000.0,27256880910.31115,-6.346550201408949
40021,2026-05-31 23:59:59.999999999,25231850000.0,27040899132.937523,-6.690049957451253
40021,2026-06-30 23:59:59.999999999,24936692000.0,26822416751.612823,-7.030406905818564
40021,2026-07-31 23:59:59.999999999,24641532000.0,26601474839.220795,-7.367798015210367
40021,2026-08-31 23:59:59.999999999,24346372000.0,26378138080.608864,-7.7024617067360746
40021,2026-09-30 23:59:59.999999999,24051214000.0,26152412497.728058,-8.034433388929589
40021,2026-10-31 23:59:59.999999999,23756055000.0,25924313665.826252,-8.363805367331587
40021,2026-11-30 23:59:59.999999999,23460895000.0,25693859944.566895,-8.690656948330828
40021,2026-12-31 23:59:59.999999999,23165737000.0,25461057346.90716,-9.015023828874812
40021,2027-01-31 23:59:59.999999999,22870577000.0,25225907745.86446,-9.336950795162538
40021,2027-02-28 23:59:59.999999999,22575420000.0,24988420586.820625,-9.656477432964646
40021,2027-03-31 23:59:59.999999999,22280260000.0,24748592177.987076,-9.973628302714378
40021,2027-04-30 23:59:59.999999999,21985100000.0,24506429818.148987,-10.288442914200985
40021,2027-05-31 23:59:59.999999999,21689942000.0,24261933086.22349,-10.600932172564312
40021,2024-12-31 23:59:59.999999999,0.0,0.0,
40021,2025-01-31 23:59:59.999999999,0.0,0.0,
40021,2025-02-28 23:59:59.999999999,0.0,0.0,
40021,2025-03-31 23:59:59.999999999,0.0,0.0,
40021,2025-04-30 23:59:59.999999999,0.0,0.0,
40021,2025-05-31 23:59:59.999999999,0.0,0.0,
40021,2025-06-30 23:59:59.999999999,0.0,0.0,
40021,2025-07-31 23:59:59.999999999,0.0,0.0,
40021,2025-08-31 23:59:59.999999999,0.0,0.0,
40021,2025-09-30 23:59:59.999999999,0.0,0.0,
40021,2025-10-31 23:59:59.999999999,0.0,0.0,
40021,2025-11-30 23:59:59.999999999,0.0,0.0,
40021,2025-12-31 23:59:59.999999999,0.0,0.0,
40021,2026-01-31 23:59:59.999999999,0.0,0.0,
40021,2026-02-28 23:59:59.999999999,0.0,0.0,
40021,2026-03-31 23:59:59.999999999,0.0,0.0,
40021,2026-04-30 23:59:59.999999999,0.0,0.0,
40021,2026-05-31 23:59:59.999999999,0.0,0.0,
40021,2026-06-30 23:59:59.999999999,0.0,0.0,
40021,2026-07-31 23:59:59.999999999,0.0,0.0,
40021,2026-08-31 23:59:59.999999999,0.0,0.0,
40021,2026-09-30 23:59:59.999999999,0.0,0.0,
40021,2026-10-31 23:59:59.999999999,0.0,0.0,
40021,2026-11-30 23:59:59.999999999,0.0,0.0,
40021,2026-12-31 23:59:59.999999999,0.0,0.0,
40021,2027-01-31 23:59:59.999999999,0.0,0.0,
40021,2027-02-28 23:59:59.999999999,0.0,0.0,
40021,2027-03-31 23:59:59.999999999,0.0,0.0,
40021,2027-04-30 23:59:59.999999999,0.0,0.0,
40021,2027-05-31 23:59:59.999999999,0.0,0.0,
40021,2024-12-31 23:59:59.999999999,0.0,,
40021,2025-01-31 23:59:59.999999999,0.0,,
40021,2025-02-28 23:59:59.999999999,0.0,,
40021,2025-03-31 23:59:59.999999999,0.0,,
40021,2025-04-30 23:59:59.999999999,0.0,,
40021,2025-05-31 23:59:59.999999999,0.0,,
40021,2025-06-30 23:59:59.999999999,0.0,,
40021,2025-07-31 23:59:59.999999999,0.0,,
40021,2025-08-31 23:59:59.999999999,0.0,,
40021,2025-09-30 23:59:59.999999999,0.0,,
40021,2025-10-31 23:59:59.999999999,0.0,,
40021,2025-11-30 23:59:59.999999999,0.0,,
40021,2025-12-31 23:59:59.999999999,0.0,,
40021,2026-01-31 23:59:59.999999999,0.0,,
40021,2026-02-28 23:59:59.999999999,0.0,,
40021,2026-03-31 23:59:59.999999999,0.0,,
40021,2026-04-30 23:59:59.999999999,0.0,,
40021,2026-05-31 23:59:59.999999999,0.0,,
40021,2026-06-30 23:59:59.999999999,0.0,,
40021,2026-07-31 23:59:59.999999999,0.0,,
40021,2026-08-31 23:59:59.999999999,0.0,,
40021,2026-09-30 23:59:59.999999999,0.0,,
40021,2026-10-31 23:59:59.999999999,0.0,,
40021,2026-11-30 23:59:59.999999999,0.0,,
40021,2026-12-31 23:59:59.999999999,0.0,,
40021,2027-01-31 23:59:59.999999999,0.0,,
40021,2027-02-28 23:59:59.999999999,0.0,,
40021,2027-03-31 23:59:59.999999999,0.0,,
40021,2027-04-30 23:59:59.999999999,0.0,,
40021,2027-05-31 23:59:59.999999999,0.0,,
40021,2024-12-31 23:59:59.999999999,0.0,,
40021,2025-01-31 23:59:59.999999999,0.0,,
40021,2025-02-28 23:59:59.999999999,0.0,,
40021,2025-03-31 23:59:59.999999999,0.0,,
40021,2025-04-30 23:59:59.999999999,0.0,,
40021,2025-05-31 23:59:59.999999999,0.0,,
40021,2025-06-30 23:59:59.999999999,0.0,,
40021,2025-07-31 23:59:59.999999999,0.0,,
40021,2025-08-31 23:59:59.999999999,0.0,,
40021,2025-09-30 23:59:59.999999999,0.0,,
40021,2025-10-31 23:59:59.999999999,0.0,,
40021,2025-11-30 23:59:59.999999999,0.0,,
40021,2025-12-31 23:59:59.999999999,0.0,,
40021,2026-01-31 23:59:59.999999999,0.0,,
40021,2026-02-28 23:59:59.999999999,0.0,,
40021,2026-03-31 23:59:59.999999999,0.0,,
40021,2026-04-30 23:59:59.999999999,0.0,,
40021,2026-05-31 23:59:59.999999999,0.0,,
40021,2026-06-30 23:59:59.999999999,0.0,,
40021,2026-07-31 23:59:59.999999999,0.0,,
40021,2026-08-31 23:59:59.999999999,0.0,,
40021,2026-09-30 23:59:59.999999999,0.0,,
40021,2026-10-31 23:59:59.999999999,0.0,,
40021,2026-11-30 23:59:59.999999999,0.0,,
40021,2026-12-31 23:59:59.999999999,0.0,,
40021,2027-01-31 23:59:59.999999999,0.0,,
40021,2027-02-28 23:59:59.999999999,0.0,,
40021,2027-03-31 23:59:59.999999999,0.0,,
40021,2027-04-30 23:59:59.999999999,0.0,,
40021,2027-05-31 23:59:59.999999999,0.0,,
40021,2024-12-31 23:59:59.999999999,2739554600.0,2747387662.0310855,-0.2851109124256111
40021,2025-01-31 23:59:59.999999999,2739554600.0,2755653900.2719555,-0.5842294008825508
40021,2025-02-28 23:59:59.999999999,2739554600.0,2767490548.721278,-1.0094339340810412
40021,2025-03-31 23:59:59.999999999,2739554600.0,2779206385.8535275,-1.4267319640369205
40021,2025-04-30 23:59:59.999999999,2739554600.0,2790046469.6449914,-1.8097157231727414
40021,2025-05-31 23:59:59.999999999,2739554600.0,2802605858.5535717,-2.249738341234773
40021,2025-06-30 23:59:59.999999999,2739554600.0,2814365481.7394648,-2.6581807595659765
40021,2025-07-31 23:59:59.999999999,2739554600.0,2825661010.203702,-3.047302910461102
40021,2025-08-31 23:59:59.999999999,2739554600.0,2837318068.5475216,-3.4456309157319343
40021,2025-09-30 23:59:59.999999999,2739554600.0,2848628184.097636,-3.82898774598018
40021,2025-10-31 23:59:59.999999999,2739554600.0,2859720824.581683,-4.202027818546272
40021,2025-11-30 23:59:59.999999999,2739554600.0,2870840776.302484,-4.573092920589448
40021,2025-12-31 23:59:59.999999999,2739554600.0,2881828415.4850955,-4.936930135070053
40021,2026-01-31 23:59:59.999999999,2739554600.0,2892722807.373316,-5.29495072887393
40021,2026-02-28 23:59:59.999999999,2739554600.0,2903596391.253965,-5.649608593952026
40021,2026-03-31 23:59:59.999999999,2739554600.0,2914419166.62378,-5.9999813556796076
40021,2026-04-30 23:59:59.999999999,2739554600.0,2925204107.154219,-6.346550201408956
40021,2026-05-31 23:59:59.999999999,2739554600.0,2935972593.223746,-6.690049957451259
40021,2026-06-30 23:59:59.999999999,2739554600.0,2946721039.4529057,-7.030406905818564
40021,2026-07-31 23:59:59.999999999,2739554600.0,2957453780.975475,-7.3677980152103615
40021,2026-08-31 23:59:59.999999999,2739554600.0,2968177278.2448506,-7.702461706736073
40021,2026-09-30 23:59:59.999999999,2739554600.0,2978891623.193918,-8.034433388929571
40021,2026-10-31 23:59:59.999999999,2739554600.0,2989598783.517518,-8.363805367331588
40021,2026-11-30 23:59:59.999999999,2739554600.0,3000300372.821399,-8.690656948330847
40021,2026-12-31 23:59:59.999999999,2739554600.0,3010996623.0550265,-9.015023828874812
40021,2027-01-31 23:59:59.999999999,2739554600.0,3021688090.161683,-9.336950795162542
40021,2027-02-28 23:59:59.999999999,2739554600.0,3032375185.467488,-9.656477432964646
40021,2027-03-31 23:59:59.999999999,2739554600.0,3043057837.776439,-9.97362830271438
40021,2027-04-30 23:59:59.999999999,2739554600.0,3053736496.1572614,-10.28844291420099
40021,2027-05-31 23:59:59.999999999,2739554600.0,3064410655.0283937,-10.600932172564312
40021,2024-12-31 23:59:59.999999999,304982230000.0,304982228992.0,0.0
40021,2025-01-31 23:59:59.999999999,305999700000.0,305999708160.0,0.0
40021,2025-02-28 23:59:59.999999999,307099600000.0,307099598848.0,0.0
40021,2025-03-31 23:59:59.999999999,307976040000.0,307976044544.0,0.0
40021,2025-04-30 23:59:59.999999999,309107650000.0,309107654656.0,0.0
40021,2025-05-31 23:59:59.999999999,310121800000.0,310121791488.0,0.0
40021,2025-06-30 23:59:59.999999999,311126160000.0,311126163456.0,0.0
40021,2025-07-31 23:59:59.999999999,311998050000.0,311998054400.0,0.0
40021,2025-08-31 23:59:59.999999999,312829020000.0,312829018112.0,0.0
40021,2025-09-30 23:59:59.999999999,313669400000.0,313669386240.0,0.0
40021,2025-10-31 23:59:59.999999999,314494650000.0,314494648320.0,0.0
40021,2025-11-30 23:59:59.999999999,315408400000.0,315408384000.0,0.0
40021,2025-12-31 23:59:59.999999999,315962980000.0,315962982400.0,0.0
40021,2026-01-31 23:59:59.999999999,316705140000.0,316705144832.0,0.0
40021,2026-02-28 23:59:59.999999999,317440300000.0,317440294912.0,0.0
40021,2026-03-31 23:59:59.999999999,318077630000.0,318077632512.0,0.0
40021,2026-04-30 23:59:59.999999999,318804820000.0,318804819968.0,0.0
40021,2026-05-31 23:59:59.999999999,319463420000.0,319463424000.0,0.0
40021,2026-06-30 23:59:59.999999999,320162820000.0,320162824192.0,0.0
40021,2026-07-31 23:59:59.999999999,320746060000.0,320746061824.0,0.0
40021,2026-08-31 23:59:59.999999999,321359280000.0,321359282176.0,0.0
40021,2026-09-30 23:59:59.999999999,321966150000.0,321966145536.0,0.0
40021,2026-10-31 23:59:59.999999999,322555900000.0,322555904000.0,0.0
40021,2026-11-30 23:59:59.999999999,323162240000.0,323162243072.0,0.0
40021,2026-12-31 23:59:59.999999999,323726250000.0,323726245888.0,0.0
40021,2027-01-31 23:59:59.999999999,324338200000.0,324338188288.0,0.0
40021,2027-02-28 23:59:59.999999999,324958000000.0,324957995008.0,0.0
40021,2027-03-31 23:59:59.999999999,325546600000.0,325546606592.0,0.0
40021,2027-04-30 23:59:59.999999999,326169000000.0,326169001984.0,0.0
40021,2027-05-31 23:59:59.999999999,326773570000.0,326773571584.0,0.0
40021,2024-12-31 23:59:59.999999999,0.0,,
40021,2025-01-31 23:59:59.999999999,0.0,,
40021,2025-02-28 23:59:59.999999999,0.0,,
40021,2025-03-31 23:59:59.999999999,0.0,,
40021,2025-04-30 23:59:59.999999999,0.0,,
40021,2025-05-31 23:59:59.999999999,0.0,,
40021,2025-06-30 23:59:59.999999999,0.0,,
40021,2025-07-31 23:59:59.999999999,0.0,,
40021,2025-08-31 23:59:59.999999999,0.0,,
40021,2025-09-30 23:59:59.999999999,0.0,,
40021,2025-10-31 23:59:59.999999999,0.0,,
40021,2025-11-30 23:59:59.999999999,0.0,,
40021,2025-12-31 23:59:59.999999999,0.0,,
40021,2026-01-31 23:59:59.999999999,0.0,,
40021,2026-02-28 23:59:59.999999999,0.0,,
40021,2026-03-31 23:59:59.999999999,0.0,,
40021,2026-04-30 23:59:59.999999999,0.0,,
40021,2026-05-31 23:59:59.999999999,0.0,,
40021,2026-06-30 23:59:59.999999999,0.0,,
40021,2026-07-31 23:59:59.999999999,0.0,,
40021,2026-08-31 23:59:59.999999999,0.0,,
40021,2026-09-30 23:59:59.999999999,0.0,,
40021,2026-10-31 23:59:59.999999999,0.0,,
40021,2026-11-30 23:59:59.999999999,0.0,,
40021,2026-12-31 23:59:59.999999999,0.0,,
40021,2027-01-31 23:59:59.999999999,0.0,,
40021,2027-02-28 23:59:59.999999999,0.0,,
40021,2027-03-31 23:59:59.999999999,0.0,,
40021,2027-04-30 23:59:59.999999999,0.0,,
40021,2027-05-31 23:59:59.999999999,0.0,,
40021,2024-12-31 23:59:59.999999999,2159674600.0,2159674624.0,0.0
40021,2025-01-31 23:59:59.999999999,2171883000.0,2171883008.0,0.0
40021,2025-02-28 23:59:59.999999999,2186500400.0,2186500352.0,0.0
40021,2025-03-31 23:59:59.999999999,2195487200.0,2195487232.0,0.0
40021,2025-04-30 23:59:59.999999999,2212363800.0,2212363776.0,0.0
40021,2025-05-31 23:59:59.999999999,2217526300.0,2217526272.0,0.0
40021,2025-06-30 23:59:59.999999999,2234724000.0,2234724096.0,0.0
40021,2025-07-31 23:59:59.999999999,2241244000.0,2241243904.0,0.0
40021,2025-08-31 23:59:59.999999999,2257151500.0,2257151488.0,0.0
40021,2025-09-30 23:59:59.999999999,2266018800.0,2266018816.0,0.0
40021,2025-10-31 23:59:59.999999999,2282759700.0,2282759680.0,0.0
40021,2025-11-30 23:59:59.999999999,2289748500.0,2289748480.0,0.0
40021,2025-12-31 23:59:59.999999999,2303808500.0,2303808512.0,0.0
40021,2026-01-31 23:59:59.999999999,2322090800.0,2322090752.0,0.0
40021,2026-02-28 23:59:59.999999999,2340957400.0,2340957440.0,0.0
40021,2026-03-31 23:59:59.999999999,2358456000.0,2358456064.0,0.0
40021,2026-04-30 23:59:59.999999999,2377872100.0,2377872128.0,0.0
40021,2026-05-31 23:59:59.999999999,2394441000.0,2394440960.0,0.0
40021,2026-06-30 23:59:59.999999999,2413935000.0,2413935104.0,0.0
40021,2026-07-31 23:59:59.999999999,2430834000.0,2430833920.0,0.0
40021,2026-08-31 23:59:59.999999999,2450014500.0,2450014464.0,0.0
40021,2026-09-30 23:59:59.999999999,2467484000.0,2467483904.0,0.0
40021,2026-10-31 23:59:59.999999999,2486867200.0,2486867200.0,0.0
40021,2026-11-30 23:59:59.999999999,2503879700.0,2503879680.0,0.0
40021,2026-12-31 23:59:59.999999999,2522611500.0,2522611456.0,0.0
40021,2027-01-31 23:59:59.999999999,2542369500.0,2542369536.0,0.0
40021,2027-02-28 23:59:59.999999999,2562269400.0,2562269440.0,0.0
40021,2027-03-31 23:59:59.999999999,2581837000.0,2581837056.0,0.0
40021,2027-04-30 23:59:59.999999999,2601870800.0,2601870848.0,0.0
40021,2027-05-31 23:59:59.999999999,2621212200.0,2621212160.0,0.0
40021,2024-12-31 23:59:59.999999999,0.0,,
40021,2025-01-31 23:59:59.999999999,0.0,,
40021,2025-02-28 23:59:59.999999999,0.0,,
40021,2025-03-31 23:59:59.999999999,0.0,,
40021,2025-04-30 23:59:59.999999999,0.0,,
40021,2025-05-31 23:59:59.999999999,0.0,,
40021,2025-06-30 23:59:59.999999999,0.0,,
40021,2025-07-31 23:59:59.999999999,0.0,,
40021,2025-08-31 23:59:59.999999999,0.0,,
40021,2025-09-30 23:59:59.999999999,0.0,,
40021,2025-10-31 23:59:59.999999999,0.0,,
40021,2025-11-30 23:59:59.999999999,0.0,,
40021,2025-12-31 23:59:59.999999999,0.0,,
40021,2026-01-31 23:59:59.999999999,0.0,,
40021,2026-02-28 23:59:59.999999999,0.0,,
40021,2026-03-31 23:59:59.999999999,0.0,,
40021,2026-04-30 23:59:59.999999999,0.0,,
40021,2026-05-31 23:59:59.999999999,0.0,,
40021,2026-06-30 23:59:59.999999999,0.0,,
40021,2026-07-31 23:59:59.999999999,0.0,,
40021,2026-08-31 23:59:59.999999999,0.0,,
40021,2026-09-30 23:59:59.999999999,0.0,,
40021,2026-10-31 23:59:59.999999999,0.0,,
40021,2026-11-30 23:59:59.999999999,0.0,,
40021,2026-12-31 23:59:59.999999999,0.0,,
40021,2027-01-31 23:59:59.999999999,0.0,,
40021,2027-02-28 23:59:59.999999999,0.0,,
40021,2027-03-31 23:59:59.999999999,0.0,,
40021,2027-04-30 23:59:59.999999999,0.0,,
40021,2027-05-31 23:59:59.999999999,0.0,,
40021,2024-12-31 23:59:59.999999999,0.0,,
40021,2025-01-31 23:59:59.999999999,0.0,,
40021,2025-02-28 23:59:59.999999999,0.0,,
40021,2025-03-31 23:59:59.999999999,0.0,,
40021,2025-04-30 23:59:59.999999999,0.0,,
40021,2025-05-31 23:59:59.999999999,0.0,,
40021,2025-06-30 23:59:59.999999999,0.0,,
40021,2025-07-31 23:59:59.999999999,0.0,,
40021,2025-08-31 23:59:59.999999999,0.0,,
40021,2025-09-30 23:59:59.999999999,0.0,,
40021,2025-10-31 23:59:59.999999999,0.0,,
40021,2025-11-30 23:59:59.999999999,0.0,,
40021,2025-12-31 23:59:59.999999999,0.0,,
40021,2026-01-31 23:59:59.999999999,0.0,,
40021,2026-02-28 23:59:59.999999999,0.0,,
40021,2026-03-31 23:59:59.999999999,0.0,,
40021,2026-04-30 23:59:59.999999999,0.0,,
40021,2026-05-31 23:59:59.999999999,0.0,,
40021,2026-06-30 23:59:59.999999999,0.0,,
40021,2026-07-31 23:59:59.999999999,0.0,,
40021,2026-08-31 23:59:59.999999999,0.0,,
40021,2026-09-30 23:59:59.999999999,0.0,,
40021,2026-10-31 23:59:59.999999999,0.0,,
40021,2026-11-30 23:59:59.999999999,0.0,,
40021,2026-12-31 23:59:59.999999999,0.0,,
40021,2027-01-31 23:59:59.999999999,0.0,,
40021,2027-02-28 23:59:59.999999999,0.0,,
40021,2027-03-31 23:59:59.999999999,0.0,,
40021,2027-04-30 23:59:59.999999999,0.0,,
40021,2027-05-31 23:59:59.999999999,0.0,,
40021,2024-12-31 23:59:59.999999999,1810829.4,1810829.375,0.0
40021,2025-01-31 23:59:59.999999999,1848390.8,1848390.75,0.0
40021,2025-02-28 23:59:59.999999999,1862162.0,1862162.0,0.0
40021,2025-03-31 23:59:59.999999999,1885567.1,1885567.125,0.0
40021,2025-04-30 23:59:59.999999999,1859933.9,1859933.875,0.0
40021,2025-05-31 23:59:59.999999999,1917423.9,1917423.875,0.0
40021,2025-06-30 23:59:59.999999999,1947210.2,1947210.25,0.0
40021,2025-07-31 23:59:59.999999999,1905489.6,1905489.625,0.0
40021,2025-08-31 23:59:59.999999999,1868414.4,1868414.375,0.0
40021,2025-09-30 23:59:59.999999999,1779317.8,1779317.75,0.0
40021,2025-10-31 23:59:59.999999999,1788808.5,1788808.5,0.0
40021,2025-11-30 23:59:59.999999999,1966647.0,1966647.0,0.0
40021,2025-12-31 23:59:59.999999999,1966647.0,1966647.0,0.0
40021,2026-01-31 23:59:59.999999999,1966647.0,1966647.0,0.0
40021,2026-02-28 23:59:59.999999999,1966647.0,1966647.0,0.0
40021,2026-03-31 23:59:59.999999999,1966647.0,1966647.0,0.0
40021,2026-04-30 23:59:59.999999999,1966647.0,1966647.0,0.0
40021,2026-05-31 23:59:59.999999999,1966647.0,1966647.0,0.0
40021,2026-06-30 23:59:59.999999999,1966647.0,1966647.0,0.0
40021,2026-07-31 23:59:59.999999999,1966647.0,1966647.0,0.0
40021,2026-08-31 23:59:59.999999999,1966647.0,1966647.0,0.0
40021,2026-09-30 23:59:59.999999999,1966647.0,1966647.0,0.0
40021,2026-10-31 23:59:59.999999999,1966647.0,1966647.0,0.0
40021,2026-11-30 23:59:59.999999999,1966647.0,1966647.0,0.0
40021,2026-12-31 23:59:59.999999999,1966647.0,1966647.0,0.0
40021,2027-01-31 23:59:59.999999999,1966647.0,1966647.0,0.0
40021,2027-02-28 23:59:59.999999999,1966647.0,1966647.0,0.0
40021,2027-03-31 23:59:59.999999999,1966647.0,1966647.0,0.0
40021,2027-04-30 23:59:59.999999999,1966647.0,1966647.0,0.0
40021,2027-05-31 23:59:59.999999999,1966647.0,1966647.0,0.0
40072,2024-12-31 23:59:59.999999999,2291370000000.0,2291370033152.0,0.0
40072,2025-01-31 23:59:59.999999999,2310318300000.0,2310318325760.0,0.0
40072,2025-02-28 23:59:59.999999999,2324658000000.0,2324658126848.0,0.0
40072,2025-03-31 23:59:59.999999999,2339750000000.0,2339750019072.0,0.0
40072,2025-04-30 23:59:59.999999999,2354787600000.0,2354787647488.0,0.0
40072,2025-05-31 23:59:59.999999999,2368199700000.0,2368199720960.0,0.0
40072,2025-06-30 23:59:59.999999999,2384448200000.0,2384448192512.0,0.0
40072,2025-07-31 23:59:59.999999999,2399043800000.0,2399043846144.0,0.0
40072,2025-08-31 23:59:59.999999999,2416142700000.0,2416142712832.0,0.0
40072,2025-09-30 23:59:59.999999999,2431636500000.0,2431636471808.0,0.0
40072,2025-10-31 23:59:59.999999999,2444232000000.0,2444231966720.0,0.0
40072,2025-11-30 23:59:59.999999999,2458172800000.0,2458172784640.0,0.0
40072,2025-12-31 23:59:59.999999999,2474158900000.0,2474158850048.0,0.0
40072,2026-01-31 23:59:59.999999999,2489920300000.0,2489920258048.0,0.0
40072,2026-02-28 23:59:59.999999999,2506096000000.0,2506096115712.0,0.0
40072,2026-03-31 23:59:59.999999999,2522204300000.0,2522204340224.0,0.0
40072,2026-04-30 23:59:59.999999999,2538317500000.0,2538317545472.0,0.0
40072,2026-05-31 23:59:59.999999999,2554576800000.0,2554576764928.0,0.0
40072,2026-06-30 23:59:59.999999999,2570581000000.0,2570580918272.0,0.0
40072,2026-07-31 23:59:59.999999999,2586733700000.0,2586733707264.0,0.0
40072,2026-08-31 23:59:59.999999999,2602661300000.0,2602661314560.0,0.0
40072,2026-09-30 23:59:59.999999999,2618733600000.0,2618733625344.0,0.0
40072,2026-10-31 23:59:59.999999999,2635066200000.0,2635066245120.0,0.0
40072,2026-11-30 23:59:59.999999999,2651277800000.0,2651277754368.0,0.0
40072,2026-12-31 23:59:59.999999999,2667305800000.0,2667305762816.0,0.0
40072,2027-01-31 23:59:59.999999999,2683353700000.0,2683353694208.0,0.0
40072,2027-02-28 23:59:59.999999999,2699364400000.0,2699364401152.0,0.0
40072,2027-03-31 23:59:59.999999999,2715381100000.0,2715381137408.0,0.0
40072,2027-04-30 23:59:59.999999999,2731397600000.0,2731397611520.0,0.0
40072,2027-05-31 23:59:59.999999999,2747401000000.0,2747400978432.0,0.0
40072,2024-12-31 23:59:59.999999999,289673540000.0,291802133004.5283,-0.7294632505291824
40072,2025-01-31 23:59:59.999999999,290817570000.0,294288275746.4019,-1.1793547920314493
40072,2025-02-28 23:59:59.999999999,291961600000.0,296776430787.80255,-1.6223757146150164
40072,2025-03-31 23:59:59.999999999,293105630000.0,299278842729.07227,-2.062695592103943
40072,2025-04-30 23:59:59.999999999,294249660000.0,301672713844.1924,-2.4606313688768795
40072,2025-05-31 23:59:59.999999999,295393700000.0,304045756403.0131,-2.8456462952716874
40072,2025-06-30 23:59:59.999999999,296537720000.0,306520775160.0526,-3.2568938829153975
40072,2025-07-31 23:59:59.999999999,297681750000.0,308971611746.7766,-3.654013297515963
40072,2025-08-31 23:59:59.999999999,298825780000.0,311460805146.14886,-4.056699201114582
40072,2025-09-30 23:59:59.999999999,299969800000.0,313913174137.01843,-4.441791218017617
40072,2025-10-31 23:59:59.999999999,301113840000.0,316368671850.89954,-4.821854275789021
40072,2025-11-30 23:59:59.999999999,302257860000.0,318819965317.1399,-5.19481287712489
40072,2025-12-31 23:59:59.999999999,303401900000.0,321292494661.4945,-5.5683220338973625
40072,2026-01-31 23:59:59.999999999,304545920000.0,323764172477.8815,-5.935878963628812
40072,2026-02-28 23:59:59.999999999,305689950000.0,326235097754.0961,-6.297650264957786
40072,2026-03-31 23:59:59.999999999,306833980000.0,328705249026.20184,-6.6537628014752
40072,2026-04-30 23:59:59.999999999,307978000000.0,331174671752.6221,-7.004358457083128
40072,2026-05-31 23:59:59.999999999,309122040000.0,333643327392.2982,-7.349551323550391
40072,2026-06-30 23:59:59.999999999,310266070000.0,336111278644.1439,-7.6894800306619295
40072,2026-07-31 23:59:59.999999999,311410100000.0,338578479627.4759,-8.024249350215097
40072,2026-08-31 23:59:59.999999999,312554130000.0,341044992099.62805,-8.353990059852611
40072,2026-09-30 23:59:59.999999999,313698160000.0,343510767686.48785,-8.67879960307298
40072,2026-10-31 23:59:59.999999999,314842200000.0,345975876507.6702,-8.998803932209997
40072,2026-11-30 23:59:59.999999999,315986200000.0,348440270622.50586,-9.314094393430782
40072,2026-12-31 23:59:59.999999999,317130240000.0,350904009941.5984,-9.624787659513899
40072,2027-01-31 23:59:59.999999999,318274270000.0,353367074291.91754,-9.930976473186428
40072,2027-02-28 23:59:59.999999999,319418300000.0,355829426794.83417,-10.232746813216286
40072,2027-03-31 23:59:59.999999999,320562330000.0,358291167356.2464,-10.530216523795263
40072,2027-04-30 23:59:59.999999999,321706360000.0,360752253034.6006,-10.823464545031019
40072,2027-05-31 23:59:59.999999999,322850400000.0,363212700035.14044,-11.112582245949945
40072,2024-12-31 23:59:59.999999999,204715100000.0,206219392797.9253,-0.7294632505291845
40072,2025-01-31 23:59:59.999999999,204715100000.0,207158228608.17804,-1.1793547920314624
40072,2025-02-28 23:59:59.999999999,204715100000.0,208091117872.63657,-1.6223757146150177
40072,2025-03-31 23:59:59.999999999,204715100000.0,209026682273.57825,-2.0626955921039594
40072,2025-04-30 23:59:59.999999999,204715100000.0,209879457889.6617,-2.4606313688768586
40072,2025-05-31 23:59:59.999999999,204715100000.0,210711193380.14487,-2.8456462952716937
40072,2025-06-30 23:59:59.999999999,204715100000.0,211606910640.4759,-3.256893882915388
40072,2025-07-31 23:59:59.999999999,204715100000.0,212479113161.3601,-3.654013297515972
40072,2025-08-31 23:59:59.999999999,204715100000.0,213370914287.30392,-4.056699201114576
40072,2025-09-30 23:59:59.999999999,204715100000.0,214230782181.21567,-4.441791218017608
40072,2025-10-31 23:59:59.999999999,204715100000.0,215086243332.7754,-4.821854275789013
40072,2025-11-30 23:59:59.999999999,204715100000.0,215932381259.5537,-5.194812877124891
40072,2025-12-31 23:59:59.999999999,204715100000.0,216786466703.9856,-5.568322033897362
40072,2026-01-31 23:59:59.999999999,204715100000.0,217633562995.65497,-5.935878963628824
40072,2026-02-28 23:59:59.999999999,204715100000.0,218473814894.57135,-6.297650264957784
40072,2026-03-31 23:59:59.999999999,204715100000.0,219307284638.1806,-6.653762801475203
40072,2026-04-30 23:59:59.999999999,204715100000.0,220134078022.92044,-7.004358457083147
40072,2026-05-31 23:59:59.999999999,204715100000.0,220954243650.6684,-7.349551323550364
40072,2026-06-30 23:59:59.999999999,204715100000.0,221767896205.1111,-7.689480030661938
40072,2026-07-31 23:59:59.999999999,204715100000.0,222575077306.50824,-8.024249350215099
40072,2026-08-31 23:59:59.999999999,204715100000.0,223375898465.9521,-8.353990059852606
40072,2026-09-30 23:59:59.999999999,204715100000.0,224170397697.58514,-8.678799603072981
40072,2026-10-31 23:59:59.999999999,204715100000.0,224958689509.4219,-8.998803932209984
40072,2026-11-30 23:59:59.999999999,204715100000.0,225740810264.53418,-9.314094393430775
40072,2026-12-31 23:59:59.999999999,204715100000.0,226516865421.83884,-9.624787659513894
40072,2027-01-31 23:59:59.999999999,204715100000.0,227286907413.90823,-9.930976473186423
40072,2027-02-28 23:59:59.999999999,204715100000.0,228050977215.53085,-10.232746813216295
40072,2027-03-31 23:59:59.999999999,204715100000.0,228809202568.87146,-10.530216523795255
40072,2027-04-30 23:59:59.999999999,204715100000.0,229561618499.2676,-10.823464545031024
40072,2027-05-31 23:59:59.999999999,204715100000.0,230308297039.79376,-11.112582245949936
40072,2024-12-31 23:59:59.999999999,24193751000.0,24371532412.54029,-0.7294632505291871
40072,2025-01-31 23:59:59.999999999,24581663000.0,24875027549.423267,-1.1793547920314527
40072,2025-02-28 23:59:59.999999999,25039892000.0,25452833062.283997,-1.6223757146150142
40072,2025-03-31 23:59:59.999999999,25451997000.0,25988051578.380966,-2.062695592103954
40072,2025-04-30 23:59:59.999999999,26191868000.0,26852611690.622147,-2.4606313688768715
40072,2025-05-31 23:59:59.999999999,26990199000.0,27780740393.815662,-2.8456462952716937
40072,2025-06-30 23:59:59.999999999,27475872000.0,28400857535.77828,-3.256893882915394
40072,2025-07-31 23:59:59.999999999,28031584000.0,29094708783.834873,-3.65401329751597
40072,2025-08-31 23:59:59.999999999,28469412000.0,29673162798.17916,-4.056699201114574
40072,2025-09-30 23:59:59.999999999,29014920000.0,30363607206.365715,-4.441791218017611
40072,2025-10-31 23:59:59.999999999,29548270000.0,31045225080.996346,-4.821854275789014
40072,2025-11-30 23:59:59.999999999,30091264000.0,31740102955.547478,-5.194812877124889
40072,2025-12-31 23:59:59.999999999,30568817000.0,32371358106.093422,-5.568322033897369
40072,2026-01-31 23:59:59.999999999,31046543000.0,33005723136.45011,-5.9358789636288165
40072,2026-02-28 23:59:59.999999999,31524270000.0,33642987789.676266,-6.2976502649577935
40072,2026-03-31 23:59:59.999999999,32001997000.0,34283113878.43038,-6.653762801475198
40072,2026-04-30 23:59:59.999999999,32479724000.0,34926070707.31463,-7.004358457083137
40072,2026-05-31 23:59:59.999999999,32957450000.0,35571819360.63014,-7.349551323550378
40072,2026-06-30 23:59:59.999999999,33435175000.0,36220329950.59052,-7.689480030661937
40072,2026-07-31 23:59:59.999999999,33912902000.0,36871568204.02565,-8.024249350215113
40072,2026-08-31 23:59:59.999999999,34390630000.0,37525507572.517334,-8.353990059852604
40072,2026-09-30 23:59:59.999999999,34868355000.0,38182103301.80168,-8.678799603072985
40072,2026-10-31 23:59:59.999999999,35346084000.0,38841339858.51071,-8.998803932209999
40072,2026-11-30 23:59:59.999999999,35823810000.0,39503171162.471085,-9.314094393430782
40072,2026-12-31 23:59:59.999999999,36301533000.0,40167577197.20202,-9.624787659513899
40072,2027-01-31 23:59:59.999999999,36779260000.0,40834529466.227425,-9.930976473186428
40072,2027-02-28 23:59:59.999999999,37256987000.0,41503984249.66543,-10.232746813216286
40072,2027-03-31 23:59:59.999999999,37734715000.0,42175932394.01979,-10.530216523795263
40072,2027-04-30 23:59:59.999999999,38212440000.0,42850330380.121056,-10.823464545031014
40072,2027-05-31 23:59:59.999999999,38690170000.0,43527160322.12233,-11.112582245949932
40072,2024-12-31 23:59:59.999999999,142375070.0,143421277.51289606,-0.7294632505291894
40072,2025-01-31 23:59:59.999999999,221448110.0,224090939.23032108,-1.1793547920314515
40072,2025-02-28 23:59:59.999999999,221448110.0,225100081.04850975,-1.6223757146150188
40072,2025-03-31 23:59:59.999999999,221448110.0,226112116.66363373,-2.062695592103959
40072,2025-04-30 23:59:59.999999999,221448110.0,227034596.49967402,-2.4606313688768764
40072,2025-05-31 23:59:59.999999999,221448110.0,227934316.43117663,-2.845646295271692
40072,2025-06-30 23:59:59.999999999,221448110.0,228903247.87793094,-3.2568938829153704
40072,2025-07-31 23:59:59.999999999,221448110.0,229846742.53617927,-3.654013297515965
40072,2025-08-31 23:59:59.999999999,221448110.0,230811437.75133964,-4.056699201114569
40072,2025-09-30 23:59:59.999999999,221448110.0,231741589.57420132,-4.441791218017623
40072,2025-10-31 23:59:59.999999999,221448110.0,232666974.45616347,-4.82185427578902
40072,2025-11-30 23:59:59.999999999,221448110.0,233582274.051087,-5.194812877124879
40072,2025-12-31 23:59:59.999999999,221448110.0,234506170.7782969,-5.568322033897364
40072,2026-01-31 23:59:59.999999999,221448110.0,235422507.0729934,-5.935878963628825
40072,2026-02-28 23:59:59.999999999,221448110.0,236331439.52758768,-6.297650264957788
40072,2026-03-31 23:59:59.999999999,221448110.0,237233035.4666933,-6.653762801475202
40072,2026-04-30 23:59:59.999999999,221448110.0,238127409.33434302,-7.004358457083129
40072,2026-05-31 23:59:59.999999999,221448110.0,239014613.70503744,-7.349551323550396
40072,2026-06-30 23:59:59.999999999,221448110.0,239894772.63648435,-7.689480030661951
40072,2026-07-31 23:59:59.999999999,221448110.0,240767931.15090266,-8.024249350215106
40072,2026-08-31 23:59:59.999999999,221448110.0,241634209.87408438,-8.353990059852602
40072,2026-09-30 23:59:59.999999999,221448110.0,242493649.92737412,-8.678799603072978
40072,2026-10-31 23:59:59.999999999,221448110.0,243346375.17844874,-8.998803932209997
40072,2026-11-30 23:59:59.999999999,221448110.0,244192424.9626267,-9.314094393430787
40072,2026-12-31 23:59:59.999999999,221448110.0,245031913.35883164,-9.62478765951391
40072,2027-01-31 23:59:59.999999999,221448110.0,245864897.08537233,-9.93097647318642
40072,2027-02-28 23:59:59.999999999,221448110.0,246691420.46623686,-10.232746813216293
40072,2027-03-31 23:59:59.999999999,221448110.0,247511621.684986,-10.530216523795255
40072,2027-04-30 23:59:59.999999999,221448110.0,248325538.62986022,-10.823464545031017
40072,2027-05-31 23:59:59.999999999,221448110.0,249133249.22177747,-11.112582245949945
40072,2024-12-31 23:59:59.999999999,0.0,,
40072,2025-01-31 23:59:59.999999999,0.0,,
40072,2025-02-28 23:59:59.999999999,0.0,,
40072,2025-03-31 23:59:59.999999999,0.0,,
40072,2025-04-30 23:59:59.999999999,0.0,,
40072,2025-05-31 23:59:59.999999999,0.0,,
40072,2025-06-30 23:59:59.999999999,0.0,,
40072,2025-07-31 23:59:59.999999999,0.0,,
40072,2025-08-31 23:59:59.999999999,0.0,,
40072,2025-09-30 23:59:59.999999999,0.0,,
40072,2025-10-31 23:59:59.999999999,0.0,,
40072,2025-11-30 23:59:59.999999999,0.0,,
40072,2025-12-31 23:59:59.999999999,0.0,,
40072,2026-01-31 23:59:59.999999999,0.0,,
40072,2026-02-28 23:59:59.999999999,0.0,,
40072,2026-03-31 23:59:59.999999999,0.0,,
40072,2026-04-30 23:59:59.999999999,0.0,,
40072,2026-05-31 23:59:59.999999999,0.0,,
40072,2026-06-30 23:59:59.999999999,0.0,,
40072,2026-07-31 23:59:59.999999999,0.0,,
40072,2026-08-31 23:59:59.999999999,0.0,,
40072,2026-09-30 23:59:59.999999999,0.0,,
40072,2026-10-31 23:59:59.999999999,0.0,,
40072,2026-11-30 23:59:59.999999999,0.0,,
40072,2026-12-31 23:59:59.999999999,0.0,,
40072,2027-01-31 23:59:59.999999999,0.0,,
40072,2027-02-28 23:59:59.999999999,0.0,,
40072,2027-03-31 23:59:59.999999999,0.0,,
40072,2027-04-30 23:59:59.999999999,0.0,,
40072,2027-05-31 23:59:59.999999999,0.0,,
40072,2024-12-31 23:59:59.999999999,157917940000.0,159078355809.17398,-0.7294632505291835
40072,2025-01-31 23:59:59.999999999,158677530000.0,160571237253.16946,-1.179354792031463
40072,2025-02-28 23:59:59.999999999,159437130000.0,162066454479.00497,-1.6223757146150146
40072,2025-03-31 23:59:59.999999999,160196720000.0,163570688060.6001,-2.0626955921039483
40072,2025-04-30 23:59:59.999999999,160956320000.0,165016772155.568,-2.460631368876879
40072,2025-05-31 23:59:59.999999999,161715910000.0,166452563922.64963,-2.845646295271694
40072,2025-06-30 23:59:59.999999999,162475500000.0,167945308180.78333,-3.2568938829153855
40072,2025-07-31 23:59:59.999999999,163235100000.0,169425949442.0554,-3.6540132975159705
40072,2025-08-31 23:59:59.999999999,163994700000.0,170928763511.86066,-4.056699201114566
40072,2025-09-30 23:59:59.999999999,164754300000.0,172412495834.75305,-4.441791218017618
40072,2025-10-31 23:59:59.999999999,165513890000.0,173899046345.78033,-4.8218542757890175
40072,2025-11-30 23:59:59.999999999,166273480000.0,175384372731.09988,-5.194812877124886
40072,2025-12-31 23:59:59.999999999,167033080000.0,176882462916.6904,-5.568322033897361
40072,2026-01-31 23:59:59.999999999,167792670000.0,178381162678.5102,-5.935878963628821
40072,2026-02-28 23:59:59.999999999,168552270000.0,179880513405.06128,-6.297650264957793
40072,2026-03-31 23:59:59.999999999,169311860000.0,181380490382.18298,-6.653762801475194
40072,2026-04-30 23:59:59.999999999,170071460000.0,182881106007.00912,-7.004358457083139
40072,2026-05-31 23:59:59.999999999,170831050000.0,184382326519.0757,-7.349551323550381
40072,2026-06-30 23:59:59.999999999,171590650000.0,185884174268.54022,-7.6894800306619295
40072,2026-07-31 23:59:59.999999999,172350240000.0,187386611795.38095,-8.0242493502151
40072,2026-08-31 23:59:59.999999999,173109840000.0,188889661357.9308,-8.353990059852606
40072,2026-09-30 23:59:59.999999999,173869450000.0,190393302387.92038,-8.678799603072985
40072,2026-10-31 23:59:59.999999999,174629040000.0,191897526373.07388,-8.998803932209993
40072,2026-11-30 23:59:59.999999999,175388640000.0,193402313246.89444,-9.314094393430786
40072,2026-12-31 23:59:59.999999999,176148230000.0,194907685059.00317,-9.62478765951391
40072,2027-01-31 23:59:59.999999999,176907830000.0,196413619600.67712,-9.930976473186425
40072,2027-02-28 23:59:59.999999999,177667420000.0,197920085497.45587,-10.23274681321629
40072,2027-03-31 23:59:59.999999999,178427020000.0,199427127608.34412,-10.530216523795263
40072,2027-04-30 23:59:59.999999999,179186610000.0,200934711533.48737,-10.823464545031023
40072,2027-05-31 23:59:59.999999999,179946210000.0,202442835922.97397,-11.112582245949937
40072,2024-12-31 23:59:59.999999999,224726580000.0,226377925018.31915,-0.7294632505291854
40072,2025-01-31 23:59:59.999999999,226214250000.0,228913956159.597,-1.1793547920314522
40072,2025-02-28 23:59:59.999999999,227701900000.0,231457001445.22342,-1.6223757146150108
40072,2025-03-31 23:59:59.999999999,229189570000.0,234016616905.7048,-2.0626955921039682
40072,2025-04-30 23:59:59.999999999,230677220000.0,236496524959.4561,-2.4606313688768666
40072,2025-05-31 23:59:59.999999999,232164880000.0,238964982655.94556,-2.845646295271692
40072,2025-06-30 23:59:59.999999999,233652540000.0,241518537779.03198,-3.2568938829153877
40072,2025-07-31 23:59:59.999999999,235140200000.0,244058118603.43686,-3.6540132975159616
40072,2025-08-31 23:59:59.999999999,236627850000.0,246633012770.75607,-4.056699201114577
40072,2025-09-30 23:59:59.999999999,238115500000.0,249183724939.0729,-4.441791218017613
40072,2025-10-31 23:59:59.999999999,239603170000.0,251741793775.09225,-4.821854275789017
40072,2025-11-30 23:59:59.999999999,241090820000.0,254301298758.608,-5.194812877124888
40072,2025-12-31 23:59:59.999999999,242578490000.0,256882536208.95776,-5.568322033897362
40072,2026-01-31 23:59:59.999999999,244066140000.0,259467836908.43024,-5.9358789636288165
40072,2026-02-28 23:59:59.999999999,245553800000.0,262057256893.06738,-6.2976502649577935
40072,2026-03-31 23:59:59.999999999,247041460000.0,264650687151.5375,-6.6537628014751995
40072,2026-04-30 23:59:59.999999999,248529110000.0,267248125684.7994,-7.004358457083133
40072,2026-05-31 23:59:59.999999999,250016780000.0,269849503983.62247,-7.349551323550382
40072,2026-06-30 23:59:59.999999999,251504430000.0,272454783150.97772,-7.689480030661939
40072,2026-07-31 23:59:59.999999999,252992100000.0,275063908063.4583,-8.0242493502151
40072,2026-08-31 23:59:59.999999999,254479750000.0,277676840694.09766,-8.353990059852599
40072,2026-09-30 23:59:59.999999999,255967410000.0,280293525612.2776,-8.678799603072973
40072,2026-10-31 23:59:59.999999999,257455060000.0,282913933184.1448,-8.998803932209993
40072,2026-11-30 23:59:59.999999999,258942730000.0,285538010022.6318,-9.314094393430782
40072,2026-12-31 23:59:59.999999999,260430380000.0,288165719682.9987,-9.624787659513915
40072,2027-01-31 23:59:59.999999999,261918030000.0,290797015018.18427,-9.930976473186421
40072,2027-02-28 23:59:59.999999999,263405700000.0,293431835910.0474,-10.232746813216288
40072,2027-03-31 23:59:59.999999999,264893350000.0,296070181010.8333,-10.530216523795263
40072,2027-04-30 23:59:59.999999999,266381020000.0,298712005045.89355,-10.823464545031019
40072,2027-05-31 23:59:59.999999999,267868670000.0,301357238934.74774,-11.112582245949948
40072,2024-12-31 23:59:59.999999999,0.0,,
40072,2025-01-31 23:59:59.999999999,0.0,,
40072,2025-02-28 23:59:59.999999999,0.0,,
40072,2025-03-31 23:59:59.999999999,0.0,,
40072,2025-04-30 23:59:59.999999999,0.0,,
40072,2025-05-31 23:59:59.999999999,0.0,,
40072,2025-06-30 23:59:59.999999999,0.0,,
40072,2025-07-31 23:59:59.999999999,0.0,,
40072,2025-08-31 23:59:59.999999999,0.0,,
40072,2025-09-30 23:59:59.999999999,0.0,,
40072,2025-10-31 23:59:59.999999999,0.0,,
40072,2025-11-30 23:59:59.999999999,0.0,,
40072,2025-12-31 23:59:59.999999999,0.0,,
40072,2026-01-31 23:59:59.999999999,0.0,,
40072,2026-02-28 23:59:59.999999999,0.0,,
40072,2026-03-31 23:59:59.999999999,0.0,,
40072,2026-04-30 23:59:59.999999999,0.0,,
40072,2026-05-31 23:59:59.999999999,0.0,,
40072,2026-06-30 23:59:59.999999999,0.0,,
40072,2026-07-31 23:59:59.999999999,0.0,,
40072,2026-08-31 23:59:59.999999999,0.0,,
40072,2026-09-30 23:59:59.999999999,0.0,,
40072,2026-10-31 23:59:59.999999999,0.0,,
40072,2026-11-30 23:59:59.999999999,0.0,,
40072,2026-12-31 23:59:59.999999999,0.0,,
40072,2027-01-31 23:59:59.999999999,0.0,,
40072,2027-02-28 23:59:59.999999999,0.0,,
40072,2027-03-31 23:59:59.999999999,0.0,,
40072,2027-04-30 23:59:59.999999999,0.0,,
40072,2027-05-31 23:59:59.999999999,0.0,,
40072,2024-12-31 23:59:59.999999999,834704600.0,837830383.3902467,-0.3730835563158137
40072,2025-01-31 23:59:59.999999999,769929000.0,772821965.5122125,-0.37433479395155717
40072,2025-02-28 23:59:59.999999999,719200800.0,722483543.7750512,-0.4543737782453
40072,2025-03-31 23:59:59.999999999,670928700.0,674391788.7318912,-0.5135122920762499
40072,2025-04-30 23:59:59.999999999,626469440.0,630075656.7012041,-0.5723466162912259
40072,2025-05-31 23:59:59.999999999,586528100.0,590225400.4006636,-0.626417026131676
40072,2025-06-30 23:59:59.999999999,550324400.0,554075952.8403902,-0.6770798879031827
40072,2025-07-31 23:59:59.999999999,517431840.0,521208677.9754783,-0.724630677706403
40072,2025-08-31 23:59:59.999999999,487600220.0,491380490.3413384,-0.7693155132619178
40072,2025-09-30 23:59:59.999999999,460546460.0,464313897.79788965,-0.811398025292271
40072,2025-10-31 23:59:59.999999999,436004960.0,439747727.4376245,-0.8511169482178625
40072,2025-11-30 23:59:59.999999999,413743300.0,417453205.82207054,-0.8887007622243053
40072,2025-12-31 23:59:59.999999999,393550370.0,397222039.8918109,-0.9243374040400494
40072,2026-01-31 23:59:59.999999999,375233760.0,378864023.19545037,-0.9581968656806366
40072,2026-02-28 23:59:59.999999999,358619040.0,362206523.06679887,-0.9904523630396505
40072,2026-03-31 23:59:59.999999999,343548130.0,347092783.4653237,-1.0212414761074442
40072,2026-04-30 23:59:59.999999999,329877570.0,333380378.92344475,-1.0506949853365877
40072,2026-05-31 23:59:59.999999999,317477250.0,320939947.290543,-1.078924365687728
40072,2026-06-30 23:59:59.999999999,306229120.0,309654068.4578521,-1.1060563405186792
40072,2026-07-31 23:59:59.999999999,296026140.0,299416016.25464475,-1.132161297531179
40072,2026-08-31 23:59:59.999999999,286771230.0,290129030.0927719,-1.1573464715675628
40072,2026-09-30 23:59:59.999999999,278376220.0,281705070.75407785,-1.1816779673745594
40072,2026-10-31 23:59:59.999999999,270761280.0,274064433.22239196,-1.2052469499796752
40072,2026-11-30 23:59:59.999999999,263853900.0,267134563.10549662,-1.228092339440561
40072,2026-12-31 23:59:59.999999999,257588340.0,260849720.11866963,-1.2502923588286434
40072,2027-01-31 23:59:59.999999999,251904940.0,255150166.30152875,-1.2718871982601987
40072,2027-02-28 23:59:59.999999999,246749650.0,249981773.05747384,-1.2929442886744922
40072,2027-03-31 23:59:59.999999999,242073360.0,245295268.2789571,-1.3134816262713427
40072,2027-04-30 23:59:59.999999999,237831580.0,241046073.04241407,-1.333557938464508
40072,2027-05-31 23:59:59.999999999,233983950.0,237193662.5474787,-1.3532024899005144
40072,2024-12-31 23:59:59.999999999,115813474000.0,116247173392.60976,-0.3730835563158117
40072,2025-01-31 23:59:59.999999999,116014875000.0,116450790450.4878,-0.37433479395155705
40072,2025-02-28 23:59:59.999999999,116408290000.0,116939630248.22495,-0.45437377824530145
40072,2025-03-31 23:59:59.999999999,116778180000.0,117380946195.26811,-0.5135122920762509
40072,2025-04-30 23:59:59.999999999,117150960000.0,117825326839.2988,-0.5723466162912202
40072,2025-05-31 23:59:59.999999999,117523380000.0,118264209415.59933,-0.6264170261316758
40072,2025-06-30 23:59:59.999999999,117895850000.0,118699538639.1596,-0.6770798879031743
40072,2025-07-31 23:59:59.999999999,118268305000.0,119131569306.02452,-0.7246306777064049
40072,2025-08-31 23:59:59.999999999,118640770000.0,119560569077.65866,-0.7693155132619189
40072,2025-09-30 23:59:59.999999999,119013230000.0,119986799062.20212,-0.811398025292275
40072,2025-10-31 23:59:59.999999999,119385694000.0,120410528624.56238,-0.8511169482178681
40072,2025-11-30 23:59:59.999999999,119758160000.0,120831994730.17793,-0.8887007622243127
40072,2025-12-31 23:59:59.999999999,120130620000.0,121251389288.10818,-0.9243374040400422
40072,2026-01-31 23:59:59.999999999,120503080000.0,121668910696.80455,-0.9581968656806334
40072,2026-02-28 23:59:59.999999999,120875540000.0,122084731588.9332,-0.9904523630396452
40072,2026-03-31 23:59:59.999999999,121248010000.0,122499016912.53468,-1.0212414761074493
40072,2026-04-30 23:59:59.999999999,121620460000.0,122911892709.07655,-1.050694985336587
40072,2026-05-31 23:59:59.999999999,121992930000.0,123323496532.70946,-1.0789243656877237
40072,2026-06-30 23:59:59.999999999,122365390000.0,123733953995.54214,-1.1060563405186674
40072,2026-07-31 23:59:59.999999999,122737850000.0,124143355439.74538,-1.1321612975311885
40072,2026-08-31 23:59:59.999999999,123110310000.0,124551805817.90723,-1.1573464715675588
40072,2026-09-30 23:59:59.999999999,123482776000.0,124959393169.24593,-1.1816779673745568
40072,2026-10-31 23:59:59.999999999,123855230000.0,125366205390.7776,-1.2052469499796759
40072,2026-11-30 23:59:59.999999999,124227700000.0,125772298652.8945,-1.2280923394405607
40072,2026-12-31 23:59:59.999999999,124600160000.0,126177746887.88133,-1.2502923588286479
40072,2027-01-31 23:59:59.999999999,124972620000.0,126582609833.69847,-1.2718871982602025
40072,2027-02-28 23:59:59.999999999,125345080000.0,126986949810.94252,-1.2929442886744882
40072,2027-03-31 23:59:59.999999999,125717545000.0,127390799707.72102,-1.3134816262713276
40072,2027-04-30 23:59:59.999999999,126090000000.0,127794212294.95758,-1.333557938464498
40072,2027-05-31 23:59:59.999999999,126462470000.0,128197236289.45251,-1.3532024899005124
40072,2024-12-31 23:59:59.999999999,0.0,,
40072,2025-01-31 23:59:59.999999999,0.0,,
40072,2025-02-28 23:59:59.999999999,0.0,,
40072,2025-03-31 23:59:59.999999999,0.0,,
40072,2025-04-30 23:59:59.999999999,0.0,,
40072,2025-05-31 23:59:59.999999999,0.0,,
40072,2025-06-30 23:59:59.999999999,0.0,,
40072,2025-07-31 23:59:59.999999999,0.0,,
40072,2025-08-31 23:59:59.999999999,0.0,,
40072,2025-09-30 23:59:59.999999999,0.0,,
40072,2025-10-31 23:59:59.999999999,0.0,,
40072,2025-11-30 23:59:59.999999999,0.0,,
40072,2025-12-31 23:59:59.999999999,0.0,,
40072,2026-01-31 23:59:59.999999999,0.0,,
40072,2026-02-28 23:59:59.999999999,0.0,,
40072,2026-03-31 23:59:59.999999999,0.0,,
40072,2026-04-30 23:59:59.999999999,0.0,,
40072,2026-05-31 23:59:59.999999999,0.0,,
40072,2026-06-30 23:59:59.999999999,0.0,,
40072,2026-07-31 23:59:59.999999999,0.0,,
40072,2026-08-31 23:59:59.999999999,0.0,,
40072,2026-09-30 23:59:59.999999999,0.0,,
40072,2026-10-31 23:59:59.999999999,0.0,,
40072,2026-11-30 23:59:59.999999999,0.0,,
40072,2026-12-31 23:59:59.999999999,0.0,,
40072,2027-01-31 23:59:59.999999999,0.0,,
40072,2027-02-28 23:59:59.999999999,0.0,,
40072,2027-03-31 23:59:59.999999999,0.0,,
40072,2027-04-30 23:59:59.999999999,0.0,,
40072,2027-05-31 23:59:59.999999999,0.0,,
40072,2024-12-31 23:59:59.999999999,13698091000.0,13832242673.955957,-0.9698475447408461
40072,2025-01-31 23:59:59.999999999,13053927000.0,13270221120.209938,-1.6299178005446546
40072,2025-02-28 23:59:59.999999999,12440057000.0,12741847962.441193,-2.368503621537271
40072,2025-03-31 23:59:59.999999999,11855054000.0,12232733009.835087,-3.0874473065948034
40072,2025-04-30 23:59:59.999999999,11297561000.0,11741508796.86337,-3.7810151024369825
40072,2025-05-31 23:59:59.999999999,10766284000.0,11266674795.898664,-4.441337208746086
40072,2025-06-30 23:59:59.999999999,10259992000.0,10807656600.157072,-5.067380177022951
40072,2025-07-31 23:59:59.999999999,9777507000.0,10364179404.242823,-5.660574304634813
40072,2025-08-31 23:59:59.999999999,9317712000.0,9936096402.695555,-6.223616454926844
40072,2025-09-30 23:59:59.999999999,8879540000.0,9523276720.184235,-6.759611372206152
40072,2025-10-31 23:59:59.999999999,8461972500.0,9125548993.797325,-7.271633895652315
40072,2025-11-30 23:59:59.999999999,8064041500.0,8742697234.098524,-7.76254448628978
40072,2025-12-31 23:59:59.999999999,7684824000.0,8374446247.960406,-8.234839218513864
40072,2026-01-31 23:59:59.999999999,7323439000.0,8020474887.261614,-8.690704641051482
40072,2026-02-28 23:59:59.999999999,6979049000.0,7680422608.260137,-9.131966872575784
40072,2026-03-31 23:59:59.999999999,6650853400.0,7353901104.018178,-9.560201015404356
40072,2026-04-30 23:59:59.999999999,6338092000.0,7040502189.00595,-9.976705327963591
40072,2026-05-31 23:59:59.999999999,6040038400.0,6739802987.676421,-10.382567397829359
40072,2026-06-30 23:59:59.999999999,5756001000.0,6451375563.35842,-10.778705851631216
40072,2026-07-31 23:59:59.999999999,5485320700.0,6174792113.747138,-11.165904811793514
40072,2026-08-31 23:59:59.999999999,5227369000.0,5909623125.4736805,-11.544799913429252
40072,2026-09-30 23:59:59.999999999,4981548000.0,5655449941.275044,-11.915973375641098
40072,2026-10-31 23:59:59.999999999,4747287000.0,5411858115.775872,-12.279905746948723
40072,2026-11-30 23:59:59.999999999,4524042000.0,5178442260.667435,-12.637005256153824
40072,2026-12-31 23:59:59.999999999,4311295500.0,4954809267.01503,-12.987659954925121
40072,2027-01-31 23:59:59.999999999,4108553500.0,4740575510.375014,-13.332179542163155
40072,2027-02-28 23:59:59.999999999,3915345700.0,4535370259.448483,-13.670870512871435
40072,2027-03-31 23:59:59.999999999,3731223600.0,4338833181.175322,-14.00398687397172
40072,2027-04-30 23:59:59.999999999,3555759900.0,4150616649.961218,-14.33176870156814
40072,2027-05-31 23:59:59.999999999,3388547300.0,3970384981.986592,-14.654439220034224
40072,2024-12-31 23:59:59.999999999,165383470000.0,167003147025.0625,-0.9698475447408378
40072,2025-01-31 23:59:59.999999999,165537780000.0,168280611253.68924,-1.6299178005446588
40072,2025-02-28 23:59:59.999999999,165514740000.0,169530065451.8209,-2.368503621537276
40072,2025-03-31 23:59:59.999999999,165518180000.0,170791270843.5585,-3.087447306594815
40072,2025-04-30 23:59:59.999999999,165517670000.0,172021844362.85,-3.781015102436986
40072,2025-05-31 23:59:59.999999999,165517750000.0,173210622180.39865,-4.441337208746089
40072,2025-06-30 23:59:59.999999999,165517740000.0,174352860263.04193,-5.067380177022962
40072,2025-07-31 23:59:59.999999999,165517740000.0,175449168535.8349,-5.660574304634814
40072,2025-08-31 23:59:59.999999999,165517740000.0,176502581702.18805,-6.223616454926831
40072,2025-09-30 23:59:59.999999999,165517740000.0,177517211607.43976,-6.759611372206152
40072,2025-10-31 23:59:59.999999999,165517740000.0,178497416634.8861,-7.271633895652313
40072,2025-11-30 23:59:59.999999999,165517740000.0,179447424110.04318,-7.762544486289773
40072,2025-12-31 23:59:59.999999999,165517740000.0,180370999815.64426,-8.234839218513871
40072,2026-01-31 23:59:59.999999999,165517740000.0,181271509470.45273,-8.690704641051491
40072,2026-02-28 23:59:59.999999999,165517740000.0,182151778009.64893,-9.131966872575786
40072,2026-03-31 23:59:59.999999999,165517740000.0,183014270091.6354,-9.56020101540436
40072,2026-04-30 23:59:59.999999999,165517740000.0,183861009072.14868,-9.976705327963591
40072,2026-05-31 23:59:59.999999999,165517740000.0,184693684228.5649,-10.382567397829373
40072,2026-06-30 23:59:59.999999999,165517740000.0,185513715715.39365,-10.778705851631223
40072,2026-07-31 23:59:59.999999999,165517740000.0,186322309731.78635,-11.165904811793514
40072,2026-08-31 23:59:59.999999999,165517740000.0,187120415557.2634,-11.54479991342925
40072,2026-09-30 23:59:59.999999999,165517740000.0,187908914166.54135,-11.915973375641098
40072,2026-10-31 23:59:59.999999999,165517740000.0,188688509050.7556,-12.279905746948732
40072,2026-11-30 23:59:59.999999999,165517740000.0,189459780390.20807,-12.637005256153817
40072,2026-12-31 23:59:59.999999999,165517740000.0,190223292349.40363,-12.987659954925116
40072,2027-01-31 23:59:59.999999999,165517740000.0,190979462861.33157,-13.332179542163178
40072,2027-02-28 23:59:59.999999999,165517740000.0,191728723511.19705,-13.670870512871442
40072,2027-03-31 23:59:59.999999999,165517740000.0,192471408809.8847,-14.003986873971721
40072,2027-04-30 23:59:59.999999999,165517740000.0,193207838512.9795,-14.331768701568132
40072,2027-05-31 23:59:59.999999999,165517740000.0,193938309703.92316,-14.654439220034224
40072,2024-12-31 23:59:59.999999999,104928444000.0,105956056629.72765,-0.9698475447408572
40072,2025-01-31 23:59:59.999999999,103204495000.0,104914515727.19273,-1.629917800544653
40072,2025-02-28 23:59:59.999999999,101915710000.0,104388150664.95523,-2.368503621537255
40072,2025-03-31 23:59:59.999999999,100964040000.0,104180560616.75745,-3.087447306594805
40072,2025-04-30 23:59:59.999999999,100273500000.0,104213836979.00523,-3.7810151024369723
40072,2025-05-31 23:59:59.999999999,99785230000.0,104423006112.9873,-4.441337208746086
40072,2025-06-30 23:59:59.999999999,99453660000.0,104762364373.2296,-5.067380177022959
40072,2025-07-31 23:59:59.999999999,99243470000.0,105198294372.14366,-5.66057430463482
40072,2025-08-31 23:59:59.999999999,99127300000.0,105706034134.22842,-6.223616454926841
40072,2025-09-30 23:59:59.999999999,99083960000.0,106267210785.15996,-6.759611372206155
40072,2025-10-31 23:59:59.999999999,99097040000.0,106868099921.53381,-7.271633895652292
40072,2025-11-30 23:59:59.999999999,99153830000.0,107498444461.38448,-7.762544486289774
40072,2025-12-31 23:59:59.999999999,99244474000.0,108150493632.68031,-8.234839218513878
40072,2026-01-31 23:59:59.999999999,99361340000.0,108818429765.99248,-8.690704641051502
40072,2026-02-28 23:59:59.999999999,99498525000.0,109497830257.28447,-9.131966872575774
40072,2026-03-31 23:59:59.999999999,99651445000.0,110185389457.76888,-9.560201015404365
40072,2026-04-30 23:59:59.999999999,99816550000.0,110878575003.99353,-9.976705327963591
40072,2026-05-31 23:59:59.999999999,99991100000.0,111575503266.06671,-10.382567397829392
40072,2026-06-30 23:59:59.999999999,100172960000.0,112274726337.66032,-10.778705851631214
40072,2026-07-31 23:59:59.999999999,100360495000.0,112975198195.43762,-11.165904811793508
40072,2026-08-31 23:59:59.999999999,100552420000.0,113676094996.77774,-11.544799913429243
40072,2026-09-30 23:59:59.999999999,100747740000.0,114376854688.58783,-11.915973375641094
40072,2026-10-31 23:59:59.999999999,100945690000.0,115077043046.48383,-12.279905746948726
40072,2026-11-30 23:59:59.999999999,101145690000.0,115776354059.93756,-12.637005256153817
40072,2026-12-31 23:59:59.999999999,101347260000.0,116474585571.99956,-12.987659954925102
40072,2027-01-31 23:59:59.999999999,101550060000.0,117171590423.69511,-13.332179542163184
40072,2027-02-28 23:59:59.999999999,101753810000.0,117867291669.11293,-13.670870512871435
40072,2027-03-31 23:59:59.999999999,101958290000.0,118561644492.26129,-14.003986873971725
40072,2027-04-30 23:59:59.999999999,102163340000.0,119254640563.43845,-14.331768701568132
40072,2027-05-31 23:59:59.999999999,102368830000.0,119946284850.03793,-14.654439220034229
40072,2024-12-31 23:59:59.999999999,18738356000.0,18921869510.87024,-0.9698475447408329
40072,2025-01-31 23:59:59.999999999,18738356000.0,19048836602.582153,-1.6299178005446608
40072,2025-02-28 23:59:59.999999999,18738356000.0,19192941744.29312,-2.3685036215372715
40072,2025-03-31 23:59:59.999999999,18738356000.0,19335324169.285995,-3.0874473065948083
40072,2025-04-30 23:59:59.999999999,18738356000.0,19474697476.749825,-3.781015102436981
40072,2025-05-31 23:59:59.999999999,18738356000.0,19609270030.215454,-4.441337208746087
40072,2025-06-30 23:59:59.999999999,18738356000.0,19738585387.13229,-5.067380177022947
40072,2025-07-31 23:59:59.999999999,18738356000.0,19862699063.389145,-5.660574304634809
40072,2025-08-31 23:59:59.999999999,18738356000.0,19981956560.516647,-6.223616454926841
40072,2025-09-30 23:59:59.999999999,18738356000.0,20096823382.83854,-6.759611372206152
40072,2025-10-31 23:59:59.999999999,18738356000.0,20207792945.379448,-7.271633895652309
40072,2025-11-30 23:59:59.999999999,18738356000.0,20315343826.039,-7.762544486289778
40072,2025-12-31 23:59:59.999999999,18738356000.0,20419902351.198753,-8.234839218513883
40072,2026-01-31 23:59:59.999999999,18738356000.0,20521849555.773186,-8.690704641051495
40072,2026-02-28 23:59:59.999999999,18738356000.0,20621505252.263145,-9.131966872575783
40072,2026-03-31 23:59:59.999999999,18738356000.0,20719148466.032803,-9.560201015404349
40072,2026-04-30 23:59:59.999999999,18738356000.0,20815008262.32327,-9.976705327963598
40072,2026-05-31 23:59:59.999999999,18738356000.0,20909275885.17654,-10.382567397829382
40072,2026-06-30 23:59:59.999999999,18738356000.0,21002112111.083508,-10.778705851631223
40072,2026-07-31 23:59:59.999999999,18738356000.0,21093653494.52862,-11.165904811793512
40072,2026-08-31 23:59:59.999999999,18738356000.0,21184007503.98037,-11.544799913429241
40072,2026-09-30 23:59:59.999999999,18738356000.0,21273273875.08198,-11.915973375641094
40072,2026-10-31 23:59:59.999999999,18738356000.0,21361532250.46062,-12.279905746948733
40072,2026-11-30 23:59:59.999999999,18738356000.0,21448848312.654625,-12.637005256153822
40072,2026-12-31 23:59:59.999999999,18738356000.0,21535285931.04495,-12.987659954925125
40072,2027-01-31 23:59:59.999999999,18738356000.0,21620892420.060402,-13.332179542163178
40072,2027-02-28 23:59:59.999999999,18738356000.0,21705716639.704838,-13.670870512871439
40072,2027-03-31 23:59:59.999999999,18738356000.0,21789796460.143677,-14.003986873971726
40072,2027-04-30 23:59:59.999999999,18738356000.0,21873168081.086555,-14.33176870156814
40072,2027-05-31 23:59:59.999999999,18738356000.0,21955865135.51703,-14.654439220034229
40072,2024-12-31 23:59:59.999999999,0.3799701,0.38369132439126585,-0.9698475447408375
40072,2025-01-31 23:59:59.999999999,0.32064533,0.32595818277988703,-1.6299178005446509
40072,2025-02-28 23:59:59.999999999,0.4779547,0.489549687772126,-2.3685036215372666
40072,2025-03-31 23:59:59.999999999,0.5455933,0.5629748739045668,-3.0874473065948003
40072,2025-04-30 23:59:59.999999999,0.51144564,0.5315433768732191,-3.781015102436976
40072,2025-05-31 23:59:59.999999999,0.47774625,0.4999507467877265,-4.44133720874609
40072,2025-06-30 23:59:59.999999999,0.41688305,0.43913572823839403,-5.067380177022954
40072,2025-07-31 23:59:59.999999999,0.36742392,0.38947017020218394,-5.660574304634828
40072,2025-08-31 23:59:59.999999999,0.34819257,0.3713009175986531,-6.223616454926838
40072,2025-09-30 23:59:59.999999999,0.3520102,0.3775297332705217,-6.759611372206152
40072,2025-10-31 23:59:59.999999999,0.37395796,0.40328324277481337,-7.271633895652312
40072,2025-11-30 23:59:59.999999999,0.4010719,0.43482542298683335,-7.762544486289778
40072,2025-12-31 23:59:59.999999999,0.47373056,0.5162422863786973,-8.234839218513871
40072,2026-01-31 23:59:59.999999999,0.47478855,0.5199783271744026,-8.690704641051507
40072,2026-02-28 23:59:59.999999999,0.49368548,0.5432994056779022,-9.13196687257578
40072,2026-03-31 23:59:59.999999999,0.49264744,0.5447241643309275,-9.560201015404354
40072,2026-04-30 23:59:59.999999999,0.47580916,0.5285400391399835,-9.976705327963604
40072,2026-05-31 23:59:59.999999999,0.46193576,0.5154530153093336,-10.382567397829385
40072,2026-06-30 23:59:59.999999999,0.44974577,0.5040789629448864,-10.778705851631214
40072,2026-07-31 23:59:59.999999999,0.44441566,0.5002760007526786,-11.165904811793526
40072,2026-08-31 23:59:59.999999999,0.44656253,0.5048459877691538,-11.544799913429248
40072,2026-09-30 23:59:59.999999999,0.45260534,0.5138336134821537,-11.915973375641087
40072,2026-10-31 23:59:59.999999999,0.45971486,0.5240701844184965,-12.279905746948721
40072,2026-11-30 23:59:59.999999999,0.4650488,0.5323178209968417,-12.63700525615381
40072,2026-12-31 23:59:59.999999999,0.46712378,0.5368477349675772,-12.987659954925121
40072,2027-01-31 23:59:59.999999999,0.4661584,0.5378679048147382,-13.332179542163173
40072,2027-02-28 23:59:59.999999999,0.4633006,0.5366677371811586,-13.670870512871444
40072,2027-03-31 23:59:59.999999999,0.46007457,0.5349952364431348,-14.00398687397172
40072,2027-04-30 23:59:59.999999999,0.45773062,0.5343061414504197,-14.331768701568134
40072,2027-05-31 23:59:59.999999999,0.45685297,0.5352978741159313,-14.654439220034234
40072,2024-12-31 23:59:59.999999999,131239230000.0,131239231488.0,0.0
40072,2025-01-31 23:59:59.999999999,132014260000.0,132014260224.0,0.0
40072,2025-02-28 23:59:59.999999999,133020830000.0,133020827648.0,0.0
40072,2025-03-31 23:59:59.999999999,134555280000.0,134555279360.0,0.0
40072,2025-04-30 23:59:59.999999999,135940320000.0,135940317184.0,0.0
40072,2025-05-31 23:59:59.999999999,137302220000.0,137302220800.0,0.0
40072,2025-06-30 23:59:59.999999999,138695310000.0,138695311360.0,0.0
40072,2025-07-31 23:59:59.999999999,140168330000.0,140168331264.0,0.0
40072,2025-08-31 23:59:59.999999999,141862450000.0,141862453248.0,0.0
40072,2025-09-30 23:59:59.999999999,143197000000.0,143196995584.0,0.0
40072,2025-10-31 23:59:59.999999999,145721070000.0,145721065472.0,0.0
40072,2025-11-30 23:59:59.999999999,146318920000.0,146318917632.0,0.0
40072,2025-12-31 23:59:59.999999999,147565530000.0,147565527040.0,0.0
40072,2026-01-31 23:59:59.999999999,148597080000.0,148597080064.0,0.0
40072,2026-02-28 23:59:59.999999999,149777900000.0,149777907712.0,0.0
40072,2026-03-31 23:59:59.999999999,151165500000.0,151165501440.0,0.0
40072,2026-04-30 23:59:59.999999999,152490400000.0,152490393600.0,0.0
40072,2026-05-31 23:59:59.999999999,153743000000.0,153742999552.0,0.0
40072,2026-06-30 23:59:59.999999999,155098600000.0,155098595328.0,0.0
40072,2026-07-31 23:59:59.999999999,156499410000.0,156499410944.0,0.0
40072,2026-08-31 23:59:59.999999999,157952970000.0,157952966656.0,0.0
40072,2026-09-30 23:59:59.999999999,159265260000.0,159265259520.0,0.0
40072,2026-10-31 23:59:59.999999999,161109700000.0,161109704704.0,0.0
40072,2026-11-30 23:59:59.999999999,162106280000.0,162106277888.0,0.0
40072,2026-12-31 23:59:59.999999999,163398830000.0,163398828032.0,0.0
40072,2027-01-31 23:59:59.999999999,164691380000.0,164691378176.0,0.0
40072,2027-02-28 23:59:59.999999999,165983940000.0,165983944704.0,0.0
40072,2027-03-31 23:59:59.999999999,167276500000.0,167276494848.0,0.0
40072,2027-04-30 23:59:59.999999999,168569040000.0,168569044992.0,0.0
40072,2027-05-31 23:59:59.999999999,169861600000.0,169861595136.0,0.0
40072,2024-12-31 23:59:59.999999999,2274859800.0,2275132625.94994,-0.011992705252788553
40072,2025-01-31 23:59:59.999999999,2274859800.0,2273117593.2421374,0.07664287861930189
40072,2025-02-28 23:59:59.999999999,2274859800.0,2270899742.6991234,0.17438168785777572
40072,2025-03-31 23:59:59.999999999,2274859800.0,2267188548.1913247,0.33835861665740585
40072,2025-04-30 23:59:59.999999999,2274859800.0,2263116259.970635,0.5189090917281218
40072,2025-05-31 23:59:59.999999999,2274859800.0,2260389970.6198883,0.6401464158037962
40072,2025-06-30 23:59:59.999999999,2274859800.0,2257918282.082968,0.7503147501601761
40072,2025-07-31 23:59:59.999999999,2274859800.0,2254573935.7002664,0.8997638080754665
40072,2025-08-31 23:59:59.999999999,2274859800.0,2253206740.324362,0.9609875244968032
40072,2025-09-30 23:59:59.999999999,2274859800.0,2251181857.682193,1.0517994464554667
40072,2025-10-31 23:59:59.999999999,2274859800.0,2249963153.2560296,1.1065346873766042
40072,2025-11-30 23:59:59.999999999,2274859800.0,2249479884.211569,1.1282560011567604
40072,2025-12-31 23:59:59.999999999,2274859800.0,2248928548.4371853,1.1530480850907743
40072,2026-01-31 23:59:59.999999999,2274859800.0,2246648510.5506816,1.2557044556294867
40072,2026-02-28 23:59:59.999999999,2274859800.0,2244580526.6354012,1.3489936763367976
40072,2026-03-31 23:59:59.999999999,2274859800.0,2242598931.29652,1.4385472254206735
40072,2026-04-30 23:59:59.999999999,2274859800.0,2240004085.725348,1.5560547633271478
40072,2026-05-31 23:59:59.999999999,2274859800.0,2237817715.6153016,1.6552760363912595
40072,2026-06-30 23:59:59.999999999,2274859800.0,2235802927.5141907,1.7468824289103821
40072,2026-07-31 23:59:59.999999999,2274859800.0,2232977586.2762027,1.8756206950398295
40072,2026-08-31 23:59:59.999999999,2274859800.0,2230968875.6510696,1.9673470494348138
40072,2026-09-30 23:59:59.999999999,2274859800.0,2228339251.6467676,2.087676924366575
40072,2026-10-31 23:59:59.999999999,2274859800.0,2226066410.980333,2.1919096743470083
40072,2026-11-30 23:59:59.999999999,2274859800.0,2224082839.3073077,2.2830506038393246
40072,2026-12-31 23:59:59.999999999,2274859800.0,2222061789.2840476,2.3760809429590166
40072,2027-01-31 23:59:59.999999999,2274859800.0,2219740761.594685,2.483128451707885
40072,2027-02-28 23:59:59.999999999,2274859800.0,2217400067.1721406,2.5913099615414916
40072,2027-03-31 23:59:59.999999999,2274859800.0,2215117047.1081758,2.6970461434450193
40072,2027-04-30 23:59:59.999999999,2274859800.0,2212706620.308479,2.8089198595544604
40072,2027-05-31 23:59:59.999999999,2274859800.0,2210501758.4458923,2.9114664717278935
40072,2024-12-31 23:59:59.999999999,167334410000.0,167354482617.82767,-0.011992705252777744
40072,2025-01-31 23:59:59.999999999,168231010000.0,168102171960.38797,0.07664287861931363
40072,2025-02-28 23:59:59.999999999,169216020000.0,168921448311.281,0.17438168785776514
40072,2025-03-31 23:59:59.999999999,170374790000.0,169800257366.09537,0.3383586166574043
40072,2025-04-30 23:59:59.999999999,171458940000.0,170573813804.06332,0.5189090917281179
40072,2025-05-31 23:59:59.999999999,172666620000.0,171568329345.04327,0.6401464158037838
40072,2025-06-30 23:59:59.999999999,173827740000.0,172533193551.85797,0.750314750160195
40072,2025-07-31 23:59:59.999999999,174911490000.0,173351731856.0869,0.899763808075459
40072,2025-08-31 23:59:59.999999999,175820520000.0,174146990617.8756,0.9609875244967956
40072,2025-09-30 23:59:59.999999999,176796730000.0,174956537451.54697,1.051799446455473
40072,2025-10-31 23:59:59.999999999,177465210000.0,175522990157.58566,1.1065346873766206
40072,2025-11-30 23:59:59.999999999,178091660000.0,176104742838.60178,1.1282560011567713
40072,2025-12-31 23:59:59.999999999,178897960000.0,176858695162.1167,1.1530480850907654
40072,2026-01-31 23:59:59.999999999,179795300000.0,177565597141.03494,1.2557044556294739
40072,2026-02-28 23:59:59.999999999,180709080000.0,178303774446.05292,1.3489936763367987
40072,2026-03-31 23:59:59.999999999,181655200000.0,179079070929.8298,1.438547225420679
40072,2026-04-30 23:59:59.999999999,182587440000.0,179789813199.72864,1.55605476332715
40072,2026-05-31 23:59:59.999999999,183542660000.0,180553994122.54227,1.655276036391264
40072,2026-06-30 23:59:59.999999999,184489210000.0,181321736399.0498,1.7468824289103786
40072,2026-07-31 23:59:59.999999999,185421370000.0,182007593164.07077,1.8756206950398406
40072,2026-08-31 23:59:59.999999999,186321030000.0,182726169174.206,1.967347049434813
40072,2026-09-30 23:59:59.999999999,187233170000.0,183404284576.59482,2.0876769243665785
40072,2026-10-31 23:59:59.999999999,188088070000.0,184053781595.213,2.1919096743470083
40072,2026-11-30 23:59:59.999999999,188935160000.0,184717955411.57632,2.2830506038393397
40072,2026-12-31 23:59:59.999999999,189815700000.0,185410204957.69885,2.3760809429590224
40072,2027-01-31 23:59:59.999999999,190713180000.0,186092274052.5704,2.4831284517078904
40072,2027-02-28 23:59:59.999999999,191613730000.0,186773841651.72513,2.5913099615414845
40072,2027-03-31 23:59:59.999999999,192520290000.0,187464291850.31458,2.6970461434450193
40072,2027-04-30 23:59:59.999999999,193424260000.0,188139571337.03345,2.8089198595544547
40072,2027-05-31 23:59:59.999999999,194332500000.0,188834650620.18872,2.9114664717278806
40072,2024-12-31 23:59:59.999999999,109089650000.0,109102737105.6838,-0.01199270525278667
40072,2025-01-31 23:59:59.999999999,111337550000.0,111252286964.7404,0.0766428786193148
40072,2025-02-28 23:59:59.999999999,113549130000.0,113351467573.63356,0.17438168785775657
40072,2025-03-31 23:59:59.999999999,115849540000.0,115458878615.50842,0.33835861665739675
40072,2025-04-30 23:59:59.999999999,118252820000.0,117642365597.19212,0.5189090917281308
40072,2025-05-31 23:59:59.999999999,120436880000.0,119670815022.86794,0.6401464158037835
40072,2025-06-30 23:59:59.999999999,122631270000.0,121717998209.83194,0.7503147501601697
40072,2025-07-31 23:59:59.999999999,125031875000.0,123916915006.68623,0.89976380807544
40072,2025-08-31 23:59:59.999999999,127210970000.0,126000125647.67555,0.9609875244967943
40072,2025-09-30 23:59:59.999999999,129533700000.0,128185444254.89058,1.0517994464554674
40072,2025-10-31 23:59:59.999999999,131864175000.0,130421020757.68556,1.1065346873766086
40072,2025-11-30 23:59:59.999999999,134094200000.0,132598154199.81746,1.1282560011567644
40072,2025-12-31 23:59:59.999999999,136271140000.0,134717782105.1597,1.1530480850907712
40072,2026-01-31 23:59:59.999999999,138627600000.0,136908431019.55502,1.255704455629488
40072,2026-02-28 23:59:59.999999999,140945690000.0,139069645800.44797,1.3489936763368022
40072,2026-03-31 23:59:59.999999999,143231370000.0,141200138540.73215,1.438547225420676
40072,2026-04-30 23:59:59.999999999,145624190000.0,143392914602.061,1.5560547633271449
40072,2026-05-31 23:59:59.999999999,147947470000.0,145538408449.19522,1.6552760363912722
40072,2026-06-30 23:59:59.999999999,150258930000.0,147679144540.85074,1.7468824289103644
40072,2026-07-31 23:59:59.999999999,152714660000.0,149903045252.7446,1.8756206950398318
40072,2026-08-31 23:59:59.999999999,155071900000.0,152079965086.09717,1.9673470494348169
40072,2026-09-30 23:59:59.999999999,157530780000.0,154309304011.991,2.087676924366576
40072,2026-10-31 23:59:59.999999999,159979540000.0,156548142503.4562,2.1919096743470052
40072,2026-11-30 23:59:59.999999999,162392590000.0,158767838199.28848,2.283050603839337
40072,2026-12-31 23:59:59.999999999,164795500000.0,160970704268.13785,2.376080942959024
40072,2027-01-31 23:59:59.999999999,167238350000.0,163186229209.2362,2.4831284517078887
40072,2027-02-28 23:59:59.999999999,169688560000.0,165402472953.71445,2.591309961541479
40072,2027-03-31 23:59:59.999999999,172130960000.0,167610428755.245,2.697046143445024
40072,2027-04-30 23:59:59.999999999,174603880000.0,169833394454.9981,2.8089198595544524
40072,2027-05-31 23:59:59.999999999,177045800000.0,172036999356.76117,2.9114664717278917
40072,2024-12-31 23:59:59.999999999,0.0,0.0,
40072,2025-01-31 23:59:59.999999999,0.0,0.0,
40072,2025-02-28 23:59:59.999999999,0.0,0.0,
40072,2025-03-31 23:59:59.999999999,0.0,0.0,
40072,2025-04-30 23:59:59.999999999,0.0,0.0,
40072,2025-05-31 23:59:59.999999999,0.0,0.0,
40072,2025-06-30 23:59:59.999999999,0.0,0.0,
40072,2025-07-31 23:59:59.999999999,0.0,0.0,
40072,2025-08-31 23:59:59.999999999,0.0,0.0,
40072,2025-09-30 23:59:59.999999999,0.0,0.0,
40072,2025-10-31 23:59:59.999999999,0.0,0.0,
40072,2025-11-30 23:59:59.999999999,0.0,0.0,
40072,2025-12-31 23:59:59.999999999,0.0,0.0,
40072,2026-01-31 23:59:59.999999999,0.0,0.0,
40072,2026-02-28 23:59:59.999999999,0.0,0.0,
40072,2026-03-31 23:59:59.999999999,0.0,0.0,
40072,2026-04-30 23:59:59.999999999,0.0,0.0,
40072,2026-05-31 23:59:59.999999999,0.0,0.0,
40072,2026-06-30 23:59:59.999999999,0.0,0.0,
40072,2026-07-31 23:59:59.999999999,0.0,0.0,
40072,2026-08-31 23:59:59.999999999,0.0,0.0,
40072,2026-09-30 23:59:59.999999999,0.0,0.0,
40072,2026-10-31 23:59:59.999999999,0.0,0.0,
40072,2026-11-30 23:59:59.999999999,0.0,0.0,
40072,2026-12-31 23:59:59.999999999,0.0,0.0,
40072,2027-01-31 23:59:59.999999999,0.0,0.0,
40072,2027-02-28 23:59:59.999999999,0.0,0.0,
40072,2027-03-31 23:59:59.999999999,0.0,0.0,
40072,2027-04-30 23:59:59.999999999,0.0,0.0,
40072,2027-05-31 23:59:59.999999999,0.0,0.0,
40072,2024-12-31 23:59:59.999999999,0.0,,
40072,2025-01-31 23:59:59.999999999,0.0,,
40072,2025-02-28 23:59:59.999999999,0.0,,
40072,2025-03-31 23:59:59.999999999,0.0,,
40072,2025-04-30 23:59:59.999999999,0.0,,
40072,2025-05-31 23:59:59.999999999,0.0,,
40072,2025-06-30 23:59:59.999999999,0.0,,
40072,2025-07-31 23:59:59.999999999,0.0,,
40072,2025-08-31 23:59:59.999999999,0.0,,
40072,2025-09-30 23:59:59.999999999,0.0,,
40072,2025-10-31 23:59:59.999999999,0.0,,
40072,2025-11-30 23:59:59.999999999,0.0,,
40072,2025-12-31 23:59:59.999999999,0.0,,
40072,2026-01-31 23:59:59.999999999,0.0,,
40072,2026-02-28 23:59:59.999999999,0.0,,
40072,2026-03-31 23:59:59.999999999,0.0,,
40072,2026-04-30 23:59:59.999999999,0.0,,
40072,2026-05-31 23:59:59.999999999,0.0,,
40072,2026-06-30 23:59:59.999999999,0.0,,
40072,2026-07-31 23:59:59.999999999,0.0,,
40072,2026-08-31 23:59:59.999999999,0.0,,
40072,2026-09-30 23:59:59.999999999,0.0,,
40072,2026-10-31 23:59:59.999999999,0.0,,
40072,2026-11-30 23:59:59.999999999,0.0,,
40072,2026-12-31 23:59:59.999999999,0.0,,
40072,2027-01-31 23:59:59.999999999,0.0,,
40072,2027-02-28 23:59:59.999999999,0.0,,
40072,2027-03-31 23:59:59.999999999,0.0,,
40072,2027-04-30 23:59:59.999999999,0.0,,
40072,2027-05-31 23:59:59.999999999,0.0,,
40072,2024-12-31 23:59:59.999999999,0.0,,
40072,2025-01-31 23:59:59.999999999,0.0,,
40072,2025-02-28 23:59:59.999999999,0.0,,
40072,2025-03-31 23:59:59.999999999,0.0,,
40072,2025-04-30 23:59:59.999999999,0.0,,
40072,2025-05-31 23:59:59.999999999,0.0,,
40072,2025-06-30 23:59:59.999999999,0.0,,
40072,2025-07-31 23:59:59.999999999,0.0,,
40072,2025-08-31 23:59:59.999999999,0.0,,
40072,2025-09-30 23:59:59.999999999,0.0,,
40072,2025-10-31 23:59:59.999999999,0.0,,
40072,2025-11-30 23:59:59.999999999,0.0,,
40072,2025-12-31 23:59:59.999999999,0.0,,
40072,2026-01-31 23:59:59.999999999,0.0,,
40072,2026-02-28 23:59:59.999999999,0.0,,
40072,2026-03-31 23:59:59.999999999,0.0,,
40072,2026-04-30 23:59:59.999999999,0.0,,
40072,2026-05-31 23:59:59.999999999,0.0,,
40072,2026-06-30 23:59:59.999999999,0.0,,
40072,2026-07-31 23:59:59.999999999,0.0,,
40072,2026-08-31 23:59:59.999999999,0.0,,
40072,2026-09-30 23:59:59.999999999,0.0,,
40072,2026-10-31 23:59:59.999999999,0.0,,
40072,2026-11-30 23:59:59.999999999,0.0,,
40072,2026-12-31 23:59:59.999999999,0.0,,
40072,2027-01-31 23:59:59.999999999,0.0,,
40072,2027-02-28 23:59:59.999999999,0.0,,
40072,2027-03-31 23:59:59.999999999,0.0,,
40072,2027-04-30 23:59:59.999999999,0.0,,
40072,2027-05-31 23:59:59.999999999,0.0,,
40072,2024-12-31 23:59:59.999999999,119479464.0,119493794.53857438,-0.011992705252787459
40072,2025-01-31 23:59:59.999999999,119479464.0,119387961.62948224,0.07664287861931673
40072,2025-02-28 23:59:59.999999999,119479464.0,119271476.38634461,0.1743816878577692
40072,2025-03-31 23:59:59.999999999,119479464.0,119076558.20489466,0.33835861665741074
40072,2025-04-30 23:59:59.999999999,119479464.0,118862674.77392685,0.5189090917281308
40072,2025-05-31 23:59:59.999999999,119479464.0,118719485.46891007,0.6401464158037922
40072,2025-06-30 23:59:59.999999999,119479464.0,118589668.22712585,0.7503147501601809
40072,2025-07-31 23:59:59.999999999,119479464.0,118414017.52660745,0.8997638080754603
40072,2025-08-31 23:59:59.999999999,119479464.0,118342210.12448986,0.9609875244968039
40072,2025-09-30 23:59:59.999999999,119479464.0,118235859.88026747,1.051799446455479
40072,2025-10-31 23:59:59.999999999,119479464.0,118171851.47273897,1.1065346873766182
40072,2025-11-30 23:59:59.999999999,119479464.0,118146469.36918731,1.1282560011567604
40072,2025-12-31 23:59:59.999999999,119479464.0,118117512.28642453,1.1530480850907652
40072,2026-01-31 23:59:59.999999999,119479464.0,117997760.85934618,1.2557044556294716
40072,2026-02-28 23:59:59.999999999,119479464.0,117889146.863721,1.3489936763368022
40072,2026-03-31 23:59:59.999999999,119479464.0,117785070.14151938,1.4385472254206702
40072,2026-04-30 23:59:59.999999999,119479464.0,117648784.48502429,1.5560547633271484
40072,2026-05-31 23:59:59.999999999,119479464.0,117533952.64720732,1.6552760363912657
40072,2026-06-30 23:59:59.999999999,119479464.0,117428132.58527033,1.7468824289103784
40072,2026-07-31 23:59:59.999999999,119479464.0,117279740.90843233,1.8756206950398429
40072,2026-08-31 23:59:59.999999999,119479464.0,117174240.04576205,1.9673470494348029
40072,2026-09-30 23:59:59.999999999,119479464.0,117036127.76742724,2.0876769243665785
40072,2026-10-31 23:59:59.999999999,119479464.0,116916754.35045974,2.1919096743470137
40072,2026-11-30 23:59:59.999999999,119479464.0,116812573.82786271,2.2830506038393366
40072,2026-12-31 23:59:59.999999999,119479464.0,116706424.8792357,2.376080942959017
40072,2027-01-31 23:59:59.999999999,119479464.0,116584520.59872578,2.4831284517079015
40072,2027-02-28 23:59:59.999999999,119479464.0,116461583.38829029,2.591309961541489
40072,2027-03-31 23:59:59.999999999,119479464.0,116341675.3322327,2.697046143445014
40072,2027-04-30 23:59:59.999999999,119479464.0,116215075.6599903,2.808919859554456
40072,2027-05-31 23:59:59.999999999,119479464.0,116099272.60420851,2.9114664717278824
40072,2024-12-31 23:59:59.999999999,547925800000.0,547925786624.0,0.0
40072,2025-01-31 23:59:59.999999999,551371400000.0,551371407360.0,0.0
40072,2025-02-28 23:59:59.999999999,555229400000.0,555229380608.0,0.0
40072,2025-03-31 23:59:59.999999999,558616740000.0,558616739840.0,0.0
40072,2025-04-30 23:59:59.999999999,562572900000.0,562572886016.0,0.0
40072,2025-05-31 23:59:59.999999999,566515400000.0,566515400704.0,0.0
40072,2025-06-30 23:59:59.999999999,570097200000.0,570097205248.0,0.0
40072,2025-07-31 23:59:59.999999999,574028840000.0,574028840960.0,0.0
40072,2025-08-31 23:59:59.999999999,577401650000.0,577401651200.0,0.0
40072,2025-09-30 23:59:59.999999999,580356340000.0,580356341760.0,0.0
40072,2025-10-31 23:59:59.999999999,583402650000.0,583402651648.0,0.0
40072,2025-11-30 23:59:59.999999999,586232370000.0,586232365056.0,0.0
40072,2025-12-31 23:59:59.999999999,587481200000.0,587481219072.0,0.0
40072,2026-01-31 23:59:59.999999999,590102000000.0,590102003712.0,0.0
40072,2026-02-28 23:59:59.999999999,592896000000.0,592896000000.0,0.0
40072,2026-03-31 23:59:59.999999999,596020900000.0,596020887552.0,0.0
40072,2026-04-30 23:59:59.999999999,599382700000.0,599382687744.0,0.0
40072,2026-05-31 23:59:59.999999999,602572100000.0,602572128256.0,0.0
40072,2026-06-30 23:59:59.999999999,605573900000.0,605573873664.0,0.0
40072,2026-07-31 23:59:59.999999999,608784800000.0,608784809984.0,0.0
40072,2026-08-31 23:59:59.999999999,611740400000.0,611740418048.0,0.0
40072,2026-09-30 23:59:59.999999999,614757700000.0,614757695488.0,0.0
40072,2026-10-31 23:59:59.999999999,618015950000.0,618015948800.0,0.0
40072,2026-11-30 23:59:59.999999999,621016840000.0,621016842240.0,0.0
40072,2026-12-31 23:59:59.999999999,622841040000.0,622841036800.0,0.0
40072,2027-01-31 23:59:59.999999999,625616900000.0,625616879616.0,0.0
40072,2027-02-28 23:59:59.999999999,628600800000.0,628600799232.0,0.0
40072,2027-03-31 23:59:59.999999999,631481760000.0,631481761792.0,0.0
40072,2027-04-30 23:59:59.999999999,634649250000.0,634649247744.0,0.0
40072,2027-05-31 23:59:59.999999999,637767500000.0,637767516160.0,0.0
40072,2024-12-31 23:59:59.999999999,2716565.5,2716565.5,0.0
40072,2025-01-31 23:59:59.999999999,2716565.5,2716565.5,0.0
40072,2025-02-28 23:59:59.999999999,2716565.5,2716565.5,0.0
40072,2025-03-31 23:59:59.999999999,2716565.5,2716565.5,0.0
40072,2025-04-30 23:59:59.999999999,2716565.5,2716565.5,0.0
40072,2025-05-31 23:59:59.999999999,2716565.5,2716565.5,0.0
40072,2025-06-30 23:59:59.999999999,2716565.5,2716565.5,0.0
40072,2025-07-31 23:59:59.999999999,2716565.5,2716565.5,0.0
40072,2025-08-31 23:59:59.999999999,2716565.5,2716565.5,0.0
40072,2025-09-30 23:59:59.999999999,2716565.5,2716565.5,0.0
40072,2025-10-31 23:59:59.999999999,2716565.5,2716565.5,0.0
40072,2025-11-30 23:59:59.999999999,2716565.5,2716565.5,0.0
40072,2025-12-31 23:59:59.999999999,2716565.5,2716565.5,0.0
40072,2026-01-31 23:59:59.999999999,2716565.5,2716565.5,0.0
40072,2026-02-28 23:59:59.999999999,2716565.5,2716565.5,0.0
40072,2026-03-31 23:59:59.999999999,2716565.5,2716565.5,0.0
40072,2026-04-30 23:59:59.999999999,2716565.5,2716565.5,0.0
40072,2026-05-31 23:59:59.999999999,2716565.5,2716565.5,0.0
40072,2026-06-30 23:59:59.999999999,2716565.5,2716565.5,0.0
40072,2026-07-31 23:59:59.999999999,2716565.5,2716565.5,0.0
40072,2026-08-31 23:59:59.999999999,2716565.5,2716565.5,0.0
40072,2026-09-30 23:59:59.999999999,2716565.5,2716565.5,0.0
40072,2026-10-31 23:59:59.999999999,2716565.5,2716565.5,0.0
40072,2026-11-30 23:59:59.999999999,2716565.5,2716565.5,0.0
40072,2026-12-31 23:59:59.999999999,2716565.5,2716565.5,0.0
40072,2027-01-31 23:59:59.999999999,2716565.5,2716565.5,0.0
40072,2027-02-28 23:59:59.999999999,2716565.5,2716565.5,0.0
40072,2027-03-31 23:59:59.999999999,2716565.5,2716565.5,0.0
40072,2027-04-30 23:59:59.999999999,2716565.5,2716565.5,0.0
40072,2027-05-31 23:59:59.999999999,2716565.5,2716565.5,0.0
40072,2024-12-31 23:59:59.999999999,3580503800.0,3580503808.0,0.0
40072,2025-01-31 23:59:59.999999999,3502350600.0,3502350592.0,0.0
40072,2025-02-28 23:59:59.999999999,3500930600.0,3500930560.0,0.0
40072,2025-03-31 23:59:59.999999999,3423215400.0,3423215360.0,0.0
40072,2025-04-30 23:59:59.999999999,3421359900.0,3421359872.0,0.0
40072,2025-05-31 23:59:59.999999999,3344077600.0,3344077568.0,0.0
40072,2025-06-30 23:59:59.999999999,3341791700.0,3341791744.0,0.0
40072,2025-07-31 23:59:59.999999999,3264937500.0,3264937472.0,0.0
40072,2025-08-31 23:59:59.999999999,3262226000.0,3262225920.0,0.0
40072,2025-09-30 23:59:59.999999999,3185794800.0,3185794816.0,0.0
40072,2025-10-31 23:59:59.999999999,3182662700.0,3182662656.0,0.0
40072,2025-11-30 23:59:59.999999999,3106649900.0,3106649856.0,0.0
40072,2025-12-31 23:59:59.999999999,3103101700.0,3103101696.0,0.0
40072,2026-01-31 23:59:59.999999999,3027502600.0,3027502592.0,0.0
40072,2026-02-28 23:59:59.999999999,3023543000.0,3023543040.0,0.0
40072,2026-03-31 23:59:59.999999999,2948352800.0,2948352768.0,0.0
40072,2026-04-30 23:59:59.999999999,2943986700.0,2943986688.0,0.0
40072,2026-05-31 23:59:59.999999999,2869200600.0,2869200640.0,0.0
40072,2026-06-30 23:59:59.999999999,2864433000.0,2864432896.0,0.0
40072,2026-07-31 23:59:59.999999999,2790046500.0,2790046464.0,0.0
40072,2026-08-31 23:59:59.999999999,2784881200.0,2784881152.0,0.0
40072,2026-09-30 23:59:59.999999999,2710889700.0,2710889728.0,0.0
40072,2026-10-31 23:59:59.999999999,2705331700.0,2705331712.0,0.0
40072,2026-11-30 23:59:59.999999999,2631731000.0,2631730944.0,0.0
40072,2026-12-31 23:59:59.999999999,2625784600.0,2625784576.0,0.0
40072,2027-01-31 23:59:59.999999999,2552569900.0,2552569856.0,0.0
40072,2027-02-28 23:59:59.999999999,2546239500.0,2546239488.0,0.0
40072,2027-03-31 23:59:59.999999999,2473406700.0,2473406720.0,0.0
40072,2027-04-30 23:59:59.999999999,2466696700.0,2466696704.0,0.0
40072,2027-05-31 23:59:59.999999999,2394241300.0,2394241280.0,0.0
40072,2024-12-31 23:59:59.999999999,0.0,,
40072,2025-01-31 23:59:59.999999999,0.0,,
40072,2025-02-28 23:59:59.999999999,0.0,,
40072,2025-03-31 23:59:59.999999999,0.0,,
40072,2025-04-30 23:59:59.999999999,0.0,,
40072,2025-05-31 23:59:59.999999999,0.0,,
40072,2025-06-30 23:59:59.999999999,0.0,,
40072,2025-07-31 23:59:59.999999999,0.0,,
40072,2025-08-31 23:59:59.999999999,0.0,,
40072,2025-09-30 23:59:59.999999999,0.0,,
40072,2025-10-31 23:59:59.999999999,0.0,,
40072,2025-11-30 23:59:59.999999999,0.0,,
40072,2025-12-31 23:59:59.999999999,0.0,,
40072,2026-01-31 23:59:59.999999999,0.0,,
40072,2026-02-28 23:59:59.999999999,0.0,,
40072,2026-03-31 23:59:59.999999999,0.0,,
40072,2026-04-30 23:59:59.999999999,0.0,,
40072,2026-05-31 23:59:59.999999999,0.0,,
40072,2026-06-30 23:59:59.999999999,0.0,,
40072,2026-07-31 23:59:59.999999999,0.0,,
40072,2026-08-31 23:59:59.999999999,0.0,,
40072,2026-09-30 23:59:59.999999999,0.0,,
40072,2026-10-31 23:59:59.999999999,0.0,,
40072,2026-11-30 23:59:59.999999999,0.0,,
40072,2026-12-31 23:59:59.999999999,0.0,,
40072,2027-01-31 23:59:59.999999999,0.0,,
40072,2027-02-28 23:59:59.999999999,0.0,,
40072,2027-03-31 23:59:59.999999999,0.0,,
40072,2027-04-30 23:59:59.999999999,0.0,,
40072,2027-05-31 23:59:59.999999999,0.0,,
40072,2024-12-31 23:59:59.999999999,0.0,,
40072,2025-01-31 23:59:59.999999999,0.0,,
40072,2025-02-28 23:59:59.999999999,0.0,,
40072,2025-03-31 23:59:59.999999999,0.0,,
40072,2025-04-30 23:59:59.999999999,0.0,,
40072,2025-05-31 23:59:59.999999999,0.0,,
40072,2025-06-30 23:59:59.999999999,0.0,,
40072,2025-07-31 23:59:59.999999999,0.0,,
40072,2025-08-31 23:59:59.999999999,0.0,,
40072,2025-09-30 23:59:59.999999999,0.0,,
40072,2025-10-31 23:59:59.999999999,0.0,,
40072,2025-11-30 23:59:59.999999999,0.0,,
40072,2025-12-31 23:59:59.999999999,0.0,,
40072,2026-01-31 23:59:59.999999999,0.0,,
40072,2026-02-28 23:59:59.999999999,0.0,,
40072,2026-03-31 23:59:59.999999999,0.0,,
40072,2026-04-30 23:59:59.999999999,0.0,,
40072,2026-05-31 23:59:59.999999999,0.0,,
40072,2026-06-30 23:59:59.999999999,0.0,,
40072,2026-07-31 23:59:59.999999999,0.0,,
40072,2026-08-31 23:59:59.999999999,0.0,,
40072,2026-09-30 23:59:59.999999999,0.0,,
40072,2026-10-31 23:59:59.999999999,0.0,,
40072,2026-11-30 23:59:59.999999999,0.0,,
40072,2026-12-31 23:59:59.999999999,0.0,,
40072,2027-01-31 23:59:59.999999999,0.0,,
40072,2027-02-28 23:59:59.999999999,0.0,,
40072,2027-03-31 23:59:59.999999999,0.0,,
40072,2027-04-30 23:59:59.999999999,0.0,,
40072,2027-05-31 23:59:59.999999999,0.0,,
40072,2024-12-31 23:59:59.999999999,0.0,,
40072,2025-01-31 23:59:59.999999999,0.0,,
40072,2025-02-28 23:59:59.999999999,0.0,,
40072,2025-03-31 23:59:59.999999999,0.0,,
40072,2025-04-30 23:59:59.999999999,0.0,,
40072,2025-05-31 23:59:59.999999999,0.0,,
40072,2025-06-30 23:59:59.999999999,0.0,,
40072,2025-07-31 23:59:59.999999999,0.0,,
40072,2025-08-31 23:59:59.999999999,0.0,,
40072,2025-09-30 23:59:59.999999999,0.0,,
40072,2025-10-31 23:59:59.999999999,0.0,,
40072,2025-11-30 23:59:59.999999999,0.0,,
40072,2025-12-31 23:59:59.999999999,0.0,,
40072,2026-01-31 23:59:59.999999999,0.0,,
40072,2026-02-28 23:59:59.999999999,0.0,,
40072,2026-03-31 23:59:59.999999999,0.0,,
40072,2026-04-30 23:59:59.999999999,0.0,,
40072,2026-05-31 23:59:59.999999999,0.0,,
40072,2026-06-30 23:59:59.999999999,0.0,,
40072,2026-07-31 23:59:59.999999999,0.0,,
40072,2026-08-31 23:59:59.999999999,0.0,,
40072,2026-09-30 23:59:59.999999999,0.0,,
40072,2026-10-31 23:59:59.999999999,0.0,,
40072,2026-11-30 23:59:59.999999999,0.0,,
40072,2026-12-31 23:59:59.999999999,0.0,,
40072,2027-01-31 23:59:59.999999999,0.0,,
40072,2027-02-28 23:59:59.999999999,0.0,,
40072,2027-03-31 23:59:59.999999999,0.0,,
40072,2027-04-30 23:59:59.999999999,0.0,,
40072,2027-05-31 23:59:59.999999999,0.0,,
