unique_id,ds,AutoARIMA,entidad,periodo
40002,2024-12-31,1596371600000.0,40002,2024-12-31 23:59:59.999999999
40002,2025-01-31,1562209700000.0,40002,2025-01-31 23:59:59.999999999
40002,2025-02-28,1558383600000.0,40002,2025-02-28 23:59:59.999999999
40002,2025-03-31,1557748800000.0,40002,2025-03-31 23:59:59.999999999
40002,2025-04-30,1561171500000.0,40002,2025-04-30 23:59:59.999999999
40002,2025-05-31,1566803500000.0,40002,2025-05-31 23:59:59.999999999
40002,2025-06-30,1567741000000.0,40002,2025-06-30 23:59:59.999999999
40002,2025-07-31,1570514900000.0,40002,2025-07-31 23:59:59.999999999
40002,2025-08-31,1574605700000.0,40002,2025-08-31 23:59:59.999999999
40002,2025-09-30,1579015700000.0,40002,2025-09-30 23:59:59.999999999
40002,2025-10-31,1579219300000.0,40002,2025-10-31 23:59:59.999999999
40002,2025-11-30,1432300600000.0,40002,2025-11-30 23:59:59.999999999
40002,2025-12-31,1400186600000.0,40002,2025-12-31 23:59:59.999999999
40002,2026-01-31,1392844900000.0,40002,2026-01-31 23:59:59.999999999
40002,2026-02-28,1392022700000.0,40002,2026-02-28 23:59:59.999999999
40002,2026-03-31,1391886200000.0,40002,2026-03-31 23:59:59.999999999
40002,2026-04-30,1392621800000.0,40002,2026-04-30 23:59:59.999999999
40002,2026-05-31,1393832100000.0,40002,2026-05-31 23:59:59.999999999
40002,2026-06-30,1394033700000.0,40002,2026-06-30 23:59:59.999999999
40002,2026-07-31,1394629700000.0,40002,2026-07-31 23:59:59.999999999
40002,2026-08-31,1395508900000.0,40002,2026-08-31 23:59:59.999999999
40002,2026-09-30,1396456700000.0,40002,2026-09-30 23:59:59.999999999
40002,2026-10-31,1396500300000.0,40002,2026-10-31 23:59:59.999999999
40002,2026-11-30,1364926400000.0,40002,2026-11-30 23:59:59.999999999
40002,2026-12-31,1358024900000.0,40002,2026-12-31 23:59:59.999999999
40002,2027-01-31,1356447100000.0,40002,2027-01-31 23:59:59.999999999
40002,2027-02-28,1356270400000.0,40002,2027-02-28 23:59:59.999999999
40002,2027-03-31,1356241000000.0,40002,2027-03-31 23:59:59.999999999
40002,2027-04-30,1356399100000.0,40002,2027-04-30 23:59:59.999999999
40002,2027-05-31,1356659300000.0,40002,2027-05-31 23:59:59.999999999
40002/0,2024-12-31,1596371600000.0,40002,2024-12-31 23:59:59.999999999
40002/0,2025-01-31,1562209700000.0,40002,2025-01-31 23:59:59.999999999
40002/0,2025-02-28,1558383600000.0,40002,2025-02-28 23:59:59.999999999
40002/0,2025-03-31,1557748800000.0,40002,2025-03-31 23:59:59.999999999
40002/0,2025-04-30,1561171500000.0,40002,2025-04-30 23:59:59.999999999
40002/0,2025-05-31,1566803500000.0,40002,2025-05-31 23:59:59.999999999
40002/0,2025-06-30,1567741000000.0,40002,2025-06-30 23:59:59.999999999
40002/0,2025-07-31,1570514900000.0,40002,2025-07-31 23:59:59.999999999
40002/0,2025-08-31,1574605700000.0,40002,2025-08-31 23:59:59.999999999
40002/0,2025-09-30,1579015700000.0,40002,2025-09-30 23:59:59.999999999
40002/0,2025-10-31,1579219300000.0,40002,2025-10-31 23:59:59.999999999
40002/0,2025-11-30,1432300600000.0,40002,2025-11-30 23:59:59.999999999
40002/0,2025-12-31,1400186600000.0,40002,2025-12-31 23:59:59.999999999
40002/0,2026-01-31,1392844900000.0,40002,2026-01-31 23:59:59.999999999
40002/0,2026-02-28,1392022700000.0,40002,2026-02-28 23:59:59.999999999
40002/0,2026-03-31,1391886200000.0,40002,2026-03-31 23:59:59.999999999
40002/0,2026-04-30,1392621800000.0,40002,2026-04-30 23:59:59.999999999
40002/0,2026-05-31,1393832100000.0,40002,2026-05-31 23:59:59.999999999
40002/0,2026-06-30,1394033700000.0,40002,2026-06-30 23:59:59.999999999
40002/0,2026-07-31,1394629700000.0,40002,2026-07-31 23:59:59.999999999
40002/0,2026-08-31,1395508900000.0,40002,2026-08-31 23:59:59.999999999
40002/0,2026-09-30,1396456700000.0,40002,2026-09-30 23:59:59.999999999
40002/0,2026-10-31,1396500300000.0,40002,2026-10-31 23:59:59.999999999
40002/0,2026-11-30,1364926400000.0,40002,2026-11-30 23:59:59.999999999
40002/0,2026-12-31,1358024900000.0,40002,2026-12-31 23:59:59.999999999
40002/0,2027-01-31,1356447100000.0,40002,2027-01-31 23:59:59.999999999
40002/0,2027-02-28,1356270400000.0,40002,2027-02-28 23:59:59.999999999
40002/0,2027-03-31,1356241000000.0,40002,2027-03-31 23:59:59.999999999
40002/0,2027-04-30,1356399100000.0,40002,2027-04-30 23:59:59.999999999
40002/0,2027-05-31,1356659300000.0,40002,2027-05-31 23:59:59.999999999
40002/0/0,2024-12-31,818871860000.0,40002,2024-12-31 23:59:59.999999999
40002/0/0,2025-01-31,808780700000.0,40002,2025-01-31 23:59:59.999999999
40002/0/0,2025-02-28,813786660000.0,40002,2025-02-28 23:59:59.999999999
40002/0/0,2025-03-31,816810560000.0,40002,2025-03-31 23:59:59.999999999
40002/0/0,2025-04-30,814791500000.0,40002,2025-04-30 23:59:59.999999999
40002/0/0,2025-05-31,817280900000.0,40002,2025-05-31 23:59:59.999999999
40002/0/0,2025-06-30,817161500000.0,40002,2025-06-30 23:59:59.999999999
40002/0/0,2025-07-31,818180400000.0,40002,2025-07-31 23:59:59.999999999
40002/0/0,2025-08-31,819953340000.0,40002,2025-08-31 23:59:59.999999999
40002/0/0,2025-09-30,824092200000.0,40002,2025-09-30 23:59:59.999999999
40002/0/0,2025-10-31,826127300000.0,40002,2025-10-31 23:59:59.999999999
40002/0/0,2025-11-30,762748860000.0,40002,2025-11-30 23:59:59.999999999
40002/0/0,2025-12-31,752196400000.0,40002,2025-12-31 23:59:59.999999999
40002/0/0,2026-01-31,749345200000.0,40002,2026-01-31 23:59:59.999999999
40002/0/0,2026-02-28,753565000000.0,40002,2026-02-28 23:59:59.999999999
40002/0/0,2026-03-31,755814040000.0,40002,2026-03-31 23:59:59.999999999
40002/0/0,2026-04-30,754397600000.0,40002,2026-04-30 23:59:59.999999999
40002/0/0,2026-05-31,756166200000.0,40002,2026-05-31 23:59:59.999999999
40002/0/0,2026-06-30,756081950000.0,40002,2026-06-30 23:59:59.999999999
40002/0/0,2026-07-31,756804900000.0,40002,2026-07-31 23:59:59.999999999
40002/0/0,2026-08-31,758062800000.0,40002,2026-08-31 23:59:59.999999999
40002/0/0,2026-09-30,760999200000.0,40002,2026-09-30 23:59:59.999999999
40002/0/0,2026-10-31,762443100000.0,40002,2026-10-31 23:59:59.999999999
40002/0/0,2026-11-30,717477250000.0,40002,2026-11-30 23:59:59.999999999
40002/0/0,2026-12-31,709990500000.0,40002,2026-12-31 23:59:59.999999999
40002/0/0,2027-01-31,707967600000.0,40002,2027-01-31 23:59:59.999999999
40002/0/0,2027-02-28,710961460000.0,40002,2027-02-28 23:59:59.999999999
40002/0/0,2027-03-31,712557130000.0,40002,2027-03-31 23:59:59.999999999
40002/0/0,2027-04-30,711552200000.0,40002,2027-04-30 23:59:59.999999999
40002/0/0,2027-05-31,712807000000.0,40002,2027-05-31 23:59:59.999999999
40002/0/0/0,2024-12-31,818871860000.0,40002,2024-12-31 23:59:59.999999999
40002/0/0/0,2025-01-31,808780700000.0,40002,2025-01-31 23:59:59.999999999
40002/0/0/0,2025-02-28,813786660000.0,40002,2025-02-28 23:59:59.999999999
40002/0/0/0,2025-03-31,816810560000.0,40002,2025-03-31 23:59:59.999999999
40002/0/0/0,2025-04-30,814791500000.0,40002,2025-04-30 23:59:59.999999999
40002/0/0/0,2025-05-31,817280900000.0,40002,2025-05-31 23:59:59.999999999
40002/0/0/0,2025-06-30,817161500000.0,40002,2025-06-30 23:59:59.999999999
40002/0/0/0,2025-07-31,818180400000.0,40002,2025-07-31 23:59:59.999999999
40002/0/0/0,2025-08-31,819953340000.0,40002,2025-08-31 23:59:59.999999999
40002/0/0/0,2025-09-30,824092200000.0,40002,2025-09-30 23:59:59.999999999
40002/0/0/0,2025-10-31,826127300000.0,40002,2025-10-31 23:59:59.999999999
40002/0/0/0,2025-11-30,762748860000.0,40002,2025-11-30 23:59:59.999999999
40002/0/0/0,2025-12-31,752196400000.0,40002,2025-12-31 23:59:59.999999999
40002/0/0/0,2026-01-31,749345200000.0,40002,2026-01-31 23:59:59.999999999
40002/0/0/0,2026-02-28,753565000000.0,40002,2026-02-28 23:59:59.999999999
40002/0/0/0,2026-03-31,755814040000.0,40002,2026-03-31 23:59:59.999999999
40002/0/0/0,2026-04-30,754397600000.0,40002,2026-04-30 23:59:59.999999999
40002/0/0/0,2026-05-31,756166200000.0,40002,2026-05-31 23:59:59.999999999
40002/0/0/0,2026-06-30,756081950000.0,40002,2026-06-30 23:59:59.999999999
40002/0/0/0,2026-07-31,756804900000.0,40002,2026-07-31 23:59:59.999999999
40002/0/0/0,2026-08-31,758062800000.0,40002,2026-08-31 23:59:59.999999999
40002/0/0/0,2026-09-30,760999200000.0,40002,2026-09-30 23:59:59.999999999
40002/0/0/0,2026-10-31,762443100000.0,40002,2026-10-31 23:59:59.999999999
40002/0/0/0,2026-11-30,717477250000.0,40002,2026-11-30 23:59:59.999999999
40002/0/0/0,2026-12-31,709990500000.0,40002,2026-12-31 23:59:59.999999999
40002/0/0/0,2027-01-31,707967600000.0,40002,2027-01-31 23:59:59.999999999
40002/0/0/0,2027-02-28,710961460000.0,40002,2027-02-28 23:59:59.999999999
40002/0/0/0,2027-03-31,712557130000.0,40002,2027-03-31 23:59:59.999999999
40002/0/0/0,2027-04-30,711552200000.0,40002,2027-04-30 23:59:59.999999999
40002/0/0/0,2027-05-31,712807000000.0,40002,2027-05-31 23:59:59.999999999
40002/0/0/0/0,2024-12-31,818871860000.0,40002,2024-12-31 23:59:59.999999999
40002/0/0/0/0,2025-01-31,808780700000.0,40002,2025-01-31 23:59:59.999999999
40002/0/0/0/0,2025-02-28,813786660000.0,40002,2025-02-28 23:59:59.999999999
40002/0/0/0/0,2025-03-31,816810560000.0,40002,2025-03-31 23:59:59.999999999
40002/0/0/0/0,2025-04-30,814791500000.0,40002,2025-04-30 23:59:59.999999999
40002/0/0/0/0,2025-05-31,817280900000.0,40002,2025-05-31 23:59:59.999999999
40002/0/0/0/0,2025-06-30,817161500000.0,40002,2025-06-30 23:59:59.999999999
40002/0/0/0/0,2025-07-31,818180400000.0,40002,2025-07-31 23:59:59.999999999
40002/0/0/0/0,2025-08-31,819953340000.0,40002,2025-08-31 23:59:59.999999999
40002/0/0/0/0,2025-09-30,824092200000.0,40002,2025-09-30 23:59:59.999999999
40002/0/0/0/0,2025-10-31,826127300000.0,40002,2025-10-31 23:59:59.999999999
40002/0/0/0/0,2025-11-30,762748860000.0,40002,2025-11-30 23:59:59.999999999
40002/0/0/0/0,2025-12-31,752196400000.0,40002,2025-12-31 23:59:59.999999999
40002/0/0/0/0,2026-01-31,749345200000.0,40002,2026-01-31 23:59:59.999999999
40002/0/0/0/0,2026-02-28,753565000000.0,40002,2026-02-28 23:59:59.999999999
40002/0/0/0/0,2026-03-31,755814040000.0,40002,2026-03-31 23:59:59.999999999
40002/0/0/0/0,2026-04-30,754397600000.0,40002,2026-04-30 23:59:59.999999999
40002/0/0/0/0,2026-05-31,756166200000.0,40002,2026-05-31 23:59:59.999999999
40002/0/0/0/0,2026-06-30,756081950000.0,40002,2026-06-30 23:59:59.999999999
40002/0/0/0/0,2026-07-31,756804900000.0,40002,2026-07-31 23:59:59.999999999
40002/0/0/0/0,2026-08-31,758062800000.0,40002,2026-08-31 23:59:59.999999999
40002/0/0/0/0,2026-09-30,760999200000.0,40002,2026-09-30 23:59:59.999999999
40002/0/0/0/0,2026-10-31,762443100000.0,40002,2026-10-31 23:59:59.999999999
40002/0/0/0/0,2026-11-30,717477250000.0,40002,2026-11-30 23:59:59.999999999
40002/0/0/0/0,2026-12-31,709990500000.0,40002,2026-12-31 23:59:59.999999999
40002/0/0/0/0,2027-01-31,707967600000.0,40002,2027-01-31 23:59:59.999999999
40002/0/0/0/0,2027-02-28,710961460000.0,40002,2027-02-28 23:59:59.999999999
40002/0/0/0/0,2027-03-31,712557130000.0,40002,2027-03-31 23:59:59.999999999
40002/0/0/0/0,2027-04-30,711552200000.0,40002,2027-04-30 23:59:59.999999999
40002/0/0/0/0,2027-05-31,712807000000.0,40002,2027-05-31 23:59:59.999999999
40002/0/40100187,2024-12-31,249683440000.0,40002,2024-12-31 23:59:59.999999999
40002/0/40100187,2025-01-31,249683440000.0,40002,2025-01-31 23:59:59.999999999
40002/0/40100187,2025-02-28,249683440000.0,40002,2025-02-28 23:59:59.999999999
40002/0/40100187,2025-03-31,249683440000.0,40002,2025-03-31 23:59:59.999999999
40002/0/40100187,2025-04-30,249683440000.0,40002,2025-04-30 23:59:59.999999999
40002/0/40100187,2025-05-31,249683440000.0,40002,2025-05-31 23:59:59.999999999
40002/0/40100187,2025-06-30,249683440000.0,40002,2025-06-30 23:59:59.999999999
40002/0/40100187,2025-07-31,249683440000.0,40002,2025-07-31 23:59:59.999999999
40002/0/40100187,2025-08-31,249683440000.0,40002,2025-08-31 23:59:59.999999999
40002/0/40100187,2025-09-30,249683440000.0,40002,2025-09-30 23:59:59.999999999
40002/0/40100187,2025-10-31,249683440000.0,40002,2025-10-31 23:59:59.999999999
40002/0/40100187,2025-11-30,249683440000.0,40002,2025-11-30 23:59:59.999999999
40002/0/40100187,2025-12-31,249683440000.0,40002,2025-12-31 23:59:59.999999999
40002/0/40100187,2026-01-31,249683440000.0,40002,2026-01-31 23:59:59.999999999
40002/0/40100187,2026-02-28,249683440000.0,40002,2026-02-28 23:59:59.999999999
40002/0/40100187,2026-03-31,249683440000.0,40002,2026-03-31 23:59:59.999999999
40002/0/40100187,2026-04-30,249683440000.0,40002,2026-04-30 23:59:59.999999999
40002/0/40100187,2026-05-31,249683440000.0,40002,2026-05-31 23:59:59.999999999
40002/0/40100187,2026-06-30,249683440000.0,40002,2026-06-30 23:59:59.999999999
40002/0/40100187,2026-07-31,249683440000.0,40002,2026-07-31 23:59:59.999999999
40002/0/40100187,2026-08-31,249683440000.0,40002,2026-08-31 23:59:59.999999999
40002/0/40100187,2026-09-30,249683440000.0,40002,2026-09-30 23:59:59.999999999
40002/0/40100187,2026-10-31,249683440000.0,40002,2026-10-31 23:59:59.999999999
40002/0/40100187,2026-11-30,249683440000.0,40002,2026-11-30 23:59:59.999999999
40002/0/40100187,2026-12-31,249683440000.0,40002,2026-12-31 23:59:59.999999999
40002/0/40100187,2027-01-31,249683440000.0,40002,2027-01-31 23:59:59.999999999
40002/0/40100187,2027-02-28,249683440000.0,40002,2027-02-28 23:59:59.999999999
40002/0/40100187,2027-03-31,249683440000.0,40002,2027-03-31 23:59:59.999999999
40002/0/40100187,2027-04-30,249683440000.0,40002,2027-04-30 23:59:59.999999999
40002/0/40100187,2027-05-31,249683440000.0,40002,2027-05-31 23:59:59.999999999
40002/0/40100187/40100188,2024-12-31,168122220000.0,40002,2024-12-31 23:59:59.999999999
40002/0/40100187/40100188,2025-01-31,168122220000.0,40002,2025-01-31 23:59:59.999999999
40002/0/40100187/40100188,2025-02-28,168122220000.0,40002,2025-02-28 23:59:59.999999999
40002/0/40100187/40100188,2025-03-31,168122220000.0,40002,2025-03-31 23:59:59.999999999
40002/0/40100187/40100188,2025-04-30,168122220000.0,40002,2025-04-30 23:59:59.999999999
40002/0/40100187/40100188,2025-05-31,168122220000.0,40002,2025-05-31 23:59:59.999999999
40002/0/40100187/40100188,2025-06-30,168122220000.0,40002,2025-06-30 23:59:59.999999999
40002/0/40100187/40100188,2025-07-31,168122220000.0,40002,2025-07-31 23:59:59.999999999
40002/0/40100187/40100188,2025-08-31,168122220000.0,40002,2025-08-31 23:59:59.999999999
40002/0/40100187/40100188,2025-09-30,168122220000.0,40002,2025-09-30 23:59:59.999999999
40002/0/40100187/40100188,2025-10-31,168122220000.0,40002,2025-10-31 23:59:59.999999999
40002/0/40100187/40100188,2025-11-30,168122220000.0,40002,2025-11-30 23:59:59.999999999
40002/0/40100187/40100188,2025-12-31,168122220000.0,40002,2025-12-31 23:59:59.999999999
40002/0/40100187/40100188,2026-01-31,168122220000.0,40002,2026-01-31 23:59:59.999999999
40002/0/40100187/40100188,2026-02-28,168122220000.0,40002,2026-02-28 23:59:59.999999999
40002/0/40100187/40100188,2026-03-31,168122220000.0,40002,2026-03-31 23:59:59.999999999
40002/0/40100187/40100188,2026-04-30,168122220000.0,40002,2026-04-30 23:59:59.999999999
40002/0/40100187/40100188,2026-05-31,168122220000.0,40002,2026-05-31 23:59:59.999999999
40002/0/40100187/40100188,2026-06-30,168122220000.0,40002,2026-06-30 23:59:59.999999999
40002/0/40100187/40100188,2026-07-31,168122220000.0,40002,2026-07-31 23:59:59.999999999
40002/0/40100187/40100188,2026-08-31,168122220000.0,40002,2026-08-31 23:59:59.999999999
40002/0/40100187/40100188,2026-09-30,168122220000.0,40002,2026-09-30 23:59:59.999999999
40002/0/40100187/40100188,2026-10-31,168122220000.0,40002,2026-10-31 23:59:59.999999999
40002/0/40100187/40100188,2026-11-30,168122220000.0,40002,2026-11-30 23:59:59.999999999
40002/0/40100187/40100188,2026-12-31,168122220000.0,40002,2026-12-31 23:59:59.999999999
40002/0/40100187/40100188,2027-01-31,168122220000.0,40002,2027-01-31 23:59:59.999999999
40002/0/40100187/40100188,2027-02-28,168122220000.0,40002,2027-02-28 23:59:59.999999999
40002/0/40100187/40100188,2027-03-31,168122220000.0,40002,2027-03-31 23:59:59.999999999
40002/0/40100187/40100188,2027-04-30,168122220000.0,40002,2027-04-30 23:59:59.999999999
40002/0/40100187/40100188,2027-05-31,168122220000.0,40002,2027-05-31 23:59:59.999999999
40002/0/40100187/40100188/0,2024-12-31,168122220000.0,40002,2024-12-31 23:59:59.999999999
40002/0/40100187/40100188/0,2025-01-31,168122220000.0,40002,2025-01-31 23:59:59.999999999
40002/0/40100187/40100188/0,2025-02-28,168122220000.0,40002,2025-02-28 23:59:59.999999999
40002/0/40100187/40100188/0,2025-03-31,168122220000.0,40002,2025-03-31 23:59:59.999999999
40002/0/40100187/40100188/0,2025-04-30,168122220000.0,40002,2025-04-30 23:59:59.999999999
40002/0/40100187/40100188/0,2025-05-31,168122220000.0,40002,2025-05-31 23:59:59.999999999
40002/0/40100187/40100188/0,2025-06-30,168122220000.0,40002,2025-06-30 23:59:59.999999999
40002/0/40100187/40100188/0,2025-07-31,168122220000.0,40002,2025-07-31 23:59:59.999999999
40002/0/40100187/40100188/0,2025-08-31,168122220000.0,40002,2025-08-31 23:59:59.999999999
40002/0/40100187/40100188/0,2025-09-30,168122220000.0,40002,2025-09-30 23:59:59.999999999
40002/0/40100187/40100188/0,2025-10-31,168122220000.0,40002,2025-10-31 23:59:59.999999999
40002/0/40100187/40100188/0,2025-11-30,168122220000.0,40002,2025-11-30 23:59:59.999999999
40002/0/40100187/40100188/0,2025-12-31,168122220000.0,40002,2025-12-31 23:59:59.999999999
40002/0/40100187/40100188/0,2026-01-31,168122220000.0,40002,2026-01-31 23:59:59.999999999
40002/0/40100187/40100188/0,2026-02-28,168122220000.0,40002,2026-02-28 23:59:59.999999999
40002/0/40100187/40100188/0,2026-03-31,168122220000.0,40002,2026-03-31 23:59:59.999999999
40002/0/40100187/40100188/0,2026-04-30,168122220000.0,40002,2026-04-30 23:59:59.999999999
40002/0/40100187/40100188/0,2026-05-31,168122220000.0,40002,2026-05-31 23:59:59.999999999
40002/0/40100187/40100188/0,2026-06-30,168122220000.0,40002,2026-06-30 23:59:59.999999999
40002/0/40100187/40100188/0,2026-07-31,168122220000.0,40002,2026-07-31 23:59:59.999999999
40002/0/40100187/40100188/0,2026-08-31,168122220000.0,40002,2026-08-31 23:59:59.999999999
40002/0/40100187/40100188/0,2026-09-30,168122220000.0,40002,2026-09-30 23:59:59.999999999
40002/0/40100187/40100188/0,2026-10-31,168122220000.0,40002,2026-10-31 23:59:59.999999999
40002/0/40100187/40100188/0,2026-11-30,168122220000.0,40002,2026-11-30 23:59:59.999999999
40002/0/40100187/40100188/0,2026-12-31,168122220000.0,40002,2026-12-31 23:59:59.999999999
40002/0/40100187/40100188/0,2027-01-31,168122220000.0,40002,2027-01-31 23:59:59.999999999
40002/0/40100187/40100188/0,2027-02-28,168122220000.0,40002,2027-02-28 23:59:59.999999999
40002/0/40100187/40100188/0,2027-03-31,168122220000.0,40002,2027-03-31 23:59:59.999999999
40002/0/40100187/40100188/0,2027-04-30,168122220000.0,40002,2027-04-30 23:59:59.999999999
40002/0/40100187/40100188/0,2027-05-31,168122220000.0,40002,2027-05-31 23:59:59.999999999
40002/0/40100187/40100189,2024-12-31,25234470000.0,40002,2024-12-31 23:59:59.999999999
40002/0/40100187/40100189,2025-01-31,25234470000.0,40002,2025-01-31 23:59:59.999999999
40002/0/40100187/40100189,2025-02-28,25234470000.0,40002,2025-02-28 23:59:59.999999999
40002/0/40100187/40100189,2025-03-31,25234470000.0,40002,2025-03-31 23:59:59.999999999
40002/0/40100187/40100189,2025-04-30,25234470000.0,40002,2025-04-30 23:59:59.999999999
40002/0/40100187/40100189,2025-05-31,25234470000.0,40002,2025-05-31 23:59:59.999999999
40002/0/40100187/40100189,2025-06-30,25234470000.0,40002,2025-06-30 23:59:59.999999999
40002/0/40100187/40100189,2025-07-31,25234470000.0,40002,2025-07-31 23:59:59.999999999
40002/0/40100187/40100189,2025-08-31,25234470000.0,40002,2025-08-31 23:59:59.999999999
40002/0/40100187/40100189,2025-09-30,25234470000.0,40002,2025-09-30 23:59:59.999999999
40002/0/40100187/40100189,2025-10-31,25234470000.0,40002,2025-10-31 23:59:59.999999999
40002/0/40100187/40100189,2025-11-30,25234470000.0,40002,2025-11-30 23:59:59.999999999
40002/0/40100187/40100189,2025-12-31,25234470000.0,40002,2025-12-31 23:59:59.999999999
40002/0/40100187/40100189,2026-01-31,25234470000.0,40002,2026-01-31 23:59:59.999999999
40002/0/40100187/40100189,2026-02-28,25234470000.0,40002,2026-02-28 23:59:59.999999999
40002/0/40100187/40100189,2026-03-31,25234470000.0,40002,2026-03-31 23:59:59.999999999
40002/0/40100187/40100189,2026-04-30,25234470000.0,40002,2026-04-30 23:59:59.999999999
40002/0/40100187/40100189,2026-05-31,25234470000.0,40002,2026-05-31 23:59:59.999999999
40002/0/40100187/40100189,2026-06-30,25234470000.0,40002,2026-06-30 23:59:59.999999999
40002/0/40100187/40100189,2026-07-31,25234470000.0,40002,2026-07-31 23:59:59.999999999
40002/0/40100187/40100189,2026-08-31,25234470000.0,40002,2026-08-31 23:59:59.999999999
40002/0/40100187/40100189,2026-09-30,25234470000.0,40002,2026-09-30 23:59:59.999999999
40002/0/40100187/40100189,2026-10-31,25234470000.0,40002,2026-10-31 23:59:59.999999999
40002/0/40100187/40100189,2026-11-30,25234470000.0,40002,2026-11-30 23:59:59.999999999
40002/0/40100187/40100189,2026-12-31,25234470000.0,40002,2026-12-31 23:59:59.999999999
40002/0/40100187/40100189,2027-01-31,25234470000.0,40002,2027-01-31 23:59:59.999999999
40002/0/40100187/40100189,2027-02-28,25234470000.0,40002,2027-02-28 23:59:59.999999999
40002/0/40100187/40100189,2027-03-31,25234470000.0,40002,2027-03-31 23:59:59.999999999
40002/0/40100187/40100189,2027-04-30,25234470000.0,40002,2027-04-30 23:59:59.999999999
40002/0/40100187/40100189,2027-05-31,25234470000.0,40002,2027-05-31 23:59:59.999999999
40002/0/40100187/40100189/0,2024-12-31,25234470000.0,40002,2024-12-31 23:59:59.999999999
40002/0/40100187/40100189/0,2025-01-31,25234470000.0,40002,2025-01-31 23:59:59.999999999
40002/0/40100187/40100189/0,2025-02-28,25234470000.0,40002,2025-02-28 23:59:59.999999999
40002/0/40100187/40100189/0,2025-03-31,25234470000.0,40002,2025-03-31 23:59:59.999999999
40002/0/40100187/40100189/0,2025-04-30,25234470000.0,40002,2025-04-30 23:59:59.999999999
40002/0/40100187/40100189/0,2025-05-31,25234470000.0,40002,2025-05-31 23:59:59.999999999
40002/0/40100187/40100189/0,2025-06-30,25234470000.0,40002,2025-06-30 23:59:59.999999999
40002/0/40100187/40100189/0,2025-07-31,25234470000.0,40002,2025-07-31 23:59:59.999999999
40002/0/40100187/40100189/0,2025-08-31,25234470000.0,40002,2025-08-31 23:59:59.999999999
40002/0/40100187/40100189/0,2025-09-30,25234470000.0,40002,2025-09-30 23:59:59.999999999
40002/0/40100187/40100189/0,2025-10-31,25234470000.0,40002,2025-10-31 23:59:59.999999999
40002/0/40100187/40100189/0,2025-11-30,25234470000.0,40002,2025-11-30 23:59:59.999999999
40002/0/40100187/40100189/0,2025-12-31,25234470000.0,40002,2025-12-31 23:59:59.999999999
40002/0/40100187/40100189/0,2026-01-31,25234470000.0,40002,2026-01-31 23:59:59.999999999
40002/0/40100187/40100189/0,2026-02-28,25234470000.0,40002,2026-02-28 23:59:59.999999999
40002/0/40100187/40100189/0,2026-03-31,25234470000.0,40002,2026-03-31 23:59:59.999999999
40002/0/40100187/40100189/0,2026-04-30,25234470000.0,40002,2026-04-30 23:59:59.999999999
40002/0/40100187/40100189/0,2026-05-31,25234470000.0,40002,2026-05-31 23:59:59.999999999
40002/0/40100187/40100189/0,2026-06-30,25234470000.0,40002,2026-06-30 23:59:59.999999999
40002/0/40100187/40100189/0,2026-07-31,25234470000.0,40002,2026-07-31 23:59:59.999999999
40002/0/40100187/40100189/0,2026-08-31,25234470000.0,40002,2026-08-31 23:59:59.999999999
40002/0/40100187/40100189/0,2026-09-30,25234470000.0,40002,2026-09-30 23:59:59.999999999
40002/0/40100187/40100189/0,2026-10-31,25234470000.0,40002,2026-10-31 23:59:59.999999999
40002/0/40100187/40100189/0,2026-11-30,25234470000.0,40002,2026-11-30 23:59:59.999999999
40002/0/40100187/40100189/0,2026-12-31,25234470000.0,40002,2026-12-31 23:59:59.999999999
40002/0/40100187/40100189/0,2027-01-31,25234470000.0,40002,2027-01-31 23:59:59.999999999
40002/0/40100187/40100189/0,2027-02-28,25234470000.0,40002,2027-02-28 23:59:59.999999999
40002/0/40100187/40100189/0,2027-03-31,25234470000.0,40002,2027-03-31 23:59:59.999999999
40002/0/40100187/40100189/0,2027-04-30,25234470000.0,40002,2027-04-30 23:59:59.999999999
40002/0/40100187/40100189/0,2027-05-31,25234470000.0,40002,2027-05-31 23:59:59.999999999
40002/0/40100187/40100190,2024-12-31,-4.9889228e-11,40002,2024-12-31 23:59:59.999999999
40002/0/40100187/40100190,2025-01-31,-9.25691e-11,40002,2025-01-31 23:59:59.999999999
40002/0/40100187/40100190,2025-02-28,-1.2908141e-10,40002,2025-02-28 23:59:59.999999999
40002/0/40100187/40100190,2025-03-31,-1.6031743e-10,40002,2025-03-31 23:59:59.999999999
40002/0/40100187/40100190,2025-04-30,-1.870396e-10,40002,2025-04-30 23:59:59.999999999
40002/0/40100187/40100190,2025-05-31,-2.0990024e-10,40002,2025-05-31 23:59:59.999999999
40002/0/40100187/40100190,2025-06-30,-2.2945734e-10,40002,2025-06-30 23:59:59.999999999
40002/0/40100187/40100190,2025-07-31,-2.461883e-10,40002,2025-07-31 23:59:59.999999999
40002/0/40100187/40100190,2025-08-31,-2.605015e-10,40002,2025-08-31 23:59:59.999999999
40002/0/40100187/40100190,2025-09-30,-2.7274635e-10,40002,2025-09-30 23:59:59.999999999
40002/0/40100187/40100190,2025-10-31,-2.8322172e-10,40002,2025-10-31 23:59:59.999999999
40002/0/40100187/40100190,2025-11-30,-2.9218333e-10,40002,2025-11-30 23:59:59.999999999
40002/0/40100187/40100190,2025-12-31,-2.9984992e-10,40002,2025-12-31 23:59:59.999999999
40002/0/40100187/40100190,2026-01-31,-3.0640862e-10,40002,2026-01-31 23:59:59.999999999
40002/0/40100187/40100190,2026-02-28,-3.1201955e-10,40002,2026-02-28 23:59:59.999999999
40002/0/40100187/40100190,2026-03-31,-3.1681965e-10,40002,2026-03-31 23:59:59.999999999
40002/0/40100187/40100190,2026-04-30,-3.2092612e-10,40002,2026-04-30 23:59:59.999999999
40002/0/40100187/40100190,2026-05-31,-3.2443917e-10,40002,2026-05-31 23:59:59.999999999
40002/0/40100187/40100190,2026-06-30,-3.2744454e-10,40002,2026-06-30 23:59:59.999999999
40002/0/40100187/40100190,2026-07-31,-3.3001563e-10,40002,2026-07-31 23:59:59.999999999
40002/0/40100187/40100190,2026-08-31,-3.3221517e-10,40002,2026-08-31 23:59:59.999999999
40002/0/40100187/40100190,2026-09-30,-3.3409686e-10,40002,2026-09-30 23:59:59.999999999
40002/0/40100187/40100190,2026-10-31,-3.3570666e-10,40002,2026-10-31 23:59:59.999999999
40002/0/40100187/40100190,2026-11-30,-3.370838e-10,40002,2026-11-30 23:59:59.999999999
40002/0/40100187/40100190,2026-12-31,-3.3826195e-10,40002,2026-12-31 23:59:59.999999999
40002/0/40100187/40100190,2027-01-31,-3.3926983e-10,40002,2027-01-31 23:59:59.999999999
40002/0/40100187/40100190,2027-02-28,-3.4013206e-10,40002,2027-02-28 23:59:59.999999999
40002/0/40100187/40100190,2027-03-31,-3.4086972e-10,40002,2027-03-31 23:59:59.999999999
40002/0/40100187/40100190,2027-04-30,-3.4150077e-10,40002,2027-04-30 23:59:59.999999999
40002/0/40100187/40100190,2027-05-31,-3.4204062e-10,40002,2027-05-31 23:59:59.999999999
40002/0/40100187/40100190/0,2024-12-31,-4.9889228e-11,40002,2024-12-31 23:59:59.999999999
40002/0/40100187/40100190/0,2025-01-31,-9.25691e-11,40002,2025-01-31 23:59:59.999999999
40002/0/40100187/40100190/0,2025-02-28,-1.2908141e-10,40002,2025-02-28 23:59:59.999999999
40002/0/40100187/40100190/0,2025-03-31,-1.6031743e-10,40002,2025-03-31 23:59:59.999999999
40002/0/40100187/40100190/0,2025-04-30,-1.870396e-10,40002,2025-04-30 23:59:59.999999999
40002/0/40100187/40100190/0,2025-05-31,-2.0990024e-10,40002,2025-05-31 23:59:59.999999999
40002/0/40100187/40100190/0,2025-06-30,-2.2945734e-10,40002,2025-06-30 23:59:59.999999999
40002/0/40100187/40100190/0,2025-07-31,-2.461883e-10,40002,2025-07-31 23:59:59.999999999
40002/0/40100187/40100190/0,2025-08-31,-2.605015e-10,40002,2025-08-31 23:59:59.999999999
40002/0/40100187/40100190/0,2025-09-30,-2.7274635e-10,40002,2025-09-30 23:59:59.999999999
40002/0/40100187/40100190/0,2025-10-31,-2.8322172e-10,40002,2025-10-31 23:59:59.999999999
40002/0/40100187/40100190/0,2025-11-30,-2.9218333e-10,40002,2025-11-30 23:59:59.999999999
40002/0/40100187/40100190/0,2025-12-31,-2.9984992e-10,40002,2025-12-31 23:59:59.999999999
40002/0/40100187/40100190/0,2026-01-31,-3.0640862e-10,40002,2026-01-31 23:59:59.999999999
40002/0/40100187/40100190/0,2026-02-28,-3.1201955e-10,40002,2026-02-28 23:59:59.999999999
40002/0/40100187/40100190/0,2026-03-31,-3.1681965e-10,40002,2026-03-31 23:59:59.999999999
40002/0/40100187/40100190/0,2026-04-30,-3.2092612e-10,40002,2026-04-30 23:59:59.999999999
40002/0/40100187/40100190/0,2026-05-31,-3.2443917e-10,40002,2026-05-31 23:59:59.999999999
40002/0/40100187/40100190/0,2026-06-30,-3.2744454e-10,40002,2026-06-30 23:59:59.999999999
40002/0/40100187/40100190/0,2026-07-31,-3.3001563e-10,40002,2026-07-31 23:59:59.999999999
40002/0/40100187/40100190/0,2026-08-31,-3.3221517e-10,40002,2026-08-31 23:59:59.999999999
40002/0/40100187/40100190/0,2026-09-30,-3.3409686e-10,40002,2026-09-30 23:59:59.999999999
40002/0/40100187/40100190/0,2026-10-31,-3.3570666e-10,40002,2026-10-31 23:59:59.999999999
40002/0/40100187/40100190/0,2026-11-30,-3.370838e-10,40002,2026-11-30 23:59:59.999999999
40002/0/40100187/40100190/0,2026-12-31,-3.3826195e-10,40002,2026-12-31 23:59:59.999999999
40002/0/40100187/40100190/0,2027-01-31,-3.3926983e-10,40002,2027-01-31 23:59:59.999999999
40002/0/40100187/40100190/0,2027-02-28,-3.4013206e-10,40002,2027-02-28 23:59:59.999999999
40002/0/40100187/40100190/0,2027-03-31,-3.4086972e-10,40002,2027-03-31 23:59:59.999999999
40002/0/40100187/40100190/0,2027-04-30,-3.4150077e-10,40002,2027-04-30 23:59:59.999999999
40002/0/40100187/40100190/0,2027-05-31,-3.4204062e-10,40002,2027-05-31 23:59:59.999999999
40002/0/40100187/40100191,2024-12-31,46203184.0,40002,2024-12-31 23:59:59.999999999
40002/0/40100187/40100191,2025-01-31,46203184.0,40002,2025-01-31 23:59:59.999999999
40002/0/40100187/40100191,2025-02-28,46203184.0,40002,2025-02-28 23:59:59.999999999
40002/0/40100187/40100191,2025-03-31,46203184.0,40002,2025-03-31 23:59:59.999999999
40002/0/40100187/40100191,2025-04-30,46203184.0,40002,2025-04-30 23:59:59.999999999
40002/0/40100187/40100191,2025-05-31,46203184.0,40002,2025-05-31 23:59:59.999999999
40002/0/40100187/40100191,2025-06-30,46203184.0,40002,2025-06-30 23:59:59.999999999
40002/0/40100187/40100191,2025-07-31,46203184.0,40002,2025-07-31 23:59:59.999999999
40002/0/40100187/40100191,2025-08-31,46203184.0,40002,2025-08-31 23:59:59.999999999
40002/0/40100187/40100191,2025-09-30,46203184.0,40002,2025-09-30 23:59:59.999999999
40002/0/40100187/40100191,2025-10-31,46203184.0,40002,2025-10-31 23:59:59.999999999
40002/0/40100187/40100191,2025-11-30,46203184.0,40002,2025-11-30 23:59:59.999999999
40002/0/40100187/40100191,2025-12-31,46203184.0,40002,2025-12-31 23:59:59.999999999
40002/0/40100187/40100191,2026-01-31,46203184.0,40002,2026-01-31 23:59:59.999999999
40002/0/40100187/40100191,2026-02-28,46203184.0,40002,2026-02-28 23:59:59.999999999
40002/0/40100187/40100191,2026-03-31,46203184.0,40002,2026-03-31 23:59:59.999999999
40002/0/40100187/40100191,2026-04-30,46203184.0,40002,2026-04-30 23:59:59.999999999
40002/0/40100187/40100191,2026-05-31,46203184.0,40002,2026-05-31 23:59:59.999999999
40002/0/40100187/40100191,2026-06-30,46203184.0,40002,2026-06-30 23:59:59.999999999
40002/0/40100187/40100191,2026-07-31,46203184.0,40002,2026-07-31 23:59:59.999999999
40002/0/40100187/40100191,2026-08-31,46203184.0,40002,2026-08-31 23:59:59.999999999
40002/0/40100187/40100191,2026-09-30,46203184.0,40002,2026-09-30 23:59:59.999999999
40002/0/40100187/40100191,2026-10-31,46203184.0,40002,2026-10-31 23:59:59.999999999
40002/0/40100187/40100191,2026-11-30,46203184.0,40002,2026-11-30 23:59:59.999999999
40002/0/40100187/40100191,2026-12-31,46203184.0,40002,2026-12-31 23:59:59.999999999
40002/0/40100187/40100191,2027-01-31,46203184.0,40002,2027-01-31 23:59:59.999999999
40002/0/40100187/40100191,2027-02-28,46203184.0,40002,2027-02-28 23:59:59.999999999
40002/0/40100187/40100191,2027-03-31,46203184.0,40002,2027-03-31 23:59:59.999999999
40002/0/40100187/40100191,2027-04-30,46203184.0,40002,2027-04-30 23:59:59.999999999
40002/0/40100187/40100191,2027-05-31,46203184.0,40002,2027-05-31 23:59:59.999999999
40002/0/40100187/40100191/0,2024-12-31,46203184.0,40002,2024-12-31 23:59:59.999999999
40002/0/40100187/40100191/0,2025-01-31,46203184.0,40002,2025-01-31 23:59:59.999999999
40002/0/40100187/40100191/0,2025-02-28,46203184.0,40002,2025-02-28 23:59:59.999999999
40002/0/40100187/40100191/0,2025-03-31,46203184.0,40002,2025-03-31 23:59:59.999999999
40002/0/40100187/40100191/0,2025-04-30,46203184.0,40002,2025-04-30 23:59:59.999999999
40002/0/40100187/40100191/0,2025-05-31,46203184.0,40002,2025-05-31 23:59:59.999999999
40002/0/40100187/40100191/0,2025-06-30,46203184.0,40002,2025-06-30 23:59:59.999999999
40002/0/40100187/40100191/0,2025-07-31,46203184.0,40002,2025-07-31 23:59:59.999999999
40002/0/40100187/40100191/0,2025-08-31,46203184.0,40002,2025-08-31 23:59:59.999999999
40002/0/40100187/40100191/0,2025-09-30,46203184.0,40002,2025-09-30 23:59:59.999999999
40002/0/40100187/40100191/0,2025-10-31,46203184.0,40002,2025-10-31 23:59:59.999999999
40002/0/40100187/40100191/0,2025-11-30,46203184.0,40002,2025-11-30 23:59:59.999999999
40002/0/40100187/40100191/0,2025-12-31,46203184.0,40002,2025-12-31 23:59:59.999999999
40002/0/40100187/40100191/0,2026-01-31,46203184.0,40002,2026-01-31 23:59:59.999999999
40002/0/40100187/40100191/0,2026-02-28,46203184.0,40002,2026-02-28 23:59:59.999999999
40002/0/40100187/40100191/0,2026-03-31,46203184.0,40002,2026-03-31 23:59:59.999999999
40002/0/40100187/40100191/0,2026-04-30,46203184.0,40002,2026-04-30 23:59:59.999999999
40002/0/40100187/40100191/0,2026-05-31,46203184.0,40002,2026-05-31 23:59:59.999999999
40002/0/40100187/40100191/0,2026-06-30,46203184.0,40002,2026-06-30 23:59:59.999999999
40002/0/40100187/40100191/0,2026-07-31,46203184.0,40002,2026-07-31 23:59:59.999999999
40002/0/40100187/40100191/0,2026-08-31,46203184.0,40002,2026-08-31 23:59:59.999999999
40002/0/40100187/40100191/0,2026-09-30,46203184.0,40002,2026-09-30 23:59:59.999999999
40002/0/40100187/40100191/0,2026-10-31,46203184.0,40002,2026-10-31 23:59:59.999999999
40002/0/40100187/40100191/0,2026-11-30,46203184.0,40002,2026-11-30 23:59:59.999999999
40002/0/40100187/40100191/0,2026-12-31,46203184.0,40002,2026-12-31 23:59:59.999999999
40002/0/40100187/40100191/0,2027-01-31,46203184.0,40002,2027-01-31 23:59:59.999999999
40002/0/40100187/40100191/0,2027-02-28,46203184.0,40002,2027-02-28 23:59:59.999999999
40002/0/40100187/40100191/0,2027-03-31,46203184.0,40002,2027-03-31 23:59:59.999999999
40002/0/40100187/40100191/0,2027-04-30,46203184.0,40002,2027-04-30 23:59:59.999999999
40002/0/40100187/40100191/0,2027-05-31,46203184.0,40002,2027-05-31 23:59:59.999999999
40002/0/40100187/40100192,2024-12-31,663768100.0,40002,2024-12-31 23:59:59.999999999
40002/0/40100187/40100192,2025-01-31,663768100.0,40002,2025-01-31 23:59:59.999999999
40002/0/40100187/40100192,2025-02-28,663768100.0,40002,2025-02-28 23:59:59.999999999
40002/0/40100187/40100192,2025-03-31,663768100.0,40002,2025-03-31 23:59:59.999999999
40002/0/40100187/40100192,2025-04-30,663768100.0,40002,2025-04-30 23:59:59.999999999
40002/0/40100187/40100192,2025-05-31,663768100.0,40002,2025-05-31 23:59:59.999999999
40002/0/40100187/40100192,2025-06-30,663768100.0,40002,2025-06-30 23:59:59.999999999
40002/0/40100187/40100192,2025-07-31,663768100.0,40002,2025-07-31 23:59:59.999999999
40002/0/40100187/40100192,2025-08-31,663768100.0,40002,2025-08-31 23:59:59.999999999
40002/0/40100187/40100192,2025-09-30,663768100.0,40002,2025-09-30 23:59:59.999999999
40002/0/40100187/40100192,2025-10-31,663768100.0,40002,2025-10-31 23:59:59.999999999
40002/0/40100187/40100192,2025-11-30,663768100.0,40002,2025-11-30 23:59:59.999999999
40002/0/40100187/40100192,2025-12-31,663768100.0,40002,2025-12-31 23:59:59.999999999
40002/0/40100187/40100192,2026-01-31,663768100.0,40002,2026-01-31 23:59:59.999999999
40002/0/40100187/40100192,2026-02-28,663768100.0,40002,2026-02-28 23:59:59.999999999
40002/0/40100187/40100192,2026-03-31,663768100.0,40002,2026-03-31 23:59:59.999999999
40002/0/40100187/40100192,2026-04-30,663768100.0,40002,2026-04-30 23:59:59.999999999
40002/0/40100187/40100192,2026-05-31,663768100.0,40002,2026-05-31 23:59:59.999999999
40002/0/40100187/40100192,2026-06-30,663768100.0,40002,2026-06-30 23:59:59.999999999
40002/0/40100187/40100192,2026-07-31,663768100.0,40002,2026-07-31 23:59:59.999999999
40002/0/40100187/40100192,2026-08-31,663768100.0,40002,2026-08-31 23:59:59.999999999
40002/0/40100187/40100192,2026-09-30,663768100.0,40002,2026-09-30 23:59:59.999999999
40002/0/40100187/40100192,2026-10-31,663768100.0,40002,2026-10-31 23:59:59.999999999
40002/0/40100187/40100192,2026-11-30,663768100.0,40002,2026-11-30 23:59:59.999999999
40002/0/40100187/40100192,2026-12-31,663768100.0,40002,2026-12-31 23:59:59.999999999
40002/0/40100187/40100192,2027-01-31,663768100.0,40002,2027-01-31 23:59:59.999999999
40002/0/40100187/40100192,2027-02-28,663768100.0,40002,2027-02-28 23:59:59.999999999
40002/0/40100187/40100192,2027-03-31,663768100.0,40002,2027-03-31 23:59:59.999999999
40002/0/40100187/40100192,2027-04-30,663768100.0,40002,2027-04-30 23:59:59.999999999
40002/0/40100187/40100192,2027-05-31,663768100.0,40002,2027-05-31 23:59:59.999999999
40002/0/40100187/40100192/0,2024-12-31,663768100.0,40002,2024-12-31 23:59:59.999999999
40002/0/40100187/40100192/0,2025-01-31,663768100.0,40002,2025-01-31 23:59:59.999999999
40002/0/40100187/40100192/0,2025-02-28,663768100.0,40002,2025-02-28 23:59:59.999999999
40002/0/40100187/40100192/0,2025-03-31,663768100.0,40002,2025-03-31 23:59:59.999999999
40002/0/40100187/40100192/0,2025-04-30,663768100.0,40002,2025-04-30 23:59:59.999999999
40002/0/40100187/40100192/0,2025-05-31,663768100.0,40002,2025-05-31 23:59:59.999999999
40002/0/40100187/40100192/0,2025-06-30,663768100.0,40002,2025-06-30 23:59:59.999999999
40002/0/40100187/40100192/0,2025-07-31,663768100.0,40002,2025-07-31 23:59:59.999999999
40002/0/40100187/40100192/0,2025-08-31,663768100.0,40002,2025-08-31 23:59:59.999999999
40002/0/40100187/40100192/0,2025-09-30,663768100.0,40002,2025-09-30 23:59:59.999999999
40002/0/40100187/40100192/0,2025-10-31,663768100.0,40002,2025-10-31 23:59:59.999999999
40002/0/40100187/40100192/0,2025-11-30,663768100.0,40002,2025-11-30 23:59:59.999999999
40002/0/40100187/40100192/0,2025-12-31,663768100.0,40002,2025-12-31 23:59:59.999999999
40002/0/40100187/40100192/0,2026-01-31,663768100.0,40002,2026-01-31 23:59:59.999999999
40002/0/40100187/40100192/0,2026-02-28,663768100.0,40002,2026-02-28 23:59:59.999999999
40002/0/40100187/40100192/0,2026-03-31,663768100.0,40002,2026-03-31 23:59:59.999999999
40002/0/40100187/40100192/0,2026-04-30,663768100.0,40002,2026-04-30 23:59:59.999999999
40002/0/40100187/40100192/0,2026-05-31,663768100.0,40002,2026-05-31 23:59:59.999999999
40002/0/40100187/40100192/0,2026-06-30,663768100.0,40002,2026-06-30 23:59:59.999999999
40002/0/40100187/40100192/0,2026-07-31,663768100.0,40002,2026-07-31 23:59:59.999999999
40002/0/40100187/40100192/0,2026-08-31,663768100.0,40002,2026-08-31 23:59:59.999999999
40002/0/40100187/40100192/0,2026-09-30,663768100.0,40002,2026-09-30 23:59:59.999999999
40002/0/40100187/40100192/0,2026-10-31,663768100.0,40002,2026-10-31 23:59:59.999999999
40002/0/40100187/40100192/0,2026-11-30,663768100.0,40002,2026-11-30 23:59:59.999999999
40002/0/40100187/40100192/0,2026-12-31,663768100.0,40002,2026-12-31 23:59:59.999999999
40002/0/40100187/40100192/0,2027-01-31,663768100.0,40002,2027-01-31 23:59:59.999999999
40002/0/40100187/40100192/0,2027-02-28,663768100.0,40002,2027-02-28 23:59:59.999999999
40002/0/40100187/40100192/0,2027-03-31,663768100.0,40002,2027-03-31 23:59:59.999999999
40002/0/40100187/40100192/0,2027-04-30,663768100.0,40002,2027-04-30 23:59:59.999999999
40002/0/40100187/40100192/0,2027-05-31,663768100.0,40002,2027-05-31 23:59:59.999999999
40002/0/40100187/40100193,2024-12-31,54229987000.0,40002,2024-12-31 23:59:59.999999999
40002/0/40100187/40100193,2025-01-31,53659267000.0,40002,2025-01-31 23:59:59.999999999
40002/0/40100187/40100193,2025-02-28,52379877000.0,40002,2025-02-28 23:59:59.999999999
40002/0/40100187/40100193,2025-03-31,51715895000.0,40002,2025-03-31 23:59:59.999999999
40002/0/40100187/40100193,2025-04-30,50517496000.0,40002,2025-04-30 23:59:59.999999999
40002/0/40100187/40100193,2025-05-31,49783180000.0,40002,2025-05-31 23:59:59.999999999
40002/0/40100187/40100193,2025-06-30,48645860000.0,40002,2025-06-30 23:59:59.999999999
40002/0/40100187/40100193,2025-07-31,47858504000.0,40002,2025-07-31 23:59:59.999999999
40002/0/40100187/40100193,2025-08-31,46767243000.0,40002,2025-08-31 23:59:59.999999999
40002/0/40100187/40100193,2025-09-30,45939890000.0,40002,2025-09-30 23:59:59.999999999
40002/0/40100187/40100193,2025-10-31,44883360000.0,40002,2025-10-31 23:59:59.999999999
40002/0/40100187/40100193,2025-11-30,44025848000.0,40002,2025-11-30 23:59:59.999999999
40002/0/40100187/40100193,2025-12-31,42995507000.0,40002,2025-12-31 23:59:59.999999999
40002/0/40100187/40100193,2026-01-31,42115252000.0,40002,2026-01-31 23:59:59.999999999
40002/0/40100187/40100193,2026-02-28,41104667000.0,40002,2026-02-28 23:59:59.999999999
40002/0/40100187/40100193,2026-03-31,40207254000.0,40002,2026-03-31 23:59:59.999999999
40002/0/40100187/40100193,2026-04-30,39211560000.0,40002,2026-04-30 23:59:59.999999999
40002/0/40100187/40100193,2026-05-31,38301217000.0,40002,2026-05-31 23:59:59.999999999
40002/0/40100187/40100193,2026-06-30,37316760000.0,40002,2026-06-30 23:59:59.999999999
40002/0/40100187/40100193,2026-07-31,36396660000.0,40002,2026-07-31 23:59:59.999999999
40002/0/40100187/40100193,2026-08-31,35420670000.0,40002,2026-08-31 23:59:59.999999999
40002/0/40100187/40100193,2026-09-30,34493215000.0,40002,2026-09-30 23:59:59.999999999
40002/0/40100187/40100193,2026-10-31,33523616000.0,40002,2026-10-31 23:59:59.999999999
40002/0/40100187/40100193,2026-11-30,32590615000.0,40002,2026-11-30 23:59:59.999999999
40002/0/40100187/40100193,2026-12-31,31625828000.0,40002,2026-12-31 23:59:59.999999999
40002/0/40100187/40100193,2027-01-31,30688645000.0,40002,2027-01-31 23:59:59.999999999
40002/0/40100187/40100193,2027-02-28,29727492000.0,40002,2027-02-28 23:59:59.999999999
40002/0/40100187/40100193,2027-03-31,28787155000.0,40002,2027-03-31 23:59:59.999999999
40002/0/40100187/40100193,2027-04-30,27828742000.0,40002,2027-04-30 23:59:59.999999999
40002/0/40100187/40100193,2027-05-31,26886023000.0,40002,2027-05-31 23:59:59.999999999
40002/0/40100187/40100193/0,2024-12-31,54229987000.0,40002,2024-12-31 23:59:59.999999999
40002/0/40100187/40100193/0,2025-01-31,53659267000.0,40002,2025-01-31 23:59:59.999999999
40002/0/40100187/40100193/0,2025-02-28,52379877000.0,40002,2025-02-28 23:59:59.999999999
40002/0/40100187/40100193/0,2025-03-31,51715895000.0,40002,2025-03-31 23:59:59.999999999
40002/0/40100187/40100193/0,2025-04-30,50517496000.0,40002,2025-04-30 23:59:59.999999999
40002/0/40100187/40100193/0,2025-05-31,49783180000.0,40002,2025-05-31 23:59:59.999999999
40002/0/40100187/40100193/0,2025-06-30,48645860000.0,40002,2025-06-30 23:59:59.999999999
40002/0/40100187/40100193/0,2025-07-31,47858504000.0,40002,2025-07-31 23:59:59.999999999
40002/0/40100187/40100193/0,2025-08-31,46767243000.0,40002,2025-08-31 23:59:59.999999999
40002/0/40100187/40100193/0,2025-09-30,45939890000.0,40002,2025-09-30 23:59:59.999999999
40002/0/40100187/40100193/0,2025-10-31,44883360000.0,40002,2025-10-31 23:59:59.999999999
40002/0/40100187/40100193/0,2025-11-30,44025848000.0,40002,2025-11-30 23:59:59.999999999
40002/0/40100187/40100193/0,2025-12-31,42995507000.0,40002,2025-12-31 23:59:59.999999999
40002/0/40100187/40100193/0,2026-01-31,42115252000.0,40002,2026-01-31 23:59:59.999999999
40002/0/40100187/40100193/0,2026-02-28,41104667000.0,40002,2026-02-28 23:59:59.999999999
40002/0/40100187/40100193/0,2026-03-31,40207254000.0,40002,2026-03-31 23:59:59.999999999
40002/0/40100187/40100193/0,2026-04-30,39211560000.0,40002,2026-04-30 23:59:59.999999999
40002/0/40100187/40100193/0,2026-05-31,38301217000.0,40002,2026-05-31 23:59:59.999999999
40002/0/40100187/40100193/0,2026-06-30,37316760000.0,40002,2026-06-30 23:59:59.999999999
40002/0/40100187/40100193/0,2026-07-31,36396660000.0,40002,2026-07-31 23:59:59.999999999
40002/0/40100187/40100193/0,2026-08-31,35420670000.0,40002,2026-08-31 23:59:59.999999999
40002/0/40100187/40100193/0,2026-09-30,34493215000.0,40002,2026-09-30 23:59:59.999999999
40002/0/40100187/40100193/0,2026-10-31,33523616000.0,40002,2026-10-31 23:59:59.999999999
40002/0/40100187/40100193/0,2026-11-30,32590615000.0,40002,2026-11-30 23:59:59.999999999
40002/0/40100187/40100193/0,2026-12-31,31625828000.0,40002,2026-12-31 23:59:59.999999999
40002/0/40100187/40100193/0,2027-01-31,30688645000.0,40002,2027-01-31 23:59:59.999999999
40002/0/40100187/40100193/0,2027-02-28,29727492000.0,40002,2027-02-28 23:59:59.999999999
40002/0/40100187/40100193/0,2027-03-31,28787155000.0,40002,2027-03-31 23:59:59.999999999
40002/0/40100187/40100193/0,2027-04-30,27828742000.0,40002,2027-04-30 23:59:59.999999999
40002/0/40100187/40100193/0,2027-05-31,26886023000.0,40002,2027-05-31 23:59:59.999999999
40002/0/40100187/40100194,2024-12-31,-49820348.0,40002,2024-12-31 23:59:59.999999999
40002/0/40100187/40100194,2025-01-31,-99640696.0,40002,2025-01-31 23:59:59.999999999
40002/0/40100187/40100194,2025-02-28,-149461040.0,40002,2025-02-28 23:59:59.999999999
40002/0/40100187/40100194,2025-03-31,-199281390.0,40002,2025-03-31 23:59:59.999999999
40002/0/40100187/40100194,2025-04-30,-249101730.0,40002,2025-04-30 23:59:59.999999999
40002/0/40100187/40100194,2025-05-31,-298922080.0,40002,2025-05-31 23:59:59.999999999
40002/0/40100187/40100194,2025-06-30,-348742430.0,40002,2025-06-30 23:59:59.999999999
40002/0/40100187/40100194,2025-07-31,-398562780.0,40002,2025-07-31 23:59:59.999999999
40002/0/40100187/40100194,2025-08-31,-448383100.0,40002,2025-08-31 23:59:59.999999999
40002/0/40100187/40100194,2025-09-30,-498203460.0,40002,2025-09-30 23:59:59.999999999
40002/0/40100187/40100194,2025-10-31,-548023800.0,40002,2025-10-31 23:59:59.999999999
40002/0/40100187/40100194,2025-11-30,-597844160.0,40002,2025-11-30 23:59:59.999999999
40002/0/40100187/40100194,2025-12-31,-647664500.0,40002,2025-12-31 23:59:59.999999999
40002/0/40100187/40100194,2026-01-31,-697484860.0,40002,2026-01-31 23:59:59.999999999
40002/0/40100187/40100194,2026-02-28,-747305200.0,40002,2026-02-28 23:59:59.999999999
40002/0/40100187/40100194,2026-03-31,-797125570.0,40002,2026-03-31 23:59:59.999999999
40002/0/40100187/40100194,2026-04-30,-846945900.0,40002,2026-04-30 23:59:59.999999999
40002/0/40100187/40100194,2026-05-31,-896766200.0,40002,2026-05-31 23:59:59.999999999
40002/0/40100187/40100194,2026-06-30,-946586560.0,40002,2026-06-30 23:59:59.999999999
40002/0/40100187/40100194,2026-07-31,-996406900.0,40002,2026-07-31 23:59:59.999999999
40002/0/40100187/40100194,2026-08-31,-1046227260.0,40002,2026-08-31 23:59:59.999999999
40002/0/40100187/40100194,2026-09-30,-1096047600.0,40002,2026-09-30 23:59:59.999999999
40002/0/40100187/40100194,2026-10-31,-1145868000.0,40002,2026-10-31 23:59:59.999999999
40002/0/40100187/40100194,2026-11-30,-1195688300.0,40002,2026-11-30 23:59:59.999999999
40002/0/40100187/40100194,2026-12-31,-1245508600.0,40002,2026-12-31 23:59:59.999999999
40002/0/40100187/40100194,2027-01-31,-1295329000.0,40002,2027-01-31 23:59:59.999999999
40002/0/40100187/40100194,2027-02-28,-1345149300.0,40002,2027-02-28 23:59:59.999999999
40002/0/40100187/40100194,2027-03-31,-1394969700.0,40002,2027-03-31 23:59:59.999999999
40002/0/40100187/40100194,2027-04-30,-1444790000.0,40002,2027-04-30 23:59:59.999999999
40002/0/40100187/40100194,2027-05-31,-1494610400.0,40002,2027-05-31 23:59:59.999999999
40002/0/40100187/40100194/0,2024-12-31,-49820348.0,40002,2024-12-31 23:59:59.999999999
40002/0/40100187/40100194/0,2025-01-31,-99640696.0,40002,2025-01-31 23:59:59.999999999
40002/0/40100187/40100194/0,2025-02-28,-149461040.0,40002,2025-02-28 23:59:59.999999999
40002/0/40100187/40100194/0,2025-03-31,-199281390.0,40002,2025-03-31 23:59:59.999999999
40002/0/40100187/40100194/0,2025-04-30,-249101730.0,40002,2025-04-30 23:59:59.999999999
40002/0/40100187/40100194/0,2025-05-31,-298922080.0,40002,2025-05-31 23:59:59.999999999
40002/0/40100187/40100194/0,2025-06-30,-348742430.0,40002,2025-06-30 23:59:59.999999999
40002/0/40100187/40100194/0,2025-07-31,-398562780.0,40002,2025-07-31 23:59:59.999999999
40002/0/40100187/40100194/0,2025-08-31,-448383100.0,40002,2025-08-31 23:59:59.999999999
40002/0/40100187/40100194/0,2025-09-30,-498203460.0,40002,2025-09-30 23:59:59.999999999
40002/0/40100187/40100194/0,2025-10-31,-548023800.0,40002,2025-10-31 23:59:59.999999999
40002/0/40100187/40100194/0,2025-11-30,-597844160.0,40002,2025-11-30 23:59:59.999999999
40002/0/40100187/40100194/0,2025-12-31,-647664500.0,40002,2025-12-31 23:59:59.999999999
40002/0/40100187/40100194/0,2026-01-31,-697484860.0,40002,2026-01-31 23:59:59.999999999
40002/0/40100187/40100194/0,2026-02-28,-747305200.0,40002,2026-02-28 23:59:59.999999999
40002/0/40100187/40100194/0,2026-03-31,-797125570.0,40002,2026-03-31 23:59:59.999999999
40002/0/40100187/40100194/0,2026-04-30,-846945900.0,40002,2026-04-30 23:59:59.999999999
40002/0/40100187/40100194/0,2026-05-31,-896766200.0,40002,2026-05-31 23:59:59.999999999
40002/0/40100187/40100194/0,2026-06-30,-946586560.0,40002,2026-06-30 23:59:59.999999999
40002/0/40100187/40100194/0,2026-07-31,-996406900.0,40002,2026-07-31 23:59:59.999999999
40002/0/40100187/40100194/0,2026-08-31,-1046227260.0,40002,2026-08-31 23:59:59.999999999
40002/0/40100187/40100194/0,2026-09-30,-1096047600.0,40002,2026-09-30 23:59:59.999999999
40002/0/40100187/40100194/0,2026-10-31,-1145868000.0,40002,2026-10-31 23:59:59.999999999
40002/0/40100187/40100194/0,2026-11-30,-1195688300.0,40002,2026-11-30 23:59:59.999999999
40002/0/40100187/40100194/0,2026-12-31,-1245508600.0,40002,2026-12-31 23:59:59.999999999
40002/0/40100187/40100194/0,2027-01-31,-1295329000.0,40002,2027-01-31 23:59:59.999999999
40002/0/40100187/40100194/0,2027-02-28,-1345149300.0,40002,2027-02-28 23:59:59.999999999
40002/0/40100187/40100194/0,2027-03-31,-1394969700.0,40002,2027-03-31 23:59:59.999999999
40002/0/40100187/40100194/0,2027-04-30,-1444790000.0,40002,2027-04-30 23:59:59.999999999
40002/0/40100187/40100194/0,2027-05-31,-1494610400.0,40002,2027-05-31 23:59:59.999999999
40002/0/40100187/40100195,2024-12-31,226134130.0,40002,2024-12-31 23:59:59.999999999
40002/0/40100187/40100195,2025-01-31,369963200.0,40002,2025-01-31 23:59:59.999999999
40002/0/40100187/40100195,2025-02-28,445786530.0,40002,2025-02-28 23:59:59.999999999
40002/0/40100187/40100195,2025-03-31,447152600.0,40002,2025-03-31 23:59:59.999999999
40002/0/40100187/40100195,2025-04-30,420435620.0,40002,2025-04-30 23:59:59.999999999
40002/0/40100187/40100195,2025-05-31,392821800.0,40002,2025-05-31 23:59:59.999999999
40002/0/40100187/40100195,2025-06-30,379097200.0,40002,2025-06-30 23:59:59.999999999
40002/0/40100187/40100195,2025-07-31,378839840.0,40002,2025-07-31 23:59:59.999999999
40002/0/40100187/40100195,2025-08-31,386180100.0,40002,2025-08-31 23:59:59.999999999
40002/0/40100187/40100195,2025-09-30,394998000.0,40002,2025-09-30 23:59:59.999999999
40002/0/40100187/40100195,2025-10-31,401947300.0,40002,2025-10-31 23:59:59.999999999
40002/0/40100187/40100195,2025-11-30,406349400.0,40002,2025-11-30 23:59:59.999999999
40002/0/40100187/40100195,2025-12-31,409041440.0,40002,2025-12-31 23:59:59.999999999
40002/0/40100187/40100195,2026-01-31,411156130.0,40002,2026-01-31 23:59:59.999999999
40002/0/40100187/40100195,2026-02-28,413457020.0,40002,2026-02-28 23:59:59.999999999
40002/0/40100187/40100195,2026-03-31,416201820.0,40002,2026-03-31 23:59:59.999999999
40002/0/40100187/40100195,2026-04-30,419308100.0,40002,2026-04-30 23:59:59.999999999
40002/0/40100187/40100195,2026-05-31,422578080.0,40002,2026-05-31 23:59:59.999999999
40002/0/40100187/40100195,2026-06-30,425850600.0,40002,2026-06-30 23:59:59.999999999
40002/0/40100187/40100195,2026-07-31,429052580.0,40002,2026-07-31 23:59:59.999999999
40002/0/40100187/40100195,2026-08-31,432182800.0,40002,2026-08-31 23:59:59.999999999
40002/0/40100187/40100195,2026-09-30,435272640.0,40002,2026-09-30 23:59:59.999999999
40002/0/40100187/40100195,2026-10-31,438354100.0,40002,2026-10-31 23:59:59.999999999
40002/0/40100187/40100195,2026-11-30,441445220.0,40002,2026-11-30 23:59:59.999999999
40002/0/40100187/40100195,2026-12-31,444549700.0,40002,2026-12-31 23:59:59.999999999
40002/0/40100187/40100195,2027-01-31,447663300.0,40002,2027-01-31 23:59:59.999999999
40002/0/40100187/40100195,2027-02-28,450780030.0,40002,2027-02-28 23:59:59.999999999
40002/0/40100187/40100195,2027-03-31,453895840.0,40002,2027-03-31 23:59:59.999999999
40002/0/40100187/40100195,2027-04-30,457009300.0,40002,2027-04-30 23:59:59.999999999
40002/0/40100187/40100195,2027-05-31,460120900.0,40002,2027-05-31 23:59:59.999999999
40002/0/40100187/40100195/0,2024-12-31,226134130.0,40002,2024-12-31 23:59:59.999999999
40002/0/40100187/40100195/0,2025-01-31,369963200.0,40002,2025-01-31 23:59:59.999999999
40002/0/40100187/40100195/0,2025-02-28,445786530.0,40002,2025-02-28 23:59:59.999999999
40002/0/40100187/40100195/0,2025-03-31,447152600.0,40002,2025-03-31 23:59:59.999999999
40002/0/40100187/40100195/0,2025-04-30,420435620.0,40002,2025-04-30 23:59:59.999999999
40002/0/40100187/40100195/0,2025-05-31,392821800.0,40002,2025-05-31 23:59:59.999999999
40002/0/40100187/40100195/0,2025-06-30,379097200.0,40002,2025-06-30 23:59:59.999999999
40002/0/40100187/40100195/0,2025-07-31,378839840.0,40002,2025-07-31 23:59:59.999999999
40002/0/40100187/40100195/0,2025-08-31,386180100.0,40002,2025-08-31 23:59:59.999999999
40002/0/40100187/40100195/0,2025-09-30,394998000.0,40002,2025-09-30 23:59:59.999999999
40002/0/40100187/40100195/0,2025-10-31,401947300.0,40002,2025-10-31 23:59:59.999999999
40002/0/40100187/40100195/0,2025-11-30,406349400.0,40002,2025-11-30 23:59:59.999999999
40002/0/40100187/40100195/0,2025-12-31,409041440.0,40002,2025-12-31 23:59:59.999999999
40002/0/40100187/40100195/0,2026-01-31,411156130.0,40002,2026-01-31 23:59:59.999999999
40002/0/40100187/40100195/0,2026-02-28,413457020.0,40002,2026-02-28 23:59:59.999999999
40002/0/40100187/40100195/0,2026-03-31,416201820.0,40002,2026-03-31 23:59:59.999999999
40002/0/40100187/40100195/0,2026-04-30,419308100.0,40002,2026-04-30 23:59:59.999999999
40002/0/40100187/40100195/0,2026-05-31,422578080.0,40002,2026-05-31 23:59:59.999999999
40002/0/40100187/40100195/0,2026-06-30,425850600.0,40002,2026-06-30 23:59:59.999999999
40002/0/40100187/40100195/0,2026-07-31,429052580.0,40002,2026-07-31 23:59:59.999999999
40002/0/40100187/40100195/0,2026-08-31,432182800.0,40002,2026-08-31 23:59:59.999999999
40002/0/40100187/40100195/0,2026-09-30,435272640.0,40002,2026-09-30 23:59:59.999999999
40002/0/40100187/40100195/0,2026-10-31,438354100.0,40002,2026-10-31 23:59:59.999999999
40002/0/40100187/40100195/0,2026-11-30,441445220.0,40002,2026-11-30 23:59:59.999999999
40002/0/40100187/40100195/0,2026-12-31,444549700.0,40002,2026-12-31 23:59:59.999999999
40002/0/40100187/40100195/0,2027-01-31,447663300.0,40002,2027-01-31 23:59:59.999999999
40002/0/40100187/40100195/0,2027-02-28,450780030.0,40002,2027-02-28 23:59:59.999999999
40002/0/40100187/40100195/0,2027-03-31,453895840.0,40002,2027-03-31 23:59:59.999999999
40002/0/40100187/40100195/0,2027-04-30,457009300.0,40002,2027-04-30 23:59:59.999999999
40002/0/40100187/40100195/0,2027-05-31,460120900.0,40002,2027-05-31 23:59:59.999999999
40002/0/40100196,2024-12-31,97404450000.0,40002,2024-12-31 23:59:59.999999999
40002/0/40100196,2025-01-31,97404450000.0,40002,2025-01-31 23:59:59.999999999
40002/0/40100196,2025-02-28,97404450000.0,40002,2025-02-28 23:59:59.999999999
40002/0/40100196,2025-03-31,97404450000.0,40002,2025-03-31 23:59:59.999999999
40002/0/40100196,2025-04-30,97404450000.0,40002,2025-04-30 23:59:59.999999999
40002/0/40100196,2025-05-31,97404450000.0,40002,2025-05-31 23:59:59.999999999
40002/0/40100196,2025-06-30,97404450000.0,40002,2025-06-30 23:59:59.999999999
40002/0/40100196,2025-07-31,97404450000.0,40002,2025-07-31 23:59:59.999999999
40002/0/40100196,2025-08-31,97404450000.0,40002,2025-08-31 23:59:59.999999999
40002/0/40100196,2025-09-30,97404450000.0,40002,2025-09-30 23:59:59.999999999
40002/0/40100196,2025-10-31,97404450000.0,40002,2025-10-31 23:59:59.999999999
40002/0/40100196,2025-11-30,97404450000.0,40002,2025-11-30 23:59:59.999999999
40002/0/40100196,2025-12-31,97404450000.0,40002,2025-12-31 23:59:59.999999999
40002/0/40100196,2026-01-31,97404450000.0,40002,2026-01-31 23:59:59.999999999
40002/0/40100196,2026-02-28,97404450000.0,40002,2026-02-28 23:59:59.999999999
40002/0/40100196,2026-03-31,97404450000.0,40002,2026-03-31 23:59:59.999999999
40002/0/40100196,2026-04-30,97404450000.0,40002,2026-04-30 23:59:59.999999999
40002/0/40100196,2026-05-31,97404450000.0,40002,2026-05-31 23:59:59.999999999
40002/0/40100196,2026-06-30,97404450000.0,40002,2026-06-30 23:59:59.999999999
40002/0/40100196,2026-07-31,97404450000.0,40002,2026-07-31 23:59:59.999999999
40002/0/40100196,2026-08-31,97404450000.0,40002,2026-08-31 23:59:59.999999999
40002/0/40100196,2026-09-30,97404450000.0,40002,2026-09-30 23:59:59.999999999
40002/0/40100196,2026-10-31,97404450000.0,40002,2026-10-31 23:59:59.999999999
40002/0/40100196,2026-11-30,97404450000.0,40002,2026-11-30 23:59:59.999999999
40002/0/40100196,2026-12-31,97404450000.0,40002,2026-12-31 23:59:59.999999999
40002/0/40100196,2027-01-31,97404450000.0,40002,2027-01-31 23:59:59.999999999
40002/0/40100196,2027-02-28,97404450000.0,40002,2027-02-28 23:59:59.999999999
40002/0/40100196,2027-03-31,97404450000.0,40002,2027-03-31 23:59:59.999999999
40002/0/40100196,2027-04-30,97404450000.0,40002,2027-04-30 23:59:59.999999999
40002/0/40100196,2027-05-31,97404450000.0,40002,2027-05-31 23:59:59.999999999
40002/0/40100196/40100197,2024-12-31,8251281400.0,40002,2024-12-31 23:59:59.999999999
40002/0/40100196/40100197,2025-01-31,9702142000.0,40002,2025-01-31 23:59:59.999999999
40002/0/40100196/40100197,2025-02-28,8266922500.0,40002,2025-02-28 23:59:59.999999999
40002/0/40100196/40100197,2025-03-31,12890263000.0,40002,2025-03-31 23:59:59.999999999
40002/0/40100196/40100197,2025-04-30,14921129000.0,40002,2025-04-30 23:59:59.999999999
40002/0/40100196/40100197,2025-05-31,15515031000.0,40002,2025-05-31 23:59:59.999999999
40002/0/40100196/40100197,2025-06-30,17566994000.0,40002,2025-06-30 23:59:59.999999999
40002/0/40100196/40100197,2025-07-31,18651503000.0,40002,2025-07-31 23:59:59.999999999
40002/0/40100196/40100197,2025-08-31,19123761000.0,40002,2025-08-31 23:59:59.999999999
40002/0/40100196/40100197,2025-09-30,19921265000.0,40002,2025-09-30 23:59:59.999999999
40002/0/40100196/40100197,2025-10-31,20371730000.0,40002,2025-10-31 23:59:59.999999999
40002/0/40100196/40100197,2025-11-30,20586435000.0,40002,2025-11-30 23:59:59.999999999
40002/0/40100196/40100197,2025-12-31,20867420000.0,40002,2025-12-31 23:59:59.999999999
40002/0/40100196/40100197,2026-01-31,21029808000.0,40002,2026-01-31 23:59:59.999999999
40002/0/40100196/40100197,2026-02-28,21108247000.0,40002,2026-02-28 23:59:59.999999999
40002/0/40100196/40100197,2026-03-31,21199057000.0,40002,2026-03-31 23:59:59.999999999
40002/0/40100196/40100197,2026-04-30,21251486000.0,40002,2026-04-30 23:59:59.999999999
40002/0/40100196/40100197,2026-05-31,21275998000.0,40002,2026-05-31 23:59:59.999999999
40002/0/40100196/40100197,2026-06-30,21302866000.0,40002,2026-06-30 23:59:59.999999999
40002/0/40100196/40100197,2026-07-31,21318056000.0,40002,2026-07-31 23:59:59.999999999
40002/0/40100196/40100197,2026-08-31,21324554000.0,40002,2026-08-31 23:59:59.999999999
40002/0/40100196/40100197,2026-09-30,21331704000.0,40002,2026-09-30 23:59:59.999999999
40002/0/40100196/40100197,2026-10-31,21335554000.0,40002,2026-10-31 23:59:59.999999999
40002/0/40100196/40100197,2026-11-30,21336881000.0,40002,2026-11-30 23:59:59.999999999
40002/0/40100196/40100197,2026-12-31,21338507000.0,40002,2026-12-31 23:59:59.999999999
40002/0/40100196/40100197,2027-01-31,21339290000.0,40002,2027-01-31 23:59:59.999999999
40002/0/40100196/40100197,2027-02-28,21339396000.0,40002,2027-02-28 23:59:59.999999999
40002/0/40100196/40100197,2027-03-31,21339662000.0,40002,2027-03-31 23:59:59.999999999
40002/0/40100196/40100197,2027-04-30,21339742000.0,40002,2027-04-30 23:59:59.999999999
40002/0/40100196/40100197,2027-05-31,21339662000.0,40002,2027-05-31 23:59:59.999999999
40002/0/40100196/40100197/0,2024-12-31,8251281400.0,40002,2024-12-31 23:59:59.999999999
40002/0/40100196/40100197/0,2025-01-31,9702142000.0,40002,2025-01-31 23:59:59.999999999
40002/0/40100196/40100197/0,2025-02-28,8266922500.0,40002,2025-02-28 23:59:59.999999999
40002/0/40100196/40100197/0,2025-03-31,12890263000.0,40002,2025-03-31 23:59:59.999999999
40002/0/40100196/40100197/0,2025-04-30,14921129000.0,40002,2025-04-30 23:59:59.999999999
40002/0/40100196/40100197/0,2025-05-31,15515031000.0,40002,2025-05-31 23:59:59.999999999
40002/0/40100196/40100197/0,2025-06-30,17566994000.0,40002,2025-06-30 23:59:59.999999999
40002/0/40100196/40100197/0,2025-07-31,18651503000.0,40002,2025-07-31 23:59:59.999999999
40002/0/40100196/40100197/0,2025-08-31,19123761000.0,40002,2025-08-31 23:59:59.999999999
40002/0/40100196/40100197/0,2025-09-30,19921265000.0,40002,2025-09-30 23:59:59.999999999
40002/0/40100196/40100197/0,2025-10-31,20371730000.0,40002,2025-10-31 23:59:59.999999999
40002/0/40100196/40100197/0,2025-11-30,20586435000.0,40002,2025-11-30 23:59:59.999999999
40002/0/40100196/40100197/0,2025-12-31,20867420000.0,40002,2025-12-31 23:59:59.999999999
40002/0/40100196/40100197/0,2026-01-31,21029808000.0,40002,2026-01-31 23:59:59.999999999
40002/0/40100196/40100197/0,2026-02-28,21108247000.0,40002,2026-02-28 23:59:59.999999999
40002/0/40100196/40100197/0,2026-03-31,21199057000.0,40002,2026-03-31 23:59:59.999999999
40002/0/40100196/40100197/0,2026-04-30,21251486000.0,40002,2026-04-30 23:59:59.999999999
40002/0/40100196/40100197/0,2026-05-31,21275998000.0,40002,2026-05-31 23:59:59.999999999
40002/0/40100196/40100197/0,2026-06-30,21302866000.0,40002,2026-06-30 23:59:59.999999999
40002/0/40100196/40100197/0,2026-07-31,21318056000.0,40002,2026-07-31 23:59:59.999999999
40002/0/40100196/40100197/0,2026-08-31,21324554000.0,40002,2026-08-31 23:59:59.999999999
40002/0/40100196/40100197/0,2026-09-30,21331704000.0,40002,2026-09-30 23:59:59.999999999
40002/0/40100196/40100197/0,2026-10-31,21335554000.0,40002,2026-10-31 23:59:59.999999999
40002/0/40100196/40100197/0,2026-11-30,21336881000.0,40002,2026-11-30 23:59:59.999999999
40002/0/40100196/40100197/0,2026-12-31,21338507000.0,40002,2026-12-31 23:59:59.999999999
40002/0/40100196/40100197/0,2027-01-31,21339290000.0,40002,2027-01-31 23:59:59.999999999
40002/0/40100196/40100197/0,2027-02-28,21339396000.0,40002,2027-02-28 23:59:59.999999999
40002/0/40100196/40100197/0,2027-03-31,21339662000.0,40002,2027-03-31 23:59:59.999999999
40002/0/40100196/40100197/0,2027-04-30,21339742000.0,40002,2027-04-30 23:59:59.999999999
40002/0/40100196/40100197/0,2027-05-31,21339662000.0,40002,2027-05-31 23:59:59.999999999
40002/0/40100196/40100198,2024-12-31,101921320000.0,40002,2024-12-31 23:59:59.999999999
40002/0/40100196/40100198,2025-01-31,106018636000.0,40002,2025-01-31 23:59:59.999999999
40002/0/40100196/40100198,2025-02-28,109738550000.0,40002,2025-02-28 23:59:59.999999999
40002/0/40100196/40100198,2025-03-31,113118930000.0,40002,2025-03-31 23:59:59.999999999
40002/0/40100196/40100198,2025-04-30,116193880000.0,40002,2025-04-30 23:59:59.999999999
40002/0/40100196/40100198,2025-05-31,118994060000.0,40002,2025-05-31 23:59:59.999999999
40002/0/40100196/40100198,2025-06-30,121547055000.0,40002,2025-06-30 23:59:59.999999999
40002/0/40100196/40100198,2025-07-31,123877680000.0,40002,2025-07-31 23:59:59.999999999
40002/0/40100196/40100198,2025-08-31,126008270000.0,40002,2025-08-31 23:59:59.999999999
40002/0/40100196/40100198,2025-09-30,127958910000.0,40002,2025-09-30 23:59:59.999999999
40002/0/40100196/40100198,2025-10-31,129747650000.0,40002,2025-10-31 23:59:59.999999999
40002/0/40100196/40100198,2025-11-30,131390760000.0,40002,2025-11-30 23:59:59.999999999
40002/0/40100196/40100198,2025-12-31,132902860000.0,40002,2025-12-31 23:59:59.999999999
40002/0/40100196/40100198,2026-01-31,134297100000.0,40002,2026-01-31 23:59:59.999999999
40002/0/40100196/40100198,2026-02-28,135585320000.0,40002,2026-02-28 23:59:59.999999999
40002/0/40100196/40100198,2026-03-31,136778146000.0,40002,2026-03-31 23:59:59.999999999
40002/0/40100196/40100198,2026-04-30,137885170000.0,40002,2026-04-30 23:59:59.999999999
40002/0/40100196/40100198,2026-05-31,138915020000.0,40002,2026-05-31 23:59:59.999999999
40002/0/40100196/40100198,2026-06-30,139875420000.0,40002,2026-06-30 23:59:59.999999999
40002/0/40100196/40100198,2026-07-31,140773340000.0,40002,2026-07-31 23:59:59.999999999
40002/0/40100196/40100198,2026-08-31,141615090000.0,40002,2026-08-31 23:59:59.999999999
40002/0/40100196/40100198,2026-09-30,142406250000.0,40002,2026-09-30 23:59:59.999999999
40002/0/40100196/40100198,2026-10-31,143151960000.0,40002,2026-10-31 23:59:59.999999999
40002/0/40100196/40100198,2026-11-30,143856750000.0,40002,2026-11-30 23:59:59.999999999
40002/0/40100196/40100198,2026-12-31,144524740000.0,40002,2026-12-31 23:59:59.999999999
40002/0/40100196/40100198,2027-01-31,145159620000.0,40002,2027-01-31 23:59:59.999999999
40002/0/40100196/40100198,2027-02-28,145764700000.0,40002,2027-02-28 23:59:59.999999999
40002/0/40100196/40100198,2027-03-31,146343000000.0,40002,2027-03-31 23:59:59.999999999
40002/0/40100196/40100198,2027-04-30,146897190000.0,40002,2027-04-30 23:59:59.999999999
40002/0/40100196/40100198,2027-05-31,147429690000.0,40002,2027-05-31 23:59:59.999999999
40002/0/40100196/40100198/0,2024-12-31,101921320000.0,40002,2024-12-31 23:59:59.999999999
40002/0/40100196/40100198/0,2025-01-31,106018636000.0,40002,2025-01-31 23:59:59.999999999
40002/0/40100196/40100198/0,2025-02-28,109738550000.0,40002,2025-02-28 23:59:59.999999999
40002/0/40100196/40100198/0,2025-03-31,113118930000.0,40002,2025-03-31 23:59:59.999999999
40002/0/40100196/40100198/0,2025-04-30,116193880000.0,40002,2025-04-30 23:59:59.999999999
40002/0/40100196/40100198/0,2025-05-31,118994060000.0,40002,2025-05-31 23:59:59.999999999
40002/0/40100196/40100198/0,2025-06-30,121547055000.0,40002,2025-06-30 23:59:59.999999999
40002/0/40100196/40100198/0,2025-07-31,123877680000.0,40002,2025-07-31 23:59:59.999999999
40002/0/40100196/40100198/0,2025-08-31,126008270000.0,40002,2025-08-31 23:59:59.999999999
40002/0/40100196/40100198/0,2025-09-30,127958910000.0,40002,2025-09-30 23:59:59.999999999
40002/0/40100196/40100198/0,2025-10-31,129747650000.0,40002,2025-10-31 23:59:59.999999999
40002/0/40100196/40100198/0,2025-11-30,131390760000.0,40002,2025-11-30 23:59:59.999999999
40002/0/40100196/40100198/0,2025-12-31,132902860000.0,40002,2025-12-31 23:59:59.999999999
40002/0/40100196/40100198/0,2026-01-31,134297100000.0,40002,2026-01-31 23:59:59.999999999
40002/0/40100196/40100198/0,2026-02-28,135585320000.0,40002,2026-02-28 23:59:59.999999999
40002/0/40100196/40100198/0,2026-03-31,136778146000.0,40002,2026-03-31 23:59:59.999999999
40002/0/40100196/40100198/0,2026-04-30,137885170000.0,40002,2026-04-30 23:59:59.999999999
40002/0/40100196/40100198/0,2026-05-31,138915020000.0,40002,2026-05-31 23:59:59.999999999
40002/0/40100196/40100198/0,2026-06-30,139875420000.0,40002,2026-06-30 23:59:59.999999999
40002/0/40100196/40100198/0,2026-07-31,140773340000.0,40002,2026-07-31 23:59:59.999999999
40002/0/40100196/40100198/0,2026-08-31,141615090000.0,40002,2026-08-31 23:59:59.999999999
40002/0/40100196/40100198/0,2026-09-30,142406250000.0,40002,2026-09-30 23:59:59.999999999
40002/0/40100196/40100198/0,2026-10-31,143151960000.0,40002,2026-10-31 23:59:59.999999999
40002/0/40100196/40100198/0,2026-11-30,143856750000.0,40002,2026-11-30 23:59:59.999999999
40002/0/40100196/40100198/0,2026-12-31,144524740000.0,40002,2026-12-31 23:59:59.999999999
40002/0/40100196/40100198/0,2027-01-31,145159620000.0,40002,2027-01-31 23:59:59.999999999
40002/0/40100196/40100198/0,2027-02-28,145764700000.0,40002,2027-02-28 23:59:59.999999999
40002/0/40100196/40100198/0,2027-03-31,146343000000.0,40002,2027-03-31 23:59:59.999999999
40002/0/40100196/40100198/0,2027-04-30,146897190000.0,40002,2027-04-30 23:59:59.999999999
40002/0/40100196/40100198/0,2027-05-31,147429690000.0,40002,2027-05-31 23:59:59.999999999
40002/0/40100196/40100199,2024-12-31,0.0,40002,2024-12-31 23:59:59.999999999
40002/0/40100196/40100199,2025-01-31,0.0,40002,2025-01-31 23:59:59.999999999
40002/0/40100196/40100199,2025-02-28,0.0,40002,2025-02-28 23:59:59.999999999
40002/0/40100196/40100199,2025-03-31,0.0,40002,2025-03-31 23:59:59.999999999
40002/0/40100196/40100199,2025-04-30,0.0,40002,2025-04-30 23:59:59.999999999
40002/0/40100196/40100199,2025-05-31,0.0,40002,2025-05-31 23:59:59.999999999
40002/0/40100196/40100199,2025-06-30,0.0,40002,2025-06-30 23:59:59.999999999
40002/0/40100196/40100199,2025-07-31,0.0,40002,2025-07-31 23:59:59.999999999
40002/0/40100196/40100199,2025-08-31,0.0,40002,2025-08-31 23:59:59.999999999
40002/0/40100196/40100199,2025-09-30,0.0,40002,2025-09-30 23:59:59.999999999
40002/0/40100196/40100199,2025-10-31,0.0,40002,2025-10-31 23:59:59.999999999
40002/0/40100196/40100199,2025-11-30,0.0,40002,2025-11-30 23:59:59.999999999
40002/0/40100196/40100199,2025-12-31,0.0,40002,2025-12-31 23:59:59.999999999
40002/0/40100196/40100199,2026-01-31,0.0,40002,2026-01-31 23:59:59.999999999
40002/0/40100196/40100199,2026-02-28,0.0,40002,2026-02-28 23:59:59.999999999
40002/0/40100196/40100199,2026-03-31,0.0,40002,2026-03-31 23:59:59.999999999
40002/0/40100196/40100199,2026-04-30,0.0,40002,2026-04-30 23:59:59.999999999
40002/0/40100196/40100199,2026-05-31,0.0,40002,2026-05-31 23:59:59.999999999
40002/0/40100196/40100199,2026-06-30,0.0,40002,2026-06-30 23:59:59.999999999
40002/0/40100196/40100199,2026-07-31,0.0,40002,2026-07-31 23:59:59.999999999
40002/0/40100196/40100199,2026-08-31,0.0,40002,2026-08-31 23:59:59.999999999
40002/0/40100196/40100199,2026-09-30,0.0,40002,2026-09-30 23:59:59.999999999
40002/0/40100196/40100199,2026-10-31,0.0,40002,2026-10-31 23:59:59.999999999
40002/0/40100196/40100199,2026-11-30,0.0,40002,2026-11-30 23:59:59.999999999
40002/0/40100196/40100199,2026-12-31,0.0,40002,2026-12-31 23:59:59.999999999
40002/0/40100196/40100199,2027-01-31,0.0,40002,2027-01-31 23:59:59.999999999
40002/0/40100196/40100199,2027-02-28,0.0,40002,2027-02-28 23:59:59.999999999
40002/0/40100196/40100199,2027-03-31,0.0,40002,2027-03-31 23:59:59.999999999
40002/0/40100196/40100199,2027-04-30,0.0,40002,2027-04-30 23:59:59.999999999
40002/0/40100196/40100199,2027-05-31,0.0,40002,2027-05-31 23:59:59.999999999
40002/0/40100196/40100199/0,2024-12-31,0.0,40002,2024-12-31 23:59:59.999999999
40002/0/40100196/40100199/0,2025-01-31,0.0,40002,2025-01-31 23:59:59.999999999
40002/0/40100196/40100199/0,2025-02-28,0.0,40002,2025-02-28 23:59:59.999999999
40002/0/40100196/40100199/0,2025-03-31,0.0,40002,2025-03-31 23:59:59.999999999
40002/0/40100196/40100199/0,2025-04-30,0.0,40002,2025-04-30 23:59:59.999999999
40002/0/40100196/40100199/0,2025-05-31,0.0,40002,2025-05-31 23:59:59.999999999
40002/0/40100196/40100199/0,2025-06-30,0.0,40002,2025-06-30 23:59:59.999999999
40002/0/40100196/40100199/0,2025-07-31,0.0,40002,2025-07-31 23:59:59.999999999
40002/0/40100196/40100199/0,2025-08-31,0.0,40002,2025-08-31 23:59:59.999999999
40002/0/40100196/40100199/0,2025-09-30,0.0,40002,2025-09-30 23:59:59.999999999
40002/0/40100196/40100199/0,2025-10-31,0.0,40002,2025-10-31 23:59:59.999999999
40002/0/40100196/40100199/0,2025-11-30,0.0,40002,2025-11-30 23:59:59.999999999
40002/0/40100196/40100199/0,2025-12-31,0.0,40002,2025-12-31 23:59:59.999999999
40002/0/40100196/40100199/0,2026-01-31,0.0,40002,2026-01-31 23:59:59.999999999
40002/0/40100196/40100199/0,2026-02-28,0.0,40002,2026-02-28 23:59:59.999999999
40002/0/40100196/40100199/0,2026-03-31,0.0,40002,2026-03-31 23:59:59.999999999
40002/0/40100196/40100199/0,2026-04-30,0.0,40002,2026-04-30 23:59:59.999999999
40002/0/40100196/40100199/0,2026-05-31,0.0,40002,2026-05-31 23:59:59.999999999
40002/0/40100196/40100199/0,2026-06-30,0.0,40002,2026-06-30 23:59:59.999999999
40002/0/40100196/40100199/0,2026-07-31,0.0,40002,2026-07-31 23:59:59.999999999
40002/0/40100196/40100199/0,2026-08-31,0.0,40002,2026-08-31 23:59:59.999999999
40002/0/40100196/40100199/0,2026-09-30,0.0,40002,2026-09-30 23:59:59.999999999
40002/0/40100196/40100199/0,2026-10-31,0.0,40002,2026-10-31 23:59:59.999999999
40002/0/40100196/40100199/0,2026-11-30,0.0,40002,2026-11-30 23:59:59.999999999
40002/0/40100196/40100199/0,2026-12-31,0.0,40002,2026-12-31 23:59:59.999999999
40002/0/40100196/40100199/0,2027-01-31,0.0,40002,2027-01-31 23:59:59.999999999
40002/0/40100196/40100199/0,2027-02-28,0.0,40002,2027-02-28 23:59:59.999999999
40002/0/40100196/40100199/0,2027-03-31,0.0,40002,2027-03-31 23:59:59.999999999
40002/0/40100196/40100199/0,2027-04-30,0.0,40002,2027-04-30 23:59:59.999999999
40002/0/40100196/40100199/0,2027-05-31,0.0,40002,2027-05-31 23:59:59.999999999
40002/0/40100200,2024-12-31,61510890000.0,40002,2024-12-31 23:59:59.999999999
40002/0/40100200,2025-01-31,61510890000.0,40002,2025-01-31 23:59:59.999999999
40002/0/40100200,2025-02-28,61510890000.0,40002,2025-02-28 23:59:59.999999999
40002/0/40100200,2025-03-31,61510890000.0,40002,2025-03-31 23:59:59.999999999
40002/0/40100200,2025-04-30,61510890000.0,40002,2025-04-30 23:59:59.999999999
40002/0/40100200,2025-05-31,61510890000.0,40002,2025-05-31 23:59:59.999999999
40002/0/40100200,2025-06-30,61510890000.0,40002,2025-06-30 23:59:59.999999999
40002/0/40100200,2025-07-31,61510890000.0,40002,2025-07-31 23:59:59.999999999
40002/0/40100200,2025-08-31,61510890000.0,40002,2025-08-31 23:59:59.999999999
40002/0/40100200,2025-09-30,61510890000.0,40002,2025-09-30 23:59:59.999999999
40002/0/40100200,2025-10-31,61510890000.0,40002,2025-10-31 23:59:59.999999999
40002/0/40100200,2025-11-30,61510890000.0,40002,2025-11-30 23:59:59.999999999
40002/0/40100200,2025-12-31,61510890000.0,40002,2025-12-31 23:59:59.999999999
40002/0/40100200,2026-01-31,61510890000.0,40002,2026-01-31 23:59:59.999999999
40002/0/40100200,2026-02-28,61510890000.0,40002,2026-02-28 23:59:59.999999999
40002/0/40100200,2026-03-31,61510890000.0,40002,2026-03-31 23:59:59.999999999
40002/0/40100200,2026-04-30,61510890000.0,40002,2026-04-30 23:59:59.999999999
40002/0/40100200,2026-05-31,61510890000.0,40002,2026-05-31 23:59:59.999999999
40002/0/40100200,2026-06-30,61510890000.0,40002,2026-06-30 23:59:59.999999999
40002/0/40100200,2026-07-31,61510890000.0,40002,2026-07-31 23:59:59.999999999
40002/0/40100200,2026-08-31,61510890000.0,40002,2026-08-31 23:59:59.999999999
40002/0/40100200,2026-09-30,61510890000.0,40002,2026-09-30 23:59:59.999999999
40002/0/40100200,2026-10-31,61510890000.0,40002,2026-10-31 23:59:59.999999999
40002/0/40100200,2026-11-30,61510890000.0,40002,2026-11-30 23:59:59.999999999
40002/0/40100200,2026-12-31,61510890000.0,40002,2026-12-31 23:59:59.999999999
40002/0/40100200,2027-01-31,61510890000.0,40002,2027-01-31 23:59:59.999999999
40002/0/40100200,2027-02-28,61510890000.0,40002,2027-02-28 23:59:59.999999999
40002/0/40100200,2027-03-31,61510890000.0,40002,2027-03-31 23:59:59.999999999
40002/0/40100200,2027-04-30,61510890000.0,40002,2027-04-30 23:59:59.999999999
40002/0/40100200,2027-05-31,61510890000.0,40002,2027-05-31 23:59:59.999999999
40002/0/40100200/40100201,2024-12-31,8299222000.0,40002,2024-12-31 23:59:59.999999999
40002/0/40100200/40100201,2025-01-31,9292315000.0,40002,2025-01-31 23:59:59.999999999
40002/0/40100200/40100201,2025-02-28,9049027000.0,40002,2025-02-28 23:59:59.999999999
40002/0/40100200/40100201,2025-03-31,9492951000.0,40002,2025-03-31 23:59:59.999999999
40002/0/40100200/40100201,2025-04-30,9149549000.0,40002,2025-04-30 23:59:59.999999999
40002/0/40100200/40100201,2025-05-31,9491254000.0,40002,2025-05-31 23:59:59.999999999
40002/0/40100200/40100201,2025-06-30,9180484000.0,40002,2025-06-30 23:59:59.999999999
40002/0/40100200/40100201,2025-07-31,9471863000.0,40002,2025-07-31 23:59:59.999999999
40002/0/40100200/40100201,2025-08-31,9201525000.0,40002,2025-08-31 23:59:59.999999999
40002/0/40100200/40100201,2025-09-30,9453247000.0,40002,2025-09-30 23:59:59.999999999
40002/0/40100200/40100201,2025-10-31,9219149000.0,40002,2025-10-31 23:59:59.999999999
40002/0/40100200/40100201,2025-11-30,9436951000.0,40002,2025-11-30 23:59:59.999999999
40002/0/40100200/40100201,2025-12-31,9234341000.0,40002,2025-12-31 23:59:59.999999999
40002/0/40100200/40100201,2026-01-31,9422828000.0,40002,2026-01-31 23:59:59.999999999
40002/0/40100200/40100201,2026-02-28,9247483000.0,40002,2026-02-28 23:59:59.999999999
40002/0/40100200/40100201,2026-03-31,9410603000.0,40002,2026-03-31 23:59:59.999999999
40002/0/40100200/40100201,2026-04-30,9258855000.0,40002,2026-04-30 23:59:59.999999999
40002/0/40100200/40100201,2026-05-31,9400024000.0,40002,2026-05-31 23:59:59.999999999
40002/0/40100200/40100201,2026-06-30,9268697000.0,40002,2026-06-30 23:59:59.999999999
40002/0/40100200/40100201,2026-07-31,9390868000.0,40002,2026-07-31 23:59:59.999999999
40002/0/40100200/40100201,2026-08-31,9277215000.0,40002,2026-08-31 23:59:59.999999999
40002/0/40100200/40100201,2026-09-30,9382945000.0,40002,2026-09-30 23:59:59.999999999
40002/0/40100200/40100201,2026-10-31,9284585000.0,40002,2026-10-31 23:59:59.999999999
40002/0/40100200/40100201,2026-11-30,9376087000.0,40002,2026-11-30 23:59:59.999999999
40002/0/40100200/40100201,2026-12-31,9290965000.0,40002,2026-12-31 23:59:59.999999999
40002/0/40100200/40100201,2027-01-31,9370153000.0,40002,2027-01-31 23:59:59.999999999
40002/0/40100200/40100201,2027-02-28,9296485000.0,40002,2027-02-28 23:59:59.999999999
40002/0/40100200/40100201,2027-03-31,9365017000.0,40002,2027-03-31 23:59:59.999999999
40002/0/40100200/40100201,2027-04-30,9301263000.0,40002,2027-04-30 23:59:59.999999999
40002/0/40100200/40100201,2027-05-31,9360572000.0,40002,2027-05-31 23:59:59.999999999
40002/0/40100200/40100201/0,2024-12-31,8299222000.0,40002,2024-12-31 23:59:59.999999999
40002/0/40100200/40100201/0,2025-01-31,9292315000.0,40002,2025-01-31 23:59:59.999999999
40002/0/40100200/40100201/0,2025-02-28,9049027000.0,40002,2025-02-28 23:59:59.999999999
40002/0/40100200/40100201/0,2025-03-31,9492951000.0,40002,2025-03-31 23:59:59.999999999
40002/0/40100200/40100201/0,2025-04-30,9149549000.0,40002,2025-04-30 23:59:59.999999999
40002/0/40100200/40100201/0,2025-05-31,9491254000.0,40002,2025-05-31 23:59:59.999999999
40002/0/40100200/40100201/0,2025-06-30,9180484000.0,40002,2025-06-30 23:59:59.999999999
40002/0/40100200/40100201/0,2025-07-31,9471863000.0,40002,2025-07-31 23:59:59.999999999
40002/0/40100200/40100201/0,2025-08-31,9201525000.0,40002,2025-08-31 23:59:59.999999999
40002/0/40100200/40100201/0,2025-09-30,9453247000.0,40002,2025-09-30 23:59:59.999999999
40002/0/40100200/40100201/0,2025-10-31,9219149000.0,40002,2025-10-31 23:59:59.999999999
40002/0/40100200/40100201/0,2025-11-30,9436951000.0,40002,2025-11-30 23:59:59.999999999
40002/0/40100200/40100201/0,2025-12-31,9234341000.0,40002,2025-12-31 23:59:59.999999999
40002/0/40100200/40100201/0,2026-01-31,9422828000.0,40002,2026-01-31 23:59:59.999999999
40002/0/40100200/40100201/0,2026-02-28,9247483000.0,40002,2026-02-28 23:59:59.999999999
40002/0/40100200/40100201/0,2026-03-31,9410603000.0,40002,2026-03-31 23:59:59.999999999
40002/0/40100200/40100201/0,2026-04-30,9258855000.0,40002,2026-04-30 23:59:59.999999999
40002/0/40100200/40100201/0,2026-05-31,9400024000.0,40002,2026-05-31 23:59:59.999999999
40002/0/40100200/40100201/0,2026-06-30,9268697000.0,40002,2026-06-30 23:59:59.999999999
40002/0/40100200/40100201/0,2026-07-31,9390868000.0,40002,2026-07-31 23:59:59.999999999
40002/0/40100200/40100201/0,2026-08-31,9277215000.0,40002,2026-08-31 23:59:59.999999999
40002/0/40100200/40100201/0,2026-09-30,9382945000.0,40002,2026-09-30 23:59:59.999999999
40002/0/40100200/40100201/0,2026-10-31,9284585000.0,40002,2026-10-31 23:59:59.999999999
40002/0/40100200/40100201/0,2026-11-30,9376087000.0,40002,2026-11-30 23:59:59.999999999
40002/0/40100200/40100201/0,2026-12-31,9290965000.0,40002,2026-12-31 23:59:59.999999999
40002/0/40100200/40100201/0,2027-01-31,9370153000.0,40002,2027-01-31 23:59:59.999999999
40002/0/40100200/40100201/0,2027-02-28,9296485000.0,40002,2027-02-28 23:59:59.999999999
40002/0/40100200/40100201/0,2027-03-31,9365017000.0,40002,2027-03-31 23:59:59.999999999
40002/0/40100200/40100201/0,2027-04-30,9301263000.0,40002,2027-04-30 23:59:59.999999999
40002/0/40100200/40100201/0,2027-05-31,9360572000.0,40002,2027-05-31 23:59:59.999999999
40002/0/40100200/40100202,2024-12-31,53354172000.0,40002,2024-12-31 23:59:59.999999999
40002/0/40100200/40100202,2025-01-31,53341340000.0,40002,2025-01-31 23:59:59.999999999
40002/0/40100200/40100202,2025-02-28,53352055000.0,40002,2025-02-28 23:59:59.999999999
40002/0/40100200/40100202,2025-03-31,53334176000.0,40002,2025-03-31 23:59:59.999999999
40002/0/40100200/40100202,2025-04-30,53438470000.0,40002,2025-04-30 23:59:59.999999999
40002/0/40100200/40100202,2025-05-31,53511800000.0,40002,2025-05-31 23:59:59.999999999
40002/0/40100200/40100202,2025-06-30,53404205000.0,40002,2025-06-30 23:59:59.999999999
40002/0/40100200/40100202,2025-07-31,53370606000.0,40002,2025-07-31 23:59:59.999999999
40002/0/40100200/40100202,2025-08-31,53289300000.0,40002,2025-08-31 23:59:59.999999999
40002/0/40100200/40100202,2025-09-30,53226430000.0,40002,2025-09-30 23:59:59.999999999
40002/0/40100200/40100202,2025-10-31,53211505000.0,40002,2025-10-31 23:59:59.999999999
40002/0/40100200/40100202,2025-11-30,53097054000.0,40002,2025-11-30 23:59:59.999999999
40002/0/40100200/40100202,2025-12-31,53097054000.0,40002,2025-12-31 23:59:59.999999999
40002/0/40100200/40100202,2026-01-31,53097054000.0,40002,2026-01-31 23:59:59.999999999
40002/0/40100200/40100202,2026-02-28,53097054000.0,40002,2026-02-28 23:59:59.999999999
40002/0/40100200/40100202,2026-03-31,53097054000.0,40002,2026-03-31 23:59:59.999999999
40002/0/40100200/40100202,2026-04-30,53097054000.0,40002,2026-04-30 23:59:59.999999999
40002/0/40100200/40100202,2026-05-31,53097054000.0,40002,2026-05-31 23:59:59.999999999
40002/0/40100200/40100202,2026-06-30,53097054000.0,40002,2026-06-30 23:59:59.999999999
40002/0/40100200/40100202,2026-07-31,53097054000.0,40002,2026-07-31 23:59:59.999999999
40002/0/40100200/40100202,2026-08-31,53097054000.0,40002,2026-08-31 23:59:59.999999999
40002/0/40100200/40100202,2026-09-30,53097054000.0,40002,2026-09-30 23:59:59.999999999
40002/0/40100200/40100202,2026-10-31,53097054000.0,40002,2026-10-31 23:59:59.999999999
40002/0/40100200/40100202,2026-11-30,53097054000.0,40002,2026-11-30 23:59:59.999999999
40002/0/40100200/40100202,2026-12-31,53097054000.0,40002,2026-12-31 23:59:59.999999999
40002/0/40100200/40100202,2027-01-31,53097054000.0,40002,2027-01-31 23:59:59.999999999
40002/0/40100200/40100202,2027-02-28,53097054000.0,40002,2027-02-28 23:59:59.999999999
40002/0/40100200/40100202,2027-03-31,53097054000.0,40002,2027-03-31 23:59:59.999999999
40002/0/40100200/40100202,2027-04-30,53097054000.0,40002,2027-04-30 23:59:59.999999999
40002/0/40100200/40100202,2027-05-31,53097054000.0,40002,2027-05-31 23:59:59.999999999
40002/0/40100200/40100202/0,2024-12-31,53354172000.0,40002,2024-12-31 23:59:59.999999999
40002/0/40100200/40100202/0,2025-01-31,53341340000.0,40002,2025-01-31 23:59:59.999999999
40002/0/40100200/40100202/0,2025-02-28,53352055000.0,40002,2025-02-28 23:59:59.999999999
40002/0/40100200/40100202/0,2025-03-31,53334176000.0,40002,2025-03-31 23:59:59.999999999
40002/0/40100200/40100202/0,2025-04-30,53438470000.0,40002,2025-04-30 23:59:59.999999999
40002/0/40100200/40100202/0,2025-05-31,53511800000.0,40002,2025-05-31 23:59:59.999999999
40002/0/40100200/40100202/0,2025-06-30,53404205000.0,40002,2025-06-30 23:59:59.999999999
40002/0/40100200/40100202/0,2025-07-31,53370606000.0,40002,2025-07-31 23:59:59.999999999
40002/0/40100200/40100202/0,2025-08-31,53289300000.0,40002,2025-08-31 23:59:59.999999999
40002/0/40100200/40100202/0,2025-09-30,53226430000.0,40002,2025-09-30 23:59:59.999999999
40002/0/40100200/40100202/0,2025-10-31,53211505000.0,40002,2025-10-31 23:59:59.999999999
40002/0/40100200/40100202/0,2025-11-30,53097054000.0,40002,2025-11-30 23:59:59.999999999
40002/0/40100200/40100202/0,2025-12-31,53097054000.0,40002,2025-12-31 23:59:59.999999999
40002/0/40100200/40100202/0,2026-01-31,53097054000.0,40002,2026-01-31 23:59:59.999999999
40002/0/40100200/40100202/0,2026-02-28,53097054000.0,40002,2026-02-28 23:59:59.999999999
40002/0/40100200/40100202/0,2026-03-31,53097054000.0,40002,2026-03-31 23:59:59.999999999
40002/0/40100200/40100202/0,2026-04-30,53097054000.0,40002,2026-04-30 23:59:59.999999999
40002/0/40100200/40100202/0,2026-05-31,53097054000.0,40002,2026-05-31 23:59:59.999999999
40002/0/40100200/40100202/0,2026-06-30,53097054000.0,40002,2026-06-30 23:59:59.999999999
40002/0/40100200/40100202/0,2026-07-31,53097054000.0,40002,2026-07-31 23:59:59.999999999
40002/0/40100200/40100202/0,2026-08-31,53097054000.0,40002,2026-08-31 23:59:59.999999999
40002/0/40100200/40100202/0,2026-09-30,53097054000.0,40002,2026-09-30 23:59:59.999999999
40002/0/40100200/40100202/0,2026-10-31,53097054000.0,40002,2026-10-31 23:59:59.999999999
40002/0/40100200/40100202/0,2026-11-30,53097054000.0,40002,2026-11-30 23:59:59.999999999
40002/0/40100200/40100202/0,2026-12-31,53097054000.0,40002,2026-12-31 23:59:59.999999999
40002/0/40100200/40100202/0,2027-01-31,53097054000.0,40002,2027-01-31 23:59:59.999999999
40002/0/40100200/40100202/0,2027-02-28,53097054000.0,40002,2027-02-28 23:59:59.999999999
40002/0/40100200/40100202/0,2027-03-31,53097054000.0,40002,2027-03-31 23:59:59.999999999
40002/0/40100200/40100202/0,2027-04-30,53097054000.0,40002,2027-04-30 23:59:59.999999999
40002/0/40100200/40100202/0,2027-05-31,53097054000.0,40002,2027-05-31 23:59:59.999999999
40002/0/40100200/40100203,2024-12-31,14346355000.0,40002,2024-12-31 23:59:59.999999999
40002/0/40100200/40100203,2025-01-31,15739419000.0,40002,2025-01-31 23:59:59.999999999
40002/0/40100200/40100203,2025-02-28,17019240000.0,40002,2025-02-28 23:59:59.999999999
40002/0/40100200/40100203,2025-03-31,18195026000.0,40002,2025-03-31 23:59:59.999999999
40002/0/40100200/40100203,2025-04-30,19275231000.0,40002,2025-04-30 23:59:59.999999999
40002/0/40100200/40100203,2025-05-31,20267626000.0,40002,2025-05-31 23:59:59.999999999
40002/0/40100200/40100203,2025-06-30,21179350000.0,40002,2025-06-30 23:59:59.999999999
40002/0/40100200/40100203,2025-07-31,22016958000.0,40002,2025-07-31 23:59:59.999999999
40002/0/40100200/40100203,2025-08-31,22786480000.0,40002,2025-08-31 23:59:59.999999999
40002/0/40100200/40100203,2025-09-30,23493446000.0,40002,2025-09-30 23:59:59.999999999
40002/0/40100200/40100203,2025-10-31,24142942000.0,40002,2025-10-31 23:59:59.999999999
40002/0/40100200/40100203,2025-11-30,24739641000.0,40002,2025-11-30 23:59:59.999999999
40002/0/40100200/40100203,2025-12-31,25287834000.0,40002,2025-12-31 23:59:59.999999999
40002/0/40100200/40100203,2026-01-31,25791463000.0,40002,2026-01-31 23:59:59.999999999
40002/0/40100200/40100203,2026-02-28,26254156000.0,40002,2026-02-28 23:59:59.999999999
40002/0/40100200/40100203,2026-03-31,26679233000.0,40002,2026-03-31 23:59:59.999999999
40002/0/40100200/40100203,2026-04-30,27069757000.0,40002,2026-04-30 23:59:59.999999999
40002/0/40100200/40100203,2026-05-31,27428534000.0,40002,2026-05-31 23:59:59.999999999
40002/0/40100200/40100203,2026-06-30,27758148000.0,40002,2026-06-30 23:59:59.999999999
40002/0/40100200/40100203,2026-07-31,28060965000.0,40002,2026-07-31 23:59:59.999999999
40002/0/40100200/40100203,2026-08-31,28339167000.0,40002,2026-08-31 23:59:59.999999999
40002/0/40100200/40100203,2026-09-30,28594756000.0,40002,2026-09-30 23:59:59.999999999
40002/0/40100200/40100203,2026-10-31,28829567000.0,40002,2026-10-31 23:59:59.999999999
40002/0/40100200/40100203,2026-11-30,29045289000.0,40002,2026-11-30 23:59:59.999999999
40002/0/40100200/40100203,2026-12-31,29243476000.0,40002,2026-12-31 23:59:59.999999999
40002/0/40100200/40100203,2027-01-31,29425551000.0,40002,2027-01-31 23:59:59.999999999
40002/0/40100200/40100203,2027-02-28,29592828000.0,40002,2027-02-28 23:59:59.999999999
40002/0/40100200/40100203,2027-03-31,29746504000.0,40002,2027-03-31 23:59:59.999999999
40002/0/40100200/40100203,2027-04-30,29887689000.0,40002,2027-04-30 23:59:59.999999999
40002/0/40100200/40100203,2027-05-31,30017397000.0,40002,2027-05-31 23:59:59.999999999
40002/0/40100200/40100203/0,2024-12-31,14346355000.0,40002,2024-12-31 23:59:59.999999999
40002/0/40100200/40100203/0,2025-01-31,15739419000.0,40002,2025-01-31 23:59:59.999999999
40002/0/40100200/40100203/0,2025-02-28,17019240000.0,40002,2025-02-28 23:59:59.999999999
40002/0/40100200/40100203/0,2025-03-31,18195026000.0,40002,2025-03-31 23:59:59.999999999
40002/0/40100200/40100203/0,2025-04-30,19275231000.0,40002,2025-04-30 23:59:59.999999999
40002/0/40100200/40100203/0,2025-05-31,20267626000.0,40002,2025-05-31 23:59:59.999999999
40002/0/40100200/40100203/0,2025-06-30,21179350000.0,40002,2025-06-30 23:59:59.999999999
40002/0/40100200/40100203/0,2025-07-31,22016958000.0,40002,2025-07-31 23:59:59.999999999
40002/0/40100200/40100203/0,2025-08-31,22786480000.0,40002,2025-08-31 23:59:59.999999999
40002/0/40100200/40100203/0,2025-09-30,23493446000.0,40002,2025-09-30 23:59:59.999999999
40002/0/40100200/40100203/0,2025-10-31,24142942000.0,40002,2025-10-31 23:59:59.999999999
40002/0/40100200/40100203/0,2025-11-30,24739641000.0,40002,2025-11-30 23:59:59.999999999
40002/0/40100200/40100203/0,2025-12-31,25287834000.0,40002,2025-12-31 23:59:59.999999999
40002/0/40100200/40100203/0,2026-01-31,25791463000.0,40002,2026-01-31 23:59:59.999999999
40002/0/40100200/40100203/0,2026-02-28,26254156000.0,40002,2026-02-28 23:59:59.999999999
40002/0/40100200/40100203/0,2026-03-31,26679233000.0,40002,2026-03-31 23:59:59.999999999
40002/0/40100200/40100203/0,2026-04-30,27069757000.0,40002,2026-04-30 23:59:59.999999999
40002/0/40100200/40100203/0,2026-05-31,27428534000.0,40002,2026-05-31 23:59:59.999999999
40002/0/40100200/40100203/0,2026-06-30,27758148000.0,40002,2026-06-30 23:59:59.999999999
40002/0/40100200/40100203/0,2026-07-31,28060965000.0,40002,2026-07-31 23:59:59.999999999
40002/0/40100200/40100203/0,2026-08-31,28339167000.0,40002,2026-08-31 23:59:59.999999999
40002/0/40100200/40100203/0,2026-09-30,28594756000.0,40002,2026-09-30 23:59:59.999999999
40002/0/40100200/40100203/0,2026-10-31,28829567000.0,40002,2026-10-31 23:59:59.999999999
40002/0/40100200/40100203/0,2026-11-30,29045289000.0,40002,2026-11-30 23:59:59.999999999
40002/0/40100200/40100203/0,2026-12-31,29243476000.0,40002,2026-12-31 23:59:59.999999999
40002/0/40100200/40100203/0,2027-01-31,29425551000.0,40002,2027-01-31 23:59:59.999999999
40002/0/40100200/40100203/0,2027-02-28,29592828000.0,40002,2027-02-28 23:59:59.999999999
40002/0/40100200/40100203/0,2027-03-31,29746504000.0,40002,2027-03-31 23:59:59.999999999
40002/0/40100200/40100203/0,2027-04-30,29887689000.0,40002,2027-04-30 23:59:59.999999999
40002/0/40100200/40100203/0,2027-05-31,30017397000.0,40002,2027-05-31 23:59:59.999999999
40002/0/40100200/40100204,2024-12-31,3709482000.0,40002,2024-12-31 23:59:59.999999999
40002/0/40100200/40100204,2025-01-31,4350601000.0,40002,2025-01-31 23:59:59.999999999
40002/0/40100200/40100204,2025-02-28,4350601000.0,40002,2025-02-28 23:59:59.999999999
40002/0/40100200/40100204,2025-03-31,4350601000.0,40002,2025-03-31 23:59:59.999999999
40002/0/40100200/40100204,2025-04-30,4350601000.0,40002,2025-04-30 23:59:59.999999999
40002/0/40100200/40100204,2025-05-31,4350601000.0,40002,2025-05-31 23:59:59.999999999
40002/0/40100200/40100204,2025-06-30,4350601000.0,40002,2025-06-30 23:59:59.999999999
40002/0/40100200/40100204,2025-07-31,4350601000.0,40002,2025-07-31 23:59:59.999999999
40002/0/40100200/40100204,2025-08-31,4350601000.0,40002,2025-08-31 23:59:59.999999999
40002/0/40100200/40100204,2025-09-30,4350601000.0,40002,2025-09-30 23:59:59.999999999
40002/0/40100200/40100204,2025-10-31,4350601000.0,40002,2025-10-31 23:59:59.999999999
40002/0/40100200/40100204,2025-11-30,4350601000.0,40002,2025-11-30 23:59:59.999999999
40002/0/40100200/40100204,2025-12-31,4350601000.0,40002,2025-12-31 23:59:59.999999999
40002/0/40100200/40100204,2026-01-31,4350601000.0,40002,2026-01-31 23:59:59.999999999
40002/0/40100200/40100204,2026-02-28,4350601000.0,40002,2026-02-28 23:59:59.999999999
40002/0/40100200/40100204,2026-03-31,4350601000.0,40002,2026-03-31 23:59:59.999999999
40002/0/40100200/40100204,2026-04-30,4350601000.0,40002,2026-04-30 23:59:59.999999999
40002/0/40100200/40100204,2026-05-31,4350601000.0,40002,2026-05-31 23:59:59.999999999
40002/0/40100200/40100204,2026-06-30,4350601000.0,40002,2026-06-30 23:59:59.999999999
40002/0/40100200/40100204,2026-07-31,4350601000.0,40002,2026-07-31 23:59:59.999999999
40002/0/40100200/40100204,2026-08-31,4350601000.0,40002,2026-08-31 23:59:59.999999999
40002/0/40100200/40100204,2026-09-30,4350601000.0,40002,2026-09-30 23:59:59.999999999
40002/0/40100200/40100204,2026-10-31,4350601000.0,40002,2026-10-31 23:59:59.999999999
40002/0/40100200/40100204,2026-11-30,4350601000.0,40002,2026-11-30 23:59:59.999999999
40002/0/40100200/40100204,2026-12-31,4350601000.0,40002,2026-12-31 23:59:59.999999999
40002/0/40100200/40100204,2027-01-31,4350601000.0,40002,2027-01-31 23:59:59.999999999
40002/0/40100200/40100204,2027-02-28,4350601000.0,40002,2027-02-28 23:59:59.999999999
40002/0/40100200/40100204,2027-03-31,4350601000.0,40002,2027-03-31 23:59:59.999999999
40002/0/40100200/40100204,2027-04-30,4350601000.0,40002,2027-04-30 23:59:59.999999999
40002/0/40100200/40100204,2027-05-31,4350601000.0,40002,2027-05-31 23:59:59.999999999
40002/0/40100200/40100204/0,2024-12-31,3709482000.0,40002,2024-12-31 23:59:59.999999999
40002/0/40100200/40100204/0,2025-01-31,4350601000.0,40002,2025-01-31 23:59:59.999999999
40002/0/40100200/40100204/0,2025-02-28,4350601000.0,40002,2025-02-28 23:59:59.999999999
40002/0/40100200/40100204/0,2025-03-31,4350601000.0,40002,2025-03-31 23:59:59.999999999
40002/0/40100200/40100204/0,2025-04-30,4350601000.0,40002,2025-04-30 23:59:59.999999999
40002/0/40100200/40100204/0,2025-05-31,4350601000.0,40002,2025-05-31 23:59:59.999999999
40002/0/40100200/40100204/0,2025-06-30,4350601000.0,40002,2025-06-30 23:59:59.999999999
40002/0/40100200/40100204/0,2025-07-31,4350601000.0,40002,2025-07-31 23:59:59.999999999
40002/0/40100200/40100204/0,2025-08-31,4350601000.0,40002,2025-08-31 23:59:59.999999999
40002/0/40100200/40100204/0,2025-09-30,4350601000.0,40002,2025-09-30 23:59:59.999999999
40002/0/40100200/40100204/0,2025-10-31,4350601000.0,40002,2025-10-31 23:59:59.999999999
40002/0/40100200/40100204/0,2025-11-30,4350601000.0,40002,2025-11-30 23:59:59.999999999
40002/0/40100200/40100204/0,2025-12-31,4350601000.0,40002,2025-12-31 23:59:59.999999999
40002/0/40100200/40100204/0,2026-01-31,4350601000.0,40002,2026-01-31 23:59:59.999999999
40002/0/40100200/40100204/0,2026-02-28,4350601000.0,40002,2026-02-28 23:59:59.999999999
40002/0/40100200/40100204/0,2026-03-31,4350601000.0,40002,2026-03-31 23:59:59.999999999
40002/0/40100200/40100204/0,2026-04-30,4350601000.0,40002,2026-04-30 23:59:59.999999999
40002/0/40100200/40100204/0,2026-05-31,4350601000.0,40002,2026-05-31 23:59:59.999999999
40002/0/40100200/40100204/0,2026-06-30,4350601000.0,40002,2026-06-30 23:59:59.999999999
40002/0/40100200/40100204/0,2026-07-31,4350601000.0,40002,2026-07-31 23:59:59.999999999
40002/0/40100200/40100204/0,2026-08-31,4350601000.0,40002,2026-08-31 23:59:59.999999999
40002/0/40100200/40100204/0,2026-09-30,4350601000.0,40002,2026-09-30 23:59:59.999999999
40002/0/40100200/40100204/0,2026-10-31,4350601000.0,40002,2026-10-31 23:59:59.999999999
40002/0/40100200/40100204/0,2026-11-30,4350601000.0,40002,2026-11-30 23:59:59.999999999
40002/0/40100200/40100204/0,2026-12-31,4350601000.0,40002,2026-12-31 23:59:59.999999999
40002/0/40100200/40100204/0,2027-01-31,4350601000.0,40002,2027-01-31 23:59:59.999999999
40002/0/40100200/40100204/0,2027-02-28,4350601000.0,40002,2027-02-28 23:59:59.999999999
40002/0/40100200/40100204/0,2027-03-31,4350601000.0,40002,2027-03-31 23:59:59.999999999
40002/0/40100200/40100204/0,2027-04-30,4350601000.0,40002,2027-04-30 23:59:59.999999999
40002/0/40100200/40100204/0,2027-05-31,4350601000.0,40002,2027-05-31 23:59:59.999999999
40002/0/40100200/40100205,2024-12-31,0.0,40002,2024-12-31 23:59:59.999999999
40002/0/40100200/40100205,2025-01-31,0.0,40002,2025-01-31 23:59:59.999999999
40002/0/40100200/40100205,2025-02-28,0.0,40002,2025-02-28 23:59:59.999999999
40002/0/40100200/40100205,2025-03-31,0.0,40002,2025-03-31 23:59:59.999999999
40002/0/40100200/40100205,2025-04-30,0.0,40002,2025-04-30 23:59:59.999999999
40002/0/40100200/40100205,2025-05-31,0.0,40002,2025-05-31 23:59:59.999999999
40002/0/40100200/40100205,2025-06-30,0.0,40002,2025-06-30 23:59:59.999999999
40002/0/40100200/40100205,2025-07-31,0.0,40002,2025-07-31 23:59:59.999999999
40002/0/40100200/40100205,2025-08-31,0.0,40002,2025-08-31 23:59:59.999999999
40002/0/40100200/40100205,2025-09-30,0.0,40002,2025-09-30 23:59:59.999999999
40002/0/40100200/40100205,2025-10-31,0.0,40002,2025-10-31 23:59:59.999999999
40002/0/40100200/40100205,2025-11-30,0.0,40002,2025-11-30 23:59:59.999999999
40002/0/40100200/40100205,2025-12-31,0.0,40002,2025-12-31 23:59:59.999999999
40002/0/40100200/40100205,2026-01-31,0.0,40002,2026-01-31 23:59:59.999999999
40002/0/40100200/40100205,2026-02-28,0.0,40002,2026-02-28 23:59:59.999999999
40002/0/40100200/40100205,2026-03-31,0.0,40002,2026-03-31 23:59:59.999999999
40002/0/40100200/40100205,2026-04-30,0.0,40002,2026-04-30 23:59:59.999999999
40002/0/40100200/40100205,2026-05-31,0.0,40002,2026-05-31 23:59:59.999999999
40002/0/40100200/40100205,2026-06-30,0.0,40002,2026-06-30 23:59:59.999999999
40002/0/40100200/40100205,2026-07-31,0.0,40002,2026-07-31 23:59:59.999999999
40002/0/40100200/40100205,2026-08-31,0.0,40002,2026-08-31 23:59:59.999999999
40002/0/40100200/40100205,2026-09-30,0.0,40002,2026-09-30 23:59:59.999999999
40002/0/40100200/40100205,2026-10-31,0.0,40002,2026-10-31 23:59:59.999999999
40002/0/40100200/40100205,2026-11-30,0.0,40002,2026-11-30 23:59:59.999999999
40002/0/40100200/40100205,2026-12-31,0.0,40002,2026-12-31 23:59:59.999999999
40002/0/40100200/40100205,2027-01-31,0.0,40002,2027-01-31 23:59:59.999999999
40002/0/40100200/40100205,2027-02-28,0.0,40002,2027-02-28 23:59:59.999999999
40002/0/40100200/40100205,2027-03-31,0.0,40002,2027-03-31 23:59:59.999999999
40002/0/40100200/40100205,2027-04-30,0.0,40002,2027-04-30 23:59:59.999999999
40002/0/40100200/40100205,2027-05-31,0.0,40002,2027-05-31 23:59:59.999999999
40002/0/40100200/40100205/0,2024-12-31,0.0,40002,2024-12-31 23:59:59.999999999
40002/0/40100200/40100205/0,2025-01-31,0.0,40002,2025-01-31 23:59:59.999999999
40002/0/40100200/40100205/0,2025-02-28,0.0,40002,2025-02-28 23:59:59.999999999
40002/0/40100200/40100205/0,2025-03-31,0.0,40002,2025-03-31 23:59:59.999999999
40002/0/40100200/40100205/0,2025-04-30,0.0,40002,2025-04-30 23:59:59.999999999
40002/0/40100200/40100205/0,2025-05-31,0.0,40002,2025-05-31 23:59:59.999999999
40002/0/40100200/40100205/0,2025-06-30,0.0,40002,2025-06-30 23:59:59.999999999
40002/0/40100200/40100205/0,2025-07-31,0.0,40002,2025-07-31 23:59:59.999999999
40002/0/40100200/40100205/0,2025-08-31,0.0,40002,2025-08-31 23:59:59.999999999
40002/0/40100200/40100205/0,2025-09-30,0.0,40002,2025-09-30 23:59:59.999999999
40002/0/40100200/40100205/0,2025-10-31,0.0,40002,2025-10-31 23:59:59.999999999
40002/0/40100200/40100205/0,2025-11-30,0.0,40002,2025-11-30 23:59:59.999999999
40002/0/40100200/40100205/0,2025-12-31,0.0,40002,2025-12-31 23:59:59.999999999
40002/0/40100200/40100205/0,2026-01-31,0.0,40002,2026-01-31 23:59:59.999999999
40002/0/40100200/40100205/0,2026-02-28,0.0,40002,2026-02-28 23:59:59.999999999
40002/0/40100200/40100205/0,2026-03-31,0.0,40002,2026-03-31 23:59:59.999999999
40002/0/40100200/40100205/0,2026-04-30,0.0,40002,2026-04-30 23:59:59.999999999
40002/0/40100200/40100205/0,2026-05-31,0.0,40002,2026-05-31 23:59:59.999999999
40002/0/40100200/40100205/0,2026-06-30,0.0,40002,2026-06-30 23:59:59.999999999
40002/0/40100200/40100205/0,2026-07-31,0.0,40002,2026-07-31 23:59:59.999999999
40002/0/40100200/40100205/0,2026-08-31,0.0,40002,2026-08-31 23:59:59.999999999
40002/0/40100200/40100205/0,2026-09-30,0.0,40002,2026-09-30 23:59:59.999999999
40002/0/40100200/40100205/0,2026-10-31,0.0,40002,2026-10-31 23:59:59.999999999
40002/0/40100200/40100205/0,2026-11-30,0.0,40002,2026-11-30 23:59:59.999999999
40002/0/40100200/40100205/0,2026-12-31,0.0,40002,2026-12-31 23:59:59.999999999
40002/0/40100200/40100205/0,2027-01-31,0.0,40002,2027-01-31 23:59:59.999999999
40002/0/40100200/40100205/0,2027-02-28,0.0,40002,2027-02-28 23:59:59.999999999
40002/0/40100200/40100205/0,2027-03-31,0.0,40002,2027-03-31 23:59:59.999999999
40002/0/40100200/40100205/0,2027-04-30,0.0,40002,2027-04-30 23:59:59.999999999
40002/0/40100200/40100205/0,2027-05-31,0.0,40002,2027-05-31 23:59:59.999999999
40002/0/40100207,2024-12-31,145192630000.0,40002,2024-12-31 23:59:59.999999999
40002/0/40100207,2025-01-31,145131030000.0,40002,2025-01-31 23:59:59.999999999
40002/0/40100207,2025-02-28,145371400000.0,40002,2025-02-28 23:59:59.999999999
40002/0/40100207,2025-03-31,145223930000.0,40002,2025-03-31 23:59:59.999999999
40002/0/40100207,2025-04-30,145633350000.0,40002,2025-04-30 23:59:59.999999999
40002/0/40100207,2025-05-31,145827550000.0,40002,2025-05-31 23:59:59.999999999
40002/0/40100207,2025-06-30,145758370000.0,40002,2025-06-30 23:59:59.999999999
40002/0/40100207,2025-07-31,146014550000.0,40002,2025-07-31 23:59:59.999999999
40002/0/40100207,2025-08-31,146073040000.0,40002,2025-08-31 23:59:59.999999999
40002/0/40100207,2025-09-30,146455200000.0,40002,2025-09-30 23:59:59.999999999
40002/0/40100207,2025-10-31,147780450000.0,40002,2025-10-31 23:59:59.999999999
40002/0/40100207,2025-11-30,147285250000.0,40002,2025-11-30 23:59:59.999999999
40002/0/40100207,2025-12-31,147259650000.0,40002,2025-12-31 23:59:59.999999999
40002/0/40100207,2026-01-31,147252670000.0,40002,2026-01-31 23:59:59.999999999
40002/0/40100207,2026-02-28,147279920000.0,40002,2026-02-28 23:59:59.999999999
40002/0/40100207,2026-03-31,147263210000.0,40002,2026-03-31 23:59:59.999999999
40002/0/40100207,2026-04-30,147309630000.0,40002,2026-04-30 23:59:59.999999999
40002/0/40100207,2026-05-31,147331650000.0,40002,2026-05-31 23:59:59.999999999
40002/0/40100207,2026-06-30,147323800000.0,40002,2026-06-30 23:59:59.999999999
40002/0/40100207,2026-07-31,147352850000.0,40002,2026-07-31 23:59:59.999999999
40002/0/40100207,2026-08-31,147359470000.0,40002,2026-08-31 23:59:59.999999999
40002/0/40100207,2026-09-30,147402800000.0,40002,2026-09-30 23:59:59.999999999
40002/0/40100207,2026-10-31,147553040000.0,40002,2026-10-31 23:59:59.999999999
40002/0/40100207,2026-11-30,147496910000.0,40002,2026-11-30 23:59:59.999999999
40002/0/40100207,2026-12-31,147494010000.0,40002,2026-12-31 23:59:59.999999999
40002/0/40100207,2027-01-31,147493200000.0,40002,2027-01-31 23:59:59.999999999
40002/0/40100207,2027-02-28,147496300000.0,40002,2027-02-28 23:59:59.999999999
40002/0/40100207,2027-03-31,147494400000.0,40002,2027-03-31 23:59:59.999999999
40002/0/40100207,2027-04-30,147499660000.0,40002,2027-04-30 23:59:59.999999999
40002/0/40100207,2027-05-31,147502170000.0,40002,2027-05-31 23:59:59.999999999
40002/0/40100207/0,2024-12-31,145192630000.0,40002,2024-12-31 23:59:59.999999999
40002/0/40100207/0,2025-01-31,145131030000.0,40002,2025-01-31 23:59:59.999999999
40002/0/40100207/0,2025-02-28,145371400000.0,40002,2025-02-28 23:59:59.999999999
40002/0/40100207/0,2025-03-31,145223930000.0,40002,2025-03-31 23:59:59.999999999
40002/0/40100207/0,2025-04-30,145633350000.0,40002,2025-04-30 23:59:59.999999999
40002/0/40100207/0,2025-05-31,145827550000.0,40002,2025-05-31 23:59:59.999999999
40002/0/40100207/0,2025-06-30,145758370000.0,40002,2025-06-30 23:59:59.999999999
40002/0/40100207/0,2025-07-31,146014550000.0,40002,2025-07-31 23:59:59.999999999
40002/0/40100207/0,2025-08-31,146073040000.0,40002,2025-08-31 23:59:59.999999999
40002/0/40100207/0,2025-09-30,146455200000.0,40002,2025-09-30 23:59:59.999999999
40002/0/40100207/0,2025-10-31,147780450000.0,40002,2025-10-31 23:59:59.999999999
40002/0/40100207/0,2025-11-30,147285250000.0,40002,2025-11-30 23:59:59.999999999
40002/0/40100207/0,2025-12-31,147259650000.0,40002,2025-12-31 23:59:59.999999999
40002/0/40100207/0,2026-01-31,147252670000.0,40002,2026-01-31 23:59:59.999999999
40002/0/40100207/0,2026-02-28,147279920000.0,40002,2026-02-28 23:59:59.999999999
40002/0/40100207/0,2026-03-31,147263210000.0,40002,2026-03-31 23:59:59.999999999
40002/0/40100207/0,2026-04-30,147309630000.0,40002,2026-04-30 23:59:59.999999999
40002/0/40100207/0,2026-05-31,147331650000.0,40002,2026-05-31 23:59:59.999999999
40002/0/40100207/0,2026-06-30,147323800000.0,40002,2026-06-30 23:59:59.999999999
40002/0/40100207/0,2026-07-31,147352850000.0,40002,2026-07-31 23:59:59.999999999
40002/0/40100207/0,2026-08-31,147359470000.0,40002,2026-08-31 23:59:59.999999999
40002/0/40100207/0,2026-09-30,147402800000.0,40002,2026-09-30 23:59:59.999999999
40002/0/40100207/0,2026-10-31,147553040000.0,40002,2026-10-31 23:59:59.999999999
40002/0/40100207/0,2026-11-30,147496910000.0,40002,2026-11-30 23:59:59.999999999
40002/0/40100207/0,2026-12-31,147494010000.0,40002,2026-12-31 23:59:59.999999999
40002/0/40100207/0,2027-01-31,147493200000.0,40002,2027-01-31 23:59:59.999999999
40002/0/40100207/0,2027-02-28,147496300000.0,40002,2027-02-28 23:59:59.999999999
40002/0/40100207/0,2027-03-31,147494400000.0,40002,2027-03-31 23:59:59.999999999
40002/0/40100207/0,2027-04-30,147499660000.0,40002,2027-04-30 23:59:59.999999999
40002/0/40100207/0,2027-05-31,147502170000.0,40002,2027-05-31 23:59:59.999999999
40002/0/40100207/0/0,2024-12-31,145192630000.0,40002,2024-12-31 23:59:59.999999999
40002/0/40100207/0/0,2025-01-31,145131030000.0,40002,2025-01-31 23:59:59.999999999
40002/0/40100207/0/0,2025-02-28,145371400000.0,40002,2025-02-28 23:59:59.999999999
40002/0/40100207/0/0,2025-03-31,145223930000.0,40002,2025-03-31 23:59:59.999999999
40002/0/40100207/0/0,2025-04-30,145633350000.0,40002,2025-04-30 23:59:59.999999999
40002/0/40100207/0/0,2025-05-31,145827550000.0,40002,2025-05-31 23:59:59.999999999
40002/0/40100207/0/0,2025-06-30,145758370000.0,40002,2025-06-30 23:59:59.999999999
40002/0/40100207/0/0,2025-07-31,146014550000.0,40002,2025-07-31 23:59:59.999999999
40002/0/40100207/0/0,2025-08-31,146073040000.0,40002,2025-08-31 23:59:59.999999999
40002/0/40100207/0/0,2025-09-30,146455200000.0,40002,2025-09-30 23:59:59.999999999
40002/0/40100207/0/0,2025-10-31,147780450000.0,40002,2025-10-31 23:59:59.999999999
40002/0/40100207/0/0,2025-11-30,147285250000.0,40002,2025-11-30 23:59:59.999999999
40002/0/40100207/0/0,2025-12-31,147259650000.0,40002,2025-12-31 23:59:59.999999999
40002/0/40100207/0/0,2026-01-31,147252670000.0,40002,2026-01-31 23:59:59.999999999
40002/0/40100207/0/0,2026-02-28,147279920000.0,40002,2026-02-28 23:59:59.999999999
40002/0/40100207/0/0,2026-03-31,147263210000.0,40002,2026-03-31 23:59:59.999999999
40002/0/40100207/0/0,2026-04-30,147309630000.0,40002,2026-04-30 23:59:59.999999999
40002/0/40100207/0/0,2026-05-31,147331650000.0,40002,2026-05-31 23:59:59.999999999
40002/0/40100207/0/0,2026-06-30,147323800000.0,40002,2026-06-30 23:59:59.999999999
40002/0/40100207/0/0,2026-07-31,147352850000.0,40002,2026-07-31 23:59:59.999999999
40002/0/40100207/0/0,2026-08-31,147359470000.0,40002,2026-08-31 23:59:59.999999999
40002/0/40100207/0/0,2026-09-30,147402800000.0,40002,2026-09-30 23:59:59.999999999
40002/0/40100207/0/0,2026-10-31,147553040000.0,40002,2026-10-31 23:59:59.999999999
40002/0/40100207/0/0,2026-11-30,147496910000.0,40002,2026-11-30 23:59:59.999999999
40002/0/40100207/0/0,2026-12-31,147494010000.0,40002,2026-12-31 23:59:59.999999999
40002/0/40100207/0/0,2027-01-31,147493200000.0,40002,2027-01-31 23:59:59.999999999
40002/0/40100207/0/0,2027-02-28,147496300000.0,40002,2027-02-28 23:59:59.999999999
40002/0/40100207/0/0,2027-03-31,147494400000.0,40002,2027-03-31 23:59:59.999999999
40002/0/40100207/0/0,2027-04-30,147499660000.0,40002,2027-04-30 23:59:59.999999999
40002/0/40100207/0/0,2027-05-31,147502170000.0,40002,2027-05-31 23:59:59.999999999
40002/0/40100208,2024-12-31,168261190000.0,40002,2024-12-31 23:59:59.999999999
40002/0/40100208,2025-01-31,169329850000.0,40002,2025-01-31 23:59:59.999999999
40002/0/40100208,2025-02-28,170346480000.0,40002,2025-02-28 23:59:59.999999999
40002/0/40100208,2025-03-31,171313600000.0,40002,2025-03-31 23:59:59.999999999
40002/0/40100208,2025-04-30,172233620000.0,40002,2025-04-30 23:59:59.999999999
40002/0/40100208,2025-05-31,173108840000.0,40002,2025-05-31 23:59:59.999999999
40002/0/40100208,2025-06-30,173941440000.0,40002,2025-06-30 23:59:59.999999999
40002/0/40100208,2025-07-31,174733500000.0,40002,2025-07-31 23:59:59.999999999
40002/0/40100208,2025-08-31,175486980000.0,40002,2025-08-31 23:59:59.999999999
40002/0/40100208,2025-09-30,176203760000.0,40002,2025-09-30 23:59:59.999999999
40002/0/40100208,2025-10-31,176885650000.0,40002,2025-10-31 23:59:59.999999999
40002/0/40100208,2025-11-30,177534320000.0,40002,2025-11-30 23:59:59.999999999
40002/0/40100208,2025-12-31,178151400000.0,40002,2025-12-31 23:59:59.999999999
40002/0/40100208,2026-01-31,178738450000.0,40002,2026-01-31 23:59:59.999999999
40002/0/40100208,2026-02-28,179296900000.0,40002,2026-02-28 23:59:59.999999999
40002/0/40100208,2026-03-31,179828150000.0,40002,2026-03-31 23:59:59.999999999
40002/0/40100208,2026-04-30,180333530000.0,40002,2026-04-30 23:59:59.999999999
40002/0/40100208,2026-05-31,180814300000.0,40002,2026-05-31 23:59:59.999999999
40002/0/40100208,2026-06-30,181271660000.0,40002,2026-06-30 23:59:59.999999999
40002/0/40100208,2026-07-31,181706750000.0,40002,2026-07-31 23:59:59.999999999
40002/0/40100208,2026-08-31,182120640000.0,40002,2026-08-31 23:59:59.999999999
40002/0/40100208,2026-09-30,182514380000.0,40002,2026-09-30 23:59:59.999999999
40002/0/40100208,2026-10-31,182888960000.0,40002,2026-10-31 23:59:59.999999999
40002/0/40100208,2026-11-30,183245290000.0,40002,2026-11-30 23:59:59.999999999
40002/0/40100208,2026-12-31,183584260000.0,40002,2026-12-31 23:59:59.999999999
40002/0/40100208,2027-01-31,183906730000.0,40002,2027-01-31 23:59:59.999999999
40002/0/40100208,2027-02-28,184213500000.0,40002,2027-02-28 23:59:59.999999999
40002/0/40100208,2027-03-31,184505340000.0,40002,2027-03-31 23:59:59.999999999
40002/0/40100208,2027-04-30,184782950000.0,40002,2027-04-30 23:59:59.999999999
40002/0/40100208,2027-05-31,185047040000.0,40002,2027-05-31 23:59:59.999999999
40002/0/40100208/40100209,2024-12-31,42962370000.0,40002,2024-12-31 23:59:59.999999999
40002/0/40100208/40100209,2025-01-31,42962370000.0,40002,2025-01-31 23:59:59.999999999
40002/0/40100208/40100209,2025-02-28,42962370000.0,40002,2025-02-28 23:59:59.999999999
40002/0/40100208/40100209,2025-03-31,42962370000.0,40002,2025-03-31 23:59:59.999999999
40002/0/40100208/40100209,2025-04-30,42962370000.0,40002,2025-04-30 23:59:59.999999999
40002/0/40100208/40100209,2025-05-31,42962370000.0,40002,2025-05-31 23:59:59.999999999
40002/0/40100208/40100209,2025-06-30,42962370000.0,40002,2025-06-30 23:59:59.999999999
40002/0/40100208/40100209,2025-07-31,42962370000.0,40002,2025-07-31 23:59:59.999999999
40002/0/40100208/40100209,2025-08-31,42962370000.0,40002,2025-08-31 23:59:59.999999999
40002/0/40100208/40100209,2025-09-30,42962370000.0,40002,2025-09-30 23:59:59.999999999
40002/0/40100208/40100209,2025-10-31,42962370000.0,40002,2025-10-31 23:59:59.999999999
40002/0/40100208/40100209,2025-11-30,42962370000.0,40002,2025-11-30 23:59:59.999999999
40002/0/40100208/40100209,2025-12-31,42962370000.0,40002,2025-12-31 23:59:59.999999999
40002/0/40100208/40100209,2026-01-31,42962370000.0,40002,2026-01-31 23:59:59.999999999
40002/0/40100208/40100209,2026-02-28,42962370000.0,40002,2026-02-28 23:59:59.999999999
40002/0/40100208/40100209,2026-03-31,42962370000.0,40002,2026-03-31 23:59:59.999999999
40002/0/40100208/40100209,2026-04-30,42962370000.0,40002,2026-04-30 23:59:59.999999999
40002/0/40100208/40100209,2026-05-31,42962370000.0,40002,2026-05-31 23:59:59.999999999
40002/0/40100208/40100209,2026-06-30,42962370000.0,40002,2026-06-30 23:59:59.999999999
40002/0/40100208/40100209,2026-07-31,42962370000.0,40002,2026-07-31 23:59:59.999999999
40002/0/40100208/40100209,2026-08-31,42962370000.0,40002,2026-08-31 23:59:59.999999999
40002/0/40100208/40100209,2026-09-30,42962370000.0,40002,2026-09-30 23:59:59.999999999
40002/0/40100208/40100209,2026-10-31,42962370000.0,40002,2026-10-31 23:59:59.999999999
40002/0/40100208/40100209,2026-11-30,42962370000.0,40002,2026-11-30 23:59:59.999999999
40002/0/40100208/40100209,2026-12-31,42962370000.0,40002,2026-12-31 23:59:59.999999999
40002/0/40100208/40100209,2027-01-31,42962370000.0,40002,2027-01-31 23:59:59.999999999
40002/0/40100208/40100209,2027-02-28,42962370000.0,40002,2027-02-28 23:59:59.999999999
40002/0/40100208/40100209,2027-03-31,42962370000.0,40002,2027-03-31 23:59:59.999999999
40002/0/40100208/40100209,2027-04-30,42962370000.0,40002,2027-04-30 23:59:59.999999999
40002/0/40100208/40100209,2027-05-31,42962370000.0,40002,2027-05-31 23:59:59.999999999
40002/0/40100208/40100209/0,2024-12-31,42962370000.0,40002,2024-12-31 23:59:59.999999999
40002/0/40100208/40100209/0,2025-01-31,42962370000.0,40002,2025-01-31 23:59:59.999999999
40002/0/40100208/40100209/0,2025-02-28,42962370000.0,40002,2025-02-28 23:59:59.999999999
40002/0/40100208/40100209/0,2025-03-31,42962370000.0,40002,2025-03-31 23:59:59.999999999
40002/0/40100208/40100209/0,2025-04-30,42962370000.0,40002,2025-04-30 23:59:59.999999999
40002/0/40100208/40100209/0,2025-05-31,42962370000.0,40002,2025-05-31 23:59:59.999999999
40002/0/40100208/40100209/0,2025-06-30,42962370000.0,40002,2025-06-30 23:59:59.999999999
40002/0/40100208/40100209/0,2025-07-31,42962370000.0,40002,2025-07-31 23:59:59.999999999
40002/0/40100208/40100209/0,2025-08-31,42962370000.0,40002,2025-08-31 23:59:59.999999999
40002/0/40100208/40100209/0,2025-09-30,42962370000.0,40002,2025-09-30 23:59:59.999999999
40002/0/40100208/40100209/0,2025-10-31,42962370000.0,40002,2025-10-31 23:59:59.999999999
40002/0/40100208/40100209/0,2025-11-30,42962370000.0,40002,2025-11-30 23:59:59.999999999
40002/0/40100208/40100209/0,2025-12-31,42962370000.0,40002,2025-12-31 23:59:59.999999999
40002/0/40100208/40100209/0,2026-01-31,42962370000.0,40002,2026-01-31 23:59:59.999999999
40002/0/40100208/40100209/0,2026-02-28,42962370000.0,40002,2026-02-28 23:59:59.999999999
40002/0/40100208/40100209/0,2026-03-31,42962370000.0,40002,2026-03-31 23:59:59.999999999
40002/0/40100208/40100209/0,2026-04-30,42962370000.0,40002,2026-04-30 23:59:59.999999999
40002/0/40100208/40100209/0,2026-05-31,42962370000.0,40002,2026-05-31 23:59:59.999999999
40002/0/40100208/40100209/0,2026-06-30,42962370000.0,40002,2026-06-30 23:59:59.999999999
40002/0/40100208/40100209/0,2026-07-31,42962370000.0,40002,2026-07-31 23:59:59.999999999
40002/0/40100208/40100209/0,2026-08-31,42962370000.0,40002,2026-08-31 23:59:59.999999999
40002/0/40100208/40100209/0,2026-09-30,42962370000.0,40002,2026-09-30 23:59:59.999999999
40002/0/40100208/40100209/0,2026-10-31,42962370000.0,40002,2026-10-31 23:59:59.999999999
40002/0/40100208/40100209/0,2026-11-30,42962370000.0,40002,2026-11-30 23:59:59.999999999
40002/0/40100208/40100209/0,2026-12-31,42962370000.0,40002,2026-12-31 23:59:59.999999999
40002/0/40100208/40100209/0,2027-01-31,42962370000.0,40002,2027-01-31 23:59:59.999999999
40002/0/40100208/40100209/0,2027-02-28,42962370000.0,40002,2027-02-28 23:59:59.999999999
40002/0/40100208/40100209/0,2027-03-31,42962370000.0,40002,2027-03-31 23:59:59.999999999
40002/0/40100208/40100209/0,2027-04-30,42962370000.0,40002,2027-04-30 23:59:59.999999999
40002/0/40100208/40100209/0,2027-05-31,42962370000.0,40002,2027-05-31 23:59:59.999999999
40002/0/40100208/40100210,2024-12-31,124482790000.0,40002,2024-12-31 23:59:59.999999999
40002/0/40100208/40100210,2025-01-31,125171350000.0,40002,2025-01-31 23:59:59.999999999
40002/0/40100208/40100210,2025-02-28,126076710000.0,40002,2025-02-28 23:59:59.999999999
40002/0/40100208/40100210,2025-03-31,126904920000.0,40002,2025-03-31 23:59:59.999999999
40002/0/40100208/40100210,2025-04-30,127766440000.0,40002,2025-04-30 23:59:59.999999999
40002/0/40100208/40100210,2025-05-31,128567760000.0,40002,2025-05-31 23:59:59.999999999
40002/0/40100208/40100210,2025-06-30,129378080000.0,40002,2025-06-30 23:59:59.999999999
40002/0/40100208/40100210,2025-07-31,130324726000.0,40002,2025-07-31 23:59:59.999999999
40002/0/40100208/40100210,2025-08-31,131202280000.0,40002,2025-08-31 23:59:59.999999999
40002/0/40100208/40100210,2025-09-30,132198650000.0,40002,2025-09-30 23:59:59.999999999
40002/0/40100208/40100210,2025-10-31,133028725000.0,40002,2025-10-31 23:59:59.999999999
40002/0/40100208/40100210,2025-11-30,133607370000.0,40002,2025-11-30 23:59:59.999999999
40002/0/40100208/40100210,2025-12-31,134256640000.0,40002,2025-12-31 23:59:59.999999999
40002/0/40100208/40100210,2026-01-31,135013010000.0,40002,2026-01-31 23:59:59.999999999
40002/0/40100208/40100210,2026-02-28,135831120000.0,40002,2026-02-28 23:59:59.999999999
40002/0/40100208/40100210,2026-03-31,136627790000.0,40002,2026-03-31 23:59:59.999999999
40002/0/40100208/40100210,2026-04-30,137434120000.0,40002,2026-04-30 23:59:59.999999999
40002/0/40100208/40100210,2026-05-31,138223620000.0,40002,2026-05-31 23:59:59.999999999
40002/0/40100208/40100210,2026-06-30,139015780000.0,40002,2026-06-30 23:59:59.999999999
40002/0/40100208/40100210,2026-07-31,139846570000.0,40002,2026-07-31 23:59:59.999999999
40002/0/40100208/40100210,2026-08-31,140657870000.0,40002,2026-08-31 23:59:59.999999999
40002/0/40100208/40100210,2026-09-30,141502800000.0,40002,2026-09-30 23:59:59.999999999
40002/0/40100208/40100210,2026-10-31,142300790000.0,40002,2026-10-31 23:59:59.999999999
40002/0/40100208/40100210,2026-11-30,143027750000.0,40002,2026-11-30 23:59:59.999999999
40002/0/40100208/40100210,2026-12-31,143774680000.0,40002,2026-12-31 23:59:59.999999999
40002/0/40100208/40100210,2027-01-31,144551890000.0,40002,2027-01-31 23:59:59.999999999
40002/0/40100208/40100210,2027-02-28,145346540000.0,40002,2027-02-28 23:59:59.999999999
40002/0/40100208/40100210,2027-03-31,146135150000.0,40002,2027-03-31 23:59:59.999999999
40002/0/40100208/40100210,2027-04-30,146926490000.0,40002,2027-04-30 23:59:59.999999999
40002/0/40100208/40100210,2027-05-31,147713080000.0,40002,2027-05-31 23:59:59.999999999
40002/0/40100208/40100210/0,2024-12-31,124482790000.0,40002,2024-12-31 23:59:59.999999999
40002/0/40100208/40100210/0,2025-01-31,125171350000.0,40002,2025-01-31 23:59:59.999999999
40002/0/40100208/40100210/0,2025-02-28,126076710000.0,40002,2025-02-28 23:59:59.999999999
40002/0/40100208/40100210/0,2025-03-31,126904920000.0,40002,2025-03-31 23:59:59.999999999
40002/0/40100208/40100210/0,2025-04-30,127766440000.0,40002,2025-04-30 23:59:59.999999999
40002/0/40100208/40100210/0,2025-05-31,128567760000.0,40002,2025-05-31 23:59:59.999999999
40002/0/40100208/40100210/0,2025-06-30,129378080000.0,40002,2025-06-30 23:59:59.999999999
40002/0/40100208/40100210/0,2025-07-31,130324726000.0,40002,2025-07-31 23:59:59.999999999
40002/0/40100208/40100210/0,2025-08-31,131202280000.0,40002,2025-08-31 23:59:59.999999999
40002/0/40100208/40100210/0,2025-09-30,132198650000.0,40002,2025-09-30 23:59:59.999999999
40002/0/40100208/40100210/0,2025-10-31,133028725000.0,40002,2025-10-31 23:59:59.999999999
40002/0/40100208/40100210/0,2025-11-30,133607370000.0,40002,2025-11-30 23:59:59.999999999
40002/0/40100208/40100210/0,2025-12-31,134256640000.0,40002,2025-12-31 23:59:59.999999999
40002/0/40100208/40100210/0,2026-01-31,135013010000.0,40002,2026-01-31 23:59:59.999999999
40002/0/40100208/40100210/0,2026-02-28,135831120000.0,40002,2026-02-28 23:59:59.999999999
40002/0/40100208/40100210/0,2026-03-31,136627790000.0,40002,2026-03-31 23:59:59.999999999
40002/0/40100208/40100210/0,2026-04-30,137434120000.0,40002,2026-04-30 23:59:59.999999999
40002/0/40100208/40100210/0,2026-05-31,138223620000.0,40002,2026-05-31 23:59:59.999999999
40002/0/40100208/40100210/0,2026-06-30,139015780000.0,40002,2026-06-30 23:59:59.999999999
40002/0/40100208/40100210/0,2026-07-31,139846570000.0,40002,2026-07-31 23:59:59.999999999
40002/0/40100208/40100210/0,2026-08-31,140657870000.0,40002,2026-08-31 23:59:59.999999999
40002/0/40100208/40100210/0,2026-09-30,141502800000.0,40002,2026-09-30 23:59:59.999999999
40002/0/40100208/40100210/0,2026-10-31,142300790000.0,40002,2026-10-31 23:59:59.999999999
40002/0/40100208/40100210/0,2026-11-30,143027750000.0,40002,2026-11-30 23:59:59.999999999
40002/0/40100208/40100210/0,2026-12-31,143774680000.0,40002,2026-12-31 23:59:59.999999999
40002/0/40100208/40100210/0,2027-01-31,144551890000.0,40002,2027-01-31 23:59:59.999999999
40002/0/40100208/40100210/0,2027-02-28,145346540000.0,40002,2027-02-28 23:59:59.999999999
40002/0/40100208/40100210/0,2027-03-31,146135150000.0,40002,2027-03-31 23:59:59.999999999
40002/0/40100208/40100210/0,2027-04-30,146926490000.0,40002,2027-04-30 23:59:59.999999999
40002/0/40100208/40100210/0,2027-05-31,147713080000.0,40002,2027-05-31 23:59:59.999999999
40002/0/40100208/40100211,2024-12-31,1577704.0,40002,2024-12-31 23:59:59.999999999
40002/0/40100208/40100211,2025-01-31,-1003210.4,40002,2025-01-31 23:59:59.999999999
40002/0/40100208/40100211,2025-02-28,-3830309.0,40002,2025-02-28 23:59:59.999999999
40002/0/40100208/40100211,2025-03-31,-7034228.0,40002,2025-03-31 23:59:59.999999999
40002/0/40100208/40100211,2025-04-30,-10488053.0,40002,2025-04-30 23:59:59.999999999
40002/0/40100208/40100211,2025-05-31,-14389337.0,40002,2025-05-31 23:59:59.999999999
40002/0/40100208/40100211,2025-06-30,-18330726.0,40002,2025-06-30 23:59:59.999999999
40002/0/40100208/40100211,2025-07-31,-22545928.0,40002,2025-07-31 23:59:59.999999999
40002/0/40100208/40100211,2025-08-31,-26986432.0,40002,2025-08-31 23:59:59.999999999
40002/0/40100208/40100211,2025-09-30,-31600040.0,40002,2025-09-30 23:59:59.999999999
40002/0/40100208/40100211,2025-10-31,-36360400.0,40002,2025-10-31 23:59:59.999999999
40002/0/40100208/40100211,2025-11-30,-41391410.0,40002,2025-11-30 23:59:59.999999999
40002/0/40100208/40100211,2025-12-31,-46684660.0,40002,2025-12-31 23:59:59.999999999
40002/0/40100208/40100211,2026-01-31,-52164228.0,40002,2026-01-31 23:59:59.999999999
40002/0/40100208/40100211,2026-02-28,-57809916.0,40002,2026-02-28 23:59:59.999999999
40002/0/40100208/40100211,2026-03-31,-63624630.0,40002,2026-03-31 23:59:59.999999999
40002/0/40100208/40100211,2026-04-30,-69586730.0,40002,2026-04-30 23:59:59.999999999
40002/0/40100208/40100211,2026-05-31,-75707010.0,40002,2026-05-31 23:59:59.999999999
40002/0/40100208/40100211,2026-06-30,-81937570.0,40002,2026-06-30 23:59:59.999999999
40002/0/40100208/40100211,2026-07-31,-88293910.0,40002,2026-07-31 23:59:59.999999999
40002/0/40100208/40100211,2026-08-31,-94764380.0,40002,2026-08-31 23:59:59.999999999
40002/0/40100208/40100211,2026-09-30,-101337460.0,40002,2026-09-30 23:59:59.999999999
40002/0/40100208/40100211,2026-10-31,-108004580.0,40002,2026-10-31 23:59:59.999999999
40002/0/40100208/40100211,2026-11-30,-114772330.0,40002,2026-11-30 23:59:59.999999999
40002/0/40100208/40100211,2026-12-31,-121634740.0,40002,2026-12-31 23:59:59.999999999
40002/0/40100208/40100211,2027-01-31,-128579540.0,40002,2027-01-31 23:59:59.999999999
40002/0/40100208/40100211,2027-02-28,-135600290.0,40002,2027-02-28 23:59:59.999999999
40002/0/40100208/40100211,2027-03-31,-142693120.0,40002,2027-03-31 23:59:59.999999999
40002/0/40100208/40100211,2027-04-30,-149852030.0,40002,2027-04-30 23:59:59.999999999
40002/0/40100208/40100211,2027-05-31,-157074500.0,40002,2027-05-31 23:59:59.999999999
40002/0/40100208/40100211/40100212,2024-12-31,1575888.9,40002,2024-12-31 23:59:59.999999999
40002/0/40100208/40100211/40100212,2025-01-31,-1006100.56,40002,2025-01-31 23:59:59.999999999
40002/0/40100208/40100211/40100212,2025-02-28,-3829149.8,40002,2025-02-28 23:59:59.999999999
40002/0/40100208/40100211/40100212,2025-03-31,-7029348.0,40002,2025-03-31 23:59:59.999999999
40002/0/40100208/40100211/40100212,2025-04-30,-10476472.0,40002,2025-04-30 23:59:59.999999999
40002/0/40100208/40100211/40100212,2025-05-31,-14375334.0,40002,2025-05-31 23:59:59.999999999
40002/0/40100208/40100211/40100212,2025-06-30,-18306012.0,40002,2025-06-30 23:59:59.999999999
40002/0/40100208/40100211/40100212,2025-07-31,-22510544.0,40002,2025-07-31 23:59:59.999999999
40002/0/40100208/40100211/40100212,2025-08-31,-26939472.0,40002,2025-08-31 23:59:59.999999999
40002/0/40100208/40100211/40100212,2025-09-30,-31539488.0,40002,2025-09-30 23:59:59.999999999
40002/0/40100208/40100211/40100212,2025-10-31,-36283932.0,40002,2025-10-31 23:59:59.999999999
40002/0/40100208/40100211/40100212,2025-11-30,-41301264.0,40002,2025-11-30 23:59:59.999999999
40002/0/40100208/40100211/40100212,2025-12-31,-46583456.0,40002,2025-12-31 23:59:59.999999999
40002/0/40100208/40100211/40100212,2026-01-31,-52052290.0,40002,2026-01-31 23:59:59.999999999
40002/0/40100208/40100211/40100212,2026-02-28,-57686870.0,40002,2026-02-28 23:59:59.999999999
40002/0/40100208/40100211/40100212,2026-03-31,-63491140.0,40002,2026-03-31 23:59:59.999999999
40002/0/40100208/40100211/40100212,2026-04-30,-69442750.0,40002,2026-04-30 23:59:59.999999999
40002/0/40100208/40100211/40100212,2026-05-31,-75553930.0,40002,2026-05-31 23:59:59.999999999
40002/0/40100208/40100211/40100212,2026-06-30,-81774250.0,40002,2026-06-30 23:59:59.999999999
40002/0/40100208/40100211/40100212,2026-07-31,-88120820.0,40002,2026-07-31 23:59:59.999999999
40002/0/40100208/40100211/40100212,2026-08-31,-94581784.0,40002,2026-08-31 23:59:59.999999999
40002/0/40100208/40100211/40100212,2026-09-30,-101145370.0,40002,2026-09-30 23:59:59.999999999
40002/0/40100208/40100211/40100212,2026-10-31,-107802936.0,40002,2026-10-31 23:59:59.999999999
40002/0/40100208/40100211/40100212,2026-11-30,-114561960.0,40002,2026-11-30 23:59:59.999999999
40002/0/40100208/40100211/40100212,2026-12-31,-121416490.0,40002,2026-12-31 23:59:59.999999999
40002/0/40100208/40100211/40100212,2027-01-31,-128353820.0,40002,2027-01-31 23:59:59.999999999
40002/0/40100208/40100211/40100212,2027-02-28,-135367400.0,40002,2027-02-28 23:59:59.999999999
40002/0/40100208/40100211/40100212,2027-03-31,-142453470.0,40002,2027-03-31 23:59:59.999999999
40002/0/40100208/40100211/40100212,2027-04-30,-149605940.0,40002,2027-04-30 23:59:59.999999999
40002/0/40100208/40100211/40100212,2027-05-31,-156822450.0,40002,2027-05-31 23:59:59.999999999
40002/0/40100208/40100211/40100213,2024-12-31,-92.52756,40002,2024-12-31 23:59:59.999999999
40002/0/40100208/40100211/40100213,2025-01-31,-88.86968,40002,2025-01-31 23:59:59.999999999
40002/0/40100208/40100211/40100213,2025-02-28,-42.26567,40002,2025-02-28 23:59:59.999999999
40002/0/40100208/40100211/40100213,2025-03-31,-20.672201,40002,2025-03-31 23:59:59.999999999
40002/0/40100208/40100211/40100213,2025-04-30,-32.396786,40002,2025-04-30 23:59:59.999999999
40002/0/40100208/40100211/40100213,2025-05-31,-48.722702,40002,2025-05-31 23:59:59.999999999
40002/0/40100208/40100211/40100213,2025-06-30,-51.234116,40002,2025-06-30 23:59:59.999999999
40002/0/40100208/40100211/40100213,2025-07-31,-44.59369,40002,2025-07-31 23:59:59.999999999
40002/0/40100208/40100211/40100213,2025-08-31,-40.04957,40002,2025-08-31 23:59:59.999999999
40002/0/40100208/40100211/40100213,2025-09-30,-40.98455,40002,2025-09-30 23:59:59.999999999
40002/0/40100208/40100211/40100213,2025-10-31,-43.651985,40002,2025-10-31 23:59:59.999999999
40002/0/40100208/40100211/40100213,2025-11-30,-44.536816,40002,2025-11-30 23:59:59.999999999
40002/0/40100208/40100211/40100213,2025-12-31,-43.689735,40002,2025-12-31 23:59:59.999999999
40002/0/40100208/40100211/40100213,2026-01-31,-42.836945,40002,2026-01-31 23:59:59.999999999
40002/0/40100208/40100211/40100213,2026-02-28,-42.819298,40002,2026-02-28 23:59:59.999999999
40002/0/40100208/40100211/40100213,2026-03-31,-43.223076,40002,2026-03-31 23:59:59.999999999
40002/0/40100208/40100211/40100213,2026-04-30,-43.43404,40002,2026-04-30 23:59:59.999999999
40002/0/40100208/40100211/40100213,2026-05-31,-43.344425,40002,2026-05-31 23:59:59.999999999
40002/0/40100208/40100211/40100213,2026-06-30,-43.197426,40002,2026-06-30 23:59:59.999999999
40002/0/40100208/40100211/40100213,2026-07-31,-43.16709,40002,2026-07-31 23:59:59.999999999
40002/0/40100208/40100211/40100213,2026-08-31,-43.22301,40002,2026-08-31 23:59:59.999999999
40002/0/40100208/40100211/40100213,2026-09-30,-43.265724,40002,2026-09-30 23:59:59.999999999
40002/0/40100208/40100211/40100213,2026-10-31,-43.26008,40002,2026-10-31 23:59:59.999999999
40002/0/40100208/40100211/40100213,2026-11-30,-43.23658,40002,2026-11-30 23:59:59.999999999
40002/0/40100208/40100211/40100213,2026-12-31,-43.22753,40002,2026-12-31 23:59:59.999999999
40002/0/40100208/40100211/40100213,2027-01-31,-43.234367,40002,2027-01-31 23:59:59.999999999
40002/0/40100208/40100211/40100213,2027-02-28,-43.24217,40002,2027-02-28 23:59:59.999999999
40002/0/40100208/40100211/40100213,2027-03-31,-43.242775,40002,2027-03-31 23:59:59.999999999
40002/0/40100208/40100211/40100213,2027-04-30,-43.239304,40002,2027-04-30 23:59:59.999999999
40002/0/40100208/40100211/40100213,2027-05-31,-43.23727,40002,2027-05-31 23:59:59.999999999
40002/0/40100208/40100214,2024-12-31,0.0,40002,2024-12-31 23:59:59.999999999
40002/0/40100208/40100214,2025-01-31,0.0,40002,2025-01-31 23:59:59.999999999
40002/0/40100208/40100214,2025-02-28,0.0,40002,2025-02-28 23:59:59.999999999
40002/0/40100208/40100214,2025-03-31,0.0,40002,2025-03-31 23:59:59.999999999
40002/0/40100208/40100214,2025-04-30,0.0,40002,2025-04-30 23:59:59.999999999
40002/0/40100208/40100214,2025-05-31,0.0,40002,2025-05-31 23:59:59.999999999
40002/0/40100208/40100214,2025-06-30,0.0,40002,2025-06-30 23:59:59.999999999
40002/0/40100208/40100214,2025-07-31,0.0,40002,2025-07-31 23:59:59.999999999
40002/0/40100208/40100214,2025-08-31,0.0,40002,2025-08-31 23:59:59.999999999
40002/0/40100208/40100214,2025-09-30,0.0,40002,2025-09-30 23:59:59.999999999
40002/0/40100208/40100214,2025-10-31,0.0,40002,2025-10-31 23:59:59.999999999
40002/0/40100208/40100214,2025-11-30,0.0,40002,2025-11-30 23:59:59.999999999
40002/0/40100208/40100214,2025-12-31,0.0,40002,2025-12-31 23:59:59.999999999
40002/0/40100208/40100214,2026-01-31,0.0,40002,2026-01-31 23:59:59.999999999
40002/0/40100208/40100214,2026-02-28,0.0,40002,2026-02-28 23:59:59.999999999
40002/0/40100208/40100214,2026-03-31,0.0,40002,2026-03-31 23:59:59.999999999
40002/0/40100208/40100214,2026-04-30,0.0,40002,2026-04-30 23:59:59.999999999
40002/0/40100208/40100214,2026-05-31,0.0,40002,2026-05-31 23:59:59.999999999
40002/0/40100208/40100214,2026-06-30,0.0,40002,2026-06-30 23:59:59.999999999
40002/0/40100208/40100214,2026-07-31,0.0,40002,2026-07-31 23:59:59.999999999
40002/0/40100208/40100214,2026-08-31,0.0,40002,2026-08-31 23:59:59.999999999
40002/0/40100208/40100214,2026-09-30,0.0,40002,2026-09-30 23:59:59.999999999
40002/0/40100208/40100214,2026-10-31,0.0,40002,2026-10-31 23:59:59.999999999
40002/0/40100208/40100214,2026-11-30,0.0,40002,2026-11-30 23:59:59.999999999
40002/0/40100208/40100214,2026-12-31,0.0,40002,2026-12-31 23:59:59.999999999
40002/0/40100208/40100214,2027-01-31,0.0,40002,2027-01-31 23:59:59.999999999
40002/0/40100208/40100214,2027-02-28,0.0,40002,2027-02-28 23:59:59.999999999
40002/0/40100208/40100214,2027-03-31,0.0,40002,2027-03-31 23:59:59.999999999
40002/0/40100208/40100214,2027-04-30,0.0,40002,2027-04-30 23:59:59.999999999
40002/0/40100208/40100214,2027-05-31,0.0,40002,2027-05-31 23:59:59.999999999
40002/0/40100208/40100214/0,2024-12-31,0.0,40002,2024-12-31 23:59:59.999999999
40002/0/40100208/40100214/0,2025-01-31,0.0,40002,2025-01-31 23:59:59.999999999
40002/0/40100208/40100214/0,2025-02-28,0.0,40002,2025-02-28 23:59:59.999999999
40002/0/40100208/40100214/0,2025-03-31,0.0,40002,2025-03-31 23:59:59.999999999
40002/0/40100208/40100214/0,2025-04-30,0.0,40002,2025-04-30 23:59:59.999999999
40002/0/40100208/40100214/0,2025-05-31,0.0,40002,2025-05-31 23:59:59.999999999
40002/0/40100208/40100214/0,2025-06-30,0.0,40002,2025-06-30 23:59:59.999999999
40002/0/40100208/40100214/0,2025-07-31,0.0,40002,2025-07-31 23:59:59.999999999
40002/0/40100208/40100214/0,2025-08-31,0.0,40002,2025-08-31 23:59:59.999999999
40002/0/40100208/40100214/0,2025-09-30,0.0,40002,2025-09-30 23:59:59.999999999
40002/0/40100208/40100214/0,2025-10-31,0.0,40002,2025-10-31 23:59:59.999999999
40002/0/40100208/40100214/0,2025-11-30,0.0,40002,2025-11-30 23:59:59.999999999
40002/0/40100208/40100214/0,2025-12-31,0.0,40002,2025-12-31 23:59:59.999999999
40002/0/40100208/40100214/0,2026-01-31,0.0,40002,2026-01-31 23:59:59.999999999
40002/0/40100208/40100214/0,2026-02-28,0.0,40002,2026-02-28 23:59:59.999999999
40002/0/40100208/40100214/0,2026-03-31,0.0,40002,2026-03-31 23:59:59.999999999
40002/0/40100208/40100214/0,2026-04-30,0.0,40002,2026-04-30 23:59:59.999999999
40002/0/40100208/40100214/0,2026-05-31,0.0,40002,2026-05-31 23:59:59.999999999
40002/0/40100208/40100214/0,2026-06-30,0.0,40002,2026-06-30 23:59:59.999999999
40002/0/40100208/40100214/0,2026-07-31,0.0,40002,2026-07-31 23:59:59.999999999
40002/0/40100208/40100214/0,2026-08-31,0.0,40002,2026-08-31 23:59:59.999999999
40002/0/40100208/40100214/0,2026-09-30,0.0,40002,2026-09-30 23:59:59.999999999
40002/0/40100208/40100214/0,2026-10-31,0.0,40002,2026-10-31 23:59:59.999999999
40002/0/40100208/40100214/0,2026-11-30,0.0,40002,2026-11-30 23:59:59.999999999
40002/0/40100208/40100214/0,2026-12-31,0.0,40002,2026-12-31 23:59:59.999999999
40002/0/40100208/40100214/0,2027-01-31,0.0,40002,2027-01-31 23:59:59.999999999
40002/0/40100208/40100214/0,2027-02-28,0.0,40002,2027-02-28 23:59:59.999999999
40002/0/40100208/40100214/0,2027-03-31,0.0,40002,2027-03-31 23:59:59.999999999
40002/0/40100208/40100214/0,2027-04-30,0.0,40002,2027-04-30 23:59:59.999999999
40002/0/40100208/40100214/0,2027-05-31,0.0,40002,2027-05-31 23:59:59.999999999
40002/0/40100208/40100215,2024-12-31,0.0,40002,2024-12-31 23:59:59.999999999
40002/0/40100208/40100215,2025-01-31,0.0,40002,2025-01-31 23:59:59.999999999
40002/0/40100208/40100215,2025-02-28,0.0,40002,2025-02-28 23:59:59.999999999
40002/0/40100208/40100215,2025-03-31,0.0,40002,2025-03-31 23:59:59.999999999
40002/0/40100208/40100215,2025-04-30,0.0,40002,2025-04-30 23:59:59.999999999
40002/0/40100208/40100215,2025-05-31,0.0,40002,2025-05-31 23:59:59.999999999
40002/0/40100208/40100215,2025-06-30,0.0,40002,2025-06-30 23:59:59.999999999
40002/0/40100208/40100215,2025-07-31,0.0,40002,2025-07-31 23:59:59.999999999
40002/0/40100208/40100215,2025-08-31,0.0,40002,2025-08-31 23:59:59.999999999
40002/0/40100208/40100215,2025-09-30,0.0,40002,2025-09-30 23:59:59.999999999
40002/0/40100208/40100215,2025-10-31,0.0,40002,2025-10-31 23:59:59.999999999
40002/0/40100208/40100215,2025-11-30,0.0,40002,2025-11-30 23:59:59.999999999
40002/0/40100208/40100215,2025-12-31,0.0,40002,2025-12-31 23:59:59.999999999
40002/0/40100208/40100215,2026-01-31,0.0,40002,2026-01-31 23:59:59.999999999
40002/0/40100208/40100215,2026-02-28,0.0,40002,2026-02-28 23:59:59.999999999
40002/0/40100208/40100215,2026-03-31,0.0,40002,2026-03-31 23:59:59.999999999
40002/0/40100208/40100215,2026-04-30,0.0,40002,2026-04-30 23:59:59.999999999
40002/0/40100208/40100215,2026-05-31,0.0,40002,2026-05-31 23:59:59.999999999
40002/0/40100208/40100215,2026-06-30,0.0,40002,2026-06-30 23:59:59.999999999
40002/0/40100208/40100215,2026-07-31,0.0,40002,2026-07-31 23:59:59.999999999
40002/0/40100208/40100215,2026-08-31,0.0,40002,2026-08-31 23:59:59.999999999
40002/0/40100208/40100215,2026-09-30,0.0,40002,2026-09-30 23:59:59.999999999
40002/0/40100208/40100215,2026-10-31,0.0,40002,2026-10-31 23:59:59.999999999
40002/0/40100208/40100215,2026-11-30,0.0,40002,2026-11-30 23:59:59.999999999
40002/0/40100208/40100215,2026-12-31,0.0,40002,2026-12-31 23:59:59.999999999
40002/0/40100208/40100215,2027-01-31,0.0,40002,2027-01-31 23:59:59.999999999
40002/0/40100208/40100215,2027-02-28,0.0,40002,2027-02-28 23:59:59.999999999
40002/0/40100208/40100215,2027-03-31,0.0,40002,2027-03-31 23:59:59.999999999
40002/0/40100208/40100215,2027-04-30,0.0,40002,2027-04-30 23:59:59.999999999
40002/0/40100208/40100215,2027-05-31,0.0,40002,2027-05-31 23:59:59.999999999
40002/0/40100208/40100215/0,2024-12-31,0.0,40002,2024-12-31 23:59:59.999999999
40002/0/40100208/40100215/0,2025-01-31,0.0,40002,2025-01-31 23:59:59.999999999
40002/0/40100208/40100215/0,2025-02-28,0.0,40002,2025-02-28 23:59:59.999999999
40002/0/40100208/40100215/0,2025-03-31,0.0,40002,2025-03-31 23:59:59.999999999
40002/0/40100208/40100215/0,2025-04-30,0.0,40002,2025-04-30 23:59:59.999999999
40002/0/40100208/40100215/0,2025-05-31,0.0,40002,2025-05-31 23:59:59.999999999
40002/0/40100208/40100215/0,2025-06-30,0.0,40002,2025-06-30 23:59:59.999999999
40002/0/40100208/40100215/0,2025-07-31,0.0,40002,2025-07-31 23:59:59.999999999
40002/0/40100208/40100215/0,2025-08-31,0.0,40002,2025-08-31 23:59:59.999999999
40002/0/40100208/40100215/0,2025-09-30,0.0,40002,2025-09-30 23:59:59.999999999
40002/0/40100208/40100215/0,2025-10-31,0.0,40002,2025-10-31 23:59:59.999999999
40002/0/40100208/40100215/0,2025-11-30,0.0,40002,2025-11-30 23:59:59.999999999
40002/0/40100208/40100215/0,2025-12-31,0.0,40002,2025-12-31 23:59:59.999999999
40002/0/40100208/40100215/0,2026-01-31,0.0,40002,2026-01-31 23:59:59.999999999
40002/0/40100208/40100215/0,2026-02-28,0.0,40002,2026-02-28 23:59:59.999999999
40002/0/40100208/40100215/0,2026-03-31,0.0,40002,2026-03-31 23:59:59.999999999
40002/0/40100208/40100215/0,2026-04-30,0.0,40002,2026-04-30 23:59:59.999999999
40002/0/40100208/40100215/0,2026-05-31,0.0,40002,2026-05-31 23:59:59.999999999
40002/0/40100208/40100215/0,2026-06-30,0.0,40002,2026-06-30 23:59:59.999999999
40002/0/40100208/40100215/0,2026-07-31,0.0,40002,2026-07-31 23:59:59.999999999
40002/0/40100208/40100215/0,2026-08-31,0.0,40002,2026-08-31 23:59:59.999999999
40002/0/40100208/40100215/0,2026-09-30,0.0,40002,2026-09-30 23:59:59.999999999
40002/0/40100208/40100215/0,2026-10-31,0.0,40002,2026-10-31 23:59:59.999999999
40002/0/40100208/40100215/0,2026-11-30,0.0,40002,2026-11-30 23:59:59.999999999
40002/0/40100208/40100215/0,2026-12-31,0.0,40002,2026-12-31 23:59:59.999999999
40002/0/40100208/40100215/0,2027-01-31,0.0,40002,2027-01-31 23:59:59.999999999
40002/0/40100208/40100215/0,2027-02-28,0.0,40002,2027-02-28 23:59:59.999999999
40002/0/40100208/40100215/0,2027-03-31,0.0,40002,2027-03-31 23:59:59.999999999
40002/0/40100208/40100215/0,2027-04-30,0.0,40002,2027-04-30 23:59:59.999999999
40002/0/40100208/40100215/0,2027-05-31,0.0,40002,2027-05-31 23:59:59.999999999
40002/0/40100208/40100216,2024-12-31,872999.25,40002,2024-12-31 23:59:59.999999999
40002/0/40100208/40100216,2025-01-31,872999.25,40002,2025-01-31 23:59:59.999999999
40002/0/40100208/40100216,2025-02-28,872999.25,40002,2025-02-28 23:59:59.999999999
40002/0/40100208/40100216,2025-03-31,872999.25,40002,2025-03-31 23:59:59.999999999
40002/0/40100208/40100216,2025-04-30,872999.25,40002,2025-04-30 23:59:59.999999999
40002/0/40100208/40100216,2025-05-31,872999.25,40002,2025-05-31 23:59:59.999999999
40002/0/40100208/40100216,2025-06-30,872999.25,40002,2025-06-30 23:59:59.999999999
40002/0/40100208/40100216,2025-07-31,872999.25,40002,2025-07-31 23:59:59.999999999
40002/0/40100208/40100216,2025-08-31,872999.25,40002,2025-08-31 23:59:59.999999999
40002/0/40100208/40100216,2025-09-30,872999.25,40002,2025-09-30 23:59:59.999999999
40002/0/40100208/40100216,2025-10-31,872999.25,40002,2025-10-31 23:59:59.999999999
40002/0/40100208/40100216,2025-11-30,872999.25,40002,2025-11-30 23:59:59.999999999
40002/0/40100208/40100216,2025-12-31,872999.25,40002,2025-12-31 23:59:59.999999999
40002/0/40100208/40100216,2026-01-31,872999.25,40002,2026-01-31 23:59:59.999999999
40002/0/40100208/40100216,2026-02-28,872999.25,40002,2026-02-28 23:59:59.999999999
40002/0/40100208/40100216,2026-03-31,872999.25,40002,2026-03-31 23:59:59.999999999
40002/0/40100208/40100216,2026-04-30,872999.25,40002,2026-04-30 23:59:59.999999999
40002/0/40100208/40100216,2026-05-31,872999.25,40002,2026-05-31 23:59:59.999999999
40002/0/40100208/40100216,2026-06-30,872999.25,40002,2026-06-30 23:59:59.999999999
40002/0/40100208/40100216,2026-07-31,872999.25,40002,2026-07-31 23:59:59.999999999
40002/0/40100208/40100216,2026-08-31,872999.25,40002,2026-08-31 23:59:59.999999999
40002/0/40100208/40100216,2026-09-30,872999.25,40002,2026-09-30 23:59:59.999999999
40002/0/40100208/40100216,2026-10-31,872999.25,40002,2026-10-31 23:59:59.999999999
40002/0/40100208/40100216,2026-11-30,872999.25,40002,2026-11-30 23:59:59.999999999
40002/0/40100208/40100216,2026-12-31,872999.25,40002,2026-12-31 23:59:59.999999999
40002/0/40100208/40100216,2027-01-31,872999.25,40002,2027-01-31 23:59:59.999999999
40002/0/40100208/40100216,2027-02-28,872999.25,40002,2027-02-28 23:59:59.999999999
40002/0/40100208/40100216,2027-03-31,872999.25,40002,2027-03-31 23:59:59.999999999
40002/0/40100208/40100216,2027-04-30,872999.25,40002,2027-04-30 23:59:59.999999999
40002/0/40100208/40100216,2027-05-31,872999.25,40002,2027-05-31 23:59:59.999999999
40002/0/40100208/40100216/0,2024-12-31,872999.25,40002,2024-12-31 23:59:59.999999999
40002/0/40100208/40100216/0,2025-01-31,872999.25,40002,2025-01-31 23:59:59.999999999
40002/0/40100208/40100216/0,2025-02-28,872999.25,40002,2025-02-28 23:59:59.999999999
40002/0/40100208/40100216/0,2025-03-31,872999.25,40002,2025-03-31 23:59:59.999999999
40002/0/40100208/40100216/0,2025-04-30,872999.25,40002,2025-04-30 23:59:59.999999999
40002/0/40100208/40100216/0,2025-05-31,872999.25,40002,2025-05-31 23:59:59.999999999
40002/0/40100208/40100216/0,2025-06-30,872999.25,40002,2025-06-30 23:59:59.999999999
40002/0/40100208/40100216/0,2025-07-31,872999.25,40002,2025-07-31 23:59:59.999999999
40002/0/40100208/40100216/0,2025-08-31,872999.25,40002,2025-08-31 23:59:59.999999999
40002/0/40100208/40100216/0,2025-09-30,872999.25,40002,2025-09-30 23:59:59.999999999
40002/0/40100208/40100216/0,2025-10-31,872999.25,40002,2025-10-31 23:59:59.999999999
40002/0/40100208/40100216/0,2025-11-30,872999.25,40002,2025-11-30 23:59:59.999999999
40002/0/40100208/40100216/0,2025-12-31,872999.25,40002,2025-12-31 23:59:59.999999999
40002/0/40100208/40100216/0,2026-01-31,872999.25,40002,2026-01-31 23:59:59.999999999
40002/0/40100208/40100216/0,2026-02-28,872999.25,40002,2026-02-28 23:59:59.999999999
40002/0/40100208/40100216/0,2026-03-31,872999.25,40002,2026-03-31 23:59:59.999999999
40002/0/40100208/40100216/0,2026-04-30,872999.25,40002,2026-04-30 23:59:59.999999999
40002/0/40100208/40100216/0,2026-05-31,872999.25,40002,2026-05-31 23:59:59.999999999
40002/0/40100208/40100216/0,2026-06-30,872999.25,40002,2026-06-30 23:59:59.999999999
40002/0/40100208/40100216/0,2026-07-31,872999.25,40002,2026-07-31 23:59:59.999999999
40002/0/40100208/40100216/0,2026-08-31,872999.25,40002,2026-08-31 23:59:59.999999999
40002/0/40100208/40100216/0,2026-09-30,872999.25,40002,2026-09-30 23:59:59.999999999
40002/0/40100208/40100216/0,2026-10-31,872999.25,40002,2026-10-31 23:59:59.999999999
40002/0/40100208/40100216/0,2026-11-30,872999.25,40002,2026-11-30 23:59:59.999999999
40002/0/40100208/40100216/0,2026-12-31,872999.25,40002,2026-12-31 23:59:59.999999999
40002/0/40100208/40100216/0,2027-01-31,872999.25,40002,2027-01-31 23:59:59.999999999
40002/0/40100208/40100216/0,2027-02-28,872999.25,40002,2027-02-28 23:59:59.999999999
40002/0/40100208/40100216/0,2027-03-31,872999.25,40002,2027-03-31 23:59:59.999999999
40002/0/40100208/40100216/0,2027-04-30,872999.25,40002,2027-04-30 23:59:59.999999999
40002/0/40100208/40100216/0,2027-05-31,872999.25,40002,2027-05-31 23:59:59.999999999
40002/0/40100218,2024-12-31,120822670000.0,40002,2024-12-31 23:59:59.999999999
40002/0/40100218,2025-01-31,122633806000.0,40002,2025-01-31 23:59:59.999999999
40002/0/40100218,2025-02-28,124444950000.0,40002,2025-02-28 23:59:59.999999999
40002/0/40100218,2025-03-31,126256090000.0,40002,2025-03-31 23:59:59.999999999
40002/0/40100218,2025-04-30,128067230000.0,40002,2025-04-30 23:59:59.999999999
40002/0/40100218,2025-05-31,129878370000.0,40002,2025-05-31 23:59:59.999999999
40002/0/40100218,2025-06-30,131689510000.0,40002,2025-06-30 23:59:59.999999999
40002/0/40100218,2025-07-31,133500660000.0,40002,2025-07-31 23:59:59.999999999
40002/0/40100218,2025-08-31,135311794000.0,40002,2025-08-31 23:59:59.999999999
40002/0/40100218,2025-09-30,137122940000.0,40002,2025-09-30 23:59:59.999999999
40002/0/40100218,2025-10-31,138934080000.0,40002,2025-10-31 23:59:59.999999999
40002/0/40100218,2025-11-30,140745210000.0,40002,2025-11-30 23:59:59.999999999
40002/0/40100218,2025-12-31,142556360000.0,40002,2025-12-31 23:59:59.999999999
40002/0/40100218,2026-01-31,144367500000.0,40002,2026-01-31 23:59:59.999999999
40002/0/40100218,2026-02-28,146178640000.0,40002,2026-02-28 23:59:59.999999999
40002/0/40100218,2026-03-31,147989790000.0,40002,2026-03-31 23:59:59.999999999
40002/0/40100218,2026-04-30,149800930000.0,40002,2026-04-30 23:59:59.999999999
40002/0/40100218,2026-05-31,151612060000.0,40002,2026-05-31 23:59:59.999999999
40002/0/40100218,2026-06-30,153423200000.0,40002,2026-06-30 23:59:59.999999999
40002/0/40100218,2026-07-31,155234350000.0,40002,2026-07-31 23:59:59.999999999
40002/0/40100218,2026-08-31,157045490000.0,40002,2026-08-31 23:59:59.999999999
40002/0/40100218,2026-09-30,158856630000.0,40002,2026-09-30 23:59:59.999999999
40002/0/40100218,2026-10-31,160667760000.0,40002,2026-10-31 23:59:59.999999999
40002/0/40100218,2026-11-30,162478920000.0,40002,2026-11-30 23:59:59.999999999
40002/0/40100218,2026-12-31,164290050000.0,40002,2026-12-31 23:59:59.999999999
40002/0/40100218,2027-01-31,166101190000.0,40002,2027-01-31 23:59:59.999999999
40002/0/40100218,2027-02-28,167912340000.0,40002,2027-02-28 23:59:59.999999999
40002/0/40100218,2027-03-31,169723480000.0,40002,2027-03-31 23:59:59.999999999
40002/0/40100218,2027-04-30,171534610000.0,40002,2027-04-30 23:59:59.999999999
40002/0/40100218,2027-05-31,173345750000.0,40002,2027-05-31 23:59:59.999999999
40002/0/40100218/0,2024-12-31,120822670000.0,40002,2024-12-31 23:59:59.999999999
40002/0/40100218/0,2025-01-31,122633806000.0,40002,2025-01-31 23:59:59.999999999
40002/0/40100218/0,2025-02-28,124444950000.0,40002,2025-02-28 23:59:59.999999999
40002/0/40100218/0,2025-03-31,126256090000.0,40002,2025-03-31 23:59:59.999999999
40002/0/40100218/0,2025-04-30,128067230000.0,40002,2025-04-30 23:59:59.999999999
40002/0/40100218/0,2025-05-31,129878370000.0,40002,2025-05-31 23:59:59.999999999
40002/0/40100218/0,2025-06-30,131689510000.0,40002,2025-06-30 23:59:59.999999999
40002/0/40100218/0,2025-07-31,133500660000.0,40002,2025-07-31 23:59:59.999999999
40002/0/40100218/0,2025-08-31,135311794000.0,40002,2025-08-31 23:59:59.999999999
40002/0/40100218/0,2025-09-30,137122940000.0,40002,2025-09-30 23:59:59.999999999
40002/0/40100218/0,2025-10-31,138934080000.0,40002,2025-10-31 23:59:59.999999999
40002/0/40100218/0,2025-11-30,140745210000.0,40002,2025-11-30 23:59:59.999999999
40002/0/40100218/0,2025-12-31,142556360000.0,40002,2025-12-31 23:59:59.999999999
40002/0/40100218/0,2026-01-31,144367500000.0,40002,2026-01-31 23:59:59.999999999
40002/0/40100218/0,2026-02-28,146178640000.0,40002,2026-02-28 23:59:59.999999999
40002/0/40100218/0,2026-03-31,147989790000.0,40002,2026-03-31 23:59:59.999999999
40002/0/40100218/0,2026-04-30,149800930000.0,40002,2026-04-30 23:59:59.999999999
40002/0/40100218/0,2026-05-31,151612060000.0,40002,2026-05-31 23:59:59.999999999
40002/0/40100218/0,2026-06-30,153423200000.0,40002,2026-06-30 23:59:59.999999999
40002/0/40100218/0,2026-07-31,155234350000.0,40002,2026-07-31 23:59:59.999999999
40002/0/40100218/0,2026-08-31,157045490000.0,40002,2026-08-31 23:59:59.999999999
40002/0/40100218/0,2026-09-30,158856630000.0,40002,2026-09-30 23:59:59.999999999
40002/0/40100218/0,2026-10-31,160667760000.0,40002,2026-10-31 23:59:59.999999999
40002/0/40100218/0,2026-11-30,162478920000.0,40002,2026-11-30 23:59:59.999999999
40002/0/40100218/0,2026-12-31,164290050000.0,40002,2026-12-31 23:59:59.999999999
40002/0/40100218/0,2027-01-31,166101190000.0,40002,2027-01-31 23:59:59.999999999
40002/0/40100218/0,2027-02-28,167912340000.0,40002,2027-02-28 23:59:59.999999999
40002/0/40100218/0,2027-03-31,169723480000.0,40002,2027-03-31 23:59:59.999999999
40002/0/40100218/0,2027-04-30,171534610000.0,40002,2027-04-30 23:59:59.999999999
40002/0/40100218/0,2027-05-31,173345750000.0,40002,2027-05-31 23:59:59.999999999
40002/0/40100218/0/0,2024-12-31,120822670000.0,40002,2024-12-31 23:59:59.999999999
40002/0/40100218/0/0,2025-01-31,122633806000.0,40002,2025-01-31 23:59:59.999999999
40002/0/40100218/0/0,2025-02-28,124444950000.0,40002,2025-02-28 23:59:59.999999999
40002/0/40100218/0/0,2025-03-31,126256090000.0,40002,2025-03-31 23:59:59.999999999
40002/0/40100218/0/0,2025-04-30,128067230000.0,40002,2025-04-30 23:59:59.999999999
40002/0/40100218/0/0,2025-05-31,129878370000.0,40002,2025-05-31 23:59:59.999999999
40002/0/40100218/0/0,2025-06-30,131689510000.0,40002,2025-06-30 23:59:59.999999999
40002/0/40100218/0/0,2025-07-31,133500660000.0,40002,2025-07-31 23:59:59.999999999
40002/0/40100218/0/0,2025-08-31,135311794000.0,40002,2025-08-31 23:59:59.999999999
40002/0/40100218/0/0,2025-09-30,137122940000.0,40002,2025-09-30 23:59:59.999999999
40002/0/40100218/0/0,2025-10-31,138934080000.0,40002,2025-10-31 23:59:59.999999999
40002/0/40100218/0/0,2025-11-30,140745210000.0,40002,2025-11-30 23:59:59.999999999
40002/0/40100218/0/0,2025-12-31,142556360000.0,40002,2025-12-31 23:59:59.999999999
40002/0/40100218/0/0,2026-01-31,144367500000.0,40002,2026-01-31 23:59:59.999999999
40002/0/40100218/0/0,2026-02-28,146178640000.0,40002,2026-02-28 23:59:59.999999999
40002/0/40100218/0/0,2026-03-31,147989790000.0,40002,2026-03-31 23:59:59.999999999
40002/0/40100218/0/0,2026-04-30,149800930000.0,40002,2026-04-30 23:59:59.999999999
40002/0/40100218/0/0,2026-05-31,151612060000.0,40002,2026-05-31 23:59:59.999999999
40002/0/40100218/0/0,2026-06-30,153423200000.0,40002,2026-06-30 23:59:59.999999999
40002/0/40100218/0/0,2026-07-31,155234350000.0,40002,2026-07-31 23:59:59.999999999
40002/0/40100218/0/0,2026-08-31,157045490000.0,40002,2026-08-31 23:59:59.999999999
40002/0/40100218/0/0,2026-09-30,158856630000.0,40002,2026-09-30 23:59:59.999999999
40002/0/40100218/0/0,2026-10-31,160667760000.0,40002,2026-10-31 23:59:59.999999999
40002/0/40100218/0/0,2026-11-30,162478920000.0,40002,2026-11-30 23:59:59.999999999
40002/0/40100218/0/0,2026-12-31,164290050000.0,40002,2026-12-31 23:59:59.999999999
40002/0/40100218/0/0,2027-01-31,166101190000.0,40002,2027-01-31 23:59:59.999999999
40002/0/40100218/0/0,2027-02-28,167912340000.0,40002,2027-02-28 23:59:59.999999999
40002/0/40100218/0/0,2027-03-31,169723480000.0,40002,2027-03-31 23:59:59.999999999
40002/0/40100218/0/0,2027-04-30,171534610000.0,40002,2027-04-30 23:59:59.999999999
40002/0/40100218/0/0,2027-05-31,173345750000.0,40002,2027-05-31 23:59:59.999999999
40002/0/40100219,2024-12-31,0.0,40002,2024-12-31 23:59:59.999999999
40002/0/40100219,2025-01-31,0.0,40002,2025-01-31 23:59:59.999999999
40002/0/40100219,2025-02-28,0.0,40002,2025-02-28 23:59:59.999999999
40002/0/40100219,2025-03-31,0.0,40002,2025-03-31 23:59:59.999999999
40002/0/40100219,2025-04-30,0.0,40002,2025-04-30 23:59:59.999999999
40002/0/40100219,2025-05-31,0.0,40002,2025-05-31 23:59:59.999999999
40002/0/40100219,2025-06-30,0.0,40002,2025-06-30 23:59:59.999999999
40002/0/40100219,2025-07-31,0.0,40002,2025-07-31 23:59:59.999999999
40002/0/40100219,2025-08-31,0.0,40002,2025-08-31 23:59:59.999999999
40002/0/40100219,2025-09-30,0.0,40002,2025-09-30 23:59:59.999999999
40002/0/40100219,2025-10-31,0.0,40002,2025-10-31 23:59:59.999999999
40002/0/40100219,2025-11-30,0.0,40002,2025-11-30 23:59:59.999999999
40002/0/40100219,2025-12-31,0.0,40002,2025-12-31 23:59:59.999999999
40002/0/40100219,2026-01-31,0.0,40002,2026-01-31 23:59:59.999999999
40002/0/40100219,2026-02-28,0.0,40002,2026-02-28 23:59:59.999999999
40002/0/40100219,2026-03-31,0.0,40002,2026-03-31 23:59:59.999999999
40002/0/40100219,2026-04-30,0.0,40002,2026-04-30 23:59:59.999999999
40002/0/40100219,2026-05-31,0.0,40002,2026-05-31 23:59:59.999999999
40002/0/40100219,2026-06-30,0.0,40002,2026-06-30 23:59:59.999999999
40002/0/40100219,2026-07-31,0.0,40002,2026-07-31 23:59:59.999999999
40002/0/40100219,2026-08-31,0.0,40002,2026-08-31 23:59:59.999999999
40002/0/40100219,2026-09-30,0.0,40002,2026-09-30 23:59:59.999999999
40002/0/40100219,2026-10-31,0.0,40002,2026-10-31 23:59:59.999999999
40002/0/40100219,2026-11-30,0.0,40002,2026-11-30 23:59:59.999999999
40002/0/40100219,2026-12-31,0.0,40002,2026-12-31 23:59:59.999999999
40002/0/40100219,2027-01-31,0.0,40002,2027-01-31 23:59:59.999999999
40002/0/40100219,2027-02-28,0.0,40002,2027-02-28 23:59:59.999999999
40002/0/40100219,2027-03-31,0.0,40002,2027-03-31 23:59:59.999999999
40002/0/40100219,2027-04-30,0.0,40002,2027-04-30 23:59:59.999999999
40002/0/40100219,2027-05-31,0.0,40002,2027-05-31 23:59:59.999999999
40002/0/40100219/0,2024-12-31,0.0,40002,2024-12-31 23:59:59.999999999
40002/0/40100219/0,2025-01-31,0.0,40002,2025-01-31 23:59:59.999999999
40002/0/40100219/0,2025-02-28,0.0,40002,2025-02-28 23:59:59.999999999
40002/0/40100219/0,2025-03-31,0.0,40002,2025-03-31 23:59:59.999999999
40002/0/40100219/0,2025-04-30,0.0,40002,2025-04-30 23:59:59.999999999
40002/0/40100219/0,2025-05-31,0.0,40002,2025-05-31 23:59:59.999999999
40002/0/40100219/0,2025-06-30,0.0,40002,2025-06-30 23:59:59.999999999
40002/0/40100219/0,2025-07-31,0.0,40002,2025-07-31 23:59:59.999999999
40002/0/40100219/0,2025-08-31,0.0,40002,2025-08-31 23:59:59.999999999
40002/0/40100219/0,2025-09-30,0.0,40002,2025-09-30 23:59:59.999999999
40002/0/40100219/0,2025-10-31,0.0,40002,2025-10-31 23:59:59.999999999
40002/0/40100219/0,2025-11-30,0.0,40002,2025-11-30 23:59:59.999999999
40002/0/40100219/0,2025-12-31,0.0,40002,2025-12-31 23:59:59.999999999
40002/0/40100219/0,2026-01-31,0.0,40002,2026-01-31 23:59:59.999999999
40002/0/40100219/0,2026-02-28,0.0,40002,2026-02-28 23:59:59.999999999
40002/0/40100219/0,2026-03-31,0.0,40002,2026-03-31 23:59:59.999999999
40002/0/40100219/0,2026-04-30,0.0,40002,2026-04-30 23:59:59.999999999
40002/0/40100219/0,2026-05-31,0.0,40002,2026-05-31 23:59:59.999999999
40002/0/40100219/0,2026-06-30,0.0,40002,2026-06-30 23:59:59.999999999
40002/0/40100219/0,2026-07-31,0.0,40002,2026-07-31 23:59:59.999999999
40002/0/40100219/0,2026-08-31,0.0,40002,2026-08-31 23:59:59.999999999
40002/0/40100219/0,2026-09-30,0.0,40002,2026-09-30 23:59:59.999999999
40002/0/40100219/0,2026-10-31,0.0,40002,2026-10-31 23:59:59.999999999
40002/0/40100219/0,2026-11-30,0.0,40002,2026-11-30 23:59:59.999999999
40002/0/40100219/0,2026-12-31,0.0,40002,2026-12-31 23:59:59.999999999
40002/0/40100219/0,2027-01-31,0.0,40002,2027-01-31 23:59:59.999999999
40002/0/40100219/0,2027-02-28,0.0,40002,2027-02-28 23:59:59.999999999
40002/0/40100219/0,2027-03-31,0.0,40002,2027-03-31 23:59:59.999999999
40002/0/40100219/0,2027-04-30,0.0,40002,2027-04-30 23:59:59.999999999
40002/0/40100219/0,2027-05-31,0.0,40002,2027-05-31 23:59:59.999999999
40002/0/40100219/0/0,2024-12-31,0.0,40002,2024-12-31 23:59:59.999999999
40002/0/40100219/0/0,2025-01-31,0.0,40002,2025-01-31 23:59:59.999999999
40002/0/40100219/0/0,2025-02-28,0.0,40002,2025-02-28 23:59:59.999999999
40002/0/40100219/0/0,2025-03-31,0.0,40002,2025-03-31 23:59:59.999999999
40002/0/40100219/0/0,2025-04-30,0.0,40002,2025-04-30 23:59:59.999999999
40002/0/40100219/0/0,2025-05-31,0.0,40002,2025-05-31 23:59:59.999999999
40002/0/40100219/0/0,2025-06-30,0.0,40002,2025-06-30 23:59:59.999999999
40002/0/40100219/0/0,2025-07-31,0.0,40002,2025-07-31 23:59:59.999999999
40002/0/40100219/0/0,2025-08-31,0.0,40002,2025-08-31 23:59:59.999999999
40002/0/40100219/0/0,2025-09-30,0.0,40002,2025-09-30 23:59:59.999999999
40002/0/40100219/0/0,2025-10-31,0.0,40002,2025-10-31 23:59:59.999999999
40002/0/40100219/0/0,2025-11-30,0.0,40002,2025-11-30 23:59:59.999999999
40002/0/40100219/0/0,2025-12-31,0.0,40002,2025-12-31 23:59:59.999999999
40002/0/40100219/0/0,2026-01-31,0.0,40002,2026-01-31 23:59:59.999999999
40002/0/40100219/0/0,2026-02-28,0.0,40002,2026-02-28 23:59:59.999999999
40002/0/40100219/0/0,2026-03-31,0.0,40002,2026-03-31 23:59:59.999999999
40002/0/40100219/0/0,2026-04-30,0.0,40002,2026-04-30 23:59:59.999999999
40002/0/40100219/0/0,2026-05-31,0.0,40002,2026-05-31 23:59:59.999999999
40002/0/40100219/0/0,2026-06-30,0.0,40002,2026-06-30 23:59:59.999999999
40002/0/40100219/0/0,2026-07-31,0.0,40002,2026-07-31 23:59:59.999999999
40002/0/40100219/0/0,2026-08-31,0.0,40002,2026-08-31 23:59:59.999999999
40002/0/40100219/0/0,2026-09-30,0.0,40002,2026-09-30 23:59:59.999999999
40002/0/40100219/0/0,2026-10-31,0.0,40002,2026-10-31 23:59:59.999999999
40002/0/40100219/0/0,2026-11-30,0.0,40002,2026-11-30 23:59:59.999999999
40002/0/40100219/0/0,2026-12-31,0.0,40002,2026-12-31 23:59:59.999999999
40002/0/40100219/0/0,2027-01-31,0.0,40002,2027-01-31 23:59:59.999999999
40002/0/40100219/0/0,2027-02-28,0.0,40002,2027-02-28 23:59:59.999999999
40002/0/40100219/0/0,2027-03-31,0.0,40002,2027-03-31 23:59:59.999999999
40002/0/40100219/0/0,2027-04-30,0.0,40002,2027-04-30 23:59:59.999999999
40002/0/40100219/0/0,2027-05-31,0.0,40002,2027-05-31 23:59:59.999999999
40002/0/40100220,2024-12-31,33481802000.0,40002,2024-12-31 23:59:59.999999999
40002/0/40100220,2025-01-31,32544567000.0,40002,2025-01-31 23:59:59.999999999
40002/0/40100220,2025-02-28,32229194000.0,40002,2025-02-28 23:59:59.999999999
40002/0/40100220,2025-03-31,31107285000.0,40002,2025-03-31 23:59:59.999999999
40002/0/40100220,2025-04-30,30758334000.0,40002,2025-04-30 23:59:59.999999999
40002/0/40100220,2025-05-31,29797474000.0,40002,2025-05-31 23:59:59.999999999
40002/0/40100220,2025-06-30,29529790000.0,40002,2025-06-30 23:59:59.999999999
40002/0/40100220,2025-07-31,28450718000.0,40002,2025-07-31 23:59:59.999999999
40002/0/40100220,2025-08-31,27999400000.0,40002,2025-08-31 23:59:59.999999999
40002/0/40100220,2025-09-30,27200662000.0,40002,2025-09-30 23:59:59.999999999
40002/0/40100220,2025-10-31,26731150000.0,40002,2025-10-31 23:59:59.999999999
40002/0/40100220,2025-11-30,25865327000.0,40002,2025-11-30 23:59:59.999999999
40002/0/40100220,2025-12-31,25582280000.0,40002,2025-12-31 23:59:59.999999999
40002/0/40100220,2026-01-31,24792564000.0,40002,2026-01-31 23:59:59.999999999
40002/0/40100220,2026-02-28,24341602000.0,40002,2026-02-28 23:59:59.999999999
40002/0/40100220,2026-03-31,23457480000.0,40002,2026-03-31 23:59:59.999999999
40002/0/40100220,2026-04-30,22987821000.0,40002,2026-04-30 23:59:59.999999999
40002/0/40100220,2026-05-31,22188413000.0,40002,2026-05-31 23:59:59.999999999
40002/0/40100220,2026-06-30,21759867000.0,40002,2026-06-30 23:59:59.999999999
40002/0/40100220,2026-07-31,20900086000.0,40002,2026-07-31 23:59:59.999999999
40002/0/40100220,2026-08-31,20375368000.0,40002,2026-08-31 23:59:59.999999999
40002/0/40100220,2026-09-30,19661860000.0,40002,2026-09-30 23:59:59.999999999
40002/0/40100220,2026-10-31,19126966000.0,40002,2026-10-31 23:59:59.999999999
40002/0/40100220,2026-11-30,18379321000.0,40002,2026-11-30 23:59:59.999999999
40002/0/40100220,2026-12-31,17940572000.0,40002,2026-12-31 23:59:59.999999999
40002/0/40100220,2027-01-31,17232982000.0,40002,2027-01-31 23:59:59.999999999
40002/0/40100220,2027-02-28,16706586000.0,40002,2027-02-28 23:59:59.999999999
40002/0/40100220,2027-03-31,15950475000.0,40002,2027-03-31 23:59:59.999999999
40002/0/40100220,2027-04-30,15413948000.0,40002,2027-04-30 23:59:59.999999999
40002/0/40100220,2027-05-31,14702188000.0,40002,2027-05-31 23:59:59.999999999
40002/0/40100220/0,2024-12-31,33481802000.0,40002,2024-12-31 23:59:59.999999999
40002/0/40100220/0,2025-01-31,32544567000.0,40002,2025-01-31 23:59:59.999999999
40002/0/40100220/0,2025-02-28,32229194000.0,40002,2025-02-28 23:59:59.999999999
40002/0/40100220/0,2025-03-31,31107285000.0,40002,2025-03-31 23:59:59.999999999
40002/0/40100220/0,2025-04-30,30758334000.0,40002,2025-04-30 23:59:59.999999999
40002/0/40100220/0,2025-05-31,29797474000.0,40002,2025-05-31 23:59:59.999999999
40002/0/40100220/0,2025-06-30,29529790000.0,40002,2025-06-30 23:59:59.999999999
40002/0/40100220/0,2025-07-31,28450718000.0,40002,2025-07-31 23:59:59.999999999
40002/0/40100220/0,2025-08-31,27999400000.0,40002,2025-08-31 23:59:59.999999999
40002/0/40100220/0,2025-09-30,27200662000.0,40002,2025-09-30 23:59:59.999999999
40002/0/40100220/0,2025-10-31,26731150000.0,40002,2025-10-31 23:59:59.999999999
40002/0/40100220/0,2025-11-30,25865327000.0,40002,2025-11-30 23:59:59.999999999
40002/0/40100220/0,2025-12-31,25582280000.0,40002,2025-12-31 23:59:59.999999999
40002/0/40100220/0,2026-01-31,24792564000.0,40002,2026-01-31 23:59:59.999999999
40002/0/40100220/0,2026-02-28,24341602000.0,40002,2026-02-28 23:59:59.999999999
40002/0/40100220/0,2026-03-31,23457480000.0,40002,2026-03-31 23:59:59.999999999
40002/0/40100220/0,2026-04-30,22987821000.0,40002,2026-04-30 23:59:59.999999999
40002/0/40100220/0,2026-05-31,22188413000.0,40002,2026-05-31 23:59:59.999999999
40002/0/40100220/0,2026-06-30,21759867000.0,40002,2026-06-30 23:59:59.999999999
40002/0/40100220/0,2026-07-31,20900086000.0,40002,2026-07-31 23:59:59.999999999
40002/0/40100220/0,2026-08-31,20375368000.0,40002,2026-08-31 23:59:59.999999999
40002/0/40100220/0,2026-09-30,19661860000.0,40002,2026-09-30 23:59:59.999999999
40002/0/40100220/0,2026-10-31,19126966000.0,40002,2026-10-31 23:59:59.999999999
40002/0/40100220/0,2026-11-30,18379321000.0,40002,2026-11-30 23:59:59.999999999
40002/0/40100220/0,2026-12-31,17940572000.0,40002,2026-12-31 23:59:59.999999999
40002/0/40100220/0,2027-01-31,17232982000.0,40002,2027-01-31 23:59:59.999999999
40002/0/40100220/0,2027-02-28,16706586000.0,40002,2027-02-28 23:59:59.999999999
40002/0/40100220/0,2027-03-31,15950475000.0,40002,2027-03-31 23:59:59.999999999
40002/0/40100220/0,2027-04-30,15413948000.0,40002,2027-04-30 23:59:59.999999999
40002/0/40100220/0,2027-05-31,14702188000.0,40002,2027-05-31 23:59:59.999999999
40002/0/40100220/0/0,2024-12-31,33481802000.0,40002,2024-12-31 23:59:59.999999999
40002/0/40100220/0/0,2025-01-31,32544567000.0,40002,2025-01-31 23:59:59.999999999
40002/0/40100220/0/0,2025-02-28,32229194000.0,40002,2025-02-28 23:59:59.999999999
40002/0/40100220/0/0,2025-03-31,31107285000.0,40002,2025-03-31 23:59:59.999999999
40002/0/40100220/0/0,2025-04-30,30758334000.0,40002,2025-04-30 23:59:59.999999999
40002/0/40100220/0/0,2025-05-31,29797474000.0,40002,2025-05-31 23:59:59.999999999
40002/0/40100220/0/0,2025-06-30,29529790000.0,40002,2025-06-30 23:59:59.999999999
40002/0/40100220/0/0,2025-07-31,28450718000.0,40002,2025-07-31 23:59:59.999999999
40002/0/40100220/0/0,2025-08-31,27999400000.0,40002,2025-08-31 23:59:59.999999999
40002/0/40100220/0/0,2025-09-30,27200662000.0,40002,2025-09-30 23:59:59.999999999
40002/0/40100220/0/0,2025-10-31,26731150000.0,40002,2025-10-31 23:59:59.999999999
40002/0/40100220/0/0,2025-11-30,25865327000.0,40002,2025-11-30 23:59:59.999999999
40002/0/40100220/0/0,2025-12-31,25582280000.0,40002,2025-12-31 23:59:59.999999999
40002/0/40100220/0/0,2026-01-31,24792564000.0,40002,2026-01-31 23:59:59.999999999
40002/0/40100220/0/0,2026-02-28,24341602000.0,40002,2026-02-28 23:59:59.999999999
40002/0/40100220/0/0,2026-03-31,23457480000.0,40002,2026-03-31 23:59:59.999999999
40002/0/40100220/0/0,2026-04-30,22987821000.0,40002,2026-04-30 23:59:59.999999999
40002/0/40100220/0/0,2026-05-31,22188413000.0,40002,2026-05-31 23:59:59.999999999
40002/0/40100220/0/0,2026-06-30,21759867000.0,40002,2026-06-30 23:59:59.999999999
40002/0/40100220/0/0,2026-07-31,20900086000.0,40002,2026-07-31 23:59:59.999999999
40002/0/40100220/0/0,2026-08-31,20375368000.0,40002,2026-08-31 23:59:59.999999999
40002/0/40100220/0/0,2026-09-30,19661860000.0,40002,2026-09-30 23:59:59.999999999
40002/0/40100220/0/0,2026-10-31,19126966000.0,40002,2026-10-31 23:59:59.999999999
40002/0/40100220/0/0,2026-11-30,18379321000.0,40002,2026-11-30 23:59:59.999999999
40002/0/40100220/0/0,2026-12-31,17940572000.0,40002,2026-12-31 23:59:59.999999999
40002/0/40100220/0/0,2027-01-31,17232982000.0,40002,2027-01-31 23:59:59.999999999
40002/0/40100220/0/0,2027-02-28,16706586000.0,40002,2027-02-28 23:59:59.999999999
40002/0/40100220/0/0,2027-03-31,15950475000.0,40002,2027-03-31 23:59:59.999999999
40002/0/40100220/0/0,2027-04-30,15413948000.0,40002,2027-04-30 23:59:59.999999999
40002/0/40100220/0/0,2027-05-31,14702188000.0,40002,2027-05-31 23:59:59.999999999
40002/0/40100221,2024-12-31,0.0,40002,2024-12-31 23:59:59.999999999
40002/0/40100221,2025-01-31,0.0,40002,2025-01-31 23:59:59.999999999
40002/0/40100221,2025-02-28,0.0,40002,2025-02-28 23:59:59.999999999
40002/0/40100221,2025-03-31,0.0,40002,2025-03-31 23:59:59.999999999
40002/0/40100221,2025-04-30,0.0,40002,2025-04-30 23:59:59.999999999
40002/0/40100221,2025-05-31,0.0,40002,2025-05-31 23:59:59.999999999
40002/0/40100221,2025-06-30,0.0,40002,2025-06-30 23:59:59.999999999
40002/0/40100221,2025-07-31,0.0,40002,2025-07-31 23:59:59.999999999
40002/0/40100221,2025-08-31,0.0,40002,2025-08-31 23:59:59.999999999
40002/0/40100221,2025-09-30,0.0,40002,2025-09-30 23:59:59.999999999
40002/0/40100221,2025-10-31,0.0,40002,2025-10-31 23:59:59.999999999
40002/0/40100221,2025-11-30,0.0,40002,2025-11-30 23:59:59.999999999
40002/0/40100221,2025-12-31,0.0,40002,2025-12-31 23:59:59.999999999
40002/0/40100221,2026-01-31,0.0,40002,2026-01-31 23:59:59.999999999
40002/0/40100221,2026-02-28,0.0,40002,2026-02-28 23:59:59.999999999
40002/0/40100221,2026-03-31,0.0,40002,2026-03-31 23:59:59.999999999
40002/0/40100221,2026-04-30,0.0,40002,2026-04-30 23:59:59.999999999
40002/0/40100221,2026-05-31,0.0,40002,2026-05-31 23:59:59.999999999
40002/0/40100221,2026-06-30,0.0,40002,2026-06-30 23:59:59.999999999
40002/0/40100221,2026-07-31,0.0,40002,2026-07-31 23:59:59.999999999
40002/0/40100221,2026-08-31,0.0,40002,2026-08-31 23:59:59.999999999
40002/0/40100221,2026-09-30,0.0,40002,2026-09-30 23:59:59.999999999
40002/0/40100221,2026-10-31,0.0,40002,2026-10-31 23:59:59.999999999
40002/0/40100221,2026-11-30,0.0,40002,2026-11-30 23:59:59.999999999
40002/0/40100221,2026-12-31,0.0,40002,2026-12-31 23:59:59.999999999
40002/0/40100221,2027-01-31,0.0,40002,2027-01-31 23:59:59.999999999
40002/0/40100221,2027-02-28,0.0,40002,2027-02-28 23:59:59.999999999
40002/0/40100221,2027-03-31,0.0,40002,2027-03-31 23:59:59.999999999
40002/0/40100221,2027-04-30,0.0,40002,2027-04-30 23:59:59.999999999
40002/0/40100221,2027-05-31,0.0,40002,2027-05-31 23:59:59.999999999
40002/0/40100221/0,2024-12-31,0.0,40002,2024-12-31 23:59:59.999999999
40002/0/40100221/0,2025-01-31,0.0,40002,2025-01-31 23:59:59.999999999
40002/0/40100221/0,2025-02-28,0.0,40002,2025-02-28 23:59:59.999999999
40002/0/40100221/0,2025-03-31,0.0,40002,2025-03-31 23:59:59.999999999
40002/0/40100221/0,2025-04-30,0.0,40002,2025-04-30 23:59:59.999999999
40002/0/40100221/0,2025-05-31,0.0,40002,2025-05-31 23:59:59.999999999
40002/0/40100221/0,2025-06-30,0.0,40002,2025-06-30 23:59:59.999999999
40002/0/40100221/0,2025-07-31,0.0,40002,2025-07-31 23:59:59.999999999
40002/0/40100221/0,2025-08-31,0.0,40002,2025-08-31 23:59:59.999999999
40002/0/40100221/0,2025-09-30,0.0,40002,2025-09-30 23:59:59.999999999
40002/0/40100221/0,2025-10-31,0.0,40002,2025-10-31 23:59:59.999999999
40002/0/40100221/0,2025-11-30,0.0,40002,2025-11-30 23:59:59.999999999
40002/0/40100221/0,2025-12-31,0.0,40002,2025-12-31 23:59:59.999999999
40002/0/40100221/0,2026-01-31,0.0,40002,2026-01-31 23:59:59.999999999
40002/0/40100221/0,2026-02-28,0.0,40002,2026-02-28 23:59:59.999999999
40002/0/40100221/0,2026-03-31,0.0,40002,2026-03-31 23:59:59.999999999
40002/0/40100221/0,2026-04-30,0.0,40002,2026-04-30 23:59:59.999999999
40002/0/40100221/0,2026-05-31,0.0,40002,2026-05-31 23:59:59.999999999
40002/0/40100221/0,2026-06-30,0.0,40002,2026-06-30 23:59:59.999999999
40002/0/40100221/0,2026-07-31,0.0,40002,2026-07-31 23:59:59.999999999
40002/0/40100221/0,2026-08-31,0.0,40002,2026-08-31 23:59:59.999999999
40002/0/40100221/0,2026-09-30,0.0,40002,2026-09-30 23:59:59.999999999
40002/0/40100221/0,2026-10-31,0.0,40002,2026-10-31 23:59:59.999999999
40002/0/40100221/0,2026-11-30,0.0,40002,2026-11-30 23:59:59.999999999
40002/0/40100221/0,2026-12-31,0.0,40002,2026-12-31 23:59:59.999999999
40002/0/40100221/0,2027-01-31,0.0,40002,2027-01-31 23:59:59.999999999
40002/0/40100221/0,2027-02-28,0.0,40002,2027-02-28 23:59:59.999999999
40002/0/40100221/0,2027-03-31,0.0,40002,2027-03-31 23:59:59.999999999
40002/0/40100221/0,2027-04-30,0.0,40002,2027-04-30 23:59:59.999999999
40002/0/40100221/0,2027-05-31,0.0,40002,2027-05-31 23:59:59.999999999
40002/0/40100221/0/0,2024-12-31,0.0,40002,2024-12-31 23:59:59.999999999
40002/0/40100221/0/0,2025-01-31,0.0,40002,2025-01-31 23:59:59.999999999
40002/0/40100221/0/0,2025-02-28,0.0,40002,2025-02-28 23:59:59.999999999
40002/0/40100221/0/0,2025-03-31,0.0,40002,2025-03-31 23:59:59.999999999
40002/0/40100221/0/0,2025-04-30,0.0,40002,2025-04-30 23:59:59.999999999
40002/0/40100221/0/0,2025-05-31,0.0,40002,2025-05-31 23:59:59.999999999
40002/0/40100221/0/0,2025-06-30,0.0,40002,2025-06-30 23:59:59.999999999
40002/0/40100221/0/0,2025-07-31,0.0,40002,2025-07-31 23:59:59.999999999
40002/0/40100221/0/0,2025-08-31,0.0,40002,2025-08-31 23:59:59.999999999
40002/0/40100221/0/0,2025-09-30,0.0,40002,2025-09-30 23:59:59.999999999
40002/0/40100221/0/0,2025-10-31,0.0,40002,2025-10-31 23:59:59.999999999
40002/0/40100221/0/0,2025-11-30,0.0,40002,2025-11-30 23:59:59.999999999
40002/0/40100221/0/0,2025-12-31,0.0,40002,2025-12-31 23:59:59.999999999
40002/0/40100221/0/0,2026-01-31,0.0,40002,2026-01-31 23:59:59.999999999
40002/0/40100221/0/0,2026-02-28,0.0,40002,2026-02-28 23:59:59.999999999
40002/0/40100221/0/0,2026-03-31,0.0,40002,2026-03-31 23:59:59.999999999
40002/0/40100221/0/0,2026-04-30,0.0,40002,2026-04-30 23:59:59.999999999
40002/0/40100221/0/0,2026-05-31,0.0,40002,2026-05-31 23:59:59.999999999
40002/0/40100221/0/0,2026-06-30,0.0,40002,2026-06-30 23:59:59.999999999
40002/0/40100221/0/0,2026-07-31,0.0,40002,2026-07-31 23:59:59.999999999
40002/0/40100221/0/0,2026-08-31,0.0,40002,2026-08-31 23:59:59.999999999
40002/0/40100221/0/0,2026-09-30,0.0,40002,2026-09-30 23:59:59.999999999
40002/0/40100221/0/0,2026-10-31,0.0,40002,2026-10-31 23:59:59.999999999
40002/0/40100221/0/0,2026-11-30,0.0,40002,2026-11-30 23:59:59.999999999
40002/0/40100221/0/0,2026-12-31,0.0,40002,2026-12-31 23:59:59.999999999
40002/0/40100221/0/0,2027-01-31,0.0,40002,2027-01-31 23:59:59.999999999
40002/0/40100221/0/0,2027-02-28,0.0,40002,2027-02-28 23:59:59.999999999
40002/0/40100221/0/0,2027-03-31,0.0,40002,2027-03-31 23:59:59.999999999
40002/0/40100221/0/0,2027-04-30,0.0,40002,2027-04-30 23:59:59.999999999
40002/0/40100221/0/0,2027-05-31,0.0,40002,2027-05-31 23:59:59.999999999
40002/0/40100222,2024-12-31,0.0,40002,2024-12-31 23:59:59.999999999
40002/0/40100222,2025-01-31,0.0,40002,2025-01-31 23:59:59.999999999
40002/0/40100222,2025-02-28,0.0,40002,2025-02-28 23:59:59.999999999
40002/0/40100222,2025-03-31,0.0,40002,2025-03-31 23:59:59.999999999
40002/0/40100222,2025-04-30,0.0,40002,2025-04-30 23:59:59.999999999
40002/0/40100222,2025-05-31,0.0,40002,2025-05-31 23:59:59.999999999
40002/0/40100222,2025-06-30,0.0,40002,2025-06-30 23:59:59.999999999
40002/0/40100222,2025-07-31,0.0,40002,2025-07-31 23:59:59.999999999
40002/0/40100222,2025-08-31,0.0,40002,2025-08-31 23:59:59.999999999
40002/0/40100222,2025-09-30,0.0,40002,2025-09-30 23:59:59.999999999
40002/0/40100222,2025-10-31,0.0,40002,2025-10-31 23:59:59.999999999
40002/0/40100222,2025-11-30,0.0,40002,2025-11-30 23:59:59.999999999
40002/0/40100222,2025-12-31,0.0,40002,2025-12-31 23:59:59.999999999
40002/0/40100222,2026-01-31,0.0,40002,2026-01-31 23:59:59.999999999
40002/0/40100222,2026-02-28,0.0,40002,2026-02-28 23:59:59.999999999
40002/0/40100222,2026-03-31,0.0,40002,2026-03-31 23:59:59.999999999
40002/0/40100222,2026-04-30,0.0,40002,2026-04-30 23:59:59.999999999
40002/0/40100222,2026-05-31,0.0,40002,2026-05-31 23:59:59.999999999
40002/0/40100222,2026-06-30,0.0,40002,2026-06-30 23:59:59.999999999
40002/0/40100222,2026-07-31,0.0,40002,2026-07-31 23:59:59.999999999
40002/0/40100222,2026-08-31,0.0,40002,2026-08-31 23:59:59.999999999
40002/0/40100222,2026-09-30,0.0,40002,2026-09-30 23:59:59.999999999
40002/0/40100222,2026-10-31,0.0,40002,2026-10-31 23:59:59.999999999
40002/0/40100222,2026-11-30,0.0,40002,2026-11-30 23:59:59.999999999
40002/0/40100222,2026-12-31,0.0,40002,2026-12-31 23:59:59.999999999
40002/0/40100222,2027-01-31,0.0,40002,2027-01-31 23:59:59.999999999
40002/0/40100222,2027-02-28,0.0,40002,2027-02-28 23:59:59.999999999
40002/0/40100222,2027-03-31,0.0,40002,2027-03-31 23:59:59.999999999
40002/0/40100222,2027-04-30,0.0,40002,2027-04-30 23:59:59.999999999
40002/0/40100222,2027-05-31,0.0,40002,2027-05-31 23:59:59.999999999
40002/0/40100222/0,2024-12-31,0.0,40002,2024-12-31 23:59:59.999999999
40002/0/40100222/0,2025-01-31,0.0,40002,2025-01-31 23:59:59.999999999
40002/0/40100222/0,2025-02-28,0.0,40002,2025-02-28 23:59:59.999999999
40002/0/40100222/0,2025-03-31,0.0,40002,2025-03-31 23:59:59.999999999
40002/0/40100222/0,2025-04-30,0.0,40002,2025-04-30 23:59:59.999999999
40002/0/40100222/0,2025-05-31,0.0,40002,2025-05-31 23:59:59.999999999
40002/0/40100222/0,2025-06-30,0.0,40002,2025-06-30 23:59:59.999999999
40002/0/40100222/0,2025-07-31,0.0,40002,2025-07-31 23:59:59.999999999
40002/0/40100222/0,2025-08-31,0.0,40002,2025-08-31 23:59:59.999999999
40002/0/40100222/0,2025-09-30,0.0,40002,2025-09-30 23:59:59.999999999
40002/0/40100222/0,2025-10-31,0.0,40002,2025-10-31 23:59:59.999999999
40002/0/40100222/0,2025-11-30,0.0,40002,2025-11-30 23:59:59.999999999
40002/0/40100222/0,2025-12-31,0.0,40002,2025-12-31 23:59:59.999999999
40002/0/40100222/0,2026-01-31,0.0,40002,2026-01-31 23:59:59.999999999
40002/0/40100222/0,2026-02-28,0.0,40002,2026-02-28 23:59:59.999999999
40002/0/40100222/0,2026-03-31,0.0,40002,2026-03-31 23:59:59.999999999
40002/0/40100222/0,2026-04-30,0.0,40002,2026-04-30 23:59:59.999999999
40002/0/40100222/0,2026-05-31,0.0,40002,2026-05-31 23:59:59.999999999
40002/0/40100222/0,2026-06-30,0.0,40002,2026-06-30 23:59:59.999999999
40002/0/40100222/0,2026-07-31,0.0,40002,2026-07-31 23:59:59.999999999
40002/0/40100222/0,2026-08-31,0.0,40002,2026-08-31 23:59:59.999999999
40002/0/40100222/0,2026-09-30,0.0,40002,2026-09-30 23:59:59.999999999
40002/0/40100222/0,2026-10-31,0.0,40002,2026-10-31 23:59:59.999999999
40002/0/40100222/0,2026-11-30,0.0,40002,2026-11-30 23:59:59.999999999
40002/0/40100222/0,2026-12-31,0.0,40002,2026-12-31 23:59:59.999999999
40002/0/40100222/0,2027-01-31,0.0,40002,2027-01-31 23:59:59.999999999
40002/0/40100222/0,2027-02-28,0.0,40002,2027-02-28 23:59:59.999999999
40002/0/40100222/0,2027-03-31,0.0,40002,2027-03-31 23:59:59.999999999
40002/0/40100222/0,2027-04-30,0.0,40002,2027-04-30 23:59:59.999999999
40002/0/40100222/0,2027-05-31,0.0,40002,2027-05-31 23:59:59.999999999
40002/0/40100222/0/0,2024-12-31,0.0,40002,2024-12-31 23:59:59.999999999
40002/0/40100222/0/0,2025-01-31,0.0,40002,2025-01-31 23:59:59.999999999
40002/0/40100222/0/0,2025-02-28,0.0,40002,2025-02-28 23:59:59.999999999
40002/0/40100222/0/0,2025-03-31,0.0,40002,2025-03-31 23:59:59.999999999
40002/0/40100222/0/0,2025-04-30,0.0,40002,2025-04-30 23:59:59.999999999
40002/0/40100222/0/0,2025-05-31,0.0,40002,2025-05-31 23:59:59.999999999
40002/0/40100222/0/0,2025-06-30,0.0,40002,2025-06-30 23:59:59.999999999
40002/0/40100222/0/0,2025-07-31,0.0,40002,2025-07-31 23:59:59.999999999
40002/0/40100222/0/0,2025-08-31,0.0,40002,2025-08-31 23:59:59.999999999
40002/0/40100222/0/0,2025-09-30,0.0,40002,2025-09-30 23:59:59.999999999
40002/0/40100222/0/0,2025-10-31,0.0,40002,2025-10-31 23:59:59.999999999
40002/0/40100222/0/0,2025-11-30,0.0,40002,2025-11-30 23:59:59.999999999
40002/0/40100222/0/0,2025-12-31,0.0,40002,2025-12-31 23:59:59.999999999
40002/0/40100222/0/0,2026-01-31,0.0,40002,2026-01-31 23:59:59.999999999
40002/0/40100222/0/0,2026-02-28,0.0,40002,2026-02-28 23:59:59.999999999
40002/0/40100222/0/0,2026-03-31,0.0,40002,2026-03-31 23:59:59.999999999
40002/0/40100222/0/0,2026-04-30,0.0,40002,2026-04-30 23:59:59.999999999
40002/0/40100222/0/0,2026-05-31,0.0,40002,2026-05-31 23:59:59.999999999
40002/0/40100222/0/0,2026-06-30,0.0,40002,2026-06-30 23:59:59.999999999
40002/0/40100222/0/0,2026-07-31,0.0,40002,2026-07-31 23:59:59.999999999
40002/0/40100222/0/0,2026-08-31,0.0,40002,2026-08-31 23:59:59.999999999
40002/0/40100222/0/0,2026-09-30,0.0,40002,2026-09-30 23:59:59.999999999
40002/0/40100222/0/0,2026-10-31,0.0,40002,2026-10-31 23:59:59.999999999
40002/0/40100222/0/0,2026-11-30,0.0,40002,2026-11-30 23:59:59.999999999
40002/0/40100222/0/0,2026-12-31,0.0,40002,2026-12-31 23:59:59.999999999
40002/0/40100222/0/0,2027-01-31,0.0,40002,2027-01-31 23:59:59.999999999
40002/0/40100222/0/0,2027-02-28,0.0,40002,2027-02-28 23:59:59.999999999
40002/0/40100222/0/0,2027-03-31,0.0,40002,2027-03-31 23:59:59.999999999
40002/0/40100222/0/0,2027-04-30,0.0,40002,2027-04-30 23:59:59.999999999
40002/0/40100222/0/0,2027-05-31,0.0,40002,2027-05-31 23:59:59.999999999
40002/0/40100223,2024-12-31,0.51612574,40002,2024-12-31 23:59:59.999999999
40002/0/40100223,2025-01-31,0.51612574,40002,2025-01-31 23:59:59.999999999
40002/0/40100223,2025-02-28,0.51612574,40002,2025-02-28 23:59:59.999999999
40002/0/40100223,2025-03-31,0.51612574,40002,2025-03-31 23:59:59.999999999
40002/0/40100223,2025-04-30,0.51612574,40002,2025-04-30 23:59:59.999999999
40002/0/40100223,2025-05-31,0.51612574,40002,2025-05-31 23:59:59.999999999
40002/0/40100223,2025-06-30,0.51612574,40002,2025-06-30 23:59:59.999999999
40002/0/40100223,2025-07-31,0.51612574,40002,2025-07-31 23:59:59.999999999
40002/0/40100223,2025-08-31,0.51612574,40002,2025-08-31 23:59:59.999999999
40002/0/40100223,2025-09-30,0.51612574,40002,2025-09-30 23:59:59.999999999
40002/0/40100223,2025-10-31,0.51612574,40002,2025-10-31 23:59:59.999999999
40002/0/40100223,2025-11-30,0.51612574,40002,2025-11-30 23:59:59.999999999
40002/0/40100223,2025-12-31,0.51612574,40002,2025-12-31 23:59:59.999999999
40002/0/40100223,2026-01-31,0.51612574,40002,2026-01-31 23:59:59.999999999
40002/0/40100223,2026-02-28,0.51612574,40002,2026-02-28 23:59:59.999999999
40002/0/40100223,2026-03-31,0.51612574,40002,2026-03-31 23:59:59.999999999
40002/0/40100223,2026-04-30,0.51612574,40002,2026-04-30 23:59:59.999999999
40002/0/40100223,2026-05-31,0.51612574,40002,2026-05-31 23:59:59.999999999
40002/0/40100223,2026-06-30,0.51612574,40002,2026-06-30 23:59:59.999999999
40002/0/40100223,2026-07-31,0.51612574,40002,2026-07-31 23:59:59.999999999
40002/0/40100223,2026-08-31,0.51612574,40002,2026-08-31 23:59:59.999999999
40002/0/40100223,2026-09-30,0.51612574,40002,2026-09-30 23:59:59.999999999
40002/0/40100223,2026-10-31,0.51612574,40002,2026-10-31 23:59:59.999999999
40002/0/40100223,2026-11-30,0.51612574,40002,2026-11-30 23:59:59.999999999
40002/0/40100223,2026-12-31,0.51612574,40002,2026-12-31 23:59:59.999999999
40002/0/40100223,2027-01-31,0.51612574,40002,2027-01-31 23:59:59.999999999
40002/0/40100223,2027-02-28,0.51612574,40002,2027-02-28 23:59:59.999999999
40002/0/40100223,2027-03-31,0.51612574,40002,2027-03-31 23:59:59.999999999
40002/0/40100223,2027-04-30,0.51612574,40002,2027-04-30 23:59:59.999999999
40002/0/40100223,2027-05-31,0.51612574,40002,2027-05-31 23:59:59.999999999
40002/0/40100223/0,2024-12-31,0.51612574,40002,2024-12-31 23:59:59.999999999
40002/0/40100223/0,2025-01-31,0.51612574,40002,2025-01-31 23:59:59.999999999
40002/0/40100223/0,2025-02-28,0.51612574,40002,2025-02-28 23:59:59.999999999
40002/0/40100223/0,2025-03-31,0.51612574,40002,2025-03-31 23:59:59.999999999
40002/0/40100223/0,2025-04-30,0.51612574,40002,2025-04-30 23:59:59.999999999
40002/0/40100223/0,2025-05-31,0.51612574,40002,2025-05-31 23:59:59.999999999
40002/0/40100223/0,2025-06-30,0.51612574,40002,2025-06-30 23:59:59.999999999
40002/0/40100223/0,2025-07-31,0.51612574,40002,2025-07-31 23:59:59.999999999
40002/0/40100223/0,2025-08-31,0.51612574,40002,2025-08-31 23:59:59.999999999
40002/0/40100223/0,2025-09-30,0.51612574,40002,2025-09-30 23:59:59.999999999
40002/0/40100223/0,2025-10-31,0.51612574,40002,2025-10-31 23:59:59.999999999
40002/0/40100223/0,2025-11-30,0.51612574,40002,2025-11-30 23:59:59.999999999
40002/0/40100223/0,2025-12-31,0.51612574,40002,2025-12-31 23:59:59.999999999
40002/0/40100223/0,2026-01-31,0.51612574,40002,2026-01-31 23:59:59.999999999
40002/0/40100223/0,2026-02-28,0.51612574,40002,2026-02-28 23:59:59.999999999
40002/0/40100223/0,2026-03-31,0.51612574,40002,2026-03-31 23:59:59.999999999
40002/0/40100223/0,2026-04-30,0.51612574,40002,2026-04-30 23:59:59.999999999
40002/0/40100223/0,2026-05-31,0.51612574,40002,2026-05-31 23:59:59.999999999
40002/0/40100223/0,2026-06-30,0.51612574,40002,2026-06-30 23:59:59.999999999
40002/0/40100223/0,2026-07-31,0.51612574,40002,2026-07-31 23:59:59.999999999
40002/0/40100223/0,2026-08-31,0.51612574,40002,2026-08-31 23:59:59.999999999
40002/0/40100223/0,2026-09-30,0.51612574,40002,2026-09-30 23:59:59.999999999
40002/0/40100223/0,2026-10-31,0.51612574,40002,2026-10-31 23:59:59.999999999
40002/0/40100223/0,2026-11-30,0.51612574,40002,2026-11-30 23:59:59.999999999
40002/0/40100223/0,2026-12-31,0.51612574,40002,2026-12-31 23:59:59.999999999
40002/0/40100223/0,2027-01-31,0.51612574,40002,2027-01-31 23:59:59.999999999
40002/0/40100223/0,2027-02-28,0.51612574,40002,2027-02-28 23:59:59.999999999
40002/0/40100223/0,2027-03-31,0.51612574,40002,2027-03-31 23:59:59.999999999
40002/0/40100223/0,2027-04-30,0.51612574,40002,2027-04-30 23:59:59.999999999
40002/0/40100223/0,2027-05-31,0.51612574,40002,2027-05-31 23:59:59.999999999
40002/0/40100223/0/0,2024-12-31,0.51612574,40002,2024-12-31 23:59:59.999999999
40002/0/40100223/0/0,2025-01-31,0.51612574,40002,2025-01-31 23:59:59.999999999
40002/0/40100223/0/0,2025-02-28,0.51612574,40002,2025-02-28 23:59:59.999999999
40002/0/40100223/0/0,2025-03-31,0.51612574,40002,2025-03-31 23:59:59.999999999
40002/0/40100223/0/0,2025-04-30,0.51612574,40002,2025-04-30 23:59:59.999999999
40002/0/40100223/0/0,2025-05-31,0.51612574,40002,2025-05-31 23:59:59.999999999
40002/0/40100223/0/0,2025-06-30,0.51612574,40002,2025-06-30 23:59:59.999999999
40002/0/40100223/0/0,2025-07-31,0.51612574,40002,2025-07-31 23:59:59.999999999
40002/0/40100223/0/0,2025-08-31,0.51612574,40002,2025-08-31 23:59:59.999999999
40002/0/40100223/0/0,2025-09-30,0.51612574,40002,2025-09-30 23:59:59.999999999
40002/0/40100223/0/0,2025-10-31,0.51612574,40002,2025-10-31 23:59:59.999999999
40002/0/40100223/0/0,2025-11-30,0.51612574,40002,2025-11-30 23:59:59.999999999
40002/0/40100223/0/0,2025-12-31,0.51612574,40002,2025-12-31 23:59:59.999999999
40002/0/40100223/0/0,2026-01-31,0.51612574,40002,2026-01-31 23:59:59.999999999
40002/0/40100223/0/0,2026-02-28,0.51612574,40002,2026-02-28 23:59:59.999999999
40002/0/40100223/0/0,2026-03-31,0.51612574,40002,2026-03-31 23:59:59.999999999
40002/0/40100223/0/0,2026-04-30,0.51612574,40002,2026-04-30 23:59:59.999999999
40002/0/40100223/0/0,2026-05-31,0.51612574,40002,2026-05-31 23:59:59.999999999
40002/0/40100223/0/0,2026-06-30,0.51612574,40002,2026-06-30 23:59:59.999999999
40002/0/40100223/0/0,2026-07-31,0.51612574,40002,2026-07-31 23:59:59.999999999
40002/0/40100223/0/0,2026-08-31,0.51612574,40002,2026-08-31 23:59:59.999999999
40002/0/40100223/0/0,2026-09-30,0.51612574,40002,2026-09-30 23:59:59.999999999
40002/0/40100223/0/0,2026-10-31,0.51612574,40002,2026-10-31 23:59:59.999999999
40002/0/40100223/0/0,2026-11-30,0.51612574,40002,2026-11-30 23:59:59.999999999
40002/0/40100223/0/0,2026-12-31,0.51612574,40002,2026-12-31 23:59:59.999999999
40002/0/40100223/0/0,2027-01-31,0.51612574,40002,2027-01-31 23:59:59.999999999
40002/0/40100223/0/0,2027-02-28,0.51612574,40002,2027-02-28 23:59:59.999999999
40002/0/40100223/0/0,2027-03-31,0.51612574,40002,2027-03-31 23:59:59.999999999
40002/0/40100223/0/0,2027-04-30,0.51612574,40002,2027-04-30 23:59:59.999999999
40002/0/40100223/0/0,2027-05-31,0.51612574,40002,2027-05-31 23:59:59.999999999
40012,2024-12-31,7859486000000.0,40012,2024-12-31 23:59:59.999999999
40012,2025-01-31,7943967700000.0,40012,2025-01-31 23:59:59.999999999
40012,2025-02-28,8028449000000.0,40012,2025-02-28 23:59:59.999999999
40012,2025-03-31,8112930000000.0,40012,2025-03-31 23:59:59.999999999
40012,2025-04-30,8197411000000.0,40012,2025-04-30 23:59:59.999999999
40012,2025-05-31,8281893000000.0,40012,2025-05-31 23:59:59.999999999
40012,2025-06-30,8366374000000.0,40012,2025-06-30 23:59:59.999999999
40012,2025-07-31,8450855000000.0,40012,2025-07-31 23:59:59.999999999
40012,2025-08-31,8535336300000.0,40012,2025-08-31 23:59:59.999999999
40012,2025-09-30,8619818000000.0,40012,2025-09-30 23:59:59.999999999
40012,2025-10-31,8704299000000.0,40012,2025-10-31 23:59:59.999999999
40012,2025-11-30,8788780000000.0,40012,2025-11-30 23:59:59.999999999
40012,2025-12-31,8873262000000.0,40012,2025-12-31 23:59:59.999999999
40012,2026-01-31,8957743000000.0,40012,2026-01-31 23:59:59.999999999
40012,2026-02-28,9042224000000.0,40012,2026-02-28 23:59:59.999999999
40012,2026-03-31,9126706000000.0,40012,2026-03-31 23:59:59.999999999
40012,2026-04-30,9211187000000.0,40012,2026-04-30 23:59:59.999999999
40012,2026-05-31,9295668000000.0,40012,2026-05-31 23:59:59.999999999
40012,2026-06-30,9380149000000.0,40012,2026-06-30 23:59:59.999999999
40012,2026-07-31,9464630000000.0,40012,2026-07-31 23:59:59.999999999
40012,2026-08-31,9549112000000.0,40012,2026-08-31 23:59:59.999999999
40012,2026-09-30,9633593000000.0,40012,2026-09-30 23:59:59.999999999
40012,2026-10-31,9718074000000.0,40012,2026-10-31 23:59:59.999999999
40012,2026-11-30,9802556000000.0,40012,2026-11-30 23:59:59.999999999
40012,2026-12-31,9887037000000.0,40012,2026-12-31 23:59:59.999999999
40012,2027-01-31,9971518000000.0,40012,2027-01-31 23:59:59.999999999
40012,2027-02-28,10055999000000.0,40012,2027-02-28 23:59:59.999999999
40012,2027-03-31,10140481000000.0,40012,2027-03-31 23:59:59.999999999
40012,2027-04-30,10224962000000.0,40012,2027-04-30 23:59:59.999999999
40012,2027-05-31,10309443000000.0,40012,2027-05-31 23:59:59.999999999
40012/0,2024-12-31,7859486000000.0,40012,2024-12-31 23:59:59.999999999
40012/0,2025-01-31,7943967700000.0,40012,2025-01-31 23:59:59.999999999
40012/0,2025-02-28,8028449000000.0,40012,2025-02-28 23:59:59.999999999
40012/0,2025-03-31,8112930000000.0,40012,2025-03-31 23:59:59.999999999
40012/0,2025-04-30,8197411000000.0,40012,2025-04-30 23:59:59.999999999
40012/0,2025-05-31,8281893000000.0,40012,2025-05-31 23:59:59.999999999
40012/0,2025-06-30,8366374000000.0,40012,2025-06-30 23:59:59.999999999
40012/0,2025-07-31,8450855000000.0,40012,2025-07-31 23:59:59.999999999
40012/0,2025-08-31,8535336300000.0,40012,2025-08-31 23:59:59.999999999
40012/0,2025-09-30,8619818000000.0,40012,2025-09-30 23:59:59.999999999
40012/0,2025-10-31,8704299000000.0,40012,2025-10-31 23:59:59.999999999
40012/0,2025-11-30,8788780000000.0,40012,2025-11-30 23:59:59.999999999
40012/0,2025-12-31,8873262000000.0,40012,2025-12-31 23:59:59.999999999
40012/0,2026-01-31,8957743000000.0,40012,2026-01-31 23:59:59.999999999
40012/0,2026-02-28,9042224000000.0,40012,2026-02-28 23:59:59.999999999
40012/0,2026-03-31,9126706000000.0,40012,2026-03-31 23:59:59.999999999
40012/0,2026-04-30,9211187000000.0,40012,2026-04-30 23:59:59.999999999
40012/0,2026-05-31,9295668000000.0,40012,2026-05-31 23:59:59.999999999
40012/0,2026-06-30,9380149000000.0,40012,2026-06-30 23:59:59.999999999
40012/0,2026-07-31,9464630000000.0,40012,2026-07-31 23:59:59.999999999
40012/0,2026-08-31,9549112000000.0,40012,2026-08-31 23:59:59.999999999
40012/0,2026-09-30,9633593000000.0,40012,2026-09-30 23:59:59.999999999
40012/0,2026-10-31,9718074000000.0,40012,2026-10-31 23:59:59.999999999
40012/0,2026-11-30,9802556000000.0,40012,2026-11-30 23:59:59.999999999
40012/0,2026-12-31,9887037000000.0,40012,2026-12-31 23:59:59.999999999
40012/0,2027-01-31,9971518000000.0,40012,2027-01-31 23:59:59.999999999
40012/0,2027-02-28,10055999000000.0,40012,2027-02-28 23:59:59.999999999
40012/0,2027-03-31,10140481000000.0,40012,2027-03-31 23:59:59.999999999
40012/0,2027-04-30,10224962000000.0,40012,2027-04-30 23:59:59.999999999
40012/0,2027-05-31,10309443000000.0,40012,2027-05-31 23:59:59.999999999
40012/0/0,2024-12-31,3930040000000.0,40012,2024-12-31 23:59:59.999999999
40012/0/0,2025-01-31,3972577600000.0,40012,2025-01-31 23:59:59.999999999
40012/0/0,2025-02-28,4015115200000.0,40012,2025-02-28 23:59:59.999999999
40012/0/0,2025-03-31,4057652800000.0,40012,2025-03-31 23:59:59.999999999
40012/0/0,2025-04-30,4100190400000.0,40012,2025-04-30 23:59:59.999999999
40012/0/0,2025-05-31,4142728000000.0,40012,2025-05-31 23:59:59.999999999
40012/0/0,2025-06-30,4185265500000.0,40012,2025-06-30 23:59:59.999999999
40012/0/0,2025-07-31,4227803000000.0,40012,2025-07-31 23:59:59.999999999
40012/0/0,2025-08-31,4270340400000.0,40012,2025-08-31 23:59:59.999999999
40012/0/0,2025-09-30,4312878000000.0,40012,2025-09-30 23:59:59.999999999
40012/0/0,2025-10-31,4355415600000.0,40012,2025-10-31 23:59:59.999999999
40012/0/0,2025-11-30,4397953200000.0,40012,2025-11-30 23:59:59.999999999
40012/0/0,2025-12-31,4440491000000.0,40012,2025-12-31 23:59:59.999999999
40012/0/0,2026-01-31,4483028400000.0,40012,2026-01-31 23:59:59.999999999
40012/0/0,2026-02-28,4525566000000.0,40012,2026-02-28 23:59:59.999999999
40012/0/0,2026-03-31,4568103500000.0,40012,2026-03-31 23:59:59.999999999
40012/0/0,2026-04-30,4610641000000.0,40012,2026-04-30 23:59:59.999999999
40012/0/0,2026-05-31,4653178700000.0,40012,2026-05-31 23:59:59.999999999
40012/0/0,2026-06-30,4695716300000.0,40012,2026-06-30 23:59:59.999999999
40012/0/0,2026-07-31,4738254000000.0,40012,2026-07-31 23:59:59.999999999
40012/0/0,2026-08-31,4780791400000.0,40012,2026-08-31 23:59:59.999999999
40012/0/0,2026-09-30,4823329000000.0,40012,2026-09-30 23:59:59.999999999
40012/0/0,2026-10-31,4865866600000.0,40012,2026-10-31 23:59:59.999999999
40012/0/0,2026-11-30,4908404000000.0,40012,2026-11-30 23:59:59.999999999
40012/0/0,2026-12-31,4950942000000.0,40012,2026-12-31 23:59:59.999999999
40012/0/0,2027-01-31,4993479300000.0,40012,2027-01-31 23:59:59.999999999
40012/0/0,2027-02-28,5036017000000.0,40012,2027-02-28 23:59:59.999999999
40012/0/0,2027-03-31,5078554500000.0,40012,2027-03-31 23:59:59.999999999
40012/0/0,2027-04-30,5121092000000.0,40012,2027-04-30 23:59:59.999999999
40012/0/0,2027-05-31,5163629700000.0,40012,2027-05-31 23:59:59.999999999
40012/0/0/0,2024-12-31,3930040000000.0,40012,2024-12-31 23:59:59.999999999
40012/0/0/0,2025-01-31,3972577600000.0,40012,2025-01-31 23:59:59.999999999
40012/0/0/0,2025-02-28,4015115200000.0,40012,2025-02-28 23:59:59.999999999
40012/0/0/0,2025-03-31,4057652800000.0,40012,2025-03-31 23:59:59.999999999
40012/0/0/0,2025-04-30,4100190400000.0,40012,2025-04-30 23:59:59.999999999
40012/0/0/0,2025-05-31,4142728000000.0,40012,2025-05-31 23:59:59.999999999
40012/0/0/0,2025-06-30,4185265500000.0,40012,2025-06-30 23:59:59.999999999
40012/0/0/0,2025-07-31,4227803000000.0,40012,2025-07-31 23:59:59.999999999
40012/0/0/0,2025-08-31,4270340400000.0,40012,2025-08-31 23:59:59.999999999
40012/0/0/0,2025-09-30,4312878000000.0,40012,2025-09-30 23:59:59.999999999
40012/0/0/0,2025-10-31,4355415600000.0,40012,2025-10-31 23:59:59.999999999
40012/0/0/0,2025-11-30,4397953200000.0,40012,2025-11-30 23:59:59.999999999
40012/0/0/0,2025-12-31,4440491000000.0,40012,2025-12-31 23:59:59.999999999
40012/0/0/0,2026-01-31,4483028400000.0,40012,2026-01-31 23:59:59.999999999
40012/0/0/0,2026-02-28,4525566000000.0,40012,2026-02-28 23:59:59.999999999
40012/0/0/0,2026-03-31,4568103500000.0,40012,2026-03-31 23:59:59.999999999
40012/0/0/0,2026-04-30,4610641000000.0,40012,2026-04-30 23:59:59.999999999
40012/0/0/0,2026-05-31,4653178700000.0,40012,2026-05-31 23:59:59.999999999
40012/0/0/0,2026-06-30,4695716300000.0,40012,2026-06-30 23:59:59.999999999
40012/0/0/0,2026-07-31,4738254000000.0,40012,2026-07-31 23:59:59.999999999
40012/0/0/0,2026-08-31,4780791400000.0,40012,2026-08-31 23:59:59.999999999
40012/0/0/0,2026-09-30,4823329000000.0,40012,2026-09-30 23:59:59.999999999
40012/0/0/0,2026-10-31,4865866600000.0,40012,2026-10-31 23:59:59.999999999
40012/0/0/0,2026-11-30,4908404000000.0,40012,2026-11-30 23:59:59.999999999
40012/0/0/0,2026-12-31,4950942000000.0,40012,2026-12-31 23:59:59.999999999
40012/0/0/0,2027-01-31,4993479300000.0,40012,2027-01-31 23:59:59.999999999
40012/0/0/0,2027-02-28,5036017000000.0,40012,2027-02-28 23:59:59.999999999
40012/0/0/0,2027-03-31,5078554500000.0,40012,2027-03-31 23:59:59.999999999
40012/0/0/0,2027-04-30,5121092000000.0,40012,2027-04-30 23:59:59.999999999
40012/0/0/0,2027-05-31,5163629700000.0,40012,2027-05-31 23:59:59.999999999
40012/0/0/0/0,2024-12-31,3930040000000.0,40012,2024-12-31 23:59:59.999999999
40012/0/0/0/0,2025-01-31,3972577600000.0,40012,2025-01-31 23:59:59.999999999
40012/0/0/0/0,2025-02-28,4015115200000.0,40012,2025-02-28 23:59:59.999999999
40012/0/0/0/0,2025-03-31,4057652800000.0,40012,2025-03-31 23:59:59.999999999
40012/0/0/0/0,2025-04-30,4100190400000.0,40012,2025-04-30 23:59:59.999999999
40012/0/0/0/0,2025-05-31,4142728000000.0,40012,2025-05-31 23:59:59.999999999
40012/0/0/0/0,2025-06-30,4185265500000.0,40012,2025-06-30 23:59:59.999999999
40012/0/0/0/0,2025-07-31,4227803000000.0,40012,2025-07-31 23:59:59.999999999
40012/0/0/0/0,2025-08-31,4270340400000.0,40012,2025-08-31 23:59:59.999999999
40012/0/0/0/0,2025-09-30,4312878000000.0,40012,2025-09-30 23:59:59.999999999
40012/0/0/0/0,2025-10-31,4355415600000.0,40012,2025-10-31 23:59:59.999999999
40012/0/0/0/0,2025-11-30,4397953200000.0,40012,2025-11-30 23:59:59.999999999
40012/0/0/0/0,2025-12-31,4440491000000.0,40012,2025-12-31 23:59:59.999999999
40012/0/0/0/0,2026-01-31,4483028400000.0,40012,2026-01-31 23:59:59.999999999
40012/0/0/0/0,2026-02-28,4525566000000.0,40012,2026-02-28 23:59:59.999999999
40012/0/0/0/0,2026-03-31,4568103500000.0,40012,2026-03-31 23:59:59.999999999
40012/0/0/0/0,2026-04-30,4610641000000.0,40012,2026-04-30 23:59:59.999999999
40012/0/0/0/0,2026-05-31,4653178700000.0,40012,2026-05-31 23:59:59.999999999
40012/0/0/0/0,2026-06-30,4695716300000.0,40012,2026-06-30 23:59:59.999999999
40012/0/0/0/0,2026-07-31,4738254000000.0,40012,2026-07-31 23:59:59.999999999
40012/0/0/0/0,2026-08-31,4780791400000.0,40012,2026-08-31 23:59:59.999999999
40012/0/0/0/0,2026-09-30,4823329000000.0,40012,2026-09-30 23:59:59.999999999
40012/0/0/0/0,2026-10-31,4865866600000.0,40012,2026-10-31 23:59:59.999999999
40012/0/0/0/0,2026-11-30,4908404000000.0,40012,2026-11-30 23:59:59.999999999
40012/0/0/0/0,2026-12-31,4950942000000.0,40012,2026-12-31 23:59:59.999999999
40012/0/0/0/0,2027-01-31,4993479300000.0,40012,2027-01-31 23:59:59.999999999
40012/0/0/0/0,2027-02-28,5036017000000.0,40012,2027-02-28 23:59:59.999999999
40012/0/0/0/0,2027-03-31,5078554500000.0,40012,2027-03-31 23:59:59.999999999
40012/0/0/0/0,2027-04-30,5121092000000.0,40012,2027-04-30 23:59:59.999999999
40012/0/0/0/0,2027-05-31,5163629700000.0,40012,2027-05-31 23:59:59.999999999
40012/0/40100187,2024-12-31,1651541400000.0,40012,2024-12-31 23:59:59.999999999
40012/0/40100187,2025-01-31,1657874500000.0,40012,2025-01-31 23:59:59.999999999
40012/0/40100187,2025-02-28,1664457200000.0,40012,2025-02-28 23:59:59.999999999
40012/0/40100187,2025-03-31,1671074700000.0,40012,2025-03-31 23:59:59.999999999
40012/0/40100187,2025-04-30,1677697100000.0,40012,2025-04-30 23:59:59.999999999
40012/0/40100187,2025-05-31,1684320200000.0,40012,2025-05-31 23:59:59.999999999
40012/0/40100187,2025-06-30,1690943200000.0,40012,2025-06-30 23:59:59.999999999
40012/0/40100187,2025-07-31,1697566300000.0,40012,2025-07-31 23:59:59.999999999
40012/0/40100187,2025-08-31,1704189500000.0,40012,2025-08-31 23:59:59.999999999
40012/0/40100187,2025-09-30,1710812600000.0,40012,2025-09-30 23:59:59.999999999
40012/0/40100187,2025-10-31,1717435800000.0,40012,2025-10-31 23:59:59.999999999
40012/0/40100187,2025-11-30,1724058800000.0,40012,2025-11-30 23:59:59.999999999
40012/0/40100187,2025-12-31,1730682000000.0,40012,2025-12-31 23:59:59.999999999
40012/0/40100187,2026-01-31,1737305200000.0,40012,2026-01-31 23:59:59.999999999
40012/0/40100187,2026-02-28,1743928300000.0,40012,2026-02-28 23:59:59.999999999
40012/0/40100187,2026-03-31,1750551500000.0,40012,2026-03-31 23:59:59.999999999
40012/0/40100187,2026-04-30,1757174600000.0,40012,2026-04-30 23:59:59.999999999
40012/0/40100187,2026-05-31,1763797800000.0,40012,2026-05-31 23:59:59.999999999
40012/0/40100187,2026-06-30,1770420800000.0,40012,2026-06-30 23:59:59.999999999
40012/0/40100187,2026-07-31,1777044000000.0,40012,2026-07-31 23:59:59.999999999
40012/0/40100187,2026-08-31,1783667100000.0,40012,2026-08-31 23:59:59.999999999
40012/0/40100187,2026-09-30,1790290300000.0,40012,2026-09-30 23:59:59.999999999
40012/0/40100187,2026-10-31,1796913400000.0,40012,2026-10-31 23:59:59.999999999
40012/0/40100187,2026-11-30,1803536600000.0,40012,2026-11-30 23:59:59.999999999
40012/0/40100187,2026-12-31,1810159600000.0,40012,2026-12-31 23:59:59.999999999
40012/0/40100187,2027-01-31,1816782800000.0,40012,2027-01-31 23:59:59.999999999
40012/0/40100187,2027-02-28,1823405900000.0,40012,2027-02-28 23:59:59.999999999
40012/0/40100187,2027-03-31,1830029100000.0,40012,2027-03-31 23:59:59.999999999
40012/0/40100187,2027-04-30,1836652200000.0,40012,2027-04-30 23:59:59.999999999
40012/0/40100187,2027-05-31,1843275400000.0,40012,2027-05-31 23:59:59.999999999
40012/0/40100187/40100188,2024-12-31,109689900000.0,40012,2024-12-31 23:59:59.999999999
40012/0/40100187/40100188,2025-01-31,109429030000.0,40012,2025-01-31 23:59:59.999999999
40012/0/40100187/40100188,2025-02-28,111689360000.0,40012,2025-02-28 23:59:59.999999999
40012/0/40100187/40100188,2025-03-31,114547080000.0,40012,2025-03-31 23:59:59.999999999
40012/0/40100187/40100188,2025-04-30,115484780000.0,40012,2025-04-30 23:59:59.999999999
40012/0/40100187/40100188,2025-05-31,116404410000.0,40012,2025-05-31 23:59:59.999999999
40012/0/40100187/40100188,2025-06-30,119268470000.0,40012,2025-06-30 23:59:59.999999999
40012/0/40100187/40100188,2025-07-31,117662500000.0,40012,2025-07-31 23:59:59.999999999
40012/0/40100187/40100188,2025-08-31,113795350000.0,40012,2025-08-31 23:59:59.999999999
40012/0/40100187/40100188,2025-09-30,112593730000.0,40012,2025-09-30 23:59:59.999999999
40012/0/40100187/40100188,2025-10-31,115904496000.0,40012,2025-10-31 23:59:59.999999999
40012/0/40100187/40100188,2025-11-30,117226490000.0,40012,2025-11-30 23:59:59.999999999
40012/0/40100187/40100188,2025-12-31,117392700000.0,40012,2025-12-31 23:59:59.999999999
40012/0/40100187/40100188,2026-01-31,117544710000.0,40012,2026-01-31 23:59:59.999999999
40012/0/40100187/40100188,2026-02-28,118515000000.0,40012,2026-02-28 23:59:59.999999999
40012/0/40100187/40100188,2026-03-31,119681310000.0,40012,2026-03-31 23:59:59.999999999
40012/0/40100187/40100188,2026-04-30,120229530000.0,40012,2026-04-30 23:59:59.999999999
40012/0/40100187/40100188,2026-05-31,120774180000.0,40012,2026-05-31 23:59:59.999999999
40012/0/40100187/40100188,2026-06-30,121949420000.0,40012,2026-06-30 23:59:59.999999999
40012/0/40100187/40100188,2026-07-31,121681470000.0,40012,2026-07-31 23:59:59.999999999
40012/0/40100187/40100188,2026-08-31,120684160000.0,40012,2026-08-31 23:59:59.999999999
40012/0/40100187/40100188,2026-09-30,120549925000.0,40012,2026-09-30 23:59:59.999999999
40012/0/40100187/40100188,2026-10-31,121875644000.0,40012,2026-10-31 23:59:59.999999999
40012/0/40100187/40100188,2026-11-30,122559580000.0,40012,2026-11-30 23:59:59.999999999
40012/0/40100187/40100188,2026-12-31,122870874000.0,40012,2026-12-31 23:59:59.999999999
40012/0/40100187/40100188,2027-01-31,123178470000.0,40012,2027-01-31 23:59:59.999999999
40012/0/40100187/40100188,2027-02-28,123751350000.0,40012,2027-02-28 23:59:59.999999999
40012/0/40100187/40100188,2027-03-31,124388295000.0,40012,2027-03-31 23:59:59.999999999
40012/0/40100187/40100188,2027-04-30,124826040000.0,40012,2027-04-30 23:59:59.999999999
40012/0/40100187/40100188,2027-05-31,125263180000.0,40012,2027-05-31 23:59:59.999999999
40012/0/40100187/40100188/0,2024-12-31,109689900000.0,40012,2024-12-31 23:59:59.999999999
40012/0/40100187/40100188/0,2025-01-31,109429030000.0,40012,2025-01-31 23:59:59.999999999
40012/0/40100187/40100188/0,2025-02-28,111689360000.0,40012,2025-02-28 23:59:59.999999999
40012/0/40100187/40100188/0,2025-03-31,114547080000.0,40012,2025-03-31 23:59:59.999999999
40012/0/40100187/40100188/0,2025-04-30,115484780000.0,40012,2025-04-30 23:59:59.999999999
40012/0/40100187/40100188/0,2025-05-31,116404410000.0,40012,2025-05-31 23:59:59.999999999
40012/0/40100187/40100188/0,2025-06-30,119268470000.0,40012,2025-06-30 23:59:59.999999999
40012/0/40100187/40100188/0,2025-07-31,117662500000.0,40012,2025-07-31 23:59:59.999999999
40012/0/40100187/40100188/0,2025-08-31,113795350000.0,40012,2025-08-31 23:59:59.999999999
40012/0/40100187/40100188/0,2025-09-30,112593730000.0,40012,2025-09-30 23:59:59.999999999
40012/0/40100187/40100188/0,2025-10-31,115904496000.0,40012,2025-10-31 23:59:59.999999999
40012/0/40100187/40100188/0,2025-11-30,117226490000.0,40012,2025-11-30 23:59:59.999999999
40012/0/40100187/40100188/0,2025-12-31,117392700000.0,40012,2025-12-31 23:59:59.999999999
40012/0/40100187/40100188/0,2026-01-31,117544710000.0,40012,2026-01-31 23:59:59.999999999
40012/0/40100187/40100188/0,2026-02-28,118515000000.0,40012,2026-02-28 23:59:59.999999999
40012/0/40100187/40100188/0,2026-03-31,119681310000.0,40012,2026-03-31 23:59:59.999999999
40012/0/40100187/40100188/0,2026-04-30,120229530000.0,40012,2026-04-30 23:59:59.999999999
40012/0/40100187/40100188/0,2026-05-31,120774180000.0,40012,2026-05-31 23:59:59.999999999
40012/0/40100187/40100188/0,2026-06-30,121949420000.0,40012,2026-06-30 23:59:59.999999999
40012/0/40100187/40100188/0,2026-07-31,121681470000.0,40012,2026-07-31 23:59:59.999999999
40012/0/40100187/40100188/0,2026-08-31,120684160000.0,40012,2026-08-31 23:59:59.999999999
40012/0/40100187/40100188/0,2026-09-30,120549925000.0,40012,2026-09-30 23:59:59.999999999
40012/0/40100187/40100188/0,2026-10-31,121875644000.0,40012,2026-10-31 23:59:59.999999999
40012/0/40100187/40100188/0,2026-11-30,122559580000.0,40012,2026-11-30 23:59:59.999999999
40012/0/40100187/40100188/0,2026-12-31,122870874000.0,40012,2026-12-31 23:59:59.999999999
40012/0/40100187/40100188/0,2027-01-31,123178470000.0,40012,2027-01-31 23:59:59.999999999
40012/0/40100187/40100188/0,2027-02-28,123751350000.0,40012,2027-02-28 23:59:59.999999999
40012/0/40100187/40100188/0,2027-03-31,124388295000.0,40012,2027-03-31 23:59:59.999999999
40012/0/40100187/40100188/0,2027-04-30,124826040000.0,40012,2027-04-30 23:59:59.999999999
40012/0/40100187/40100188/0,2027-05-31,125263180000.0,40012,2027-05-31 23:59:59.999999999
40012/0/40100187/40100189,2024-12-31,28381805000.0,40012,2024-12-31 23:59:59.999999999
40012/0/40100187/40100189,2025-01-31,28226435000.0,40012,2025-01-31 23:59:59.999999999
40012/0/40100187/40100189,2025-02-28,28212703000.0,40012,2025-02-28 23:59:59.999999999
40012/0/40100187/40100189,2025-03-31,28306203000.0,40012,2025-03-31 23:59:59.999999999
40012/0/40100187/40100189,2025-04-30,28747194000.0,40012,2025-04-30 23:59:59.999999999
40012/0/40100187/40100189,2025-05-31,29733843000.0,40012,2025-05-31 23:59:59.999999999
40012/0/40100187/40100189,2025-06-30,29948787000.0,40012,2025-06-30 23:59:59.999999999
40012/0/40100187/40100189,2025-07-31,29985632000.0,40012,2025-07-31 23:59:59.999999999
40012/0/40100187/40100189,2025-08-31,30102209000.0,40012,2025-08-31 23:59:59.999999999
40012/0/40100187/40100189,2025-09-30,30216892000.0,40012,2025-09-30 23:59:59.999999999
40012/0/40100187/40100189,2025-10-31,30376851000.0,40012,2025-10-31 23:59:59.999999999
40012/0/40100187/40100189,2025-11-30,30797490000.0,40012,2025-11-30 23:59:59.999999999
40012/0/40100187/40100189,2025-12-31,30815650000.0,40012,2025-12-31 23:59:59.999999999
40012/0/40100187/40100189,2026-01-31,30720735000.0,40012,2026-01-31 23:59:59.999999999
40012/0/40100187/40100189,2026-02-28,30737381000.0,40012,2026-02-28 23:59:59.999999999
40012/0/40100187/40100189,2026-03-31,30838493000.0,40012,2026-03-31 23:59:59.999999999
40012/0/40100187/40100189,2026-04-30,31213318000.0,40012,2026-04-30 23:59:59.999999999
40012/0/40100187/40100189,2026-05-31,32017945000.0,40012,2026-05-31 23:59:59.999999999
40012/0/40100187/40100189,2026-06-30,32214716000.0,40012,2026-06-30 23:59:59.999999999
40012/0/40100187/40100189,2026-07-31,32271202000.0,40012,2026-07-31 23:59:59.999999999
40012/0/40100187/40100189,2026-08-31,32390492000.0,40012,2026-08-31 23:59:59.999999999
40012/0/40100187/40100189,2026-09-30,32508291000.0,40012,2026-09-30 23:59:59.999999999
40012/0/40100187/40100189,2026-10-31,32661752000.0,40012,2026-10-31 23:59:59.999999999
40012/0/40100187/40100189,2026-11-30,33020545000.0,40012,2026-11-30 23:59:59.999999999
40012/0/40100187/40100189,2026-12-31,33062314000.0,40012,2026-12-31 23:59:59.999999999
40012/0/40100187/40100189,2027-01-31,33015013000.0,40012,2027-01-31 23:59:59.999999999
40012/0/40100187/40100189,2027-02-28,33055590000.0,40012,2027-02-28 23:59:59.999999999
40012/0/40100187/40100189,2027-03-31,33162699000.0,40012,2027-03-31 23:59:59.999999999
40012/0/40100187/40100189,2027-04-30,33485406000.0,40012,2027-04-30 23:59:59.999999999
40012/0/40100187/40100189,2027-05-31,34146658000.0,40012,2027-05-31 23:59:59.999999999
40012/0/40100187/40100189/0,2024-12-31,28381805000.0,40012,2024-12-31 23:59:59.999999999
40012/0/40100187/40100189/0,2025-01-31,28226435000.0,40012,2025-01-31 23:59:59.999999999
40012/0/40100187/40100189/0,2025-02-28,28212703000.0,40012,2025-02-28 23:59:59.999999999
40012/0/40100187/40100189/0,2025-03-31,28306203000.0,40012,2025-03-31 23:59:59.999999999
40012/0/40100187/40100189/0,2025-04-30,28747194000.0,40012,2025-04-30 23:59:59.999999999
40012/0/40100187/40100189/0,2025-05-31,29733843000.0,40012,2025-05-31 23:59:59.999999999
40012/0/40100187/40100189/0,2025-06-30,29948787000.0,40012,2025-06-30 23:59:59.999999999
40012/0/40100187/40100189/0,2025-07-31,29985632000.0,40012,2025-07-31 23:59:59.999999999
40012/0/40100187/40100189/0,2025-08-31,30102209000.0,40012,2025-08-31 23:59:59.999999999
40012/0/40100187/40100189/0,2025-09-30,30216892000.0,40012,2025-09-30 23:59:59.999999999
40012/0/40100187/40100189/0,2025-10-31,30376851000.0,40012,2025-10-31 23:59:59.999999999
40012/0/40100187/40100189/0,2025-11-30,30797490000.0,40012,2025-11-30 23:59:59.999999999
40012/0/40100187/40100189/0,2025-12-31,30815650000.0,40012,2025-12-31 23:59:59.999999999
40012/0/40100187/40100189/0,2026-01-31,30720735000.0,40012,2026-01-31 23:59:59.999999999
40012/0/40100187/40100189/0,2026-02-28,30737381000.0,40012,2026-02-28 23:59:59.999999999
40012/0/40100187/40100189/0,2026-03-31,30838493000.0,40012,2026-03-31 23:59:59.999999999
40012/0/40100187/40100189/0,2026-04-30,31213318000.0,40012,2026-04-30 23:59:59.999999999
40012/0/40100187/40100189/0,2026-05-31,32017945000.0,40012,2026-05-31 23:59:59.999999999
40012/0/40100187/40100189/0,2026-06-30,32214716000.0,40012,2026-06-30 23:59:59.999999999
40012/0/40100187/40100189/0,2026-07-31,32271202000.0,40012,2026-07-31 23:59:59.999999999
40012/0/40100187/40100189/0,2026-08-31,32390492000.0,40012,2026-08-31 23:59:59.999999999
40012/0/40100187/40100189/0,2026-09-30,32508291000.0,40012,2026-09-30 23:59:59.999999999
40012/0/40100187/40100189/0,2026-10-31,32661752000.0,40012,2026-10-31 23:59:59.999999999
40012/0/40100187/40100189/0,2026-11-30,33020545000.0,40012,2026-11-30 23:59:59.999999999
40012/0/40100187/40100189/0,2026-12-31,33062314000.0,40012,2026-12-31 23:59:59.999999999
40012/0/40100187/40100189/0,2027-01-31,33015013000.0,40012,2027-01-31 23:59:59.999999999
40012/0/40100187/40100189/0,2027-02-28,33055590000.0,40012,2027-02-28 23:59:59.999999999
40012/0/40100187/40100189/0,2027-03-31,33162699000.0,40012,2027-03-31 23:59:59.999999999
40012/0/40100187/40100189/0,2027-04-30,33485406000.0,40012,2027-04-30 23:59:59.999999999
40012/0/40100187/40100189/0,2027-05-31,34146658000.0,40012,2027-05-31 23:59:59.999999999
40012/0/40100187/40100190,2024-12-31,58168705000.0,40012,2024-12-31 23:59:59.999999999
40012/0/40100187/40100190,2025-01-31,58431460000.0,40012,2025-01-31 23:59:59.999999999
40012/0/40100187/40100190,2025-02-28,58694218000.0,40012,2025-02-28 23:59:59.999999999
40012/0/40100187/40100190,2025-03-31,58956970000.0,40012,2025-03-31 23:59:59.999999999
40012/0/40100187/40100190,2025-04-30,59219730000.0,40012,2025-04-30 23:59:59.999999999
40012/0/40100187/40100190,2025-05-31,59482485000.0,40012,2025-05-31 23:59:59.999999999
40012/0/40100187/40100190,2025-06-30,59745243000.0,40012,2025-06-30 23:59:59.999999999
40012/0/40100187/40100190,2025-07-31,60007997000.0,40012,2025-07-31 23:59:59.999999999
40012/0/40100187/40100190,2025-08-31,60270756000.0,40012,2025-08-31 23:59:59.999999999
40012/0/40100187/40100190,2025-09-30,60533510000.0,40012,2025-09-30 23:59:59.999999999
40012/0/40100187/40100190,2025-10-31,60796270000.0,40012,2025-10-31 23:59:59.999999999
40012/0/40100187/40100190,2025-11-30,61059023000.0,40012,2025-11-30 23:59:59.999999999
40012/0/40100187/40100190,2025-12-31,61321780000.0,40012,2025-12-31 23:59:59.999999999
40012/0/40100187/40100190,2026-01-31,61584536000.0,40012,2026-01-31 23:59:59.999999999
40012/0/40100187/40100190,2026-02-28,61847294000.0,40012,2026-02-28 23:59:59.999999999
40012/0/40100187/40100190,2026-03-31,62110050000.0,40012,2026-03-31 23:59:59.999999999
40012/0/40100187/40100190,2026-04-30,62372807000.0,40012,2026-04-30 23:59:59.999999999
40012/0/40100187/40100190,2026-05-31,62635560000.0,40012,2026-05-31 23:59:59.999999999
40012/0/40100187/40100190,2026-06-30,62898320000.0,40012,2026-06-30 23:59:59.999999999
40012/0/40100187/40100190,2026-07-31,63161074000.0,40012,2026-07-31 23:59:59.999999999
40012/0/40100187/40100190,2026-08-31,63423832000.0,40012,2026-08-31 23:59:59.999999999
40012/0/40100187/40100190,2026-09-30,63686586000.0,40012,2026-09-30 23:59:59.999999999
40012/0/40100187/40100190,2026-10-31,63949345000.0,40012,2026-10-31 23:59:59.999999999
40012/0/40100187/40100190,2026-11-30,64212100000.0,40012,2026-11-30 23:59:59.999999999
40012/0/40100187/40100190,2026-12-31,64474857000.0,40012,2026-12-31 23:59:59.999999999
40012/0/40100187/40100190,2027-01-31,64737610000.0,40012,2027-01-31 23:59:59.999999999
40012/0/40100187/40100190,2027-02-28,65000370000.0,40012,2027-02-28 23:59:59.999999999
40012/0/40100187/40100190,2027-03-31,65263124000.0,40012,2027-03-31 23:59:59.999999999
40012/0/40100187/40100190,2027-04-30,65525883000.0,40012,2027-04-30 23:59:59.999999999
40012/0/40100187/40100190,2027-05-31,65788637000.0,40012,2027-05-31 23:59:59.999999999
40012/0/40100187/40100190/0,2024-12-31,58168705000.0,40012,2024-12-31 23:59:59.999999999
40012/0/40100187/40100190/0,2025-01-31,58431460000.0,40012,2025-01-31 23:59:59.999999999
40012/0/40100187/40100190/0,2025-02-28,58694218000.0,40012,2025-02-28 23:59:59.999999999
40012/0/40100187/40100190/0,2025-03-31,58956970000.0,40012,2025-03-31 23:59:59.999999999
40012/0/40100187/40100190/0,2025-04-30,59219730000.0,40012,2025-04-30 23:59:59.999999999
40012/0/40100187/40100190/0,2025-05-31,59482485000.0,40012,2025-05-31 23:59:59.999999999
40012/0/40100187/40100190/0,2025-06-30,59745243000.0,40012,2025-06-30 23:59:59.999999999
40012/0/40100187/40100190/0,2025-07-31,60007997000.0,40012,2025-07-31 23:59:59.999999999
40012/0/40100187/40100190/0,2025-08-31,60270756000.0,40012,2025-08-31 23:59:59.999999999
40012/0/40100187/40100190/0,2025-09-30,60533510000.0,40012,2025-09-30 23:59:59.999999999
40012/0/40100187/40100190/0,2025-10-31,60796270000.0,40012,2025-10-31 23:59:59.999999999
40012/0/40100187/40100190/0,2025-11-30,61059023000.0,40012,2025-11-30 23:59:59.999999999
40012/0/40100187/40100190/0,2025-12-31,61321780000.0,40012,2025-12-31 23:59:59.999999999
40012/0/40100187/40100190/0,2026-01-31,61584536000.0,40012,2026-01-31 23:59:59.999999999
40012/0/40100187/40100190/0,2026-02-28,61847294000.0,40012,2026-02-28 23:59:59.999999999
40012/0/40100187/40100190/0,2026-03-31,62110050000.0,40012,2026-03-31 23:59:59.999999999
40012/0/40100187/40100190/0,2026-04-30,62372807000.0,40012,2026-04-30 23:59:59.999999999
40012/0/40100187/40100190/0,2026-05-31,62635560000.0,40012,2026-05-31 23:59:59.999999999
40012/0/40100187/40100190/0,2026-06-30,62898320000.0,40012,2026-06-30 23:59:59.999999999
40012/0/40100187/40100190/0,2026-07-31,63161074000.0,40012,2026-07-31 23:59:59.999999999
40012/0/40100187/40100190/0,2026-08-31,63423832000.0,40012,2026-08-31 23:59:59.999999999
40012/0/40100187/40100190/0,2026-09-30,63686586000.0,40012,2026-09-30 23:59:59.999999999
40012/0/40100187/40100190/0,2026-10-31,63949345000.0,40012,2026-10-31 23:59:59.999999999
40012/0/40100187/40100190/0,2026-11-30,64212100000.0,40012,2026-11-30 23:59:59.999999999
40012/0/40100187/40100190/0,2026-12-31,64474857000.0,40012,2026-12-31 23:59:59.999999999
40012/0/40100187/40100190/0,2027-01-31,64737610000.0,40012,2027-01-31 23:59:59.999999999
40012/0/40100187/40100190/0,2027-02-28,65000370000.0,40012,2027-02-28 23:59:59.999999999
40012/0/40100187/40100190/0,2027-03-31,65263124000.0,40012,2027-03-31 23:59:59.999999999
40012/0/40100187/40100190/0,2027-04-30,65525883000.0,40012,2027-04-30 23:59:59.999999999
40012/0/40100187/40100190/0,2027-05-31,65788637000.0,40012,2027-05-31 23:59:59.999999999
40012/0/40100187/40100191,2024-12-31,78156590000.0,40012,2024-12-31 23:59:59.999999999
40012/0/40100187/40100191,2025-01-31,78148550000.0,40012,2025-01-31 23:59:59.999999999
40012/0/40100187/40100191,2025-02-28,78471100000.0,40012,2025-02-28 23:59:59.999999999
40012/0/40100187/40100191,2025-03-31,78459600000.0,40012,2025-03-31 23:59:59.999999999
40012/0/40100187/40100191,2025-04-30,80276800000.0,40012,2025-04-30 23:59:59.999999999
40012/0/40100187/40100191,2025-05-31,81481720000.0,40012,2025-05-31 23:59:59.999999999
40012/0/40100187/40100191,2025-06-30,81726775000.0,40012,2025-06-30 23:59:59.999999999
40012/0/40100187/40100191,2025-07-31,81684610000.0,40012,2025-07-31 23:59:59.999999999
40012/0/40100187/40100191,2025-08-31,82903920000.0,40012,2025-08-31 23:59:59.999999999
40012/0/40100187/40100191,2025-09-30,83453500000.0,40012,2025-09-30 23:59:59.999999999
40012/0/40100187/40100191,2025-10-31,84925310000.0,40012,2025-10-31 23:59:59.999999999
40012/0/40100187/40100191,2025-11-30,87179080000.0,40012,2025-11-30 23:59:59.999999999
40012/0/40100187/40100191,2025-12-31,87508400000.0,40012,2025-12-31 23:59:59.999999999
40012/0/40100187/40100191,2026-01-31,87591470000.0,40012,2026-01-31 23:59:59.999999999
40012/0/40100187/40100191,2026-02-28,88031820000.0,40012,2026-02-28 23:59:59.999999999
40012/0/40100187/40100191,2026-03-31,88137190000.0,40012,2026-03-31 23:59:59.999999999
40012/0/40100187/40100191,2026-04-30,89211130000.0,40012,2026-04-30 23:59:59.999999999
40012/0/40100187/40100191,2026-05-31,89868140000.0,40012,2026-05-31 23:59:59.999999999
40012/0/40100187/40100191,2026-06-30,90236715000.0,40012,2026-06-30 23:59:59.999999999
40012/0/40100187/40100191,2026-07-31,90362240000.0,40012,2026-07-31 23:59:59.999999999
40012/0/40100187/40100191,2026-08-31,91144454000.0,40012,2026-08-31 23:59:59.999999999
40012/0/40100187/40100191,2026-09-30,91540865000.0,40012,2026-09-30 23:59:59.999999999
40012/0/40100187/40100191,2026-10-31,92423320000.0,40012,2026-10-31 23:59:59.999999999
40012/0/40100187/40100191,2026-11-30,93575460000.0,40012,2026-11-30 23:59:59.999999999
40012/0/40100187/40100191,2026-12-31,93949280000.0,40012,2026-12-31 23:59:59.999999999
40012/0/40100187/40100191,2027-01-31,94157780000.0,40012,2027-01-31 23:59:59.999999999
40012/0/40100187/40100191,2027-02-28,94573806000.0,40012,2027-02-28 23:59:59.999999999
40012/0/40100187/40100191,2027-03-31,94797790000.0,40012,2027-03-31 23:59:59.999999999
40012/0/40100187/40100191,2027-04-30,95486280000.0,40012,2027-04-30 23:59:59.999999999
40012/0/40100187/40100191,2027-05-31,95956430000.0,40012,2027-05-31 23:59:59.999999999
40012/0/40100187/40100191/0,2024-12-31,78156590000.0,40012,2024-12-31 23:59:59.999999999
40012/0/40100187/40100191/0,2025-01-31,78148550000.0,40012,2025-01-31 23:59:59.999999999
40012/0/40100187/40100191/0,2025-02-28,78471100000.0,40012,2025-02-28 23:59:59.999999999
40012/0/40100187/40100191/0,2025-03-31,78459600000.0,40012,2025-03-31 23:59:59.999999999
40012/0/40100187/40100191/0,2025-04-30,80276800000.0,40012,2025-04-30 23:59:59.999999999
40012/0/40100187/40100191/0,2025-05-31,81481720000.0,40012,2025-05-31 23:59:59.999999999
40012/0/40100187/40100191/0,2025-06-30,81726775000.0,40012,2025-06-30 23:59:59.999999999
40012/0/40100187/40100191/0,2025-07-31,81684610000.0,40012,2025-07-31 23:59:59.999999999
40012/0/40100187/40100191/0,2025-08-31,82903920000.0,40012,2025-08-31 23:59:59.999999999
40012/0/40100187/40100191/0,2025-09-30,83453500000.0,40012,2025-09-30 23:59:59.999999999
40012/0/40100187/40100191/0,2025-10-31,84925310000.0,40012,2025-10-31 23:59:59.999999999
40012/0/40100187/40100191/0,2025-11-30,87179080000.0,40012,2025-11-30 23:59:59.999999999
40012/0/40100187/40100191/0,2025-12-31,87508400000.0,40012,2025-12-31 23:59:59.999999999
40012/0/40100187/40100191/0,2026-01-31,87591470000.0,40012,2026-01-31 23:59:59.999999999
40012/0/40100187/40100191/0,2026-02-28,88031820000.0,40012,2026-02-28 23:59:59.999999999
40012/0/40100187/40100191/0,2026-03-31,88137190000.0,40012,2026-03-31 23:59:59.999999999
40012/0/40100187/40100191/0,2026-04-30,89211130000.0,40012,2026-04-30 23:59:59.999999999
40012/0/40100187/40100191/0,2026-05-31,89868140000.0,40012,2026-05-31 23:59:59.999999999
40012/0/40100187/40100191/0,2026-06-30,90236715000.0,40012,2026-06-30 23:59:59.999999999
40012/0/40100187/40100191/0,2026-07-31,90362240000.0,40012,2026-07-31 23:59:59.999999999
40012/0/40100187/40100191/0,2026-08-31,91144454000.0,40012,2026-08-31 23:59:59.999999999
40012/0/40100187/40100191/0,2026-09-30,91540865000.0,40012,2026-09-30 23:59:59.999999999
40012/0/40100187/40100191/0,2026-10-31,92423320000.0,40012,2026-10-31 23:59:59.999999999
40012/0/40100187/40100191/0,2026-11-30,93575460000.0,40012,2026-11-30 23:59:59.999999999
40012/0/40100187/40100191/0,2026-12-31,93949280000.0,40012,2026-12-31 23:59:59.999999999
40012/0/40100187/40100191/0,2027-01-31,94157780000.0,40012,2027-01-31 23:59:59.999999999
40012/0/40100187/40100191/0,2027-02-28,94573806000.0,40012,2027-02-28 23:59:59.999999999
40012/0/40100187/40100191/0,2027-03-31,94797790000.0,40012,2027-03-31 23:59:59.999999999
40012/0/40100187/40100191/0,2027-04-30,95486280000.0,40012,2027-04-30 23:59:59.999999999
40012/0/40100187/40100191/0,2027-05-31,95956430000.0,40012,2027-05-31 23:59:59.999999999
40012/0/40100187/40100192,2024-12-31,15332215000.0,40012,2024-12-31 23:59:59.999999999
40012/0/40100187/40100192,2025-01-31,15389167000.0,40012,2025-01-31 23:59:59.999999999
40012/0/40100187/40100192,2025-02-28,15446119000.0,40012,2025-02-28 23:59:59.999999999
40012/0/40100187/40100192,2025-03-31,15503071000.0,40012,2025-03-31 23:59:59.999999999
40012/0/40100187/40100192,2025-04-30,15560023000.0,40012,2025-04-30 23:59:59.999999999
40012/0/40100187/40100192,2025-05-31,15616975000.0,40012,2025-05-31 23:59:59.999999999
40012/0/40100187/40100192,2025-06-30,15673927000.0,40012,2025-06-30 23:59:59.999999999
40012/0/40100187/40100192,2025-07-31,15730878000.0,40012,2025-07-31 23:59:59.999999999
40012/0/40100187/40100192,2025-08-31,15787830000.0,40012,2025-08-31 23:59:59.999999999
40012/0/40100187/40100192,2025-09-30,15844783000.0,40012,2025-09-30 23:59:59.999999999
40012/0/40100187/40100192,2025-10-31,15901735000.0,40012,2025-10-31 23:59:59.999999999
40012/0/40100187/40100192,2025-11-30,15958687000.0,40012,2025-11-30 23:59:59.999999999
40012/0/40100187/40100192,2025-12-31,16015639000.0,40012,2025-12-31 23:59:59.999999999
40012/0/40100187/40100192,2026-01-31,16072590000.0,40012,2026-01-31 23:59:59.999999999
40012/0/40100187/40100192,2026-02-28,16129542000.0,40012,2026-02-28 23:59:59.999999999
40012/0/40100187/40100192,2026-03-31,16186494000.0,40012,2026-03-31 23:59:59.999999999
40012/0/40100187/40100192,2026-04-30,16243446000.0,40012,2026-04-30 23:59:59.999999999
40012/0/40100187/40100192,2026-05-31,16300399000.0,40012,2026-05-31 23:59:59.999999999
40012/0/40100187/40100192,2026-06-30,16357350000.0,40012,2026-06-30 23:59:59.999999999
40012/0/40100187/40100192,2026-07-31,16414302000.0,40012,2026-07-31 23:59:59.999999999
40012/0/40100187/40100192,2026-08-31,16471254000.0,40012,2026-08-31 23:59:59.999999999
40012/0/40100187/40100192,2026-09-30,16528206000.0,40012,2026-09-30 23:59:59.999999999
40012/0/40100187/40100192,2026-10-31,16585158000.0,40012,2026-10-31 23:59:59.999999999
40012/0/40100187/40100192,2026-11-30,16642109000.0,40012,2026-11-30 23:59:59.999999999
40012/0/40100187/40100192,2026-12-31,16699062000.0,40012,2026-12-31 23:59:59.999999999
40012/0/40100187/40100192,2027-01-31,16756014000.0,40012,2027-01-31 23:59:59.999999999
40012/0/40100187/40100192,2027-02-28,16812966000.0,40012,2027-02-28 23:59:59.999999999
40012/0/40100187/40100192,2027-03-31,16869918000.0,40012,2027-03-31 23:59:59.999999999
40012/0/40100187/40100192,2027-04-30,16926870000.0,40012,2027-04-30 23:59:59.999999999
40012/0/40100187/40100192,2027-05-31,16983821000.0,40012,2027-05-31 23:59:59.999999999
40012/0/40100187/40100192/0,2024-12-31,15332215000.0,40012,2024-12-31 23:59:59.999999999
40012/0/40100187/40100192/0,2025-01-31,15389167000.0,40012,2025-01-31 23:59:59.999999999
40012/0/40100187/40100192/0,2025-02-28,15446119000.0,40012,2025-02-28 23:59:59.999999999
40012/0/40100187/40100192/0,2025-03-31,15503071000.0,40012,2025-03-31 23:59:59.999999999
40012/0/40100187/40100192/0,2025-04-30,15560023000.0,40012,2025-04-30 23:59:59.999999999
40012/0/40100187/40100192/0,2025-05-31,15616975000.0,40012,2025-05-31 23:59:59.999999999
40012/0/40100187/40100192/0,2025-06-30,15673927000.0,40012,2025-06-30 23:59:59.999999999
40012/0/40100187/40100192/0,2025-07-31,15730878000.0,40012,2025-07-31 23:59:59.999999999
40012/0/40100187/40100192/0,2025-08-31,15787830000.0,40012,2025-08-31 23:59:59.999999999
40012/0/40100187/40100192/0,2025-09-30,15844783000.0,40012,2025-09-30 23:59:59.999999999
40012/0/40100187/40100192/0,2025-10-31,15901735000.0,40012,2025-10-31 23:59:59.999999999
40012/0/40100187/40100192/0,2025-11-30,15958687000.0,40012,2025-11-30 23:59:59.999999999
40012/0/40100187/40100192/0,2025-12-31,16015639000.0,40012,2025-12-31 23:59:59.999999999
40012/0/40100187/40100192/0,2026-01-31,16072590000.0,40012,2026-01-31 23:59:59.999999999
40012/0/40100187/40100192/0,2026-02-28,16129542000.0,40012,2026-02-28 23:59:59.999999999
40012/0/40100187/40100192/0,2026-03-31,16186494000.0,40012,2026-03-31 23:59:59.999999999
40012/0/40100187/40100192/0,2026-04-30,16243446000.0,40012,2026-04-30 23:59:59.999999999
40012/0/40100187/40100192/0,2026-05-31,16300399000.0,40012,2026-05-31 23:59:59.999999999
40012/0/40100187/40100192/0,2026-06-30,16357350000.0,40012,2026-06-30 23:59:59.999999999
40012/0/40100187/40100192/0,2026-07-31,16414302000.0,40012,2026-07-31 23:59:59.999999999
40012/0/40100187/40100192/0,2026-08-31,16471254000.0,40012,2026-08-31 23:59:59.999999999
40012/0/40100187/40100192/0,2026-09-30,16528206000.0,40012,2026-09-30 23:59:59.999999999
40012/0/40100187/40100192/0,2026-10-31,16585158000.0,40012,2026-10-31 23:59:59.999999999
40012/0/40100187/40100192/0,2026-11-30,16642109000.0,40012,2026-11-30 23:59:59.999999999
40012/0/40100187/40100192/0,2026-12-31,16699062000.0,40012,2026-12-31 23:59:59.999999999
40012/0/40100187/40100192/0,2027-01-31,16756014000.0,40012,2027-01-31 23:59:59.999999999
40012/0/40100187/40100192/0,2027-02-28,16812966000.0,40012,2027-02-28 23:59:59.999999999
40012/0/40100187/40100192/0,2027-03-31,16869918000.0,40012,2027-03-31 23:59:59.999999999
40012/0/40100187/40100192/0,2027-04-30,16926870000.0,40012,2027-04-30 23:59:59.999999999
40012/0/40100187/40100192/0,2027-05-31,16983821000.0,40012,2027-05-31 23:59:59.999999999
40012/0/40100187/40100193,2024-12-31,410778.97,40012,2024-12-31 23:59:59.999999999
40012/0/40100187/40100193,2025-01-31,425375.8,40012,2025-01-31 23:59:59.999999999
40012/0/40100187/40100193,2025-02-28,661041.1,40012,2025-02-28 23:59:59.999999999
40012/0/40100187/40100193,2025-03-31,939528.4,40012,2025-03-31 23:59:59.999999999
40012/0/40100187/40100193,2025-04-30,939528.4,40012,2025-04-30 23:59:59.999999999
40012/0/40100187/40100193,2025-05-31,939528.4,40012,2025-05-31 23:59:59.999999999
40012/0/40100187/40100193,2025-06-30,939528.4,40012,2025-06-30 23:59:59.999999999
40012/0/40100187/40100193,2025-07-31,939528.4,40012,2025-07-31 23:59:59.999999999
40012/0/40100187/40100193,2025-08-31,939528.4,40012,2025-08-31 23:59:59.999999999
40012/0/40100187/40100193,2025-09-30,939528.4,40012,2025-09-30 23:59:59.999999999
40012/0/40100187/40100193,2025-10-31,939528.4,40012,2025-10-31 23:59:59.999999999
40012/0/40100187/40100193,2025-11-30,939528.4,40012,2025-11-30 23:59:59.999999999
40012/0/40100187/40100193,2025-12-31,939528.4,40012,2025-12-31 23:59:59.999999999
40012/0/40100187/40100193,2026-01-31,939528.4,40012,2026-01-31 23:59:59.999999999
40012/0/40100187/40100193,2026-02-28,939528.4,40012,2026-02-28 23:59:59.999999999
40012/0/40100187/40100193,2026-03-31,939528.4,40012,2026-03-31 23:59:59.999999999
40012/0/40100187/40100193,2026-04-30,939528.4,40012,2026-04-30 23:59:59.999999999
40012/0/40100187/40100193,2026-05-31,939528.4,40012,2026-05-31 23:59:59.999999999
40012/0/40100187/40100193,2026-06-30,939528.4,40012,2026-06-30 23:59:59.999999999
40012/0/40100187/40100193,2026-07-31,939528.4,40012,2026-07-31 23:59:59.999999999
40012/0/40100187/40100193,2026-08-31,939528.4,40012,2026-08-31 23:59:59.999999999
40012/0/40100187/40100193,2026-09-30,939528.4,40012,2026-09-30 23:59:59.999999999
40012/0/40100187/40100193,2026-10-31,939528.4,40012,2026-10-31 23:59:59.999999999
40012/0/40100187/40100193,2026-11-30,939528.4,40012,2026-11-30 23:59:59.999999999
40012/0/40100187/40100193,2026-12-31,939528.4,40012,2026-12-31 23:59:59.999999999
40012/0/40100187/40100193,2027-01-31,939528.4,40012,2027-01-31 23:59:59.999999999
40012/0/40100187/40100193,2027-02-28,939528.4,40012,2027-02-28 23:59:59.999999999
40012/0/40100187/40100193,2027-03-31,939528.4,40012,2027-03-31 23:59:59.999999999
40012/0/40100187/40100193,2027-04-30,939528.4,40012,2027-04-30 23:59:59.999999999
40012/0/40100187/40100193,2027-05-31,939528.4,40012,2027-05-31 23:59:59.999999999
40012/0/40100187/40100193/0,2024-12-31,410778.97,40012,2024-12-31 23:59:59.999999999
40012/0/40100187/40100193/0,2025-01-31,425375.8,40012,2025-01-31 23:59:59.999999999
40012/0/40100187/40100193/0,2025-02-28,661041.1,40012,2025-02-28 23:59:59.999999999
40012/0/40100187/40100193/0,2025-03-31,939528.4,40012,2025-03-31 23:59:59.999999999
40012/0/40100187/40100193/0,2025-04-30,939528.4,40012,2025-04-30 23:59:59.999999999
40012/0/40100187/40100193/0,2025-05-31,939528.4,40012,2025-05-31 23:59:59.999999999
40012/0/40100187/40100193/0,2025-06-30,939528.4,40012,2025-06-30 23:59:59.999999999
40012/0/40100187/40100193/0,2025-07-31,939528.4,40012,2025-07-31 23:59:59.999999999
40012/0/40100187/40100193/0,2025-08-31,939528.4,40012,2025-08-31 23:59:59.999999999
40012/0/40100187/40100193/0,2025-09-30,939528.4,40012,2025-09-30 23:59:59.999999999
40012/0/40100187/40100193/0,2025-10-31,939528.4,40012,2025-10-31 23:59:59.999999999
40012/0/40100187/40100193/0,2025-11-30,939528.4,40012,2025-11-30 23:59:59.999999999
40012/0/40100187/40100193/0,2025-12-31,939528.4,40012,2025-12-31 23:59:59.999999999
40012/0/40100187/40100193/0,2026-01-31,939528.4,40012,2026-01-31 23:59:59.999999999
40012/0/40100187/40100193/0,2026-02-28,939528.4,40012,2026-02-28 23:59:59.999999999
40012/0/40100187/40100193/0,2026-03-31,939528.4,40012,2026-03-31 23:59:59.999999999
40012/0/40100187/40100193/0,2026-04-30,939528.4,40012,2026-04-30 23:59:59.999999999
40012/0/40100187/40100193/0,2026-05-31,939528.4,40012,2026-05-31 23:59:59.999999999
40012/0/40100187/40100193/0,2026-06-30,939528.4,40012,2026-06-30 23:59:59.999999999
40012/0/40100187/40100193/0,2026-07-31,939528.4,40012,2026-07-31 23:59:59.999999999
40012/0/40100187/40100193/0,2026-08-31,939528.4,40012,2026-08-31 23:59:59.999999999
40012/0/40100187/40100193/0,2026-09-30,939528.4,40012,2026-09-30 23:59:59.999999999
40012/0/40100187/40100193/0,2026-10-31,939528.4,40012,2026-10-31 23:59:59.999999999
40012/0/40100187/40100193/0,2026-11-30,939528.4,40012,2026-11-30 23:59:59.999999999
40012/0/40100187/40100193/0,2026-12-31,939528.4,40012,2026-12-31 23:59:59.999999999
40012/0/40100187/40100193/0,2027-01-31,939528.4,40012,2027-01-31 23:59:59.999999999
40012/0/40100187/40100193/0,2027-02-28,939528.4,40012,2027-02-28 23:59:59.999999999
40012/0/40100187/40100193/0,2027-03-31,939528.4,40012,2027-03-31 23:59:59.999999999
40012/0/40100187/40100193/0,2027-04-30,939528.4,40012,2027-04-30 23:59:59.999999999
40012/0/40100187/40100193/0,2027-05-31,939528.4,40012,2027-05-31 23:59:59.999999999
40012/0/40100187/40100194,2024-12-31,57223094000.0,40012,2024-12-31 23:59:59.999999999
40012/0/40100187/40100194,2025-01-31,57752940000.0,40012,2025-01-31 23:59:59.999999999
40012/0/40100187/40100194,2025-02-28,58282783000.0,40012,2025-02-28 23:59:59.999999999
40012/0/40100187/40100194,2025-03-31,58812625000.0,40012,2025-03-31 23:59:59.999999999
40012/0/40100187/40100194,2025-04-30,59342470000.0,40012,2025-04-30 23:59:59.999999999
40012/0/40100187/40100194,2025-05-31,59872313000.0,40012,2025-05-31 23:59:59.999999999
40012/0/40100187/40100194,2025-06-30,60402156000.0,40012,2025-06-30 23:59:59.999999999
40012/0/40100187/40100194,2025-07-31,60932000000.0,40012,2025-07-31 23:59:59.999999999
40012/0/40100187/40100194,2025-08-31,61461844000.0,40012,2025-08-31 23:59:59.999999999
40012/0/40100187/40100194,2025-09-30,61991686000.0,40012,2025-09-30 23:59:59.999999999
40012/0/40100187/40100194,2025-10-31,62521530000.0,40012,2025-10-31 23:59:59.999999999
40012/0/40100187/40100194,2025-11-30,63051375000.0,40012,2025-11-30 23:59:59.999999999
40012/0/40100187/40100194,2025-12-31,63581217000.0,40012,2025-12-31 23:59:59.999999999
40012/0/40100187/40100194,2026-01-31,64111060000.0,40012,2026-01-31 23:59:59.999999999
40012/0/40100187/40100194,2026-02-28,64640905000.0,40012,2026-02-28 23:59:59.999999999
40012/0/40100187/40100194,2026-03-31,65170747000.0,40012,2026-03-31 23:59:59.999999999
40012/0/40100187/40100194,2026-04-30,65700590000.0,40012,2026-04-30 23:59:59.999999999
40012/0/40100187/40100194,2026-05-31,66230436000.0,40012,2026-05-31 23:59:59.999999999
40012/0/40100187/40100194,2026-06-30,66760280000.0,40012,2026-06-30 23:59:59.999999999
40012/0/40100187/40100194,2026-07-31,67290120000.0,40012,2026-07-31 23:59:59.999999999
40012/0/40100187/40100194,2026-08-31,67819966000.0,40012,2026-08-31 23:59:59.999999999
40012/0/40100187/40100194,2026-09-30,68349810000.0,40012,2026-09-30 23:59:59.999999999
40012/0/40100187/40100194,2026-10-31,68879655000.0,40012,2026-10-31 23:59:59.999999999
40012/0/40100187/40100194,2026-11-30,69409500000.0,40012,2026-11-30 23:59:59.999999999
40012/0/40100187/40100194,2026-12-31,69939340000.0,40012,2026-12-31 23:59:59.999999999
40012/0/40100187/40100194,2027-01-31,70469180000.0,40012,2027-01-31 23:59:59.999999999
40012/0/40100187/40100194,2027-02-28,70999020000.0,40012,2027-02-28 23:59:59.999999999
40012/0/40100187/40100194,2027-03-31,71528866000.0,40012,2027-03-31 23:59:59.999999999
40012/0/40100187/40100194,2027-04-30,72058720000.0,40012,2027-04-30 23:59:59.999999999
40012/0/40100187/40100194,2027-05-31,72588560000.0,40012,2027-05-31 23:59:59.999999999
40012/0/40100187/40100194/0,2024-12-31,57223094000.0,40012,2024-12-31 23:59:59.999999999
40012/0/40100187/40100194/0,2025-01-31,57752940000.0,40012,2025-01-31 23:59:59.999999999
40012/0/40100187/40100194/0,2025-02-28,58282783000.0,40012,2025-02-28 23:59:59.999999999
40012/0/40100187/40100194/0,2025-03-31,58812625000.0,40012,2025-03-31 23:59:59.999999999
40012/0/40100187/40100194/0,2025-04-30,59342470000.0,40012,2025-04-30 23:59:59.999999999
40012/0/40100187/40100194/0,2025-05-31,59872313000.0,40012,2025-05-31 23:59:59.999999999
40012/0/40100187/40100194/0,2025-06-30,60402156000.0,40012,2025-06-30 23:59:59.999999999
40012/0/40100187/40100194/0,2025-07-31,60932000000.0,40012,2025-07-31 23:59:59.999999999
40012/0/40100187/40100194/0,2025-08-31,61461844000.0,40012,2025-08-31 23:59:59.999999999
40012/0/40100187/40100194/0,2025-09-30,61991686000.0,40012,2025-09-30 23:59:59.999999999
40012/0/40100187/40100194/0,2025-10-31,62521530000.0,40012,2025-10-31 23:59:59.999999999
40012/0/40100187/40100194/0,2025-11-30,63051375000.0,40012,2025-11-30 23:59:59.999999999
40012/0/40100187/40100194/0,2025-12-31,63581217000.0,40012,2025-12-31 23:59:59.999999999
40012/0/40100187/40100194/0,2026-01-31,64111060000.0,40012,2026-01-31 23:59:59.999999999
40012/0/40100187/40100194/0,2026-02-28,64640905000.0,40012,2026-02-28 23:59:59.999999999
40012/0/40100187/40100194/0,2026-03-31,65170747000.0,40012,2026-03-31 23:59:59.999999999
40012/0/40100187/40100194/0,2026-04-30,65700590000.0,40012,2026-04-30 23:59:59.999999999
40012/0/40100187/40100194/0,2026-05-31,66230436000.0,40012,2026-05-31 23:59:59.999999999
40012/0/40100187/40100194/0,2026-06-30,66760280000.0,40012,2026-06-30 23:59:59.999999999
40012/0/40100187/40100194/0,2026-07-31,67290120000.0,40012,2026-07-31 23:59:59.999999999
40012/0/40100187/40100194/0,2026-08-31,67819966000.0,40012,2026-08-31 23:59:59.999999999
40012/0/40100187/40100194/0,2026-09-30,68349810000.0,40012,2026-09-30 23:59:59.999999999
40012/0/40100187/40100194/0,2026-10-31,68879655000.0,40012,2026-10-31 23:59:59.999999999
40012/0/40100187/40100194/0,2026-11-30,69409500000.0,40012,2026-11-30 23:59:59.999999999
40012/0/40100187/40100194/0,2026-12-31,69939340000.0,40012,2026-12-31 23:59:59.999999999
40012/0/40100187/40100194/0,2027-01-31,70469180000.0,40012,2027-01-31 23:59:59.999999999
40012/0/40100187/40100194/0,2027-02-28,70999020000.0,40012,2027-02-28 23:59:59.999999999
40012/0/40100187/40100194/0,2027-03-31,71528866000.0,40012,2027-03-31 23:59:59.999999999
40012/0/40100187/40100194/0,2027-04-30,72058720000.0,40012,2027-04-30 23:59:59.999999999
40012/0/40100187/40100194/0,2027-05-31,72588560000.0,40012,2027-05-31 23:59:59.999999999
40012/0/40100187/40100195,2024-12-31,1302266400000.0,40012,2024-12-31 23:59:59.999999999
40012/0/40100187/40100195,2025-01-31,1306977200000.0,40012,2025-01-31 23:59:59.999999999
40012/0/40100187/40100195,2025-02-28,1312210000000.0,40012,2025-02-28 23:59:59.999999999
40012/0/40100187/40100195,2025-03-31,1317525700000.0,40012,2025-03-31 23:59:59.999999999
40012/0/40100187/40100195,2025-04-30,1322854600000.0,40012,2025-04-30 23:59:59.999999999
40012/0/40100187/40100195,2025-05-31,1328185700000.0,40012,2025-05-31 23:59:59.999999999
40012/0/40100187/40100195,2025-06-30,1333517100000.0,40012,2025-06-30 23:59:59.999999999
40012/0/40100187/40100195,2025-07-31,1338848400000.0,40012,2025-07-31 23:59:59.999999999
40012/0/40100187/40100195,2025-08-31,1344179900000.0,40012,2025-08-31 23:59:59.999999999
40012/0/40100187/40100195,2025-09-30,1349511400000.0,40012,2025-09-30 23:59:59.999999999
40012/0/40100187/40100195,2025-10-31,1354842800000.0,40012,2025-10-31 23:59:59.999999999
40012/0/40100187/40100195,2025-11-30,1360174300000.0,40012,2025-11-30 23:59:59.999999999
40012/0/40100187/40100195,2025-12-31,1365505600000.0,40012,2025-12-31 23:59:59.999999999
40012/0/40100187/40100195,2026-01-31,1370837100000.0,40012,2026-01-31 23:59:59.999999999
40012/0/40100187/40100195,2026-02-28,1376168600000.0,40012,2026-02-28 23:59:59.999999999
40012/0/40100187/40100195,2026-03-31,1381499900000.0,40012,2026-03-31 23:59:59.999999999
40012/0/40100187/40100195,2026-04-30,1386831400000.0,40012,2026-04-30 23:59:59.999999999
40012/0/40100187/40100195,2026-05-31,1392162900000.0,40012,2026-05-31 23:59:59.999999999
40012/0/40100187/40100195,2026-06-30,1397494300000.0,40012,2026-06-30 23:59:59.999999999
40012/0/40100187/40100195,2026-07-31,1402825700000.0,40012,2026-07-31 23:59:59.999999999
40012/0/40100187/40100195,2026-08-31,1408157200000.0,40012,2026-08-31 23:59:59.999999999
40012/0/40100187/40100195,2026-09-30,1413488600000.0,40012,2026-09-30 23:59:59.999999999
40012/0/40100187/40100195,2026-10-31,1418820000000.0,40012,2026-10-31 23:59:59.999999999
40012/0/40100187/40100195,2026-11-30,1424151500000.0,40012,2026-11-30 23:59:59.999999999
40012/0/40100187/40100195,2026-12-31,1429482900000.0,40012,2026-12-31 23:59:59.999999999
40012/0/40100187/40100195,2027-01-31,1434814400000.0,40012,2027-01-31 23:59:59.999999999
40012/0/40100187/40100195,2027-02-28,1440145700000.0,40012,2027-02-28 23:59:59.999999999
40012/0/40100187/40100195,2027-03-31,1445477200000.0,40012,2027-03-31 23:59:59.999999999
40012/0/40100187/40100195,2027-04-30,1450808700000.0,40012,2027-04-30 23:59:59.999999999
40012/0/40100187/40100195,2027-05-31,1456140000000.0,40012,2027-05-31 23:59:59.999999999
40012/0/40100187/40100195/0,2024-12-31,1302266400000.0,40012,2024-12-31 23:59:59.999999999
40012/0/40100187/40100195/0,2025-01-31,1306977200000.0,40012,2025-01-31 23:59:59.999999999
40012/0/40100187/40100195/0,2025-02-28,1312210000000.0,40012,2025-02-28 23:59:59.999999999
40012/0/40100187/40100195/0,2025-03-31,1317525700000.0,40012,2025-03-31 23:59:59.999999999
40012/0/40100187/40100195/0,2025-04-30,1322854600000.0,40012,2025-04-30 23:59:59.999999999
40012/0/40100187/40100195/0,2025-05-31,1328185700000.0,40012,2025-05-31 23:59:59.999999999
40012/0/40100187/40100195/0,2025-06-30,1333517100000.0,40012,2025-06-30 23:59:59.999999999
40012/0/40100187/40100195/0,2025-07-31,1338848400000.0,40012,2025-07-31 23:59:59.999999999
40012/0/40100187/40100195/0,2025-08-31,1344179900000.0,40012,2025-08-31 23:59:59.999999999
40012/0/40100187/40100195/0,2025-09-30,1349511400000.0,40012,2025-09-30 23:59:59.999999999
40012/0/40100187/40100195/0,2025-10-31,1354842800000.0,40012,2025-10-31 23:59:59.999999999
40012/0/40100187/40100195/0,2025-11-30,1360174300000.0,40012,2025-11-30 23:59:59.999999999
40012/0/40100187/40100195/0,2025-12-31,1365505600000.0,40012,2025-12-31 23:59:59.999999999
40012/0/40100187/40100195/0,2026-01-31,1370837100000.0,40012,2026-01-31 23:59:59.999999999
40012/0/40100187/40100195/0,2026-02-28,1376168600000.0,40012,2026-02-28 23:59:59.999999999
40012/0/40100187/40100195/0,2026-03-31,1381499900000.0,40012,2026-03-31 23:59:59.999999999
40012/0/40100187/40100195/0,2026-04-30,1386831400000.0,40012,2026-04-30 23:59:59.999999999
40012/0/40100187/40100195/0,2026-05-31,1392162900000.0,40012,2026-05-31 23:59:59.999999999
40012/0/40100187/40100195/0,2026-06-30,1397494300000.0,40012,2026-06-30 23:59:59.999999999
40012/0/40100187/40100195/0,2026-07-31,1402825700000.0,40012,2026-07-31 23:59:59.999999999
40012/0/40100187/40100195/0,2026-08-31,1408157200000.0,40012,2026-08-31 23:59:59.999999999
40012/0/40100187/40100195/0,2026-09-30,1413488600000.0,40012,2026-09-30 23:59:59.999999999
40012/0/40100187/40100195/0,2026-10-31,1418820000000.0,40012,2026-10-31 23:59:59.999999999
40012/0/40100187/40100195/0,2026-11-30,1424151500000.0,40012,2026-11-30 23:59:59.999999999
40012/0/40100187/40100195/0,2026-12-31,1429482900000.0,40012,2026-12-31 23:59:59.999999999
40012/0/40100187/40100195/0,2027-01-31,1434814400000.0,40012,2027-01-31 23:59:59.999999999
40012/0/40100187/40100195/0,2027-02-28,1440145700000.0,40012,2027-02-28 23:59:59.999999999
40012/0/40100187/40100195/0,2027-03-31,1445477200000.0,40012,2027-03-31 23:59:59.999999999
40012/0/40100187/40100195/0,2027-04-30,1450808700000.0,40012,2027-04-30 23:59:59.999999999
40012/0/40100187/40100195/0,2027-05-31,1456140000000.0,40012,2027-05-31 23:59:59.999999999
40012/0/40100196,2024-12-31,91293800000.0,40012,2024-12-31 23:59:59.999999999
40012/0/40100196,2025-01-31,91622490000.0,40012,2025-01-31 23:59:59.999999999
40012/0/40100196,2025-02-28,91951180000.0,40012,2025-02-28 23:59:59.999999999
40012/0/40100196,2025-03-31,92279865000.0,40012,2025-03-31 23:59:59.999999999
40012/0/40100196,2025-04-30,92608550000.0,40012,2025-04-30 23:59:59.999999999
40012/0/40100196,2025-05-31,92937240000.0,40012,2025-05-31 23:59:59.999999999
40012/0/40100196,2025-06-30,93265920000.0,40012,2025-06-30 23:59:59.999999999
40012/0/40100196,2025-07-31,93594610000.0,40012,2025-07-31 23:59:59.999999999
40012/0/40100196,2025-08-31,93923295000.0,40012,2025-08-31 23:59:59.999999999
40012/0/40100196,2025-09-30,94251980000.0,40012,2025-09-30 23:59:59.999999999
40012/0/40100196,2025-10-31,94580670000.0,40012,2025-10-31 23:59:59.999999999
40012/0/40100196,2025-11-30,94909360000.0,40012,2025-11-30 23:59:59.999999999
40012/0/40100196,2025-12-31,95238046000.0,40012,2025-12-31 23:59:59.999999999
40012/0/40100196,2026-01-31,95566730000.0,40012,2026-01-31 23:59:59.999999999
40012/0/40100196,2026-02-28,95895420000.0,40012,2026-02-28 23:59:59.999999999
40012/0/40100196,2026-03-31,96224100000.0,40012,2026-03-31 23:59:59.999999999
40012/0/40100196,2026-04-30,96552790000.0,40012,2026-04-30 23:59:59.999999999
40012/0/40100196,2026-05-31,96881476000.0,40012,2026-05-31 23:59:59.999999999
40012/0/40100196,2026-06-30,97210160000.0,40012,2026-06-30 23:59:59.999999999
40012/0/40100196,2026-07-31,97538850000.0,40012,2026-07-31 23:59:59.999999999
40012/0/40100196,2026-08-31,97867540000.0,40012,2026-08-31 23:59:59.999999999
40012/0/40100196,2026-09-30,98196230000.0,40012,2026-09-30 23:59:59.999999999
40012/0/40100196,2026-10-31,98524910000.0,40012,2026-10-31 23:59:59.999999999
40012/0/40100196,2026-11-30,98853600000.0,40012,2026-11-30 23:59:59.999999999
40012/0/40100196,2026-12-31,99182280000.0,40012,2026-12-31 23:59:59.999999999
40012/0/40100196,2027-01-31,99510970000.0,40012,2027-01-31 23:59:59.999999999
40012/0/40100196,2027-02-28,99839660000.0,40012,2027-02-28 23:59:59.999999999
40012/0/40100196,2027-03-31,100168340000.0,40012,2027-03-31 23:59:59.999999999
40012/0/40100196,2027-04-30,100497030000.0,40012,2027-04-30 23:59:59.999999999
40012/0/40100196,2027-05-31,100825720000.0,40012,2027-05-31 23:59:59.999999999
40012/0/40100196/40100197,2024-12-31,3569400600.0,40012,2024-12-31 23:59:59.999999999
40012/0/40100196/40100197,2025-01-31,3569400600.0,40012,2025-01-31 23:59:59.999999999
40012/0/40100196/40100197,2025-02-28,3569400600.0,40012,2025-02-28 23:59:59.999999999
40012/0/40100196/40100197,2025-03-31,3569400600.0,40012,2025-03-31 23:59:59.999999999
40012/0/40100196/40100197,2025-04-30,3569400600.0,40012,2025-04-30 23:59:59.999999999
40012/0/40100196/40100197,2025-05-31,3569400600.0,40012,2025-05-31 23:59:59.999999999
40012/0/40100196/40100197,2025-06-30,3569400600.0,40012,2025-06-30 23:59:59.999999999
40012/0/40100196/40100197,2025-07-31,3569400600.0,40012,2025-07-31 23:59:59.999999999
40012/0/40100196/40100197,2025-08-31,3569400600.0,40012,2025-08-31 23:59:59.999999999
40012/0/40100196/40100197,2025-09-30,3569400600.0,40012,2025-09-30 23:59:59.999999999
40012/0/40100196/40100197,2025-10-31,3569400600.0,40012,2025-10-31 23:59:59.999999999
40012/0/40100196/40100197,2025-11-30,3569400600.0,40012,2025-11-30 23:59:59.999999999
40012/0/40100196/40100197,2025-12-31,3569400600.0,40012,2025-12-31 23:59:59.999999999
40012/0/40100196/40100197,2026-01-31,3569400600.0,40012,2026-01-31 23:59:59.999999999
40012/0/40100196/40100197,2026-02-28,3569400600.0,40012,2026-02-28 23:59:59.999999999
40012/0/40100196/40100197,2026-03-31,3569400600.0,40012,2026-03-31 23:59:59.999999999
40012/0/40100196/40100197,2026-04-30,3569400600.0,40012,2026-04-30 23:59:59.999999999
40012/0/40100196/40100197,2026-05-31,3569400600.0,40012,2026-05-31 23:59:59.999999999
40012/0/40100196/40100197,2026-06-30,3569400600.0,40012,2026-06-30 23:59:59.999999999
40012/0/40100196/40100197,2026-07-31,3569400600.0,40012,2026-07-31 23:59:59.999999999
40012/0/40100196/40100197,2026-08-31,3569400600.0,40012,2026-08-31 23:59:59.999999999
40012/0/40100196/40100197,2026-09-30,3569400600.0,40012,2026-09-30 23:59:59.999999999
40012/0/40100196/40100197,2026-10-31,3569400600.0,40012,2026-10-31 23:59:59.999999999
40012/0/40100196/40100197,2026-11-30,3569400600.0,40012,2026-11-30 23:59:59.999999999
40012/0/40100196/40100197,2026-12-31,3569400600.0,40012,2026-12-31 23:59:59.999999999
40012/0/40100196/40100197,2027-01-31,3569400600.0,40012,2027-01-31 23:59:59.999999999
40012/0/40100196/40100197,2027-02-28,3569400600.0,40012,2027-02-28 23:59:59.999999999
40012/0/40100196/40100197,2027-03-31,3569400600.0,40012,2027-03-31 23:59:59.999999999
40012/0/40100196/40100197,2027-04-30,3569400600.0,40012,2027-04-30 23:59:59.999999999
40012/0/40100196/40100197,2027-05-31,3569400600.0,40012,2027-05-31 23:59:59.999999999
40012/0/40100196/40100197/0,2024-12-31,3569400600.0,40012,2024-12-31 23:59:59.999999999
40012/0/40100196/40100197/0,2025-01-31,3569400600.0,40012,2025-01-31 23:59:59.999999999
40012/0/40100196/40100197/0,2025-02-28,3569400600.0,40012,2025-02-28 23:59:59.999999999
40012/0/40100196/40100197/0,2025-03-31,3569400600.0,40012,2025-03-31 23:59:59.999999999
40012/0/40100196/40100197/0,2025-04-30,3569400600.0,40012,2025-04-30 23:59:59.999999999
40012/0/40100196/40100197/0,2025-05-31,3569400600.0,40012,2025-05-31 23:59:59.999999999
40012/0/40100196/40100197/0,2025-06-30,3569400600.0,40012,2025-06-30 23:59:59.999999999
40012/0/40100196/40100197/0,2025-07-31,3569400600.0,40012,2025-07-31 23:59:59.999999999
40012/0/40100196/40100197/0,2025-08-31,3569400600.0,40012,2025-08-31 23:59:59.999999999
40012/0/40100196/40100197/0,2025-09-30,3569400600.0,40012,2025-09-30 23:59:59.999999999
40012/0/40100196/40100197/0,2025-10-31,3569400600.0,40012,2025-10-31 23:59:59.999999999
40012/0/40100196/40100197/0,2025-11-30,3569400600.0,40012,2025-11-30 23:59:59.999999999
40012/0/40100196/40100197/0,2025-12-31,3569400600.0,40012,2025-12-31 23:59:59.999999999
40012/0/40100196/40100197/0,2026-01-31,3569400600.0,40012,2026-01-31 23:59:59.999999999
40012/0/40100196/40100197/0,2026-02-28,3569400600.0,40012,2026-02-28 23:59:59.999999999
40012/0/40100196/40100197/0,2026-03-31,3569400600.0,40012,2026-03-31 23:59:59.999999999
40012/0/40100196/40100197/0,2026-04-30,3569400600.0,40012,2026-04-30 23:59:59.999999999
40012/0/40100196/40100197/0,2026-05-31,3569400600.0,40012,2026-05-31 23:59:59.999999999
40012/0/40100196/40100197/0,2026-06-30,3569400600.0,40012,2026-06-30 23:59:59.999999999
40012/0/40100196/40100197/0,2026-07-31,3569400600.0,40012,2026-07-31 23:59:59.999999999
40012/0/40100196/40100197/0,2026-08-31,3569400600.0,40012,2026-08-31 23:59:59.999999999
40012/0/40100196/40100197/0,2026-09-30,3569400600.0,40012,2026-09-30 23:59:59.999999999
40012/0/40100196/40100197/0,2026-10-31,3569400600.0,40012,2026-10-31 23:59:59.999999999
40012/0/40100196/40100197/0,2026-11-30,3569400600.0,40012,2026-11-30 23:59:59.999999999
40012/0/40100196/40100197/0,2026-12-31,3569400600.0,40012,2026-12-31 23:59:59.999999999
40012/0/40100196/40100197/0,2027-01-31,3569400600.0,40012,2027-01-31 23:59:59.999999999
40012/0/40100196/40100197/0,2027-02-28,3569400600.0,40012,2027-02-28 23:59:59.999999999
40012/0/40100196/40100197/0,2027-03-31,3569400600.0,40012,2027-03-31 23:59:59.999999999
40012/0/40100196/40100197/0,2027-04-30,3569400600.0,40012,2027-04-30 23:59:59.999999999
40012/0/40100196/40100197/0,2027-05-31,3569400600.0,40012,2027-05-31 23:59:59.999999999
40012/0/40100196/40100198,2024-12-31,87013450000.0,40012,2024-12-31 23:59:59.999999999
40012/0/40100196/40100198,2025-01-31,87344260000.0,40012,2025-01-31 23:59:59.999999999
40012/0/40100196/40100198,2025-02-28,87675080000.0,40012,2025-02-28 23:59:59.999999999
40012/0/40100196/40100198,2025-03-31,88005890000.0,40012,2025-03-31 23:59:59.999999999
40012/0/40100196/40100198,2025-04-30,88336700000.0,40012,2025-04-30 23:59:59.999999999
40012/0/40100196/40100198,2025-05-31,88667520000.0,40012,2025-05-31 23:59:59.999999999
40012/0/40100196/40100198,2025-06-30,88998330000.0,40012,2025-06-30 23:59:59.999999999
40012/0/40100196/40100198,2025-07-31,89329150000.0,40012,2025-07-31 23:59:59.999999999
40012/0/40100196/40100198,2025-08-31,89659965000.0,40012,2025-08-31 23:59:59.999999999
40012/0/40100196/40100198,2025-09-30,89990775000.0,40012,2025-09-30 23:59:59.999999999
40012/0/40100196/40100198,2025-10-31,90321590000.0,40012,2025-10-31 23:59:59.999999999
40012/0/40100196/40100198,2025-11-30,90652400000.0,40012,2025-11-30 23:59:59.999999999
40012/0/40100196/40100198,2025-12-31,90983220000.0,40012,2025-12-31 23:59:59.999999999
40012/0/40100196/40100198,2026-01-31,91314040000.0,40012,2026-01-31 23:59:59.999999999
40012/0/40100196/40100198,2026-02-28,91644850000.0,40012,2026-02-28 23:59:59.999999999
40012/0/40100196/40100198,2026-03-31,91975660000.0,40012,2026-03-31 23:59:59.999999999
40012/0/40100196/40100198,2026-04-30,92306480000.0,40012,2026-04-30 23:59:59.999999999
40012/0/40100196/40100198,2026-05-31,92637290000.0,40012,2026-05-31 23:59:59.999999999
40012/0/40100196/40100198,2026-06-30,92968110000.0,40012,2026-06-30 23:59:59.999999999
40012/0/40100196/40100198,2026-07-31,93298926000.0,40012,2026-07-31 23:59:59.999999999
40012/0/40100196/40100198,2026-08-31,93629735000.0,40012,2026-08-31 23:59:59.999999999
40012/0/40100196/40100198,2026-09-30,93960550000.0,40012,2026-09-30 23:59:59.999999999
40012/0/40100196/40100198,2026-10-31,94291360000.0,40012,2026-10-31 23:59:59.999999999
40012/0/40100196/40100198,2026-11-30,94622180000.0,40012,2026-11-30 23:59:59.999999999
40012/0/40100196/40100198,2026-12-31,94953000000.0,40012,2026-12-31 23:59:59.999999999
40012/0/40100196/40100198,2027-01-31,95283810000.0,40012,2027-01-31 23:59:59.999999999
40012/0/40100196/40100198,2027-02-28,95614620000.0,40012,2027-02-28 23:59:59.999999999
40012/0/40100196/40100198,2027-03-31,95945440000.0,40012,2027-03-31 23:59:59.999999999
40012/0/40100196/40100198,2027-04-30,96276250000.0,40012,2027-04-30 23:59:59.999999999
40012/0/40100196/40100198,2027-05-31,96607070000.0,40012,2027-05-31 23:59:59.999999999
40012/0/40100196/40100198/0,2024-12-31,87013450000.0,40012,2024-12-31 23:59:59.999999999
40012/0/40100196/40100198/0,2025-01-31,87344260000.0,40012,2025-01-31 23:59:59.999999999
40012/0/40100196/40100198/0,2025-02-28,87675080000.0,40012,2025-02-28 23:59:59.999999999
40012/0/40100196/40100198/0,2025-03-31,88005890000.0,40012,2025-03-31 23:59:59.999999999
40012/0/40100196/40100198/0,2025-04-30,88336700000.0,40012,2025-04-30 23:59:59.999999999
40012/0/40100196/40100198/0,2025-05-31,88667520000.0,40012,2025-05-31 23:59:59.999999999
40012/0/40100196/40100198/0,2025-06-30,88998330000.0,40012,2025-06-30 23:59:59.999999999
40012/0/40100196/40100198/0,2025-07-31,89329150000.0,40012,2025-07-31 23:59:59.999999999
40012/0/40100196/40100198/0,2025-08-31,89659965000.0,40012,2025-08-31 23:59:59.999999999
40012/0/40100196/40100198/0,2025-09-30,89990775000.0,40012,2025-09-30 23:59:59.999999999
40012/0/40100196/40100198/0,2025-10-31,90321590000.0,40012,2025-10-31 23:59:59.999999999
40012/0/40100196/40100198/0,2025-11-30,90652400000.0,40012,2025-11-30 23:59:59.999999999
40012/0/40100196/40100198/0,2025-12-31,90983220000.0,40012,2025-12-31 23:59:59.999999999
40012/0/40100196/40100198/0,2026-01-31,91314040000.0,40012,2026-01-31 23:59:59.999999999
40012/0/40100196/40100198/0,2026-02-28,91644850000.0,40012,2026-02-28 23:59:59.999999999
40012/0/40100196/40100198/0,2026-03-31,91975660000.0,40012,2026-03-31 23:59:59.999999999
40012/0/40100196/40100198/0,2026-04-30,92306480000.0,40012,2026-04-30 23:59:59.999999999
40012/0/40100196/40100198/0,2026-05-31,92637290000.0,40012,2026-05-31 23:59:59.999999999
40012/0/40100196/40100198/0,2026-06-30,92968110000.0,40012,2026-06-30 23:59:59.999999999
40012/0/40100196/40100198/0,2026-07-31,93298926000.0,40012,2026-07-31 23:59:59.999999999
40012/0/40100196/40100198/0,2026-08-31,93629735000.0,40012,2026-08-31 23:59:59.999999999
40012/0/40100196/40100198/0,2026-09-30,93960550000.0,40012,2026-09-30 23:59:59.999999999
40012/0/40100196/40100198/0,2026-10-31,94291360000.0,40012,2026-10-31 23:59:59.999999999
40012/0/40100196/40100198/0,2026-11-30,94622180000.0,40012,2026-11-30 23:59:59.999999999
40012/0/40100196/40100198/0,2026-12-31,94953000000.0,40012,2026-12-31 23:59:59.999999999
40012/0/40100196/40100198/0,2027-01-31,95283810000.0,40012,2027-01-31 23:59:59.999999999
40012/0/40100196/40100198/0,2027-02-28,95614620000.0,40012,2027-02-28 23:59:59.999999999
40012/0/40100196/40100198/0,2027-03-31,95945440000.0,40012,2027-03-31 23:59:59.999999999
40012/0/40100196/40100198/0,2027-04-30,96276250000.0,40012,2027-04-30 23:59:59.999999999
40012/0/40100196/40100198/0,2027-05-31,96607070000.0,40012,2027-05-31 23:59:59.999999999
40012/0/40100196/40100199,2024-12-31,-21950510.0,40012,2024-12-31 23:59:59.999999999
40012/0/40100196/40100199,2025-01-31,-21950510.0,40012,2025-01-31 23:59:59.999999999
40012/0/40100196/40100199,2025-02-28,-21950510.0,40012,2025-02-28 23:59:59.999999999
40012/0/40100196/40100199,2025-03-31,-21950510.0,40012,2025-03-31 23:59:59.999999999
40012/0/40100196/40100199,2025-04-30,-21950510.0,40012,2025-04-30 23:59:59.999999999
40012/0/40100196/40100199,2025-05-31,-21950510.0,40012,2025-05-31 23:59:59.999999999
40012/0/40100196/40100199,2025-06-30,-21950510.0,40012,2025-06-30 23:59:59.999999999
40012/0/40100196/40100199,2025-07-31,-21950510.0,40012,2025-07-31 23:59:59.999999999
40012/0/40100196/40100199,2025-08-31,-21950510.0,40012,2025-08-31 23:59:59.999999999
40012/0/40100196/40100199,2025-09-30,-21950510.0,40012,2025-09-30 23:59:59.999999999
40012/0/40100196/40100199,2025-10-31,-21950510.0,40012,2025-10-31 23:59:59.999999999
40012/0/40100196/40100199,2025-11-30,-21950510.0,40012,2025-11-30 23:59:59.999999999
40012/0/40100196/40100199,2025-12-31,-21950510.0,40012,2025-12-31 23:59:59.999999999
40012/0/40100196/40100199,2026-01-31,-21950510.0,40012,2026-01-31 23:59:59.999999999
40012/0/40100196/40100199,2026-02-28,-21950510.0,40012,2026-02-28 23:59:59.999999999
40012/0/40100196/40100199,2026-03-31,-21950510.0,40012,2026-03-31 23:59:59.999999999
40012/0/40100196/40100199,2026-04-30,-21950510.0,40012,2026-04-30 23:59:59.999999999
40012/0/40100196/40100199,2026-05-31,-21950510.0,40012,2026-05-31 23:59:59.999999999
40012/0/40100196/40100199,2026-06-30,-21950510.0,40012,2026-06-30 23:59:59.999999999
40012/0/40100196/40100199,2026-07-31,-21950510.0,40012,2026-07-31 23:59:59.999999999
40012/0/40100196/40100199,2026-08-31,-21950510.0,40012,2026-08-31 23:59:59.999999999
40012/0/40100196/40100199,2026-09-30,-21950510.0,40012,2026-09-30 23:59:59.999999999
40012/0/40100196/40100199,2026-10-31,-21950510.0,40012,2026-10-31 23:59:59.999999999
40012/0/40100196/40100199,2026-11-30,-21950510.0,40012,2026-11-30 23:59:59.999999999
40012/0/40100196/40100199,2026-12-31,-21950510.0,40012,2026-12-31 23:59:59.999999999
40012/0/40100196/40100199,2027-01-31,-21950510.0,40012,2027-01-31 23:59:59.999999999
40012/0/40100196/40100199,2027-02-28,-21950510.0,40012,2027-02-28 23:59:59.999999999
40012/0/40100196/40100199,2027-03-31,-21950510.0,40012,2027-03-31 23:59:59.999999999
40012/0/40100196/40100199,2027-04-30,-21950510.0,40012,2027-04-30 23:59:59.999999999
40012/0/40100196/40100199,2027-05-31,-21950510.0,40012,2027-05-31 23:59:59.999999999
40012/0/40100196/40100199/0,2024-12-31,-21950510.0,40012,2024-12-31 23:59:59.999999999
40012/0/40100196/40100199/0,2025-01-31,-21950510.0,40012,2025-01-31 23:59:59.999999999
40012/0/40100196/40100199/0,2025-02-28,-21950510.0,40012,2025-02-28 23:59:59.999999999
40012/0/40100196/40100199/0,2025-03-31,-21950510.0,40012,2025-03-31 23:59:59.999999999
40012/0/40100196/40100199/0,2025-04-30,-21950510.0,40012,2025-04-30 23:59:59.999999999
40012/0/40100196/40100199/0,2025-05-31,-21950510.0,40012,2025-05-31 23:59:59.999999999
40012/0/40100196/40100199/0,2025-06-30,-21950510.0,40012,2025-06-30 23:59:59.999999999
40012/0/40100196/40100199/0,2025-07-31,-21950510.0,40012,2025-07-31 23:59:59.999999999
40012/0/40100196/40100199/0,2025-08-31,-21950510.0,40012,2025-08-31 23:59:59.999999999
40012/0/40100196/40100199/0,2025-09-30,-21950510.0,40012,2025-09-30 23:59:59.999999999
40012/0/40100196/40100199/0,2025-10-31,-21950510.0,40012,2025-10-31 23:59:59.999999999
40012/0/40100196/40100199/0,2025-11-30,-21950510.0,40012,2025-11-30 23:59:59.999999999
40012/0/40100196/40100199/0,2025-12-31,-21950510.0,40012,2025-12-31 23:59:59.999999999
40012/0/40100196/40100199/0,2026-01-31,-21950510.0,40012,2026-01-31 23:59:59.999999999
40012/0/40100196/40100199/0,2026-02-28,-21950510.0,40012,2026-02-28 23:59:59.999999999
40012/0/40100196/40100199/0,2026-03-31,-21950510.0,40012,2026-03-31 23:59:59.999999999
40012/0/40100196/40100199/0,2026-04-30,-21950510.0,40012,2026-04-30 23:59:59.999999999
40012/0/40100196/40100199/0,2026-05-31,-21950510.0,40012,2026-05-31 23:59:59.999999999
40012/0/40100196/40100199/0,2026-06-30,-21950510.0,40012,2026-06-30 23:59:59.999999999
40012/0/40100196/40100199/0,2026-07-31,-21950510.0,40012,2026-07-31 23:59:59.999999999
40012/0/40100196/40100199/0,2026-08-31,-21950510.0,40012,2026-08-31 23:59:59.999999999
40012/0/40100196/40100199/0,2026-09-30,-21950510.0,40012,2026-09-30 23:59:59.999999999
40012/0/40100196/40100199/0,2026-10-31,-21950510.0,40012,2026-10-31 23:59:59.999999999
40012/0/40100196/40100199/0,2026-11-30,-21950510.0,40012,2026-11-30 23:59:59.999999999
40012/0/40100196/40100199/0,2026-12-31,-21950510.0,40012,2026-12-31 23:59:59.999999999
40012/0/40100196/40100199/0,2027-01-31,-21950510.0,40012,2027-01-31 23:59:59.999999999
40012/0/40100196/40100199/0,2027-02-28,-21950510.0,40012,2027-02-28 23:59:59.999999999
40012/0/40100196/40100199/0,2027-03-31,-21950510.0,40012,2027-03-31 23:59:59.999999999
40012/0/40100196/40100199/0,2027-04-30,-21950510.0,40012,2027-04-30 23:59:59.999999999
40012/0/40100196/40100199/0,2027-05-31,-21950510.0,40012,2027-05-31 23:59:59.999999999
40012/0/40100200,2024-12-31,408075630000.0,40012,2024-12-31 23:59:59.999999999
40012/0/40100200,2025-01-31,408530600000.0,40012,2025-01-31 23:59:59.999999999
40012/0/40100200,2025-02-28,409103860000.0,40012,2025-02-28 23:59:59.999999999
40012/0/40100200,2025-03-31,409783470000.0,40012,2025-03-31 23:59:59.999999999
40012/0/40100200,2025-04-30,410558800000.0,40012,2025-04-30 23:59:59.999999999
40012/0/40100200,2025-05-31,411420260000.0,40012,2025-05-31 23:59:59.999999999
40012/0/40100200,2025-06-30,412359230000.0,40012,2025-06-30 23:59:59.999999999
40012/0/40100200,2025-07-31,413367930000.0,40012,2025-07-31 23:59:59.999999999
40012/0/40100200,2025-08-31,414439370000.0,40012,2025-08-31 23:59:59.999999999
40012/0/40100200,2025-09-30,415567280000.0,40012,2025-09-30 23:59:59.999999999
40012/0/40100200,2025-10-31,416745980000.0,40012,2025-10-31 23:59:59.999999999
40012/0/40100200,2025-11-30,417970400000.0,40012,2025-11-30 23:59:59.999999999
40012/0/40100200,2025-12-31,419235950000.0,40012,2025-12-31 23:59:59.999999999
40012/0/40100200,2026-01-31,420538500000.0,40012,2026-01-31 23:59:59.999999999
40012/0/40100200,2026-02-28,421874400000.0,40012,2026-02-28 23:59:59.999999999
40012/0/40100200,2026-03-31,423240240000.0,40012,2026-03-31 23:59:59.999999999
40012/0/40100200,2026-04-30,424633040000.0,40012,2026-04-30 23:59:59.999999999
40012/0/40100200,2026-05-31,426050100000.0,40012,2026-05-31 23:59:59.999999999
40012/0/40100200,2026-06-30,427489000000.0,40012,2026-06-30 23:59:59.999999999
40012/0/40100200,2026-07-31,428947540000.0,40012,2026-07-31 23:59:59.999999999
40012/0/40100200,2026-08-31,430423740000.0,40012,2026-08-31 23:59:59.999999999
40012/0/40100200,2026-09-30,431915860000.0,40012,2026-09-30 23:59:59.999999999
40012/0/40100200,2026-10-31,433422300000.0,40012,2026-10-31 23:59:59.999999999
40012/0/40100200,2026-11-30,434941600000.0,40012,2026-11-30 23:59:59.999999999
40012/0/40100200,2026-12-31,436472480000.0,40012,2026-12-31 23:59:59.999999999
40012/0/40100200,2027-01-31,438013820000.0,40012,2027-01-31 23:59:59.999999999
40012/0/40100200,2027-02-28,439564500000.0,40012,2027-02-28 23:59:59.999999999
40012/0/40100200,2027-03-31,441123640000.0,40012,2027-03-31 23:59:59.999999999
40012/0/40100200,2027-04-30,442690370000.0,40012,2027-04-30 23:59:59.999999999
40012/0/40100200,2027-05-31,444263960000.0,40012,2027-05-31 23:59:59.999999999
40012/0/40100200/40100201,2024-12-31,103648900000.0,40012,2024-12-31 23:59:59.999999999
40012/0/40100200/40100201,2025-01-31,103648900000.0,40012,2025-01-31 23:59:59.999999999
40012/0/40100200/40100201,2025-02-28,103648900000.0,40012,2025-02-28 23:59:59.999999999
40012/0/40100200/40100201,2025-03-31,103648900000.0,40012,2025-03-31 23:59:59.999999999
40012/0/40100200/40100201,2025-04-30,103648900000.0,40012,2025-04-30 23:59:59.999999999
40012/0/40100200/40100201,2025-05-31,103648900000.0,40012,2025-05-31 23:59:59.999999999
40012/0/40100200/40100201,2025-06-30,103648900000.0,40012,2025-06-30 23:59:59.999999999
40012/0/40100200/40100201,2025-07-31,103648900000.0,40012,2025-07-31 23:59:59.999999999
40012/0/40100200/40100201,2025-08-31,103648900000.0,40012,2025-08-31 23:59:59.999999999
40012/0/40100200/40100201,2025-09-30,103648900000.0,40012,2025-09-30 23:59:59.999999999
40012/0/40100200/40100201,2025-10-31,103648900000.0,40012,2025-10-31 23:59:59.999999999
40012/0/40100200/40100201,2025-11-30,103648900000.0,40012,2025-11-30 23:59:59.999999999
40012/0/40100200/40100201,2025-12-31,103648900000.0,40012,2025-12-31 23:59:59.999999999
40012/0/40100200/40100201,2026-01-31,103648900000.0,40012,2026-01-31 23:59:59.999999999
40012/0/40100200/40100201,2026-02-28,103648900000.0,40012,2026-02-28 23:59:59.999999999
40012/0/40100200/40100201,2026-03-31,103648900000.0,40012,2026-03-31 23:59:59.999999999
40012/0/40100200/40100201,2026-04-30,103648900000.0,40012,2026-04-30 23:59:59.999999999
40012/0/40100200/40100201,2026-05-31,103648900000.0,40012,2026-05-31 23:59:59.999999999
40012/0/40100200/40100201,2026-06-30,103648900000.0,40012,2026-06-30 23:59:59.999999999
40012/0/40100200/40100201,2026-07-31,103648900000.0,40012,2026-07-31 23:59:59.999999999
40012/0/40100200/40100201,2026-08-31,103648900000.0,40012,2026-08-31 23:59:59.999999999
40012/0/40100200/40100201,2026-09-30,103648900000.0,40012,2026-09-30 23:59:59.999999999
40012/0/40100200/40100201,2026-10-31,103648900000.0,40012,2026-10-31 23:59:59.999999999
40012/0/40100200/40100201,2026-11-30,103648900000.0,40012,2026-11-30 23:59:59.999999999
40012/0/40100200/40100201,2026-12-31,103648900000.0,40012,2026-12-31 23:59:59.999999999
40012/0/40100200/40100201,2027-01-31,103648900000.0,40012,2027-01-31 23:59:59.999999999
40012/0/40100200/40100201,2027-02-28,103648900000.0,40012,2027-02-28 23:59:59.999999999
40012/0/40100200/40100201,2027-03-31,103648900000.0,40012,2027-03-31 23:59:59.999999999
40012/0/40100200/40100201,2027-04-30,103648900000.0,40012,2027-04-30 23:59:59.999999999
40012/0/40100200/40100201,2027-05-31,103648900000.0,40012,2027-05-31 23:59:59.999999999
40012/0/40100200/40100201/0,2024-12-31,103648900000.0,40012,2024-12-31 23:59:59.999999999
40012/0/40100200/40100201/0,2025-01-31,103648900000.0,40012,2025-01-31 23:59:59.999999999
40012/0/40100200/40100201/0,2025-02-28,103648900000.0,40012,2025-02-28 23:59:59.999999999
40012/0/40100200/40100201/0,2025-03-31,103648900000.0,40012,2025-03-31 23:59:59.999999999
40012/0/40100200/40100201/0,2025-04-30,103648900000.0,40012,2025-04-30 23:59:59.999999999
40012/0/40100200/40100201/0,2025-05-31,103648900000.0,40012,2025-05-31 23:59:59.999999999
40012/0/40100200/40100201/0,2025-06-30,103648900000.0,40012,2025-06-30 23:59:59.999999999
40012/0/40100200/40100201/0,2025-07-31,103648900000.0,40012,2025-07-31 23:59:59.999999999
40012/0/40100200/40100201/0,2025-08-31,103648900000.0,40012,2025-08-31 23:59:59.999999999
40012/0/40100200/40100201/0,2025-09-30,103648900000.0,40012,2025-09-30 23:59:59.999999999
40012/0/40100200/40100201/0,2025-10-31,103648900000.0,40012,2025-10-31 23:59:59.999999999
40012/0/40100200/40100201/0,2025-11-30,103648900000.0,40012,2025-11-30 23:59:59.999999999
40012/0/40100200/40100201/0,2025-12-31,103648900000.0,40012,2025-12-31 23:59:59.999999999
40012/0/40100200/40100201/0,2026-01-31,103648900000.0,40012,2026-01-31 23:59:59.999999999
40012/0/40100200/40100201/0,2026-02-28,103648900000.0,40012,2026-02-28 23:59:59.999999999
40012/0/40100200/40100201/0,2026-03-31,103648900000.0,40012,2026-03-31 23:59:59.999999999
40012/0/40100200/40100201/0,2026-04-30,103648900000.0,40012,2026-04-30 23:59:59.999999999
40012/0/40100200/40100201/0,2026-05-31,103648900000.0,40012,2026-05-31 23:59:59.999999999
40012/0/40100200/40100201/0,2026-06-30,103648900000.0,40012,2026-06-30 23:59:59.999999999
40012/0/40100200/40100201/0,2026-07-31,103648900000.0,40012,2026-07-31 23:59:59.999999999
40012/0/40100200/40100201/0,2026-08-31,103648900000.0,40012,2026-08-31 23:59:59.999999999
40012/0/40100200/40100201/0,2026-09-30,103648900000.0,40012,2026-09-30 23:59:59.999999999
40012/0/40100200/40100201/0,2026-10-31,103648900000.0,40012,2026-10-31 23:59:59.999999999
40012/0/40100200/40100201/0,2026-11-30,103648900000.0,40012,2026-11-30 23:59:59.999999999
40012/0/40100200/40100201/0,2026-12-31,103648900000.0,40012,2026-12-31 23:59:59.999999999
40012/0/40100200/40100201/0,2027-01-31,103648900000.0,40012,2027-01-31 23:59:59.999999999
40012/0/40100200/40100201/0,2027-02-28,103648900000.0,40012,2027-02-28 23:59:59.999999999
40012/0/40100200/40100201/0,2027-03-31,103648900000.0,40012,2027-03-31 23:59:59.999999999
40012/0/40100200/40100201/0,2027-04-30,103648900000.0,40012,2027-04-30 23:59:59.999999999
40012/0/40100200/40100201/0,2027-05-31,103648900000.0,40012,2027-05-31 23:59:59.999999999
40012/0/40100200/40100202,2024-12-31,183532800000.0,40012,2024-12-31 23:59:59.999999999
40012/0/40100200/40100202,2025-01-31,184212700000.0,40012,2025-01-31 23:59:59.999999999
40012/0/40100200/40100202,2025-02-28,184892590000.0,40012,2025-02-28 23:59:59.999999999
40012/0/40100200/40100202,2025-03-31,185572470000.0,40012,2025-03-31 23:59:59.999999999
40012/0/40100200/40100202,2025-04-30,186252380000.0,40012,2025-04-30 23:59:59.999999999
40012/0/40100200/40100202,2025-05-31,186932260000.0,40012,2025-05-31 23:59:59.999999999
40012/0/40100200/40100202,2025-06-30,187612170000.0,40012,2025-06-30 23:59:59.999999999
40012/0/40100200/40100202,2025-07-31,188292060000.0,40012,2025-07-31 23:59:59.999999999
40012/0/40100200/40100202,2025-08-31,188971940000.0,40012,2025-08-31 23:59:59.999999999
40012/0/40100200/40100202,2025-09-30,189651850000.0,40012,2025-09-30 23:59:59.999999999
40012/0/40100200/40100202,2025-10-31,190331730000.0,40012,2025-10-31 23:59:59.999999999
40012/0/40100200/40100202,2025-11-30,191011620000.0,40012,2025-11-30 23:59:59.999999999
40012/0/40100200/40100202,2025-12-31,191691520000.0,40012,2025-12-31 23:59:59.999999999
40012/0/40100200/40100202,2026-01-31,192371410000.0,40012,2026-01-31 23:59:59.999999999
40012/0/40100200/40100202,2026-02-28,193051300000.0,40012,2026-02-28 23:59:59.999999999
40012/0/40100200/40100202,2026-03-31,193731200000.0,40012,2026-03-31 23:59:59.999999999
40012/0/40100200/40100202,2026-04-30,194411090000.0,40012,2026-04-30 23:59:59.999999999
40012/0/40100200/40100202,2026-05-31,195090990000.0,40012,2026-05-31 23:59:59.999999999
40012/0/40100200/40100202,2026-06-30,195770880000.0,40012,2026-06-30 23:59:59.999999999
40012/0/40100200/40100202,2026-07-31,196450760000.0,40012,2026-07-31 23:59:59.999999999
40012/0/40100200/40100202,2026-08-31,197130670000.0,40012,2026-08-31 23:59:59.999999999
40012/0/40100200/40100202,2026-09-30,197810550000.0,40012,2026-09-30 23:59:59.999999999
40012/0/40100200/40100202,2026-10-31,198490440000.0,40012,2026-10-31 23:59:59.999999999
40012/0/40100200/40100202,2026-11-30,199170340000.0,40012,2026-11-30 23:59:59.999999999
40012/0/40100200/40100202,2026-12-31,199850230000.0,40012,2026-12-31 23:59:59.999999999
40012/0/40100200/40100202,2027-01-31,200530120000.0,40012,2027-01-31 23:59:59.999999999
40012/0/40100200/40100202,2027-02-28,201210020000.0,40012,2027-02-28 23:59:59.999999999
40012/0/40100200/40100202,2027-03-31,201889900000.0,40012,2027-03-31 23:59:59.999999999
40012/0/40100200/40100202,2027-04-30,202569810000.0,40012,2027-04-30 23:59:59.999999999
40012/0/40100200/40100202,2027-05-31,203249700000.0,40012,2027-05-31 23:59:59.999999999
40012/0/40100200/40100202/0,2024-12-31,183532800000.0,40012,2024-12-31 23:59:59.999999999
40012/0/40100200/40100202/0,2025-01-31,184212700000.0,40012,2025-01-31 23:59:59.999999999
40012/0/40100200/40100202/0,2025-02-28,184892590000.0,40012,2025-02-28 23:59:59.999999999
40012/0/40100200/40100202/0,2025-03-31,185572470000.0,40012,2025-03-31 23:59:59.999999999
40012/0/40100200/40100202/0,2025-04-30,186252380000.0,40012,2025-04-30 23:59:59.999999999
40012/0/40100200/40100202/0,2025-05-31,186932260000.0,40012,2025-05-31 23:59:59.999999999
40012/0/40100200/40100202/0,2025-06-30,187612170000.0,40012,2025-06-30 23:59:59.999999999
40012/0/40100200/40100202/0,2025-07-31,188292060000.0,40012,2025-07-31 23:59:59.999999999
40012/0/40100200/40100202/0,2025-08-31,188971940000.0,40012,2025-08-31 23:59:59.999999999
40012/0/40100200/40100202/0,2025-09-30,189651850000.0,40012,2025-09-30 23:59:59.999999999
40012/0/40100200/40100202/0,2025-10-31,190331730000.0,40012,2025-10-31 23:59:59.999999999
40012/0/40100200/40100202/0,2025-11-30,191011620000.0,40012,2025-11-30 23:59:59.999999999
40012/0/40100200/40100202/0,2025-12-31,191691520000.0,40012,2025-12-31 23:59:59.999999999
40012/0/40100200/40100202/0,2026-01-31,192371410000.0,40012,2026-01-31 23:59:59.999999999
40012/0/40100200/40100202/0,2026-02-28,193051300000.0,40012,2026-02-28 23:59:59.999999999
40012/0/40100200/40100202/0,2026-03-31,193731200000.0,40012,2026-03-31 23:59:59.999999999
40012/0/40100200/40100202/0,2026-04-30,194411090000.0,40012,2026-04-30 23:59:59.999999999
40012/0/40100200/40100202/0,2026-05-31,195090990000.0,40012,2026-05-31 23:59:59.999999999
40012/0/40100200/40100202/0,2026-06-30,195770880000.0,40012,2026-06-30 23:59:59.999999999
40012/0/40100200/40100202/0,2026-07-31,196450760000.0,40012,2026-07-31 23:59:59.999999999
40012/0/40100200/40100202/0,2026-08-31,197130670000.0,40012,2026-08-31 23:59:59.999999999
40012/0/40100200/40100202/0,2026-09-30,197810550000.0,40012,2026-09-30 23:59:59.999999999
40012/0/40100200/40100202/0,2026-10-31,198490440000.0,40012,2026-10-31 23:59:59.999999999
40012/0/40100200/40100202/0,2026-11-30,199170340000.0,40012,2026-11-30 23:59:59.999999999
40012/0/40100200/40100202/0,2026-12-31,199850230000.0,40012,2026-12-31 23:59:59.999999999
40012/0/40100200/40100202/0,2027-01-31,200530120000.0,40012,2027-01-31 23:59:59.999999999
40012/0/40100200/40100202/0,2027-02-28,201210020000.0,40012,2027-02-28 23:59:59.999999999
40012/0/40100200/40100202/0,2027-03-31,201889900000.0,40012,2027-03-31 23:59:59.999999999
40012/0/40100200/40100202/0,2027-04-30,202569810000.0,40012,2027-04-30 23:59:59.999999999
40012/0/40100200/40100202/0,2027-05-31,203249700000.0,40012,2027-05-31 23:59:59.999999999
40012/0/40100200/40100203,2024-12-31,112251216000.0,40012,2024-12-31 23:59:59.999999999
40012/0/40100200/40100203,2025-01-31,110734025000.0,40012,2025-01-31 23:59:59.999999999
40012/0/40100200/40100203,2025-02-28,109457120000.0,40012,2025-02-28 23:59:59.999999999
40012/0/40100200/40100203,2025-03-31,108382460000.0,40012,2025-03-31 23:59:59.999999999
40012/0/40100200/40100203,2025-04-30,107478010000.0,40012,2025-04-30 23:59:59.999999999
40012/0/40100200/40100203,2025-05-31,106716810000.0,40012,2025-05-31 23:59:59.999999999
40012/0/40100200/40100203,2025-06-30,106076170000.0,40012,2025-06-30 23:59:59.999999999
40012/0/40100200/40100203,2025-07-31,105536990000.0,40012,2025-07-31 23:59:59.999999999
40012/0/40100200/40100203,2025-08-31,105083216000.0,40012,2025-08-31 23:59:59.999999999
40012/0/40100200/40100203,2025-09-30,104701305000.0,40012,2025-09-30 23:59:59.999999999
40012/0/40100200/40100203,2025-10-31,104379880000.0,40012,2025-10-31 23:59:59.999999999
40012/0/40100200/40100203,2025-11-30,104109370000.0,40012,2025-11-30 23:59:59.999999999
40012/0/40100200/40100203,2025-12-31,103881700000.0,40012,2025-12-31 23:59:59.999999999
40012/0/40100200/40100203,2026-01-31,103690090000.0,40012,2026-01-31 23:59:59.999999999
40012/0/40100200/40100203,2026-02-28,103528830000.0,40012,2026-02-28 23:59:59.999999999
40012/0/40100200/40100203,2026-03-31,103393110000.0,40012,2026-03-31 23:59:59.999999999
40012/0/40100200/40100203,2026-04-30,103278890000.0,40012,2026-04-30 23:59:59.999999999
40012/0/40100200/40100203,2026-05-31,103182750000.0,40012,2026-05-31 23:59:59.999999999
40012/0/40100200/40100203,2026-06-30,103101840000.0,40012,2026-06-30 23:59:59.999999999
40012/0/40100200/40100203,2026-07-31,103033750000.0,40012,2026-07-31 23:59:59.999999999
40012/0/40100200/40100203,2026-08-31,102976450000.0,40012,2026-08-31 23:59:59.999999999
40012/0/40100200/40100203,2026-09-30,102928210000.0,40012,2026-09-30 23:59:59.999999999
40012/0/40100200/40100203,2026-10-31,102887620000.0,40012,2026-10-31 23:59:59.999999999
40012/0/40100200/40100203,2026-11-30,102853450000.0,40012,2026-11-30 23:59:59.999999999
40012/0/40100200/40100203,2026-12-31,102824710000.0,40012,2026-12-31 23:59:59.999999999
40012/0/40100200/40100203,2027-01-31,102800510000.0,40012,2027-01-31 23:59:59.999999999
40012/0/40100200/40100203,2027-02-28,102780130000.0,40012,2027-02-28 23:59:59.999999999
40012/0/40100200/40100203,2027-03-31,102762996000.0,40012,2027-03-31 23:59:59.999999999
40012/0/40100200/40100203,2027-04-30,102748570000.0,40012,2027-04-30 23:59:59.999999999
40012/0/40100200/40100203,2027-05-31,102736430000.0,40012,2027-05-31 23:59:59.999999999
40012/0/40100200/40100203/0,2024-12-31,112251216000.0,40012,2024-12-31 23:59:59.999999999
40012/0/40100200/40100203/0,2025-01-31,110734025000.0,40012,2025-01-31 23:59:59.999999999
40012/0/40100200/40100203/0,2025-02-28,109457120000.0,40012,2025-02-28 23:59:59.999999999
40012/0/40100200/40100203/0,2025-03-31,108382460000.0,40012,2025-03-31 23:59:59.999999999
40012/0/40100200/40100203/0,2025-04-30,107478010000.0,40012,2025-04-30 23:59:59.999999999
40012/0/40100200/40100203/0,2025-05-31,106716810000.0,40012,2025-05-31 23:59:59.999999999
40012/0/40100200/40100203/0,2025-06-30,106076170000.0,40012,2025-06-30 23:59:59.999999999
40012/0/40100200/40100203/0,2025-07-31,105536990000.0,40012,2025-07-31 23:59:59.999999999
40012/0/40100200/40100203/0,2025-08-31,105083216000.0,40012,2025-08-31 23:59:59.999999999
40012/0/40100200/40100203/0,2025-09-30,104701305000.0,40012,2025-09-30 23:59:59.999999999
40012/0/40100200/40100203/0,2025-10-31,104379880000.0,40012,2025-10-31 23:59:59.999999999
40012/0/40100200/40100203/0,2025-11-30,104109370000.0,40012,2025-11-30 23:59:59.999999999
40012/0/40100200/40100203/0,2025-12-31,103881700000.0,40012,2025-12-31 23:59:59.999999999
40012/0/40100200/40100203/0,2026-01-31,103690090000.0,40012,2026-01-31 23:59:59.999999999
40012/0/40100200/40100203/0,2026-02-28,103528830000.0,40012,2026-02-28 23:59:59.999999999
40012/0/40100200/40100203/0,2026-03-31,103393110000.0,40012,2026-03-31 23:59:59.999999999
40012/0/40100200/40100203/0,2026-04-30,103278890000.0,40012,2026-04-30 23:59:59.999999999
40012/0/40100200/40100203/0,2026-05-31,103182750000.0,40012,2026-05-31 23:59:59.999999999
40012/0/40100200/40100203/0,2026-06-30,103101840000.0,40012,2026-06-30 23:59:59.999999999
40012/0/40100200/40100203/0,2026-07-31,103033750000.0,40012,2026-07-31 23:59:59.999999999
40012/0/40100200/40100203/0,2026-08-31,102976450000.0,40012,2026-08-31 23:59:59.999999999
40012/0/40100200/40100203/0,2026-09-30,102928210000.0,40012,2026-09-30 23:59:59.999999999
40012/0/40100200/40100203/0,2026-10-31,102887620000.0,40012,2026-10-31 23:59:59.999999999
40012/0/40100200/40100203/0,2026-11-30,102853450000.0,40012,2026-11-30 23:59:59.999999999
40012/0/40100200/40100203/0,2026-12-31,102824710000.0,40012,2026-12-31 23:59:59.999999999
40012/0/40100200/40100203/0,2027-01-31,102800510000.0,40012,2027-01-31 23:59:59.999999999
40012/0/40100200/40100203/0,2027-02-28,102780130000.0,40012,2027-02-28 23:59:59.999999999
40012/0/40100200/40100203/0,2027-03-31,102762996000.0,40012,2027-03-31 23:59:59.999999999
40012/0/40100200/40100203/0,2027-04-30,102748570000.0,40012,2027-04-30 23:59:59.999999999
40012/0/40100200/40100203/0,2027-05-31,102736430000.0,40012,2027-05-31 23:59:59.999999999
40012/0/40100200/40100204,2024-12-31,10323871000.0,40012,2024-12-31 23:59:59.999999999
40012/0/40100200/40100204,2025-01-31,10323871000.0,40012,2025-01-31 23:59:59.999999999
40012/0/40100200/40100204,2025-02-28,10323871000.0,40012,2025-02-28 23:59:59.999999999
40012/0/40100200/40100204,2025-03-31,10323871000.0,40012,2025-03-31 23:59:59.999999999
40012/0/40100200/40100204,2025-04-30,10323871000.0,40012,2025-04-30 23:59:59.999999999
40012/0/40100200/40100204,2025-05-31,10323871000.0,40012,2025-05-31 23:59:59.999999999
40012/0/40100200/40100204,2025-06-30,10323871000.0,40012,2025-06-30 23:59:59.999999999
40012/0/40100200/40100204,2025-07-31,10323871000.0,40012,2025-07-31 23:59:59.999999999
40012/0/40100200/40100204,2025-08-31,10323871000.0,40012,2025-08-31 23:59:59.999999999
40012/0/40100200/40100204,2025-09-30,10323871000.0,40012,2025-09-30 23:59:59.999999999
40012/0/40100200/40100204,2025-10-31,10323871000.0,40012,2025-10-31 23:59:59.999999999
40012/0/40100200/40100204,2025-11-30,10323871000.0,40012,2025-11-30 23:59:59.999999999
40012/0/40100200/40100204,2025-12-31,10323871000.0,40012,2025-12-31 23:59:59.999999999
40012/0/40100200/40100204,2026-01-31,10323871000.0,40012,2026-01-31 23:59:59.999999999
40012/0/40100200/40100204,2026-02-28,10323871000.0,40012,2026-02-28 23:59:59.999999999
40012/0/40100200/40100204,2026-03-31,10323871000.0,40012,2026-03-31 23:59:59.999999999
40012/0/40100200/40100204,2026-04-30,10323871000.0,40012,2026-04-30 23:59:59.999999999
40012/0/40100200/40100204,2026-05-31,10323871000.0,40012,2026-05-31 23:59:59.999999999
40012/0/40100200/40100204,2026-06-30,10323871000.0,40012,2026-06-30 23:59:59.999999999
40012/0/40100200/40100204,2026-07-31,10323871000.0,40012,2026-07-31 23:59:59.999999999
40012/0/40100200/40100204,2026-08-31,10323871000.0,40012,2026-08-31 23:59:59.999999999
40012/0/40100200/40100204,2026-09-30,10323871000.0,40012,2026-09-30 23:59:59.999999999
40012/0/40100200/40100204,2026-10-31,10323871000.0,40012,2026-10-31 23:59:59.999999999
40012/0/40100200/40100204,2026-11-30,10323871000.0,40012,2026-11-30 23:59:59.999999999
40012/0/40100200/40100204,2026-12-31,10323871000.0,40012,2026-12-31 23:59:59.999999999
40012/0/40100200/40100204,2027-01-31,10323871000.0,40012,2027-01-31 23:59:59.999999999
40012/0/40100200/40100204,2027-02-28,10323871000.0,40012,2027-02-28 23:59:59.999999999
40012/0/40100200/40100204,2027-03-31,10323871000.0,40012,2027-03-31 23:59:59.999999999
40012/0/40100200/40100204,2027-04-30,10323871000.0,40012,2027-04-30 23:59:59.999999999
40012/0/40100200/40100204,2027-05-31,10323871000.0,40012,2027-05-31 23:59:59.999999999
40012/0/40100200/40100204/0,2024-12-31,10323871000.0,40012,2024-12-31 23:59:59.999999999
40012/0/40100200/40100204/0,2025-01-31,10323871000.0,40012,2025-01-31 23:59:59.999999999
40012/0/40100200/40100204/0,2025-02-28,10323871000.0,40012,2025-02-28 23:59:59.999999999
40012/0/40100200/40100204/0,2025-03-31,10323871000.0,40012,2025-03-31 23:59:59.999999999
40012/0/40100200/40100204/0,2025-04-30,10323871000.0,40012,2025-04-30 23:59:59.999999999
40012/0/40100200/40100204/0,2025-05-31,10323871000.0,40012,2025-05-31 23:59:59.999999999
40012/0/40100200/40100204/0,2025-06-30,10323871000.0,40012,2025-06-30 23:59:59.999999999
40012/0/40100200/40100204/0,2025-07-31,10323871000.0,40012,2025-07-31 23:59:59.999999999
40012/0/40100200/40100204/0,2025-08-31,10323871000.0,40012,2025-08-31 23:59:59.999999999
40012/0/40100200/40100204/0,2025-09-30,10323871000.0,40012,2025-09-30 23:59:59.999999999
40012/0/40100200/40100204/0,2025-10-31,10323871000.0,40012,2025-10-31 23:59:59.999999999
40012/0/40100200/40100204/0,2025-11-30,10323871000.0,40012,2025-11-30 23:59:59.999999999
40012/0/40100200/40100204/0,2025-12-31,10323871000.0,40012,2025-12-31 23:59:59.999999999
40012/0/40100200/40100204/0,2026-01-31,10323871000.0,40012,2026-01-31 23:59:59.999999999
40012/0/40100200/40100204/0,2026-02-28,10323871000.0,40012,2026-02-28 23:59:59.999999999
40012/0/40100200/40100204/0,2026-03-31,10323871000.0,40012,2026-03-31 23:59:59.999999999
40012/0/40100200/40100204/0,2026-04-30,10323871000.0,40012,2026-04-30 23:59:59.999999999
40012/0/40100200/40100204/0,2026-05-31,10323871000.0,40012,2026-05-31 23:59:59.999999999
40012/0/40100200/40100204/0,2026-06-30,10323871000.0,40012,2026-06-30 23:59:59.999999999
40012/0/40100200/40100204/0,2026-07-31,10323871000.0,40012,2026-07-31 23:59:59.999999999
40012/0/40100200/40100204/0,2026-08-31,10323871000.0,40012,2026-08-31 23:59:59.999999999
40012/0/40100200/40100204/0,2026-09-30,10323871000.0,40012,2026-09-30 23:59:59.999999999
40012/0/40100200/40100204/0,2026-10-31,10323871000.0,40012,2026-10-31 23:59:59.999999999
40012/0/40100200/40100204/0,2026-11-30,10323871000.0,40012,2026-11-30 23:59:59.999999999
40012/0/40100200/40100204/0,2026-12-31,10323871000.0,40012,2026-12-31 23:59:59.999999999
40012/0/40100200/40100204/0,2027-01-31,10323871000.0,40012,2027-01-31 23:59:59.999999999
40012/0/40100200/40100204/0,2027-02-28,10323871000.0,40012,2027-02-28 23:59:59.999999999
40012/0/40100200/40100204/0,2027-03-31,10323871000.0,40012,2027-03-31 23:59:59.999999999
40012/0/40100200/40100204/0,2027-04-30,10323871000.0,40012,2027-04-30 23:59:59.999999999
40012/0/40100200/40100204/0,2027-05-31,10323871000.0,40012,2027-05-31 23:59:59.999999999
40012/0/40100200/40100205,2024-12-31,1.231029e-05,40012,2024-12-31 23:59:59.999999999
40012/0/40100200/40100205,2025-01-31,8.361247e-07,40012,2025-01-31 23:59:59.999999999
40012/0/40100200/40100205,2025-02-28,-3.040636e-07,40012,2025-02-28 23:59:59.999999999
40012/0/40100200/40100205,2025-03-31,1.3195607e-06,40012,2025-03-31 23:59:59.999999999
40012/0/40100200/40100205,2025-04-30,1.3364057e-06,40012,2025-04-30 23:59:59.999999999
40012/0/40100200/40100205,2025-05-31,1.0288757e-06,40012,2025-05-31 23:59:59.999999999
40012/0/40100200/40100205,2025-06-30,1.0412273e-06,40012,2025-06-30 23:59:59.999999999
40012/0/40100200/40100205,2025-07-31,1.1315507e-06,40012,2025-07-31 23:59:59.999999999
40012/0/40100200/40100205,2025-08-31,1.1582234e-06,40012,2025-08-31 23:59:59.999999999
40012/0/40100200/40100205,2025-09-30,9.547662e-07,40012,2025-09-30 23:59:59.999999999
40012/0/40100200/40100205,2025-10-31,1.034401e-06,40012,2025-10-31 23:59:59.999999999
40012/0/40100200/40100205,2025-11-30,1.1345955e-06,40012,2025-11-30 23:59:59.999999999
40012/0/40100200/40100205,2025-12-31,1.144376e-06,40012,2025-12-31 23:59:59.999999999
40012/0/40100200/40100205,2026-01-31,1.150242e-06,40012,2026-01-31 23:59:59.999999999
40012/0/40100200/40100205,2026-02-28,1.1537604e-06,40012,2026-02-28 23:59:59.999999999
40012/0/40100200/40100205,2026-03-31,1.1558706e-06,40012,2026-03-31 23:59:59.999999999
40012/0/40100200/40100205,2026-04-30,1.1571362e-06,40012,2026-04-30 23:59:59.999999999
40012/0/40100200/40100205,2026-05-31,1.1578953e-06,40012,2026-05-31 23:59:59.999999999
40012/0/40100200/40100205,2026-06-30,1.1583505e-06,40012,2026-06-30 23:59:59.999999999
40012/0/40100200/40100205,2026-07-31,1.1586236e-06,40012,2026-07-31 23:59:59.999999999
40012/0/40100200/40100205,2026-08-31,1.1587874e-06,40012,2026-08-31 23:59:59.999999999
40012/0/40100200/40100205,2026-09-30,1.1588857e-06,40012,2026-09-30 23:59:59.999999999
40012/0/40100200/40100205,2026-10-31,1.1589445e-06,40012,2026-10-31 23:59:59.999999999
40012/0/40100200/40100205,2026-11-30,1.1589799e-06,40012,2026-11-30 23:59:59.999999999
40012/0/40100200/40100205,2026-12-31,1.159001e-06,40012,2026-12-31 23:59:59.999999999
40012/0/40100200/40100205,2027-01-31,1.1590138e-06,40012,2027-01-31 23:59:59.999999999
40012/0/40100200/40100205,2027-02-28,1.1590214e-06,40012,2027-02-28 23:59:59.999999999
40012/0/40100200/40100205,2027-03-31,1.159026e-06,40012,2027-03-31 23:59:59.999999999
40012/0/40100200/40100205,2027-04-30,1.1590288e-06,40012,2027-04-30 23:59:59.999999999
40012/0/40100200/40100205,2027-05-31,1.1590304e-06,40012,2027-05-31 23:59:59.999999999
40012/0/40100200/40100205/0,2024-12-31,1.231029e-05,40012,2024-12-31 23:59:59.999999999
40012/0/40100200/40100205/0,2025-01-31,8.361247e-07,40012,2025-01-31 23:59:59.999999999
40012/0/40100200/40100205/0,2025-02-28,-3.040636e-07,40012,2025-02-28 23:59:59.999999999
40012/0/40100200/40100205/0,2025-03-31,1.3195607e-06,40012,2025-03-31 23:59:59.999999999
40012/0/40100200/40100205/0,2025-04-30,1.3364057e-06,40012,2025-04-30 23:59:59.999999999
40012/0/40100200/40100205/0,2025-05-31,1.0288757e-06,40012,2025-05-31 23:59:59.999999999
40012/0/40100200/40100205/0,2025-06-30,1.0412273e-06,40012,2025-06-30 23:59:59.999999999
40012/0/40100200/40100205/0,2025-07-31,1.1315507e-06,40012,2025-07-31 23:59:59.999999999
40012/0/40100200/40100205/0,2025-08-31,1.1582234e-06,40012,2025-08-31 23:59:59.999999999
40012/0/40100200/40100205/0,2025-09-30,9.547662e-07,40012,2025-09-30 23:59:59.999999999
40012/0/40100200/40100205/0,2025-10-31,1.034401e-06,40012,2025-10-31 23:59:59.999999999
40012/0/40100200/40100205/0,2025-11-30,1.1345955e-06,40012,2025-11-30 23:59:59.999999999
40012/0/40100200/40100205/0,2025-12-31,1.144376e-06,40012,2025-12-31 23:59:59.999999999
40012/0/40100200/40100205/0,2026-01-31,1.150242e-06,40012,2026-01-31 23:59:59.999999999
40012/0/40100200/40100205/0,2026-02-28,1.1537604e-06,40012,2026-02-28 23:59:59.999999999
40012/0/40100200/40100205/0,2026-03-31,1.1558706e-06,40012,2026-03-31 23:59:59.999999999
40012/0/40100200/40100205/0,2026-04-30,1.1571362e-06,40012,2026-04-30 23:59:59.999999999
40012/0/40100200/40100205/0,2026-05-31,1.1578953e-06,40012,2026-05-31 23:59:59.999999999
40012/0/40100200/40100205/0,2026-06-30,1.1583505e-06,40012,2026-06-30 23:59:59.999999999
40012/0/40100200/40100205/0,2026-07-31,1.1586236e-06,40012,2026-07-31 23:59:59.999999999
40012/0/40100200/40100205/0,2026-08-31,1.1587874e-06,40012,2026-08-31 23:59:59.999999999
40012/0/40100200/40100205/0,2026-09-30,1.1588857e-06,40012,2026-09-30 23:59:59.999999999
40012/0/40100200/40100205/0,2026-10-31,1.1589445e-06,40012,2026-10-31 23:59:59.999999999
40012/0/40100200/40100205/0,2026-11-30,1.1589799e-06,40012,2026-11-30 23:59:59.999999999
40012/0/40100200/40100205/0,2026-12-31,1.159001e-06,40012,2026-12-31 23:59:59.999999999
40012/0/40100200/40100205/0,2027-01-31,1.1590138e-06,40012,2027-01-31 23:59:59.999999999
40012/0/40100200/40100205/0,2027-02-28,1.1590214e-06,40012,2027-02-28 23:59:59.999999999
40012/0/40100200/40100205/0,2027-03-31,1.159026e-06,40012,2027-03-31 23:59:59.999999999
40012/0/40100200/40100205/0,2027-04-30,1.1590288e-06,40012,2027-04-30 23:59:59.999999999
40012/0/40100200/40100205/0,2027-05-31,1.1590304e-06,40012,2027-05-31 23:59:59.999999999
40012/0/40100207,2024-12-31,410025130000.0,40012,2024-12-31 23:59:59.999999999
40012/0/40100207,2025-01-31,410521370000.0,40012,2025-01-31 23:59:59.999999999
40012/0/40100207,2025-02-28,412550000000.0,40012,2025-02-28 23:59:59.999999999
40012/0/40100207,2025-03-31,416623720000.0,40012,2025-03-31 23:59:59.999999999
40012/0/40100207,2025-04-30,422776440000.0,40012,2025-04-30 23:59:59.999999999
40012/0/40100207,2025-05-31,426668160000.0,40012,2025-05-31 23:59:59.999999999
40012/0/40100207,2025-06-30,429758580000.0,40012,2025-06-30 23:59:59.999999999
40012/0/40100207,2025-07-31,435700100000.0,40012,2025-07-31 23:59:59.999999999
40012/0/40100207,2025-08-31,439486000000.0,40012,2025-08-31 23:59:59.999999999
40012/0/40100207,2025-09-30,445392400000.0,40012,2025-09-30 23:59:59.999999999
40012/0/40100207,2025-10-31,469685200000.0,40012,2025-10-31 23:59:59.999999999
40012/0/40100207,2025-11-30,463921700000.0,40012,2025-11-30 23:59:59.999999999
40012/0/40100207,2025-12-31,462962620000.0,40012,2025-12-31 23:59:59.999999999
40012/0/40100207,2026-01-31,463416920000.0,40012,2026-01-31 23:59:59.999999999
40012/0/40100207,2026-02-28,465406070000.0,40012,2026-02-28 23:59:59.999999999
40012/0/40100207,2026-03-31,469442560000.0,40012,2026-03-31 23:59:59.999999999
40012/0/40100207,2026-04-30,475560250000.0,40012,2026-04-30 23:59:59.999999999
40012/0/40100207,2026-05-31,479418970000.0,40012,2026-05-31 23:59:59.999999999
40012/0/40100207,2026-06-30,482478300000.0,40012,2026-06-30 23:59:59.999999999
40012/0/40100207,2026-07-31,488390560000.0,40012,2026-07-31 23:59:59.999999999
40012/0/40100207,2026-08-31,492148880000.0,40012,2026-08-31 23:59:59.999999999
40012/0/40100207,2026-09-30,498029330000.0,40012,2026-09-30 23:59:59.999999999
40012/0/40100207,2026-10-31,522297670000.0,40012,2026-10-31 23:59:59.999999999
40012/0/40100207,2026-11-30,516511140000.0,40012,2026-11-30 23:59:59.999999999
40012/0/40100207,2026-12-31,515530400000.0,40012,2026-12-31 23:59:59.999999999
40012/0/40100207,2027-01-31,515964270000.0,40012,2027-01-31 23:59:59.999999999
40012/0/40100207,2027-02-28,517934150000.0,40012,2027-02-28 23:59:59.999999999
40012/0/40100207,2027-03-31,521952530000.0,40012,2027-03-31 23:59:59.999999999
40012/0/40100207,2027-04-30,528053170000.0,40012,2027-04-30 23:59:59.999999999
40012/0/40100207,2027-05-31,531895800000.0,40012,2027-05-31 23:59:59.999999999
40012/0/40100207/0,2024-12-31,410025130000.0,40012,2024-12-31 23:59:59.999999999
40012/0/40100207/0,2025-01-31,410521370000.0,40012,2025-01-31 23:59:59.999999999
40012/0/40100207/0,2025-02-28,412550000000.0,40012,2025-02-28 23:59:59.999999999
40012/0/40100207/0,2025-03-31,416623720000.0,40012,2025-03-31 23:59:59.999999999
40012/0/40100207/0,2025-04-30,422776440000.0,40012,2025-04-30 23:59:59.999999999
40012/0/40100207/0,2025-05-31,426668160000.0,40012,2025-05-31 23:59:59.999999999
40012/0/40100207/0,2025-06-30,429758580000.0,40012,2025-06-30 23:59:59.999999999
40012/0/40100207/0,2025-07-31,435700100000.0,40012,2025-07-31 23:59:59.999999999
40012/0/40100207/0,2025-08-31,439486000000.0,40012,2025-08-31 23:59:59.999999999
40012/0/40100207/0,2025-09-30,445392400000.0,40012,2025-09-30 23:59:59.999999999
40012/0/40100207/0,2025-10-31,469685200000.0,40012,2025-10-31 23:59:59.999999999
40012/0/40100207/0,2025-11-30,463921700000.0,40012,2025-11-30 23:59:59.999999999
40012/0/40100207/0,2025-12-31,462962620000.0,40012,2025-12-31 23:59:59.999999999
40012/0/40100207/0,2026-01-31,463416920000.0,40012,2026-01-31 23:59:59.999999999
40012/0/40100207/0,2026-02-28,465406070000.0,40012,2026-02-28 23:59:59.999999999
40012/0/40100207/0,2026-03-31,469442560000.0,40012,2026-03-31 23:59:59.999999999
40012/0/40100207/0,2026-04-30,475560250000.0,40012,2026-04-30 23:59:59.999999999
40012/0/40100207/0,2026-05-31,479418970000.0,40012,2026-05-31 23:59:59.999999999
40012/0/40100207/0,2026-06-30,482478300000.0,40012,2026-06-30 23:59:59.999999999
40012/0/40100207/0,2026-07-31,488390560000.0,40012,2026-07-31 23:59:59.999999999
40012/0/40100207/0,2026-08-31,492148880000.0,40012,2026-08-31 23:59:59.999999999
40012/0/40100207/0,2026-09-30,498029330000.0,40012,2026-09-30 23:59:59.999999999
40012/0/40100207/0,2026-10-31,522297670000.0,40012,2026-10-31 23:59:59.999999999
40012/0/40100207/0,2026-11-30,516511140000.0,40012,2026-11-30 23:59:59.999999999
40012/0/40100207/0,2026-12-31,515530400000.0,40012,2026-12-31 23:59:59.999999999
40012/0/40100207/0,2027-01-31,515964270000.0,40012,2027-01-31 23:59:59.999999999
40012/0/40100207/0,2027-02-28,517934150000.0,40012,2027-02-28 23:59:59.999999999
40012/0/40100207/0,2027-03-31,521952530000.0,40012,2027-03-31 23:59:59.999999999
40012/0/40100207/0,2027-04-30,528053170000.0,40012,2027-04-30 23:59:59.999999999
40012/0/40100207/0,2027-05-31,531895800000.0,40012,2027-05-31 23:59:59.999999999
40012/0/40100207/0/0,2024-12-31,410025130000.0,40012,2024-12-31 23:59:59.999999999
40012/0/40100207/0/0,2025-01-31,410521370000.0,40012,2025-01-31 23:59:59.999999999
40012/0/40100207/0/0,2025-02-28,412550000000.0,40012,2025-02-28 23:59:59.999999999
40012/0/40100207/0/0,2025-03-31,416623720000.0,40012,2025-03-31 23:59:59.999999999
40012/0/40100207/0/0,2025-04-30,422776440000.0,40012,2025-04-30 23:59:59.999999999
40012/0/40100207/0/0,2025-05-31,426668160000.0,40012,2025-05-31 23:59:59.999999999
40012/0/40100207/0/0,2025-06-30,429758580000.0,40012,2025-06-30 23:59:59.999999999
40012/0/40100207/0/0,2025-07-31,435700100000.0,40012,2025-07-31 23:59:59.999999999
40012/0/40100207/0/0,2025-08-31,439486000000.0,40012,2025-08-31 23:59:59.999999999
40012/0/40100207/0/0,2025-09-30,445392400000.0,40012,2025-09-30 23:59:59.999999999
40012/0/40100207/0/0,2025-10-31,469685200000.0,40012,2025-10-31 23:59:59.999999999
40012/0/40100207/0/0,2025-11-30,463921700000.0,40012,2025-11-30 23:59:59.999999999
40012/0/40100207/0/0,2025-12-31,462962620000.0,40012,2025-12-31 23:59:59.999999999
40012/0/40100207/0/0,2026-01-31,463416920000.0,40012,2026-01-31 23:59:59.999999999
40012/0/40100207/0/0,2026-02-28,465406070000.0,40012,2026-02-28 23:59:59.999999999
40012/0/40100207/0/0,2026-03-31,469442560000.0,40012,2026-03-31 23:59:59.999999999
40012/0/40100207/0/0,2026-04-30,475560250000.0,40012,2026-04-30 23:59:59.999999999
40012/0/40100207/0/0,2026-05-31,479418970000.0,40012,2026-05-31 23:59:59.999999999
40012/0/40100207/0/0,2026-06-30,482478300000.0,40012,2026-06-30 23:59:59.999999999
40012/0/40100207/0/0,2026-07-31,488390560000.0,40012,2026-07-31 23:59:59.999999999
40012/0/40100207/0/0,2026-08-31,492148880000.0,40012,2026-08-31 23:59:59.999999999
40012/0/40100207/0/0,2026-09-30,498029330000.0,40012,2026-09-30 23:59:59.999999999
40012/0/40100207/0/0,2026-10-31,522297670000.0,40012,2026-10-31 23:59:59.999999999
40012/0/40100207/0/0,2026-11-30,516511140000.0,40012,2026-11-30 23:59:59.999999999
40012/0/40100207/0/0,2026-12-31,515530400000.0,40012,2026-12-31 23:59:59.999999999
40012/0/40100207/0/0,2027-01-31,515964270000.0,40012,2027-01-31 23:59:59.999999999
40012/0/40100207/0/0,2027-02-28,517934150000.0,40012,2027-02-28 23:59:59.999999999
40012/0/40100207/0/0,2027-03-31,521952530000.0,40012,2027-03-31 23:59:59.999999999
40012/0/40100207/0/0,2027-04-30,528053170000.0,40012,2027-04-30 23:59:59.999999999
40012/0/40100207/0/0,2027-05-31,531895800000.0,40012,2027-05-31 23:59:59.999999999
40012/0/40100208,2024-12-31,595825660000.0,40012,2024-12-31 23:59:59.999999999
40012/0/40100208,2025-01-31,601681300000.0,40012,2025-01-31 23:59:59.999999999
40012/0/40100208,2025-02-28,607669300000.0,40012,2025-02-28 23:59:59.999999999
40012/0/40100208,2025-03-31,614161600000.0,40012,2025-03-31 23:59:59.999999999
40012/0/40100208,2025-04-30,620618450000.0,40012,2025-04-30 23:59:59.999999999
40012/0/40100208,2025-05-31,626849600000.0,40012,2025-05-31 23:59:59.999999999
40012/0/40100208,2025-06-30,633441160000.0,40012,2025-06-30 23:59:59.999999999
40012/0/40100208,2025-07-31,639626100000.0,40012,2025-07-31 23:59:59.999999999
40012/0/40100208,2025-08-31,645836900000.0,40012,2025-08-31 23:59:59.999999999
40012/0/40100208,2025-09-30,652057900000.0,40012,2025-09-30 23:59:59.999999999
40012/0/40100208,2025-10-31,657836300000.0,40012,2025-10-31 23:59:59.999999999
40012/0/40100208,2025-11-30,663452500000.0,40012,2025-11-30 23:59:59.999999999
40012/0/40100208,2025-12-31,669571300000.0,40012,2025-12-31 23:59:59.999999999
40012/0/40100208,2026-01-31,675614300000.0,40012,2026-01-31 23:59:59.999999999
40012/0/40100208,2026-02-28,681672970000.0,40012,2026-02-28 23:59:59.999999999
40012/0/40100208,2026-03-31,687791140000.0,40012,2026-03-31 23:59:59.999999999
40012/0/40100208,2026-04-30,693905200000.0,40012,2026-04-30 23:59:59.999999999
40012/0/40100208,2026-05-31,699992600000.0,40012,2026-05-31 23:59:59.999999999
40012/0/40100208,2026-06-30,706122500000.0,40012,2026-06-30 23:59:59.999999999
40012/0/40100208,2026-07-31,712204400000.0,40012,2026-07-31 23:59:59.999999999
40012/0/40100208,2026-08-31,718289400000.0,40012,2026-08-31 23:59:59.999999999
40012/0/40100208,2026-09-30,724375600000.0,40012,2026-09-30 23:59:59.999999999
40012/0/40100208,2026-10-31,730409500000.0,40012,2026-10-31 23:59:59.999999999
40012/0/40100208,2026-11-30,736424170000.0,40012,2026-11-30 23:59:59.999999999
40012/0/40100208,2026-12-31,742498300000.0,40012,2026-12-31 23:59:59.999999999
40012/0/40100208,2027-01-31,748563400000.0,40012,2027-01-31 23:59:59.999999999
40012/0/40100208,2027-02-28,754630400000.0,40012,2027-02-28 23:59:59.999999999
40012/0/40100208,2027-03-31,760704470000.0,40012,2027-03-31 23:59:59.999999999
40012/0/40100208,2027-04-30,766777950000.0,40012,2027-04-30 23:59:59.999999999
40012/0/40100208,2027-05-31,772848350000.0,40012,2027-05-31 23:59:59.999999999
40012/0/40100208/40100209,2024-12-31,135531454000.0,40012,2024-12-31 23:59:59.999999999
40012/0/40100208/40100209,2025-01-31,135927520000.0,40012,2025-01-31 23:59:59.999999999
40012/0/40100208/40100209,2025-02-28,136323600000.0,40012,2025-02-28 23:59:59.999999999
40012/0/40100208/40100209,2025-03-31,136719670000.0,40012,2025-03-31 23:59:59.999999999
40012/0/40100208/40100209,2025-04-30,137115740000.0,40012,2025-04-30 23:59:59.999999999
40012/0/40100208/40100209,2025-05-31,137511810000.0,40012,2025-05-31 23:59:59.999999999
40012/0/40100208/40100209,2025-06-30,137907880000.0,40012,2025-06-30 23:59:59.999999999
40012/0/40100208/40100209,2025-07-31,138303960000.0,40012,2025-07-31 23:59:59.999999999
40012/0/40100208/40100209,2025-08-31,138700030000.0,40012,2025-08-31 23:59:59.999999999
40012/0/40100208/40100209,2025-09-30,139096100000.0,40012,2025-09-30 23:59:59.999999999
40012/0/40100208/40100209,2025-10-31,139492180000.0,40012,2025-10-31 23:59:59.999999999
40012/0/40100208/40100209,2025-11-30,139888250000.0,40012,2025-11-30 23:59:59.999999999
40012/0/40100208/40100209,2025-12-31,140284310000.0,40012,2025-12-31 23:59:59.999999999
40012/0/40100208/40100209,2026-01-31,140680400000.0,40012,2026-01-31 23:59:59.999999999
40012/0/40100208/40100209,2026-02-28,141076460000.0,40012,2026-02-28 23:59:59.999999999
40012/0/40100208/40100209,2026-03-31,141472530000.0,40012,2026-03-31 23:59:59.999999999
40012/0/40100208/40100209,2026-04-30,141868610000.0,40012,2026-04-30 23:59:59.999999999
40012/0/40100208/40100209,2026-05-31,142264680000.0,40012,2026-05-31 23:59:59.999999999
40012/0/40100208/40100209,2026-06-30,142660750000.0,40012,2026-06-30 23:59:59.999999999
40012/0/40100208/40100209,2026-07-31,143056830000.0,40012,2026-07-31 23:59:59.999999999
40012/0/40100208/40100209,2026-08-31,143452900000.0,40012,2026-08-31 23:59:59.999999999
40012/0/40100208/40100209,2026-09-30,143848960000.0,40012,2026-09-30 23:59:59.999999999
40012/0/40100208/40100209,2026-10-31,144245030000.0,40012,2026-10-31 23:59:59.999999999
40012/0/40100208/40100209,2026-11-30,144641110000.0,40012,2026-11-30 23:59:59.999999999
40012/0/40100208/40100209,2026-12-31,145037180000.0,40012,2026-12-31 23:59:59.999999999
40012/0/40100208/40100209,2027-01-31,145433250000.0,40012,2027-01-31 23:59:59.999999999
40012/0/40100208/40100209,2027-02-28,145829330000.0,40012,2027-02-28 23:59:59.999999999
40012/0/40100208/40100209,2027-03-31,146225400000.0,40012,2027-03-31 23:59:59.999999999
40012/0/40100208/40100209,2027-04-30,146621460000.0,40012,2027-04-30 23:59:59.999999999
40012/0/40100208/40100209,2027-05-31,147017550000.0,40012,2027-05-31 23:59:59.999999999
40012/0/40100208/40100209/0,2024-12-31,135531454000.0,40012,2024-12-31 23:59:59.999999999
40012/0/40100208/40100209/0,2025-01-31,135927520000.0,40012,2025-01-31 23:59:59.999999999
40012/0/40100208/40100209/0,2025-02-28,136323600000.0,40012,2025-02-28 23:59:59.999999999
40012/0/40100208/40100209/0,2025-03-31,136719670000.0,40012,2025-03-31 23:59:59.999999999
40012/0/40100208/40100209/0,2025-04-30,137115740000.0,40012,2025-04-30 23:59:59.999999999
40012/0/40100208/40100209/0,2025-05-31,137511810000.0,40012,2025-05-31 23:59:59.999999999
40012/0/40100208/40100209/0,2025-06-30,137907880000.0,40012,2025-06-30 23:59:59.999999999
40012/0/40100208/40100209/0,2025-07-31,138303960000.0,40012,2025-07-31 23:59:59.999999999
40012/0/40100208/40100209/0,2025-08-31,138700030000.0,40012,2025-08-31 23:59:59.999999999
40012/0/40100208/40100209/0,2025-09-30,139096100000.0,40012,2025-09-30 23:59:59.999999999
40012/0/40100208/40100209/0,2025-10-31,139492180000.0,40012,2025-10-31 23:59:59.999999999
40012/0/40100208/40100209/0,2025-11-30,139888250000.0,40012,2025-11-30 23:59:59.999999999
40012/0/40100208/40100209/0,2025-12-31,140284310000.0,40012,2025-12-31 23:59:59.999999999
40012/0/40100208/40100209/0,2026-01-31,140680400000.0,40012,2026-01-31 23:59:59.999999999
40012/0/40100208/40100209/0,2026-02-28,141076460000.0,40012,2026-02-28 23:59:59.999999999
40012/0/40100208/40100209/0,2026-03-31,141472530000.0,40012,2026-03-31 23:59:59.999999999
40012/0/40100208/40100209/0,2026-04-30,141868610000.0,40012,2026-04-30 23:59:59.999999999
40012/0/40100208/40100209/0,2026-05-31,142264680000.0,40012,2026-05-31 23:59:59.999999999
40012/0/40100208/40100209/0,2026-06-30,142660750000.0,40012,2026-06-30 23:59:59.999999999
40012/0/40100208/40100209/0,2026-07-31,143056830000.0,40012,2026-07-31 23:59:59.999999999
40012/0/40100208/40100209/0,2026-08-31,143452900000.0,40012,2026-08-31 23:59:59.999999999
40012/0/40100208/40100209/0,2026-09-30,143848960000.0,40012,2026-09-30 23:59:59.999999999
40012/0/40100208/40100209/0,2026-10-31,144245030000.0,40012,2026-10-31 23:59:59.999999999
40012/0/40100208/40100209/0,2026-11-30,144641110000.0,40012,2026-11-30 23:59:59.999999999
40012/0/40100208/40100209/0,2026-12-31,145037180000.0,40012,2026-12-31 23:59:59.999999999
40012/0/40100208/40100209/0,2027-01-31,145433250000.0,40012,2027-01-31 23:59:59.999999999
40012/0/40100208/40100209/0,2027-02-28,145829330000.0,40012,2027-02-28 23:59:59.999999999
40012/0/40100208/40100209/0,2027-03-31,146225400000.0,40012,2027-03-31 23:59:59.999999999
40012/0/40100208/40100209/0,2027-04-30,146621460000.0,40012,2027-04-30 23:59:59.999999999
40012/0/40100208/40100209/0,2027-05-31,147017550000.0,40012,2027-05-31 23:59:59.999999999
40012/0/40100208/40100210,2024-12-31,321033860000.0,40012,2024-12-31 23:59:59.999999999
40012/0/40100208/40100210,2025-01-31,322665870000.0,40012,2025-01-31 23:59:59.999999999
40012/0/40100208/40100210,2025-02-28,325126620000.0,40012,2025-02-28 23:59:59.999999999
40012/0/40100208/40100210,2025-03-31,328699350000.0,40012,2025-03-31 23:59:59.999999999
40012/0/40100208/40100210,2025-04-30,331863260000.0,40012,2025-04-30 23:59:59.999999999
40012/0/40100208/40100210,2025-05-31,334349530000.0,40012,2025-05-31 23:59:59.999999999
40012/0/40100208/40100210,2025-06-30,337648120000.0,40012,2025-06-30 23:59:59.999999999
40012/0/40100208/40100210,2025-07-31,340341500000.0,40012,2025-07-31 23:59:59.999999999
40012/0/40100208/40100210,2025-08-31,343474100000.0,40012,2025-08-31 23:59:59.999999999
40012/0/40100208/40100210,2025-09-30,346894140000.0,40012,2025-09-30 23:59:59.999999999
40012/0/40100208/40100210,2025-10-31,348186700000.0,40012,2025-10-31 23:59:59.999999999
40012/0/40100208/40100210,2025-11-30,347664450000.0,40012,2025-11-30 23:59:59.999999999
40012/0/40100208/40100210,2025-12-31,350831250000.0,40012,2025-12-31 23:59:59.999999999
40012/0/40100208/40100210,2026-01-31,352296700000.0,40012,2026-01-31 23:59:59.999999999
40012/0/40100208/40100210,2026-02-28,354377300000.0,40012,2026-02-28 23:59:59.999999999
40012/0/40100208/40100210,2026-03-31,358030150000.0,40012,2026-03-31 23:59:59.999999999
40012/0/40100208/40100210,2026-04-30,361297970000.0,40012,2026-04-30 23:59:59.999999999
40012/0/40100208/40100210,2026-05-31,363985240000.0,40012,2026-05-31 23:59:59.999999999
40012/0/40100208/40100210,2026-06-30,367553150000.0,40012,2026-06-30 23:59:59.999999999
40012/0/40100208/40100210,2026-07-31,370239600000.0,40012,2026-07-31 23:59:59.999999999
40012/0/40100208/40100210,2026-08-31,372874640000.0,40012,2026-08-31 23:59:59.999999999
40012/0/40100208/40100210,2026-09-30,376017320000.0,40012,2026-09-30 23:59:59.999999999
40012/0/40100208/40100210,2026-10-31,377303600000.0,40012,2026-10-31 23:59:59.999999999
40012/0/40100208/40100210,2026-11-30,377388340000.0,40012,2026-11-30 23:59:59.999999999
40012/0/40100208/40100210,2026-12-31,380374450000.0,40012,2026-12-31 23:59:59.999999999
40012/0/40100208/40100210,2027-01-31,381926240000.0,40012,2027-01-31 23:59:59.999999999
40012/0/40100208/40100210,2027-02-28,383994820000.0,40012,2027-02-28 23:59:59.999999999
40012/0/40100208/40100210,2027-03-31,387044740000.0,40012,2027-03-31 23:59:59.999999999
40012/0/40100208/40100210,2027-04-30,389808260000.0,40012,2027-04-30 23:59:59.999999999
40012/0/40100208/40100210,2027-05-31,392119350000.0,40012,2027-05-31 23:59:59.999999999
40012/0/40100208/40100210/0,2024-12-31,321033860000.0,40012,2024-12-31 23:59:59.999999999
40012/0/40100208/40100210/0,2025-01-31,322665870000.0,40012,2025-01-31 23:59:59.999999999
40012/0/40100208/40100210/0,2025-02-28,325126620000.0,40012,2025-02-28 23:59:59.999999999
40012/0/40100208/40100210/0,2025-03-31,328699350000.0,40012,2025-03-31 23:59:59.999999999
40012/0/40100208/40100210/0,2025-04-30,331863260000.0,40012,2025-04-30 23:59:59.999999999
40012/0/40100208/40100210/0,2025-05-31,334349530000.0,40012,2025-05-31 23:59:59.999999999
40012/0/40100208/40100210/0,2025-06-30,337648120000.0,40012,2025-06-30 23:59:59.999999999
40012/0/40100208/40100210/0,2025-07-31,340341500000.0,40012,2025-07-31 23:59:59.999999999
40012/0/40100208/40100210/0,2025-08-31,343474100000.0,40012,2025-08-31 23:59:59.999999999
40012/0/40100208/40100210/0,2025-09-30,346894140000.0,40012,2025-09-30 23:59:59.999999999
40012/0/40100208/40100210/0,2025-10-31,348186700000.0,40012,2025-10-31 23:59:59.999999999
40012/0/40100208/40100210/0,2025-11-30,347664450000.0,40012,2025-11-30 23:59:59.999999999
40012/0/40100208/40100210/0,2025-12-31,350831250000.0,40012,2025-12-31 23:59:59.999999999
40012/0/40100208/40100210/0,2026-01-31,352296700000.0,40012,2026-01-31 23:59:59.999999999
40012/0/40100208/40100210/0,2026-02-28,354377300000.0,40012,2026-02-28 23:59:59.999999999
40012/0/40100208/40100210/0,2026-03-31,358030150000.0,40012,2026-03-31 23:59:59.999999999
40012/0/40100208/40100210/0,2026-04-30,361297970000.0,40012,2026-04-30 23:59:59.999999999
40012/0/40100208/40100210/0,2026-05-31,363985240000.0,40012,2026-05-31 23:59:59.999999999
40012/0/40100208/40100210/0,2026-06-30,367553150000.0,40012,2026-06-30 23:59:59.999999999
40012/0/40100208/40100210/0,2026-07-31,370239600000.0,40012,2026-07-31 23:59:59.999999999
40012/0/40100208/40100210/0,2026-08-31,372874640000.0,40012,2026-08-31 23:59:59.999999999
40012/0/40100208/40100210/0,2026-09-30,376017320000.0,40012,2026-09-30 23:59:59.999999999
40012/0/40100208/40100210/0,2026-10-31,377303600000.0,40012,2026-10-31 23:59:59.999999999
40012/0/40100208/40100210/0,2026-11-30,377388340000.0,40012,2026-11-30 23:59:59.999999999
40012/0/40100208/40100210/0,2026-12-31,380374450000.0,40012,2026-12-31 23:59:59.999999999
40012/0/40100208/40100210/0,2027-01-31,381926240000.0,40012,2027-01-31 23:59:59.999999999
40012/0/40100208/40100210/0,2027-02-28,383994820000.0,40012,2027-02-28 23:59:59.999999999
40012/0/40100208/40100210/0,2027-03-31,387044740000.0,40012,2027-03-31 23:59:59.999999999
40012/0/40100208/40100210/0,2027-04-30,389808260000.0,40012,2027-04-30 23:59:59.999999999
40012/0/40100208/40100210/0,2027-05-31,392119350000.0,40012,2027-05-31 23:59:59.999999999
40012/0/40100208/40100211,2024-12-31,140123230000.0,40012,2024-12-31 23:59:59.999999999
40012/0/40100208/40100211,2025-01-31,142569550000.0,40012,2025-01-31 23:59:59.999999999
40012/0/40100208/40100211,2025-02-28,145085430000.0,40012,2025-02-28 23:59:59.999999999
40012/0/40100208/40100211,2025-03-31,147888720000.0,40012,2025-03-31 23:59:59.999999999
40012/0/40100208/40100211,2025-04-30,150659330000.0,40012,2025-04-30 23:59:59.999999999
40012/0/40100208/40100211,2025-05-31,153055170000.0,40012,2025-05-31 23:59:59.999999999
40012/0/40100208/40100211,2025-06-30,156193770000.0,40012,2025-06-30 23:59:59.999999999
40012/0/40100208/40100211,2025-07-31,158793760000.0,40012,2025-07-31 23:59:59.999999999
40012/0/40100208/40100211,2025-08-31,161438650000.0,40012,2025-08-31 23:59:59.999999999
40012/0/40100208/40100211,2025-09-30,163930360000.0,40012,2025-09-30 23:59:59.999999999
40012/0/40100208/40100211,2025-10-31,166144480000.0,40012,2025-10-31 23:59:59.999999999
40012/0/40100208/40100211,2025-11-30,168855270000.0,40012,2025-11-30 23:59:59.999999999
40012/0/40100208/40100211,2025-12-31,171222840000.0,40012,2025-12-31 23:59:59.999999999
40012/0/40100208/40100211,2026-01-31,173274600000.0,40012,2026-01-31 23:59:59.999999999
40012/0/40100208/40100211,2026-02-28,175299530000.0,40012,2026-02-28 23:59:59.999999999
40012/0/40100208/40100211,2026-03-31,177391450000.0,40012,2026-03-31 23:59:59.999999999
40012/0/40100208/40100211,2026-04-30,179419870000.0,40012,2026-04-30 23:59:59.999999999
40012/0/40100208/40100211,2026-05-31,181244900000.0,40012,2026-05-31 23:59:59.999999999
40012/0/40100208/40100211,2026-06-30,183334780000.0,40012,2026-06-30 23:59:59.999999999
40012/0/40100208/40100211,2026-07-31,185157980000.0,40012,2026-07-31 23:59:59.999999999
40012/0/40100208/40100211,2026-08-31,186959900000.0,40012,2026-08-31 23:59:59.999999999
40012/0/40100208/40100211,2026-09-30,188660200000.0,40012,2026-09-30 23:59:59.999999999
40012/0/40100208/40100211,2026-10-31,190209060000.0,40012,2026-10-31 23:59:59.999999999
40012/0/40100208/40100211,2026-11-30,191931060000.0,40012,2026-11-30 23:59:59.999999999
40012/0/40100208/40100211,2026-12-31,193478020000.0,40012,2026-12-31 23:59:59.999999999
40012/0/40100208/40100211,2027-01-31,194863100000.0,40012,2027-01-31 23:59:59.999999999
40012/0/40100208/40100211,2027-02-28,196208380000.0,40012,2027-02-28 23:59:59.999999999
40012/0/40100208/40100211,2027-03-31,197554470000.0,40012,2027-03-31 23:59:59.999999999
40012/0/40100208/40100211,2027-04-30,198848460000.0,40012,2027-04-30 23:59:59.999999999
40012/0/40100208/40100211,2027-05-31,200033470000.0,40012,2027-05-31 23:59:59.999999999
40012/0/40100208/40100211/40100212,2024-12-31,140123230000.0,40012,2024-12-31 23:59:59.999999999
40012/0/40100208/40100211/40100212,2025-01-31,142569550000.0,40012,2025-01-31 23:59:59.999999999
40012/0/40100208/40100211/40100212,2025-02-28,145085430000.0,40012,2025-02-28 23:59:59.999999999
40012/0/40100208/40100211/40100212,2025-03-31,147888720000.0,40012,2025-03-31 23:59:59.999999999
40012/0/40100208/40100211/40100212,2025-04-30,150659330000.0,40012,2025-04-30 23:59:59.999999999
40012/0/40100208/40100211/40100212,2025-05-31,153055170000.0,40012,2025-05-31 23:59:59.999999999
40012/0/40100208/40100211/40100212,2025-06-30,156193770000.0,40012,2025-06-30 23:59:59.999999999
40012/0/40100208/40100211/40100212,2025-07-31,158793760000.0,40012,2025-07-31 23:59:59.999999999
40012/0/40100208/40100211/40100212,2025-08-31,161438650000.0,40012,2025-08-31 23:59:59.999999999
40012/0/40100208/40100211/40100212,2025-09-30,163930360000.0,40012,2025-09-30 23:59:59.999999999
40012/0/40100208/40100211/40100212,2025-10-31,166144480000.0,40012,2025-10-31 23:59:59.999999999
40012/0/40100208/40100211/40100212,2025-11-30,168855270000.0,40012,2025-11-30 23:59:59.999999999
40012/0/40100208/40100211/40100212,2025-12-31,171222840000.0,40012,2025-12-31 23:59:59.999999999
40012/0/40100208/40100211/40100212,2026-01-31,173274600000.0,40012,2026-01-31 23:59:59.999999999
40012/0/40100208/40100211/40100212,2026-02-28,175299530000.0,40012,2026-02-28 23:59:59.999999999
40012/0/40100208/40100211/40100212,2026-03-31,177391450000.0,40012,2026-03-31 23:59:59.999999999
40012/0/40100208/40100211/40100212,2026-04-30,179419870000.0,40012,2026-04-30 23:59:59.999999999
40012/0/40100208/40100211/40100212,2026-05-31,181244900000.0,40012,2026-05-31 23:59:59.999999999
40012/0/40100208/40100211/40100212,2026-06-30,183334780000.0,40012,2026-06-30 23:59:59.999999999
40012/0/40100208/40100211/40100212,2026-07-31,185157980000.0,40012,2026-07-31 23:59:59.999999999
40012/0/40100208/40100211/40100212,2026-08-31,186959900000.0,40012,2026-08-31 23:59:59.999999999
40012/0/40100208/40100211/40100212,2026-09-30,188660200000.0,40012,2026-09-30 23:59:59.999999999
40012/0/40100208/40100211/40100212,2026-10-31,190209060000.0,40012,2026-10-31 23:59:59.999999999
40012/0/40100208/40100211/40100212,2026-11-30,191931060000.0,40012,2026-11-30 23:59:59.999999999
40012/0/40100208/40100211/40100212,2026-12-31,193478020000.0,40012,2026-12-31 23:59:59.999999999
40012/0/40100208/40100211/40100212,2027-01-31,194863100000.0,40012,2027-01-31 23:59:59.999999999
40012/0/40100208/40100211/40100212,2027-02-28,196208380000.0,40012,2027-02-28 23:59:59.999999999
40012/0/40100208/40100211/40100212,2027-03-31,197554470000.0,40012,2027-03-31 23:59:59.999999999
40012/0/40100208/40100211/40100212,2027-04-30,198848460000.0,40012,2027-04-30 23:59:59.999999999
40012/0/40100208/40100211/40100212,2027-05-31,200033470000.0,40012,2027-05-31 23:59:59.999999999
40012/0/40100208/40100211/40100213,2024-12-31,0.0,40012,2024-12-31 23:59:59.999999999
40012/0/40100208/40100211/40100213,2025-01-31,0.0,40012,2025-01-31 23:59:59.999999999
40012/0/40100208/40100211/40100213,2025-02-28,0.0,40012,2025-02-28 23:59:59.999999999
40012/0/40100208/40100211/40100213,2025-03-31,0.0,40012,2025-03-31 23:59:59.999999999
40012/0/40100208/40100211/40100213,2025-04-30,0.0,40012,2025-04-30 23:59:59.999999999
40012/0/40100208/40100211/40100213,2025-05-31,0.0,40012,2025-05-31 23:59:59.999999999
40012/0/40100208/40100211/40100213,2025-06-30,0.0,40012,2025-06-30 23:59:59.999999999
40012/0/40100208/40100211/40100213,2025-07-31,0.0,40012,2025-07-31 23:59:59.999999999
40012/0/40100208/40100211/40100213,2025-08-31,0.0,40012,2025-08-31 23:59:59.999999999
40012/0/40100208/40100211/40100213,2025-09-30,0.0,40012,2025-09-30 23:59:59.999999999
40012/0/40100208/40100211/40100213,2025-10-31,0.0,40012,2025-10-31 23:59:59.999999999
40012/0/40100208/40100211/40100213,2025-11-30,0.0,40012,2025-11-30 23:59:59.999999999
40012/0/40100208/40100211/40100213,2025-12-31,0.0,40012,2025-12-31 23:59:59.999999999
40012/0/40100208/40100211/40100213,2026-01-31,0.0,40012,2026-01-31 23:59:59.999999999
40012/0/40100208/40100211/40100213,2026-02-28,0.0,40012,2026-02-28 23:59:59.999999999
40012/0/40100208/40100211/40100213,2026-03-31,0.0,40012,2026-03-31 23:59:59.999999999
40012/0/40100208/40100211/40100213,2026-04-30,0.0,40012,2026-04-30 23:59:59.999999999
40012/0/40100208/40100211/40100213,2026-05-31,0.0,40012,2026-05-31 23:59:59.999999999
40012/0/40100208/40100211/40100213,2026-06-30,0.0,40012,2026-06-30 23:59:59.999999999
40012/0/40100208/40100211/40100213,2026-07-31,0.0,40012,2026-07-31 23:59:59.999999999
40012/0/40100208/40100211/40100213,2026-08-31,0.0,40012,2026-08-31 23:59:59.999999999
40012/0/40100208/40100211/40100213,2026-09-30,0.0,40012,2026-09-30 23:59:59.999999999
40012/0/40100208/40100211/40100213,2026-10-31,0.0,40012,2026-10-31 23:59:59.999999999
40012/0/40100208/40100211/40100213,2026-11-30,0.0,40012,2026-11-30 23:59:59.999999999
40012/0/40100208/40100211/40100213,2026-12-31,0.0,40012,2026-12-31 23:59:59.999999999
40012/0/40100208/40100211/40100213,2027-01-31,0.0,40012,2027-01-31 23:59:59.999999999
40012/0/40100208/40100211/40100213,2027-02-28,0.0,40012,2027-02-28 23:59:59.999999999
40012/0/40100208/40100211/40100213,2027-03-31,0.0,40012,2027-03-31 23:59:59.999999999
40012/0/40100208/40100211/40100213,2027-04-30,0.0,40012,2027-04-30 23:59:59.999999999
40012/0/40100208/40100211/40100213,2027-05-31,0.0,40012,2027-05-31 23:59:59.999999999
40012/0/40100208/40100214,2024-12-31,0.0,40012,2024-12-31 23:59:59.999999999
40012/0/40100208/40100214,2025-01-31,0.0,40012,2025-01-31 23:59:59.999999999
40012/0/40100208/40100214,2025-02-28,0.0,40012,2025-02-28 23:59:59.999999999
40012/0/40100208/40100214,2025-03-31,0.0,40012,2025-03-31 23:59:59.999999999
40012/0/40100208/40100214,2025-04-30,0.0,40012,2025-04-30 23:59:59.999999999
40012/0/40100208/40100214,2025-05-31,0.0,40012,2025-05-31 23:59:59.999999999
40012/0/40100208/40100214,2025-06-30,0.0,40012,2025-06-30 23:59:59.999999999
40012/0/40100208/40100214,2025-07-31,0.0,40012,2025-07-31 23:59:59.999999999
40012/0/40100208/40100214,2025-08-31,0.0,40012,2025-08-31 23:59:59.999999999
40012/0/40100208/40100214,2025-09-30,0.0,40012,2025-09-30 23:59:59.999999999
40012/0/40100208/40100214,2025-10-31,0.0,40012,2025-10-31 23:59:59.999999999
40012/0/40100208/40100214,2025-11-30,0.0,40012,2025-11-30 23:59:59.999999999
40012/0/40100208/40100214,2025-12-31,0.0,40012,2025-12-31 23:59:59.999999999
40012/0/40100208/40100214,2026-01-31,0.0,40012,2026-01-31 23:59:59.999999999
40012/0/40100208/40100214,2026-02-28,0.0,40012,2026-02-28 23:59:59.999999999
40012/0/40100208/40100214,2026-03-31,0.0,40012,2026-03-31 23:59:59.999999999
40012/0/40100208/40100214,2026-04-30,0.0,40012,2026-04-30 23:59:59.999999999
40012/0/40100208/40100214,2026-05-31,0.0,40012,2026-05-31 23:59:59.999999999
40012/0/40100208/40100214,2026-06-30,0.0,40012,2026-06-30 23:59:59.999999999
40012/0/40100208/40100214,2026-07-31,0.0,40012,2026-07-31 23:59:59.999999999
40012/0/40100208/40100214,2026-08-31,0.0,40012,2026-08-31 23:59:59.999999999
40012/0/40100208/40100214,2026-09-30,0.0,40012,2026-09-30 23:59:59.999999999
40012/0/40100208/40100214,2026-10-31,0.0,40012,2026-10-31 23:59:59.999999999
40012/0/40100208/40100214,2026-11-30,0.0,40012,2026-11-30 23:59:59.999999999
40012/0/40100208/40100214,2026-12-31,0.0,40012,2026-12-31 23:59:59.999999999
40012/0/40100208/40100214,2027-01-31,0.0,40012,2027-01-31 23:59:59.999999999
40012/0/40100208/40100214,2027-02-28,0.0,40012,2027-02-28 23:59:59.999999999
40012/0/40100208/40100214,2027-03-31,0.0,40012,2027-03-31 23:59:59.999999999
40012/0/40100208/40100214,2027-04-30,0.0,40012,2027-04-30 23:59:59.999999999
40012/0/40100208/40100214,2027-05-31,0.0,40012,2027-05-31 23:59:59.999999999
40012/0/40100208/40100214/0,2024-12-31,0.0,40012,2024-12-31 23:59:59.999999999
40012/0/40100208/40100214/0,2025-01-31,0.0,40012,2025-01-31 23:59:59.999999999
40012/0/40100208/40100214/0,2025-02-28,0.0,40012,2025-02-28 23:59:59.999999999
40012/0/40100208/40100214/0,2025-03-31,0.0,40012,2025-03-31 23:59:59.999999999
40012/0/40100208/40100214/0,2025-04-30,0.0,40012,2025-04-30 23:59:59.999999999
40012/0/40100208/40100214/0,2025-05-31,0.0,40012,2025-05-31 23:59:59.999999999
40012/0/40100208/40100214/0,2025-06-30,0.0,40012,2025-06-30 23:59:59.999999999
40012/0/40100208/40100214/0,2025-07-31,0.0,40012,2025-07-31 23:59:59.999999999
40012/0/40100208/40100214/0,2025-08-31,0.0,40012,2025-08-31 23:59:59.999999999
40012/0/40100208/40100214/0,2025-09-30,0.0,40012,2025-09-30 23:59:59.999999999
40012/0/40100208/40100214/0,2025-10-31,0.0,40012,2025-10-31 23:59:59.999999999
40012/0/40100208/40100214/0,2025-11-30,0.0,40012,2025-11-30 23:59:59.999999999
40012/0/40100208/40100214/0,2025-12-31,0.0,40012,2025-12-31 23:59:59.999999999
40012/0/40100208/40100214/0,2026-01-31,0.0,40012,2026-01-31 23:59:59.999999999
40012/0/40100208/40100214/0,2026-02-28,0.0,40012,2026-02-28 23:59:59.999999999
40012/0/40100208/40100214/0,2026-03-31,0.0,40012,2026-03-31 23:59:59.999999999
40012/0/40100208/40100214/0,2026-04-30,0.0,40012,2026-04-30 23:59:59.999999999
40012/0/40100208/40100214/0,2026-05-31,0.0,40012,2026-05-31 23:59:59.999999999
40012/0/40100208/40100214/0,2026-06-30,0.0,40012,2026-06-30 23:59:59.999999999
40012/0/40100208/40100214/0,2026-07-31,0.0,40012,2026-07-31 23:59:59.999999999
40012/0/40100208/40100214/0,2026-08-31,0.0,40012,2026-08-31 23:59:59.999999999
40012/0/40100208/40100214/0,2026-09-30,0.0,40012,2026-09-30 23:59:59.999999999
40012/0/40100208/40100214/0,2026-10-31,0.0,40012,2026-10-31 23:59:59.999999999
40012/0/40100208/40100214/0,2026-11-30,0.0,40012,2026-11-30 23:59:59.999999999
40012/0/40100208/40100214/0,2026-12-31,0.0,40012,2026-12-31 23:59:59.999999999
40012/0/40100208/40100214/0,2027-01-31,0.0,40012,2027-01-31 23:59:59.999999999
40012/0/40100208/40100214/0,2027-02-28,0.0,40012,2027-02-28 23:59:59.999999999
40012/0/40100208/40100214/0,2027-03-31,0.0,40012,2027-03-31 23:59:59.999999999
40012/0/40100208/40100214/0,2027-04-30,0.0,40012,2027-04-30 23:59:59.999999999
40012/0/40100208/40100214/0,2027-05-31,0.0,40012,2027-05-31 23:59:59.999999999
40012/0/40100208/40100215,2024-12-31,0.0,40012,2024-12-31 23:59:59.999999999
40012/0/40100208/40100215,2025-01-31,0.0,40012,2025-01-31 23:59:59.999999999
40012/0/40100208/40100215,2025-02-28,0.0,40012,2025-02-28 23:59:59.999999999
40012/0/40100208/40100215,2025-03-31,0.0,40012,2025-03-31 23:59:59.999999999
40012/0/40100208/40100215,2025-04-30,0.0,40012,2025-04-30 23:59:59.999999999
40012/0/40100208/40100215,2025-05-31,0.0,40012,2025-05-31 23:59:59.999999999
40012/0/40100208/40100215,2025-06-30,0.0,40012,2025-06-30 23:59:59.999999999
40012/0/40100208/40100215,2025-07-31,0.0,40012,2025-07-31 23:59:59.999999999
40012/0/40100208/40100215,2025-08-31,0.0,40012,2025-08-31 23:59:59.999999999
40012/0/40100208/40100215,2025-09-30,0.0,40012,2025-09-30 23:59:59.999999999
40012/0/40100208/40100215,2025-10-31,0.0,40012,2025-10-31 23:59:59.999999999
40012/0/40100208/40100215,2025-11-30,0.0,40012,2025-11-30 23:59:59.999999999
40012/0/40100208/40100215,2025-12-31,0.0,40012,2025-12-31 23:59:59.999999999
40012/0/40100208/40100215,2026-01-31,0.0,40012,2026-01-31 23:59:59.999999999
40012/0/40100208/40100215,2026-02-28,0.0,40012,2026-02-28 23:59:59.999999999
40012/0/40100208/40100215,2026-03-31,0.0,40012,2026-03-31 23:59:59.999999999
40012/0/40100208/40100215,2026-04-30,0.0,40012,2026-04-30 23:59:59.999999999
40012/0/40100208/40100215,2026-05-31,0.0,40012,2026-05-31 23:59:59.999999999
40012/0/40100208/40100215,2026-06-30,0.0,40012,2026-06-30 23:59:59.999999999
40012/0/40100208/40100215,2026-07-31,0.0,40012,2026-07-31 23:59:59.999999999
40012/0/40100208/40100215,2026-08-31,0.0,40012,2026-08-31 23:59:59.999999999
40012/0/40100208/40100215,2026-09-30,0.0,40012,2026-09-30 23:59:59.999999999
40012/0/40100208/40100215,2026-10-31,0.0,40012,2026-10-31 23:59:59.999999999
40012/0/40100208/40100215,2026-11-30,0.0,40012,2026-11-30 23:59:59.999999999
40012/0/40100208/40100215,2026-12-31,0.0,40012,2026-12-31 23:59:59.999999999
40012/0/40100208/40100215,2027-01-31,0.0,40012,2027-01-31 23:59:59.999999999
40012/0/40100208/40100215,2027-02-28,0.0,40012,2027-02-28 23:59:59.999999999
40012/0/40100208/40100215,2027-03-31,0.0,40012,2027-03-31 23:59:59.999999999
40012/0/40100208/40100215,2027-04-30,0.0,40012,2027-04-30 23:59:59.999999999
40012/0/40100208/40100215,2027-05-31,0.0,40012,2027-05-31 23:59:59.999999999
40012/0/40100208/40100215/0,2024-12-31,0.0,40012,2024-12-31 23:59:59.999999999
40012/0/40100208/40100215/0,2025-01-31,0.0,40012,2025-01-31 23:59:59.999999999
40012/0/40100208/40100215/0,2025-02-28,0.0,40012,2025-02-28 23:59:59.999999999
40012/0/40100208/40100215/0,2025-03-31,0.0,40012,2025-03-31 23:59:59.999999999
40012/0/40100208/40100215/0,2025-04-30,0.0,40012,2025-04-30 23:59:59.999999999
40012/0/40100208/40100215/0,2025-05-31,0.0,40012,2025-05-31 23:59:59.999999999
40012/0/40100208/40100215/0,2025-06-30,0.0,40012,2025-06-30 23:59:59.999999999
40012/0/40100208/40100215/0,2025-07-31,0.0,40012,2025-07-31 23:59:59.999999999
40012/0/40100208/40100215/0,2025-08-31,0.0,40012,2025-08-31 23:59:59.999999999
40012/0/40100208/40100215/0,2025-09-30,0.0,40012,2025-09-30 23:59:59.999999999
40012/0/40100208/40100215/0,2025-10-31,0.0,40012,2025-10-31 23:59:59.999999999
40012/0/40100208/40100215/0,2025-11-30,0.0,40012,2025-11-30 23:59:59.999999999
40012/0/40100208/40100215/0,2025-12-31,0.0,40012,2025-12-31 23:59:59.999999999
40012/0/40100208/40100215/0,2026-01-31,0.0,40012,2026-01-31 23:59:59.999999999
40012/0/40100208/40100215/0,2026-02-28,0.0,40012,2026-02-28 23:59:59.999999999
40012/0/40100208/40100215/0,2026-03-31,0.0,40012,2026-03-31 23:59:59.999999999
40012/0/40100208/40100215/0,2026-04-30,0.0,40012,2026-04-30 23:59:59.999999999
40012/0/40100208/40100215/0,2026-05-31,0.0,40012,2026-05-31 23:59:59.999999999
40012/0/40100208/40100215/0,2026-06-30,0.0,40012,2026-06-30 23:59:59.999999999
40012/0/40100208/40100215/0,2026-07-31,0.0,40012,2026-07-31 23:59:59.999999999
40012/0/40100208/40100215/0,2026-08-31,0.0,40012,2026-08-31 23:59:59.999999999
40012/0/40100208/40100215/0,2026-09-30,0.0,40012,2026-09-30 23:59:59.999999999
40012/0/40100208/40100215/0,2026-10-31,0.0,40012,2026-10-31 23:59:59.999999999
40012/0/40100208/40100215/0,2026-11-30,0.0,40012,2026-11-30 23:59:59.999999999
40012/0/40100208/40100215/0,2026-12-31,0.0,40012,2026-12-31 23:59:59.999999999
40012/0/40100208/40100215/0,2027-01-31,0.0,40012,2027-01-31 23:59:59.999999999
40012/0/40100208/40100215/0,2027-02-28,0.0,40012,2027-02-28 23:59:59.999999999
40012/0/40100208/40100215/0,2027-03-31,0.0,40012,2027-03-31 23:59:59.999999999
40012/0/40100208/40100215/0,2027-04-30,0.0,40012,2027-04-30 23:59:59.999999999
40012/0/40100208/40100215/0,2027-05-31,0.0,40012,2027-05-31 23:59:59.999999999
40012/0/40100208/40100216,2024-12-31,37620960.0,40012,2024-12-31 23:59:59.999999999
40012/0/40100208/40100216,2025-01-31,37620960.0,40012,2025-01-31 23:59:59.999999999
40012/0/40100208/40100216,2025-02-28,37620960.0,40012,2025-02-28 23:59:59.999999999
40012/0/40100208/40100216,2025-03-31,37620960.0,40012,2025-03-31 23:59:59.999999999
40012/0/40100208/40100216,2025-04-30,37620960.0,40012,2025-04-30 23:59:59.999999999
40012/0/40100208/40100216,2025-05-31,37620960.0,40012,2025-05-31 23:59:59.999999999
40012/0/40100208/40100216,2025-06-30,37620960.0,40012,2025-06-30 23:59:59.999999999
40012/0/40100208/40100216,2025-07-31,37620960.0,40012,2025-07-31 23:59:59.999999999
40012/0/40100208/40100216,2025-08-31,37620960.0,40012,2025-08-31 23:59:59.999999999
40012/0/40100208/40100216,2025-09-30,37620960.0,40012,2025-09-30 23:59:59.999999999
40012/0/40100208/40100216,2025-10-31,37620960.0,40012,2025-10-31 23:59:59.999999999
40012/0/40100208/40100216,2025-11-30,37620960.0,40012,2025-11-30 23:59:59.999999999
40012/0/40100208/40100216,2025-12-31,37620960.0,40012,2025-12-31 23:59:59.999999999
40012/0/40100208/40100216,2026-01-31,37620960.0,40012,2026-01-31 23:59:59.999999999
40012/0/40100208/40100216,2026-02-28,37620960.0,40012,2026-02-28 23:59:59.999999999
40012/0/40100208/40100216,2026-03-31,37620960.0,40012,2026-03-31 23:59:59.999999999
40012/0/40100208/40100216,2026-04-30,37620960.0,40012,2026-04-30 23:59:59.999999999
40012/0/40100208/40100216,2026-05-31,37620960.0,40012,2026-05-31 23:59:59.999999999
40012/0/40100208/40100216,2026-06-30,37620960.0,40012,2026-06-30 23:59:59.999999999
40012/0/40100208/40100216,2026-07-31,37620960.0,40012,2026-07-31 23:59:59.999999999
40012/0/40100208/40100216,2026-08-31,37620960.0,40012,2026-08-31 23:59:59.999999999
40012/0/40100208/40100216,2026-09-30,37620960.0,40012,2026-09-30 23:59:59.999999999
40012/0/40100208/40100216,2026-10-31,37620960.0,40012,2026-10-31 23:59:59.999999999
40012/0/40100208/40100216,2026-11-30,37620960.0,40012,2026-11-30 23:59:59.999999999
40012/0/40100208/40100216,2026-12-31,37620960.0,40012,2026-12-31 23:59:59.999999999
40012/0/40100208/40100216,2027-01-31,37620960.0,40012,2027-01-31 23:59:59.999999999
40012/0/40100208/40100216,2027-02-28,37620960.0,40012,2027-02-28 23:59:59.999999999
40012/0/40100208/40100216,2027-03-31,37620960.0,40012,2027-03-31 23:59:59.999999999
40012/0/40100208/40100216,2027-04-30,37620960.0,40012,2027-04-30 23:59:59.999999999
40012/0/40100208/40100216,2027-05-31,37620960.0,40012,2027-05-31 23:59:59.999999999
40012/0/40100208/40100216/0,2024-12-31,37620960.0,40012,2024-12-31 23:59:59.999999999
40012/0/40100208/40100216/0,2025-01-31,37620960.0,40012,2025-01-31 23:59:59.999999999
40012/0/40100208/40100216/0,2025-02-28,37620960.0,40012,2025-02-28 23:59:59.999999999
40012/0/40100208/40100216/0,2025-03-31,37620960.0,40012,2025-03-31 23:59:59.999999999
40012/0/40100208/40100216/0,2025-04-30,37620960.0,40012,2025-04-30 23:59:59.999999999
40012/0/40100208/40100216/0,2025-05-31,37620960.0,40012,2025-05-31 23:59:59.999999999
40012/0/40100208/40100216/0,2025-06-30,37620960.0,40012,2025-06-30 23:59:59.999999999
40012/0/40100208/40100216/0,2025-07-31,37620960.0,40012,2025-07-31 23:59:59.999999999
40012/0/40100208/40100216/0,2025-08-31,37620960.0,40012,2025-08-31 23:59:59.999999999
40012/0/40100208/40100216/0,2025-09-30,37620960.0,40012,2025-09-30 23:59:59.999999999
40012/0/40100208/40100216/0,2025-10-31,37620960.0,40012,2025-10-31 23:59:59.999999999
40012/0/40100208/40100216/0,2025-11-30,37620960.0,40012,2025-11-30 23:59:59.999999999
40012/0/40100208/40100216/0,2025-12-31,37620960.0,40012,2025-12-31 23:59:59.999999999
40012/0/40100208/40100216/0,2026-01-31,37620960.0,40012,2026-01-31 23:59:59.999999999
40012/0/40100208/40100216/0,2026-02-28,37620960.0,40012,2026-02-28 23:59:59.999999999
40012/0/40100208/40100216/0,2026-03-31,37620960.0,40012,2026-03-31 23:59:59.999999999
40012/0/40100208/40100216/0,2026-04-30,37620960.0,40012,2026-04-30 23:59:59.999999999
40012/0/40100208/40100216/0,2026-05-31,37620960.0,40012,2026-05-31 23:59:59.999999999
40012/0/40100208/40100216/0,2026-06-30,37620960.0,40012,2026-06-30 23:59:59.999999999
40012/0/40100208/40100216/0,2026-07-31,37620960.0,40012,2026-07-31 23:59:59.999999999
40012/0/40100208/40100216/0,2026-08-31,37620960.0,40012,2026-08-31 23:59:59.999999999
40012/0/40100208/40100216/0,2026-09-30,37620960.0,40012,2026-09-30 23:59:59.999999999
40012/0/40100208/40100216/0,2026-10-31,37620960.0,40012,2026-10-31 23:59:59.999999999
40012/0/40100208/40100216/0,2026-11-30,37620960.0,40012,2026-11-30 23:59:59.999999999
40012/0/40100208/40100216/0,2026-12-31,37620960.0,40012,2026-12-31 23:59:59.999999999
40012/0/40100208/40100216/0,2027-01-31,37620960.0,40012,2027-01-31 23:59:59.999999999
40012/0/40100208/40100216/0,2027-02-28,37620960.0,40012,2027-02-28 23:59:59.999999999
40012/0/40100208/40100216/0,2027-03-31,37620960.0,40012,2027-03-31 23:59:59.999999999
40012/0/40100208/40100216/0,2027-04-30,37620960.0,40012,2027-04-30 23:59:59.999999999
40012/0/40100208/40100216/0,2027-05-31,37620960.0,40012,2027-05-31 23:59:59.999999999
40012/0/40100218,2024-12-31,736162940000.0,40012,2024-12-31 23:59:59.999999999
40012/0/40100218,2025-01-31,741220400000.0,40012,2025-01-31 23:59:59.999999999
40012/0/40100218,2025-02-28,746277800000.0,40012,2025-02-28 23:59:59.999999999
40012/0/40100218,2025-03-31,751335300000.0,40012,2025-03-31 23:59:59.999999999
40012/0/40100218,2025-04-30,756392700000.0,40012,2025-04-30 23:59:59.999999999
40012/0/40100218,2025-05-31,761450200000.0,40012,2025-05-31 23:59:59.999999999
40012/0/40100218,2025-06-30,766507600000.0,40012,2025-06-30 23:59:59.999999999
40012/0/40100218,2025-07-31,771565100000.0,40012,2025-07-31 23:59:59.999999999
40012/0/40100218,2025-08-31,776622500000.0,40012,2025-08-31 23:59:59.999999999
40012/0/40100218,2025-09-30,781680000000.0,40012,2025-09-30 23:59:59.999999999
40012/0/40100218,2025-10-31,786737400000.0,40012,2025-10-31 23:59:59.999999999
40012/0/40100218,2025-11-30,791794900000.0,40012,2025-11-30 23:59:59.999999999
40012/0/40100218,2025-12-31,796852300000.0,40012,2025-12-31 23:59:59.999999999
40012/0/40100218,2026-01-31,801909800000.0,40012,2026-01-31 23:59:59.999999999
40012/0/40100218,2026-02-28,806967200000.0,40012,2026-02-28 23:59:59.999999999
40012/0/40100218,2026-03-31,812024600000.0,40012,2026-03-31 23:59:59.999999999
40012/0/40100218,2026-04-30,817082100000.0,40012,2026-04-30 23:59:59.999999999
40012/0/40100218,2026-05-31,822139500000.0,40012,2026-05-31 23:59:59.999999999
40012/0/40100218,2026-06-30,827196960000.0,40012,2026-06-30 23:59:59.999999999
40012/0/40100218,2026-07-31,832254400000.0,40012,2026-07-31 23:59:59.999999999
40012/0/40100218,2026-08-31,837311860000.0,40012,2026-08-31 23:59:59.999999999
40012/0/40100218,2026-09-30,842369300000.0,40012,2026-09-30 23:59:59.999999999
40012/0/40100218,2026-10-31,847426750000.0,40012,2026-10-31 23:59:59.999999999
40012/0/40100218,2026-11-30,852484160000.0,40012,2026-11-30 23:59:59.999999999
40012/0/40100218,2026-12-31,857541640000.0,40012,2026-12-31 23:59:59.999999999
40012/0/40100218,2027-01-31,862599050000.0,40012,2027-01-31 23:59:59.999999999
40012/0/40100218,2027-02-28,867656500000.0,40012,2027-02-28 23:59:59.999999999
40012/0/40100218,2027-03-31,872713950000.0,40012,2027-03-31 23:59:59.999999999
40012/0/40100218,2027-04-30,877771360000.0,40012,2027-04-30 23:59:59.999999999
40012/0/40100218,2027-05-31,882828840000.0,40012,2027-05-31 23:59:59.999999999
40012/0/40100218/0,2024-12-31,736162940000.0,40012,2024-12-31 23:59:59.999999999
40012/0/40100218/0,2025-01-31,741220400000.0,40012,2025-01-31 23:59:59.999999999
40012/0/40100218/0,2025-02-28,746277800000.0,40012,2025-02-28 23:59:59.999999999
40012/0/40100218/0,2025-03-31,751335300000.0,40012,2025-03-31 23:59:59.999999999
40012/0/40100218/0,2025-04-30,756392700000.0,40012,2025-04-30 23:59:59.999999999
40012/0/40100218/0,2025-05-31,761450200000.0,40012,2025-05-31 23:59:59.999999999
40012/0/40100218/0,2025-06-30,766507600000.0,40012,2025-06-30 23:59:59.999999999
40012/0/40100218/0,2025-07-31,771565100000.0,40012,2025-07-31 23:59:59.999999999
40012/0/40100218/0,2025-08-31,776622500000.0,40012,2025-08-31 23:59:59.999999999
40012/0/40100218/0,2025-09-30,781680000000.0,40012,2025-09-30 23:59:59.999999999
40012/0/40100218/0,2025-10-31,786737400000.0,40012,2025-10-31 23:59:59.999999999
40012/0/40100218/0,2025-11-30,791794900000.0,40012,2025-11-30 23:59:59.999999999
40012/0/40100218/0,2025-12-31,796852300000.0,40012,2025-12-31 23:59:59.999999999
40012/0/40100218/0,2026-01-31,801909800000.0,40012,2026-01-31 23:59:59.999999999
40012/0/40100218/0,2026-02-28,806967200000.0,40012,2026-02-28 23:59:59.999999999
40012/0/40100218/0,2026-03-31,812024600000.0,40012,2026-03-31 23:59:59.999999999
40012/0/40100218/0,2026-04-30,817082100000.0,40012,2026-04-30 23:59:59.999999999
40012/0/40100218/0,2026-05-31,822139500000.0,40012,2026-05-31 23:59:59.999999999
40012/0/40100218/0,2026-06-30,827196960000.0,40012,2026-06-30 23:59:59.999999999
40012/0/40100218/0,2026-07-31,832254400000.0,40012,2026-07-31 23:59:59.999999999
40012/0/40100218/0,2026-08-31,837311860000.0,40012,2026-08-31 23:59:59.999999999
40012/0/40100218/0,2026-09-30,842369300000.0,40012,2026-09-30 23:59:59.999999999
40012/0/40100218/0,2026-10-31,847426750000.0,40012,2026-10-31 23:59:59.999999999
40012/0/40100218/0,2026-11-30,852484160000.0,40012,2026-11-30 23:59:59.999999999
40012/0/40100218/0,2026-12-31,857541640000.0,40012,2026-12-31 23:59:59.999999999
40012/0/40100218/0,2027-01-31,862599050000.0,40012,2027-01-31 23:59:59.999999999
40012/0/40100218/0,2027-02-28,867656500000.0,40012,2027-02-28 23:59:59.999999999
40012/0/40100218/0,2027-03-31,872713950000.0,40012,2027-03-31 23:59:59.999999999
40012/0/40100218/0,2027-04-30,877771360000.0,40012,2027-04-30 23:59:59.999999999
40012/0/40100218/0,2027-05-31,882828840000.0,40012,2027-05-31 23:59:59.999999999
40012/0/40100218/0/0,2024-12-31,736162940000.0,40012,2024-12-31 23:59:59.999999999
40012/0/40100218/0/0,2025-01-31,741220400000.0,40012,2025-01-31 23:59:59.999999999
40012/0/40100218/0/0,2025-02-28,746277800000.0,40012,2025-02-28 23:59:59.999999999
40012/0/40100218/0/0,2025-03-31,751335300000.0,40012,2025-03-31 23:59:59.999999999
40012/0/40100218/0/0,2025-04-30,756392700000.0,40012,2025-04-30 23:59:59.999999999
40012/0/40100218/0/0,2025-05-31,761450200000.0,40012,2025-05-31 23:59:59.999999999
40012/0/40100218/0/0,2025-06-30,766507600000.0,40012,2025-06-30 23:59:59.999999999
40012/0/40100218/0/0,2025-07-31,771565100000.0,40012,2025-07-31 23:59:59.999999999
40012/0/40100218/0/0,2025-08-31,776622500000.0,40012,2025-08-31 23:59:59.999999999
40012/0/40100218/0/0,2025-09-30,781680000000.0,40012,2025-09-30 23:59:59.999999999
40012/0/40100218/0/0,2025-10-31,786737400000.0,40012,2025-10-31 23:59:59.999999999
40012/0/40100218/0/0,2025-11-30,791794900000.0,40012,2025-11-30 23:59:59.999999999
40012/0/40100218/0/0,2025-12-31,796852300000.0,40012,2025-12-31 23:59:59.999999999
40012/0/40100218/0/0,2026-01-31,801909800000.0,40012,2026-01-31 23:59:59.999999999
40012/0/40100218/0/0,2026-02-28,806967200000.0,40012,2026-02-28 23:59:59.999999999
40012/0/40100218/0/0,2026-03-31,812024600000.0,40012,2026-03-31 23:59:59.999999999
40012/0/40100218/0/0,2026-04-30,817082100000.0,40012,2026-04-30 23:59:59.999999999
40012/0/40100218/0/0,2026-05-31,822139500000.0,40012,2026-05-31 23:59:59.999999999
40012/0/40100218/0/0,2026-06-30,827196960000.0,40012,2026-06-30 23:59:59.999999999
40012/0/40100218/0/0,2026-07-31,832254400000.0,40012,2026-07-31 23:59:59.999999999
40012/0/40100218/0/0,2026-08-31,837311860000.0,40012,2026-08-31 23:59:59.999999999
40012/0/40100218/0/0,2026-09-30,842369300000.0,40012,2026-09-30 23:59:59.999999999
40012/0/40100218/0/0,2026-10-31,847426750000.0,40012,2026-10-31 23:59:59.999999999
40012/0/40100218/0/0,2026-11-30,852484160000.0,40012,2026-11-30 23:59:59.999999999
40012/0/40100218/0/0,2026-12-31,857541640000.0,40012,2026-12-31 23:59:59.999999999
40012/0/40100218/0/0,2027-01-31,862599050000.0,40012,2027-01-31 23:59:59.999999999
40012/0/40100218/0/0,2027-02-28,867656500000.0,40012,2027-02-28 23:59:59.999999999
40012/0/40100218/0/0,2027-03-31,872713950000.0,40012,2027-03-31 23:59:59.999999999
40012/0/40100218/0/0,2027-04-30,877771360000.0,40012,2027-04-30 23:59:59.999999999
40012/0/40100218/0/0,2027-05-31,882828840000.0,40012,2027-05-31 23:59:59.999999999
40012/0/40100219,2024-12-31,6607193600.0,40012,2024-12-31 23:59:59.999999999
40012/0/40100219,2025-01-31,6510208500.0,40012,2025-01-31 23:59:59.999999999
40012/0/40100219,2025-02-28,6418354000.0,40012,2025-02-28 23:59:59.999999999
40012/0/40100219,2025-03-31,6385531400.0,40012,2025-03-31 23:59:59.999999999
40012/0/40100219,2025-04-30,6409127400.0,40012,2025-04-30 23:59:59.999999999
40012/0/40100219,2025-05-31,6414175700.0,40012,2025-05-31 23:59:59.999999999
40012/0/40100219,2025-06-30,6357865500.0,40012,2025-06-30 23:59:59.999999999
40012/0/40100219,2025-07-31,6312590300.0,40012,2025-07-31 23:59:59.999999999
40012/0/40100219,2025-08-31,6276030500.0,40012,2025-08-31 23:59:59.999999999
40012/0/40100219,2025-09-30,6264138000.0,40012,2025-09-30 23:59:59.999999999
40012/0/40100219,2025-10-31,6254777000.0,40012,2025-10-31 23:59:59.999999999
40012/0/40100219,2025-11-30,6212251000.0,40012,2025-11-30 23:59:59.999999999
40012/0/40100219,2025-12-31,6186189300.0,40012,2025-12-31 23:59:59.999999999
40012/0/40100219,2026-01-31,6155212000.0,40012,2026-01-31 23:59:59.999999999
40012/0/40100219,2026-02-28,6139211300.0,40012,2026-02-28 23:59:59.999999999
40012/0/40100219,2026-03-31,6144500700.0,40012,2026-03-31 23:59:59.999999999
40012/0/40100219,2026-04-30,6156288500.0,40012,2026-04-30 23:59:59.999999999
40012/0/40100219,2026-05-31,6159666700.0,40012,2026-05-31 23:59:59.999999999
40012/0/40100219,2026-06-30,6154198500.0,40012,2026-06-30 23:59:59.999999999
40012/0/40100219,2026-07-31,6148726000.0,40012,2026-07-31 23:59:59.999999999
40012/0/40100219,2026-08-31,6148812000.0,40012,2026-08-31 23:59:59.999999999
40012/0/40100219,2026-09-30,6152279000.0,40012,2026-09-30 23:59:59.999999999
40012/0/40100219,2026-10-31,6154324500.0,40012,2026-10-31 23:59:59.999999999
40012/0/40100219,2026-11-30,6153396000.0,40012,2026-11-30 23:59:59.999999999
40012/0/40100219,2026-12-31,6151555600.0,40012,2026-12-31 23:59:59.999999999
40012/0/40100219,2027-01-31,6151020500.0,40012,2027-01-31 23:59:59.999999999
40012/0/40100219,2027-02-28,6151846400.0,40012,2027-02-28 23:59:59.999999999
40012/0/40100219,2027-03-31,6152681500.0,40012,2027-03-31 23:59:59.999999999
40012/0/40100219,2027-04-30,6152671000.0,40012,2027-04-30 23:59:59.999999999
40012/0/40100219,2027-05-31,6152143000.0,40012,2027-05-31 23:59:59.999999999
40012/0/40100219/0,2024-12-31,6607193600.0,40012,2024-12-31 23:59:59.999999999
40012/0/40100219/0,2025-01-31,6510208500.0,40012,2025-01-31 23:59:59.999999999
40012/0/40100219/0,2025-02-28,6418354000.0,40012,2025-02-28 23:59:59.999999999
40012/0/40100219/0,2025-03-31,6385531400.0,40012,2025-03-31 23:59:59.999999999
40012/0/40100219/0,2025-04-30,6409127400.0,40012,2025-04-30 23:59:59.999999999
40012/0/40100219/0,2025-05-31,6414175700.0,40012,2025-05-31 23:59:59.999999999
40012/0/40100219/0,2025-06-30,6357865500.0,40012,2025-06-30 23:59:59.999999999
40012/0/40100219/0,2025-07-31,6312590300.0,40012,2025-07-31 23:59:59.999999999
40012/0/40100219/0,2025-08-31,6276030500.0,40012,2025-08-31 23:59:59.999999999
40012/0/40100219/0,2025-09-30,6264138000.0,40012,2025-09-30 23:59:59.999999999
40012/0/40100219/0,2025-10-31,6254777000.0,40012,2025-10-31 23:59:59.999999999
40012/0/40100219/0,2025-11-30,6212251000.0,40012,2025-11-30 23:59:59.999999999
40012/0/40100219/0,2025-12-31,6186189300.0,40012,2025-12-31 23:59:59.999999999
40012/0/40100219/0,2026-01-31,6155212000.0,40012,2026-01-31 23:59:59.999999999
40012/0/40100219/0,2026-02-28,6139211300.0,40012,2026-02-28 23:59:59.999999999
40012/0/40100219/0,2026-03-31,6144500700.0,40012,2026-03-31 23:59:59.999999999
40012/0/40100219/0,2026-04-30,6156288500.0,40012,2026-04-30 23:59:59.999999999
40012/0/40100219/0,2026-05-31,6159666700.0,40012,2026-05-31 23:59:59.999999999
40012/0/40100219/0,2026-06-30,6154198500.0,40012,2026-06-30 23:59:59.999999999
40012/0/40100219/0,2026-07-31,6148726000.0,40012,2026-07-31 23:59:59.999999999
40012/0/40100219/0,2026-08-31,6148812000.0,40012,2026-08-31 23:59:59.999999999
40012/0/40100219/0,2026-09-30,6152279000.0,40012,2026-09-30 23:59:59.999999999
40012/0/40100219/0,2026-10-31,6154324500.0,40012,2026-10-31 23:59:59.999999999
40012/0/40100219/0,2026-11-30,6153396000.0,40012,2026-11-30 23:59:59.999999999
40012/0/40100219/0,2026-12-31,6151555600.0,40012,2026-12-31 23:59:59.999999999
40012/0/40100219/0,2027-01-31,6151020500.0,40012,2027-01-31 23:59:59.999999999
40012/0/40100219/0,2027-02-28,6151846400.0,40012,2027-02-28 23:59:59.999999999
40012/0/40100219/0,2027-03-31,6152681500.0,40012,2027-03-31 23:59:59.999999999
40012/0/40100219/0,2027-04-30,6152671000.0,40012,2027-04-30 23:59:59.999999999
40012/0/40100219/0,2027-05-31,6152143000.0,40012,2027-05-31 23:59:59.999999999
40012/0/40100219/0/0,2024-12-31,6607193600.0,40012,2024-12-31 23:59:59.999999999
40012/0/40100219/0/0,2025-01-31,6510208500.0,40012,2025-01-31 23:59:59.999999999
40012/0/40100219/0/0,2025-02-28,6418354000.0,40012,2025-02-28 23:59:59.999999999
40012/0/40100219/0/0,2025-03-31,6385531400.0,40012,2025-03-31 23:59:59.999999999
40012/0/40100219/0/0,2025-04-30,6409127400.0,40012,2025-04-30 23:59:59.999999999
40012/0/40100219/0/0,2025-05-31,6414175700.0,40012,2025-05-31 23:59:59.999999999
40012/0/40100219/0/0,2025-06-30,6357865500.0,40012,2025-06-30 23:59:59.999999999
40012/0/40100219/0/0,2025-07-31,6312590300.0,40012,2025-07-31 23:59:59.999999999
40012/0/40100219/0/0,2025-08-31,6276030500.0,40012,2025-08-31 23:59:59.999999999
40012/0/40100219/0/0,2025-09-30,6264138000.0,40012,2025-09-30 23:59:59.999999999
40012/0/40100219/0/0,2025-10-31,6254777000.0,40012,2025-10-31 23:59:59.999999999
40012/0/40100219/0/0,2025-11-30,6212251000.0,40012,2025-11-30 23:59:59.999999999
40012/0/40100219/0/0,2025-12-31,6186189300.0,40012,2025-12-31 23:59:59.999999999
40012/0/40100219/0/0,2026-01-31,6155212000.0,40012,2026-01-31 23:59:59.999999999
40012/0/40100219/0/0,2026-02-28,6139211300.0,40012,2026-02-28 23:59:59.999999999
40012/0/40100219/0/0,2026-03-31,6144500700.0,40012,2026-03-31 23:59:59.999999999
40012/0/40100219/0/0,2026-04-30,6156288500.0,40012,2026-04-30 23:59:59.999999999
40012/0/40100219/0/0,2026-05-31,6159666700.0,40012,2026-05-31 23:59:59.999999999
40012/0/40100219/0/0,2026-06-30,6154198500.0,40012,2026-06-30 23:59:59.999999999
40012/0/40100219/0/0,2026-07-31,6148726000.0,40012,2026-07-31 23:59:59.999999999
40012/0/40100219/0/0,2026-08-31,6148812000.0,40012,2026-08-31 23:59:59.999999999
40012/0/40100219/0/0,2026-09-30,6152279000.0,40012,2026-09-30 23:59:59.999999999
40012/0/40100219/0/0,2026-10-31,6154324500.0,40012,2026-10-31 23:59:59.999999999
40012/0/40100219/0/0,2026-11-30,6153396000.0,40012,2026-11-30 23:59:59.999999999
40012/0/40100219/0/0,2026-12-31,6151555600.0,40012,2026-12-31 23:59:59.999999999
40012/0/40100219/0/0,2027-01-31,6151020500.0,40012,2027-01-31 23:59:59.999999999
40012/0/40100219/0/0,2027-02-28,6151846400.0,40012,2027-02-28 23:59:59.999999999
40012/0/40100219/0/0,2027-03-31,6152681500.0,40012,2027-03-31 23:59:59.999999999
40012/0/40100219/0/0,2027-04-30,6152671000.0,40012,2027-04-30 23:59:59.999999999
40012/0/40100219/0/0,2027-05-31,6152143000.0,40012,2027-05-31 23:59:59.999999999
40012/0/40100220,2024-12-31,0.0,40012,2024-12-31 23:59:59.999999999
40012/0/40100220,2025-01-31,0.0,40012,2025-01-31 23:59:59.999999999
40012/0/40100220,2025-02-28,0.0,40012,2025-02-28 23:59:59.999999999
40012/0/40100220,2025-03-31,0.0,40012,2025-03-31 23:59:59.999999999
40012/0/40100220,2025-04-30,0.0,40012,2025-04-30 23:59:59.999999999
40012/0/40100220,2025-05-31,0.0,40012,2025-05-31 23:59:59.999999999
40012/0/40100220,2025-06-30,0.0,40012,2025-06-30 23:59:59.999999999
40012/0/40100220,2025-07-31,0.0,40012,2025-07-31 23:59:59.999999999
40012/0/40100220,2025-08-31,0.0,40012,2025-08-31 23:59:59.999999999
40012/0/40100220,2025-09-30,0.0,40012,2025-09-30 23:59:59.999999999
40012/0/40100220,2025-10-31,0.0,40012,2025-10-31 23:59:59.999999999
40012/0/40100220,2025-11-30,0.0,40012,2025-11-30 23:59:59.999999999
40012/0/40100220,2025-12-31,0.0,40012,2025-12-31 23:59:59.999999999
40012/0/40100220,2026-01-31,0.0,40012,2026-01-31 23:59:59.999999999
40012/0/40100220,2026-02-28,0.0,40012,2026-02-28 23:59:59.999999999
40012/0/40100220,2026-03-31,0.0,40012,2026-03-31 23:59:59.999999999
40012/0/40100220,2026-04-30,0.0,40012,2026-04-30 23:59:59.999999999
40012/0/40100220,2026-05-31,0.0,40012,2026-05-31 23:59:59.999999999
40012/0/40100220,2026-06-30,0.0,40012,2026-06-30 23:59:59.999999999
40012/0/40100220,2026-07-31,0.0,40012,2026-07-31 23:59:59.999999999
40012/0/40100220,2026-08-31,0.0,40012,2026-08-31 23:59:59.999999999
40012/0/40100220,2026-09-30,0.0,40012,2026-09-30 23:59:59.999999999
40012/0/40100220,2026-10-31,0.0,40012,2026-10-31 23:59:59.999999999
40012/0/40100220,2026-11-30,0.0,40012,2026-11-30 23:59:59.999999999
40012/0/40100220,2026-12-31,0.0,40012,2026-12-31 23:59:59.999999999
40012/0/40100220,2027-01-31,0.0,40012,2027-01-31 23:59:59.999999999
40012/0/40100220,2027-02-28,0.0,40012,2027-02-28 23:59:59.999999999
40012/0/40100220,2027-03-31,0.0,40012,2027-03-31 23:59:59.999999999
40012/0/40100220,2027-04-30,0.0,40012,2027-04-30 23:59:59.999999999
40012/0/40100220,2027-05-31,0.0,40012,2027-05-31 23:59:59.999999999
40012/0/40100220/0,2024-12-31,0.0,40012,2024-12-31 23:59:59.999999999
40012/0/40100220/0,2025-01-31,0.0,40012,2025-01-31 23:59:59.999999999
40012/0/40100220/0,2025-02-28,0.0,40012,2025-02-28 23:59:59.999999999
40012/0/40100220/0,2025-03-31,0.0,40012,2025-03-31 23:59:59.999999999
40012/0/40100220/0,2025-04-30,0.0,40012,2025-04-30 23:59:59.999999999
40012/0/40100220/0,2025-05-31,0.0,40012,2025-05-31 23:59:59.999999999
40012/0/40100220/0,2025-06-30,0.0,40012,2025-06-30 23:59:59.999999999
40012/0/40100220/0,2025-07-31,0.0,40012,2025-07-31 23:59:59.999999999
40012/0/40100220/0,2025-08-31,0.0,40012,2025-08-31 23:59:59.999999999
40012/0/40100220/0,2025-09-30,0.0,40012,2025-09-30 23:59:59.999999999
40012/0/40100220/0,2025-10-31,0.0,40012,2025-10-31 23:59:59.999999999
40012/0/40100220/0,2025-11-30,0.0,40012,2025-11-30 23:59:59.999999999
40012/0/40100220/0,2025-12-31,0.0,40012,2025-12-31 23:59:59.999999999
40012/0/40100220/0,2026-01-31,0.0,40012,2026-01-31 23:59:59.999999999
40012/0/40100220/0,2026-02-28,0.0,40012,2026-02-28 23:59:59.999999999
40012/0/40100220/0,2026-03-31,0.0,40012,2026-03-31 23:59:59.999999999
40012/0/40100220/0,2026-04-30,0.0,40012,2026-04-30 23:59:59.999999999
40012/0/40100220/0,2026-05-31,0.0,40012,2026-05-31 23:59:59.999999999
40012/0/40100220/0,2026-06-30,0.0,40012,2026-06-30 23:59:59.999999999
40012/0/40100220/0,2026-07-31,0.0,40012,2026-07-31 23:59:59.999999999
40012/0/40100220/0,2026-08-31,0.0,40012,2026-08-31 23:59:59.999999999
40012/0/40100220/0,2026-09-30,0.0,40012,2026-09-30 23:59:59.999999999
40012/0/40100220/0,2026-10-31,0.0,40012,2026-10-31 23:59:59.999999999
40012/0/40100220/0,2026-11-30,0.0,40012,2026-11-30 23:59:59.999999999
40012/0/40100220/0,2026-12-31,0.0,40012,2026-12-31 23:59:59.999999999
40012/0/40100220/0,2027-01-31,0.0,40012,2027-01-31 23:59:59.999999999
40012/0/40100220/0,2027-02-28,0.0,40012,2027-02-28 23:59:59.999999999
40012/0/40100220/0,2027-03-31,0.0,40012,2027-03-31 23:59:59.999999999
40012/0/40100220/0,2027-04-30,0.0,40012,2027-04-30 23:59:59.999999999
40012/0/40100220/0,2027-05-31,0.0,40012,2027-05-31 23:59:59.999999999
40012/0/40100220/0/0,2024-12-31,0.0,40012,2024-12-31 23:59:59.999999999
40012/0/40100220/0/0,2025-01-31,0.0,40012,2025-01-31 23:59:59.999999999
40012/0/40100220/0/0,2025-02-28,0.0,40012,2025-02-28 23:59:59.999999999
40012/0/40100220/0/0,2025-03-31,0.0,40012,2025-03-31 23:59:59.999999999
40012/0/40100220/0/0,2025-04-30,0.0,40012,2025-04-30 23:59:59.999999999
40012/0/40100220/0/0,2025-05-31,0.0,40012,2025-05-31 23:59:59.999999999
40012/0/40100220/0/0,2025-06-30,0.0,40012,2025-06-30 23:59:59.999999999
40012/0/40100220/0/0,2025-07-31,0.0,40012,2025-07-31 23:59:59.999999999
40012/0/40100220/0/0,2025-08-31,0.0,40012,2025-08-31 23:59:59.999999999
40012/0/40100220/0/0,2025-09-30,0.0,40012,2025-09-30 23:59:59.999999999
40012/0/40100220/0/0,2025-10-31,0.0,40012,2025-10-31 23:59:59.999999999
40012/0/40100220/0/0,2025-11-30,0.0,40012,2025-11-30 23:59:59.999999999
40012/0/40100220/0/0,2025-12-31,0.0,40012,2025-12-31 23:59:59.999999999
40012/0/40100220/0/0,2026-01-31,0.0,40012,2026-01-31 23:59:59.999999999
40012/0/40100220/0/0,2026-02-28,0.0,40012,2026-02-28 23:59:59.999999999
40012/0/40100220/0/0,2026-03-31,0.0,40012,2026-03-31 23:59:59.999999999
40012/0/40100220/0/0,2026-04-30,0.0,40012,2026-04-30 23:59:59.999999999
40012/0/40100220/0/0,2026-05-31,0.0,40012,2026-05-31 23:59:59.999999999
40012/0/40100220/0/0,2026-06-30,0.0,40012,2026-06-30 23:59:59.999999999
40012/0/40100220/0/0,2026-07-31,0.0,40012,2026-07-31 23:59:59.999999999
40012/0/40100220/0/0,2026-08-31,0.0,40012,2026-08-31 23:59:59.999999999
40012/0/40100220/0/0,2026-09-30,0.0,40012,2026-09-30 23:59:59.999999999
40012/0/40100220/0/0,2026-10-31,0.0,40012,2026-10-31 23:59:59.999999999
40012/0/40100220/0/0,2026-11-30,0.0,40012,2026-11-30 23:59:59.999999999
40012/0/40100220/0/0,2026-12-31,0.0,40012,2026-12-31 23:59:59.999999999
40012/0/40100220/0/0,2027-01-31,0.0,40012,2027-01-31 23:59:59.999999999
40012/0/40100220/0/0,2027-02-28,0.0,40012,2027-02-28 23:59:59.999999999
40012/0/40100220/0/0,2027-03-31,0.0,40012,2027-03-31 23:59:59.999999999
40012/0/40100220/0/0,2027-04-30,0.0,40012,2027-04-30 23:59:59.999999999
40012/0/40100220/0/0,2027-05-31,0.0,40012,2027-05-31 23:59:59.999999999
40012/0/40100221,2024-12-31,0.0,40012,2024-12-31 23:59:59.999999999
40012/0/40100221,2025-01-31,0.0,40012,2025-01-31 23:59:59.999999999
40012/0/40100221,2025-02-28,0.0,40012,2025-02-28 23:59:59.999999999
40012/0/40100221,2025-03-31,0.0,40012,2025-03-31 23:59:59.999999999
40012/0/40100221,2025-04-30,0.0,40012,2025-04-30 23:59:59.999999999
40012/0/40100221,2025-05-31,0.0,40012,2025-05-31 23:59:59.999999999
40012/0/40100221,2025-06-30,0.0,40012,2025-06-30 23:59:59.999999999
40012/0/40100221,2025-07-31,0.0,40012,2025-07-31 23:59:59.999999999
40012/0/40100221,2025-08-31,0.0,40012,2025-08-31 23:59:59.999999999
40012/0/40100221,2025-09-30,0.0,40012,2025-09-30 23:59:59.999999999
40012/0/40100221,2025-10-31,0.0,40012,2025-10-31 23:59:59.999999999
40012/0/40100221,2025-11-30,0.0,40012,2025-11-30 23:59:59.999999999
40012/0/40100221,2025-12-31,0.0,40012,2025-12-31 23:59:59.999999999
40012/0/40100221,2026-01-31,0.0,40012,2026-01-31 23:59:59.999999999
40012/0/40100221,2026-02-28,0.0,40012,2026-02-28 23:59:59.999999999
40012/0/40100221,2026-03-31,0.0,40012,2026-03-31 23:59:59.999999999
40012/0/40100221,2026-04-30,0.0,40012,2026-04-30 23:59:59.999999999
40012/0/40100221,2026-05-31,0.0,40012,2026-05-31 23:59:59.999999999
40012/0/40100221,2026-06-30,0.0,40012,2026-06-30 23:59:59.999999999
40012/0/40100221,2026-07-31,0.0,40012,2026-07-31 23:59:59.999999999
40012/0/40100221,2026-08-31,0.0,40012,2026-08-31 23:59:59.999999999
40012/0/40100221,2026-09-30,0.0,40012,2026-09-30 23:59:59.999999999
40012/0/40100221,2026-10-31,0.0,40012,2026-10-31 23:59:59.999999999
40012/0/40100221,2026-11-30,0.0,40012,2026-11-30 23:59:59.999999999
40012/0/40100221,2026-12-31,0.0,40012,2026-12-31 23:59:59.999999999
40012/0/40100221,2027-01-31,0.0,40012,2027-01-31 23:59:59.999999999
40012/0/40100221,2027-02-28,0.0,40012,2027-02-28 23:59:59.999999999
40012/0/40100221,2027-03-31,0.0,40012,2027-03-31 23:59:59.999999999
40012/0/40100221,2027-04-30,0.0,40012,2027-04-30 23:59:59.999999999
40012/0/40100221,2027-05-31,0.0,40012,2027-05-31 23:59:59.999999999
40012/0/40100221/0,2024-12-31,0.0,40012,2024-12-31 23:59:59.999999999
40012/0/40100221/0,2025-01-31,0.0,40012,2025-01-31 23:59:59.999999999
40012/0/40100221/0,2025-02-28,0.0,40012,2025-02-28 23:59:59.999999999
40012/0/40100221/0,2025-03-31,0.0,40012,2025-03-31 23:59:59.999999999
40012/0/40100221/0,2025-04-30,0.0,40012,2025-04-30 23:59:59.999999999
40012/0/40100221/0,2025-05-31,0.0,40012,2025-05-31 23:59:59.999999999
40012/0/40100221/0,2025-06-30,0.0,40012,2025-06-30 23:59:59.999999999
40012/0/40100221/0,2025-07-31,0.0,40012,2025-07-31 23:59:59.999999999
40012/0/40100221/0,2025-08-31,0.0,40012,2025-08-31 23:59:59.999999999
40012/0/40100221/0,2025-09-30,0.0,40012,2025-09-30 23:59:59.999999999
40012/0/40100221/0,2025-10-31,0.0,40012,2025-10-31 23:59:59.999999999
40012/0/40100221/0,2025-11-30,0.0,40012,2025-11-30 23:59:59.999999999
40012/0/40100221/0,2025-12-31,0.0,40012,2025-12-31 23:59:59.999999999
40012/0/40100221/0,2026-01-31,0.0,40012,2026-01-31 23:59:59.999999999
40012/0/40100221/0,2026-02-28,0.0,40012,2026-02-28 23:59:59.999999999
40012/0/40100221/0,2026-03-31,0.0,40012,2026-03-31 23:59:59.999999999
40012/0/40100221/0,2026-04-30,0.0,40012,2026-04-30 23:59:59.999999999
40012/0/40100221/0,2026-05-31,0.0,40012,2026-05-31 23:59:59.999999999
40012/0/40100221/0,2026-06-30,0.0,40012,2026-06-30 23:59:59.999999999
40012/0/40100221/0,2026-07-31,0.0,40012,2026-07-31 23:59:59.999999999
40012/0/40100221/0,2026-08-31,0.0,40012,2026-08-31 23:59:59.999999999
40012/0/40100221/0,2026-09-30,0.0,40012,2026-09-30 23:59:59.999999999
40012/0/40100221/0,2026-10-31,0.0,40012,2026-10-31 23:59:59.999999999
40012/0/40100221/0,2026-11-30,0.0,40012,2026-11-30 23:59:59.999999999
40012/0/40100221/0,2026-12-31,0.0,40012,2026-12-31 23:59:59.999999999
40012/0/40100221/0,2027-01-31,0.0,40012,2027-01-31 23:59:59.999999999
40012/0/40100221/0,2027-02-28,0.0,40012,2027-02-28 23:59:59.999999999
40012/0/40100221/0,2027-03-31,0.0,40012,2027-03-31 23:59:59.999999999
40012/0/40100221/0,2027-04-30,0.0,40012,2027-04-30 23:59:59.999999999
40012/0/40100221/0,2027-05-31,0.0,40012,2027-05-31 23:59:59.999999999
40012/0/40100221/0/0,2024-12-31,0.0,40012,2024-12-31 23:59:59.999999999
40012/0/40100221/0/0,2025-01-31,0.0,40012,2025-01-31 23:59:59.999999999
40012/0/40100221/0/0,2025-02-28,0.0,40012,2025-02-28 23:59:59.999999999
40012/0/40100221/0/0,2025-03-31,0.0,40012,2025-03-31 23:59:59.999999999
40012/0/40100221/0/0,2025-04-30,0.0,40012,2025-04-30 23:59:59.999999999
40012/0/40100221/0/0,2025-05-31,0.0,40012,2025-05-31 23:59:59.999999999
40012/0/40100221/0/0,2025-06-30,0.0,40012,2025-06-30 23:59:59.999999999
40012/0/40100221/0/0,2025-07-31,0.0,40012,2025-07-31 23:59:59.999999999
40012/0/40100221/0/0,2025-08-31,0.0,40012,2025-08-31 23:59:59.999999999
40012/0/40100221/0/0,2025-09-30,0.0,40012,2025-09-30 23:59:59.999999999
40012/0/40100221/0/0,2025-10-31,0.0,40012,2025-10-31 23:59:59.999999999
40012/0/40100221/0/0,2025-11-30,0.0,40012,2025-11-30 23:59:59.999999999
40012/0/40100221/0/0,2025-12-31,0.0,40012,2025-12-31 23:59:59.999999999
40012/0/40100221/0/0,2026-01-31,0.0,40012,2026-01-31 23:59:59.999999999
40012/0/40100221/0/0,2026-02-28,0.0,40012,2026-02-28 23:59:59.999999999
40012/0/40100221/0/0,2026-03-31,0.0,40012,2026-03-31 23:59:59.999999999
40012/0/40100221/0/0,2026-04-30,0.0,40012,2026-04-30 23:59:59.999999999
40012/0/40100221/0/0,2026-05-31,0.0,40012,2026-05-31 23:59:59.999999999
40012/0/40100221/0/0,2026-06-30,0.0,40012,2026-06-30 23:59:59.999999999
40012/0/40100221/0/0,2026-07-31,0.0,40012,2026-07-31 23:59:59.999999999
40012/0/40100221/0/0,2026-08-31,0.0,40012,2026-08-31 23:59:59.999999999
40012/0/40100221/0/0,2026-09-30,0.0,40012,2026-09-30 23:59:59.999999999
40012/0/40100221/0/0,2026-10-31,0.0,40012,2026-10-31 23:59:59.999999999
40012/0/40100221/0/0,2026-11-30,0.0,40012,2026-11-30 23:59:59.999999999
40012/0/40100221/0/0,2026-12-31,0.0,40012,2026-12-31 23:59:59.999999999
40012/0/40100221/0/0,2027-01-31,0.0,40012,2027-01-31 23:59:59.999999999
40012/0/40100221/0/0,2027-02-28,0.0,40012,2027-02-28 23:59:59.999999999
40012/0/40100221/0/0,2027-03-31,0.0,40012,2027-03-31 23:59:59.999999999
40012/0/40100221/0/0,2027-04-30,0.0,40012,2027-04-30 23:59:59.999999999
40012/0/40100221/0/0,2027-05-31,0.0,40012,2027-05-31 23:59:59.999999999
40012/0/40100222,2024-12-31,0.0,40012,2024-12-31 23:59:59.999999999
40012/0/40100222,2025-01-31,0.0,40012,2025-01-31 23:59:59.999999999
40012/0/40100222,2025-02-28,0.0,40012,2025-02-28 23:59:59.999999999
40012/0/40100222,2025-03-31,0.0,40012,2025-03-31 23:59:59.999999999
40012/0/40100222,2025-04-30,0.0,40012,2025-04-30 23:59:59.999999999
40012/0/40100222,2025-05-31,0.0,40012,2025-05-31 23:59:59.999999999
40012/0/40100222,2025-06-30,0.0,40012,2025-06-30 23:59:59.999999999
40012/0/40100222,2025-07-31,0.0,40012,2025-07-31 23:59:59.999999999
40012/0/40100222,2025-08-31,0.0,40012,2025-08-31 23:59:59.999999999
40012/0/40100222,2025-09-30,0.0,40012,2025-09-30 23:59:59.999999999
40012/0/40100222,2025-10-31,0.0,40012,2025-10-31 23:59:59.999999999
40012/0/40100222,2025-11-30,0.0,40012,2025-11-30 23:59:59.999999999
40012/0/40100222,2025-12-31,0.0,40012,2025-12-31 23:59:59.999999999
40012/0/40100222,2026-01-31,0.0,40012,2026-01-31 23:59:59.999999999
40012/0/40100222,2026-02-28,0.0,40012,2026-02-28 23:59:59.999999999
40012/0/40100222,2026-03-31,0.0,40012,2026-03-31 23:59:59.999999999
40012/0/40100222,2026-04-30,0.0,40012,2026-04-30 23:59:59.999999999
40012/0/40100222,2026-05-31,0.0,40012,2026-05-31 23:59:59.999999999
40012/0/40100222,2026-06-30,0.0,40012,2026-06-30 23:59:59.999999999
40012/0/40100222,2026-07-31,0.0,40012,2026-07-31 23:59:59.999999999
40012/0/40100222,2026-08-31,0.0,40012,2026-08-31 23:59:59.999999999
40012/0/40100222,2026-09-30,0.0,40012,2026-09-30 23:59:59.999999999
40012/0/40100222,2026-10-31,0.0,40012,2026-10-31 23:59:59.999999999
40012/0/40100222,2026-11-30,0.0,40012,2026-11-30 23:59:59.999999999
40012/0/40100222,2026-12-31,0.0,40012,2026-12-31 23:59:59.999999999
40012/0/40100222,2027-01-31,0.0,40012,2027-01-31 23:59:59.999999999
40012/0/40100222,2027-02-28,0.0,40012,2027-02-28 23:59:59.999999999
40012/0/40100222,2027-03-31,0.0,40012,2027-03-31 23:59:59.999999999
40012/0/40100222,2027-04-30,0.0,40012,2027-04-30 23:59:59.999999999
40012/0/40100222,2027-05-31,0.0,40012,2027-05-31 23:59:59.999999999
40012/0/40100222/0,2024-12-31,0.0,40012,2024-12-31 23:59:59.999999999
40012/0/40100222/0,2025-01-31,0.0,40012,2025-01-31 23:59:59.999999999
40012/0/40100222/0,2025-02-28,0.0,40012,2025-02-28 23:59:59.999999999
40012/0/40100222/0,2025-03-31,0.0,40012,2025-03-31 23:59:59.999999999
40012/0/40100222/0,2025-04-30,0.0,40012,2025-04-30 23:59:59.999999999
40012/0/40100222/0,2025-05-31,0.0,40012,2025-05-31 23:59:59.999999999
40012/0/40100222/0,2025-06-30,0.0,40012,2025-06-30 23:59:59.999999999
40012/0/40100222/0,2025-07-31,0.0,40012,2025-07-31 23:59:59.999999999
40012/0/40100222/0,2025-08-31,0.0,40012,2025-08-31 23:59:59.999999999
40012/0/40100222/0,2025-09-30,0.0,40012,2025-09-30 23:59:59.999999999
40012/0/40100222/0,2025-10-31,0.0,40012,2025-10-31 23:59:59.999999999
40012/0/40100222/0,2025-11-30,0.0,40012,2025-11-30 23:59:59.999999999
40012/0/40100222/0,2025-12-31,0.0,40012,2025-12-31 23:59:59.999999999
40012/0/40100222/0,2026-01-31,0.0,40012,2026-01-31 23:59:59.999999999
40012/0/40100222/0,2026-02-28,0.0,40012,2026-02-28 23:59:59.999999999
40012/0/40100222/0,2026-03-31,0.0,40012,2026-03-31 23:59:59.999999999
40012/0/40100222/0,2026-04-30,0.0,40012,2026-04-30 23:59:59.999999999
40012/0/40100222/0,2026-05-31,0.0,40012,2026-05-31 23:59:59.999999999
40012/0/40100222/0,2026-06-30,0.0,40012,2026-06-30 23:59:59.999999999
40012/0/40100222/0,2026-07-31,0.0,40012,2026-07-31 23:59:59.999999999
40012/0/40100222/0,2026-08-31,0.0,40012,2026-08-31 23:59:59.999999999
40012/0/40100222/0,2026-09-30,0.0,40012,2026-09-30 23:59:59.999999999
40012/0/40100222/0,2026-10-31,0.0,40012,2026-10-31 23:59:59.999999999
40012/0/40100222/0,2026-11-30,0.0,40012,2026-11-30 23:59:59.999999999
40012/0/40100222/0,2026-12-31,0.0,40012,2026-12-31 23:59:59.999999999
40012/0/40100222/0,2027-01-31,0.0,40012,2027-01-31 23:59:59.999999999
40012/0/40100222/0,2027-02-28,0.0,40012,2027-02-28 23:59:59.999999999
40012/0/40100222/0,2027-03-31,0.0,40012,2027-03-31 23:59:59.999999999
40012/0/40100222/0,2027-04-30,0.0,40012,2027-04-30 23:59:59.999999999
40012/0/40100222/0,2027-05-31,0.0,40012,2027-05-31 23:59:59.999999999
40012/0/40100222/0/0,2024-12-31,0.0,40012,2024-12-31 23:59:59.999999999
40012/0/40100222/0/0,2025-01-31,0.0,40012,2025-01-31 23:59:59.999999999
40012/0/40100222/0/0,2025-02-28,0.0,40012,2025-02-28 23:59:59.999999999
40012/0/40100222/0/0,2025-03-31,0.0,40012,2025-03-31 23:59:59.999999999
40012/0/40100222/0/0,2025-04-30,0.0,40012,2025-04-30 23:59:59.999999999
40012/0/40100222/0/0,2025-05-31,0.0,40012,2025-05-31 23:59:59.999999999
40012/0/40100222/0/0,2025-06-30,0.0,40012,2025-06-30 23:59:59.999999999
40012/0/40100222/0/0,2025-07-31,0.0,40012,2025-07-31 23:59:59.999999999
40012/0/40100222/0/0,2025-08-31,0.0,40012,2025-08-31 23:59:59.999999999
40012/0/40100222/0/0,2025-09-30,0.0,40012,2025-09-30 23:59:59.999999999
40012/0/40100222/0/0,2025-10-31,0.0,40012,2025-10-31 23:59:59.999999999
40012/0/40100222/0/0,2025-11-30,0.0,40012,2025-11-30 23:59:59.999999999
40012/0/40100222/0/0,2025-12-31,0.0,40012,2025-12-31 23:59:59.999999999
40012/0/40100222/0/0,2026-01-31,0.0,40012,2026-01-31 23:59:59.999999999
40012/0/40100222/0/0,2026-02-28,0.0,40012,2026-02-28 23:59:59.999999999
40012/0/40100222/0/0,2026-03-31,0.0,40012,2026-03-31 23:59:59.999999999
40012/0/40100222/0/0,2026-04-30,0.0,40012,2026-04-30 23:59:59.999999999
40012/0/40100222/0/0,2026-05-31,0.0,40012,2026-05-31 23:59:59.999999999
40012/0/40100222/0/0,2026-06-30,0.0,40012,2026-06-30 23:59:59.999999999
40012/0/40100222/0/0,2026-07-31,0.0,40012,2026-07-31 23:59:59.999999999
40012/0/40100222/0/0,2026-08-31,0.0,40012,2026-08-31 23:59:59.999999999
40012/0/40100222/0/0,2026-09-30,0.0,40012,2026-09-30 23:59:59.999999999
40012/0/40100222/0/0,2026-10-31,0.0,40012,2026-10-31 23:59:59.999999999
40012/0/40100222/0/0,2026-11-30,0.0,40012,2026-11-30 23:59:59.999999999
40012/0/40100222/0/0,2026-12-31,0.0,40012,2026-12-31 23:59:59.999999999
40012/0/40100222/0/0,2027-01-31,0.0,40012,2027-01-31 23:59:59.999999999
40012/0/40100222/0/0,2027-02-28,0.0,40012,2027-02-28 23:59:59.999999999
40012/0/40100222/0/0,2027-03-31,0.0,40012,2027-03-31 23:59:59.999999999
40012/0/40100222/0/0,2027-04-30,0.0,40012,2027-04-30 23:59:59.999999999
40012/0/40100222/0/0,2027-05-31,0.0,40012,2027-05-31 23:59:59.999999999
40012/0/40100223,2024-12-31,0.0,40012,2024-12-31 23:59:59.999999999
40012/0/40100223,2025-01-31,0.0,40012,2025-01-31 23:59:59.999999999
40012/0/40100223,2025-02-28,0.0,40012,2025-02-28 23:59:59.999999999
40012/0/40100223,2025-03-31,0.0,40012,2025-03-31 23:59:59.999999999
40012/0/40100223,2025-04-30,0.0,40012,2025-04-30 23:59:59.999999999
40012/0/40100223,2025-05-31,0.0,40012,2025-05-31 23:59:59.999999999
40012/0/40100223,2025-06-30,0.0,40012,2025-06-30 23:59:59.999999999
40012/0/40100223,2025-07-31,0.0,40012,2025-07-31 23:59:59.999999999
40012/0/40100223,2025-08-31,0.0,40012,2025-08-31 23:59:59.999999999
40012/0/40100223,2025-09-30,0.0,40012,2025-09-30 23:59:59.999999999
40012/0/40100223,2025-10-31,0.0,40012,2025-10-31 23:59:59.999999999
40012/0/40100223,2025-11-30,0.0,40012,2025-11-30 23:59:59.999999999
40012/0/40100223,2025-12-31,0.0,40012,2025-12-31 23:59:59.999999999
40012/0/40100223,2026-01-31,0.0,40012,2026-01-31 23:59:59.999999999
40012/0/40100223,2026-02-28,0.0,40012,2026-02-28 23:59:59.999999999
40012/0/40100223,2026-03-31,0.0,40012,2026-03-31 23:59:59.999999999
40012/0/40100223,2026-04-30,0.0,40012,2026-04-30 23:59:59.999999999
40012/0/40100223,2026-05-31,0.0,40012,2026-05-31 23:59:59.999999999
40012/0/40100223,2026-06-30,0.0,40012,2026-06-30 23:59:59.999999999
40012/0/40100223,2026-07-31,0.0,40012,2026-07-31 23:59:59.999999999
40012/0/40100223,2026-08-31,0.0,40012,2026-08-31 23:59:59.999999999
40012/0/40100223,2026-09-30,0.0,40012,2026-09-30 23:59:59.999999999
40012/0/40100223,2026-10-31,0.0,40012,2026-10-31 23:59:59.999999999
40012/0/40100223,2026-11-30,0.0,40012,2026-11-30 23:59:59.999999999
40012/0/40100223,2026-12-31,0.0,40012,2026-12-31 23:59:59.999999999
40012/0/40100223,2027-01-31,0.0,40012,2027-01-31 23:59:59.999999999
40012/0/40100223,2027-02-28,0.0,40012,2027-02-28 23:59:59.999999999
40012/0/40100223,2027-03-31,0.0,40012,2027-03-31 23:59:59.999999999
40012/0/40100223,2027-04-30,0.0,40012,2027-04-30 23:59:59.999999999
40012/0/40100223,2027-05-31,0.0,40012,2027-05-31 23:59:59.999999999
40012/0/40100223/0,2024-12-31,0.0,40012,2024-12-31 23:59:59.999999999
40012/0/40100223/0,2025-01-31,0.0,40012,2025-01-31 23:59:59.999999999
40012/0/40100223/0,2025-02-28,0.0,40012,2025-02-28 23:59:59.999999999
40012/0/40100223/0,2025-03-31,0.0,40012,2025-03-31 23:59:59.999999999
40012/0/40100223/0,2025-04-30,0.0,40012,2025-04-30 23:59:59.999999999
40012/0/40100223/0,2025-05-31,0.0,40012,2025-05-31 23:59:59.999999999
40012/0/40100223/0,2025-06-30,0.0,40012,2025-06-30 23:59:59.999999999
40012/0/40100223/0,2025-07-31,0.0,40012,2025-07-31 23:59:59.999999999
40012/0/40100223/0,2025-08-31,0.0,40012,2025-08-31 23:59:59.999999999
40012/0/40100223/0,2025-09-30,0.0,40012,2025-09-30 23:59:59.999999999
40012/0/40100223/0,2025-10-31,0.0,40012,2025-10-31 23:59:59.999999999
40012/0/40100223/0,2025-11-30,0.0,40012,2025-11-30 23:59:59.999999999
40012/0/40100223/0,2025-12-31,0.0,40012,2025-12-31 23:59:59.999999999
40012/0/40100223/0,2026-01-31,0.0,40012,2026-01-31 23:59:59.999999999
40012/0/40100223/0,2026-02-28,0.0,40012,2026-02-28 23:59:59.999999999
40012/0/40100223/0,2026-03-31,0.0,40012,2026-03-31 23:59:59.999999999
40012/0/40100223/0,2026-04-30,0.0,40012,2026-04-30 23:59:59.999999999
40012/0/40100223/0,2026-05-31,0.0,40012,2026-05-31 23:59:59.999999999
40012/0/40100223/0,2026-06-30,0.0,40012,2026-06-30 23:59:59.999999999
40012/0/40100223/0,2026-07-31,0.0,40012,2026-07-31 23:59:59.999999999
40012/0/40100223/0,2026-08-31,0.0,40012,2026-08-31 23:59:59.999999999
40012/0/40100223/0,2026-09-30,0.0,40012,2026-09-30 23:59:59.999999999
40012/0/40100223/0,2026-10-31,0.0,40012,2026-10-31 23:59:59.999999999
40012/0/40100223/0,2026-11-30,0.0,40012,2026-11-30 23:59:59.999999999
40012/0/40100223/0,2026-12-31,0.0,40012,2026-12-31 23:59:59.999999999
40012/0/40100223/0,2027-01-31,0.0,40012,2027-01-31 23:59:59.999999999
40012/0/40100223/0,2027-02-28,0.0,40012,2027-02-28 23:59:59.999999999
40012/0/40100223/0,2027-03-31,0.0,40012,2027-03-31 23:59:59.999999999
40012/0/40100223/0,2027-04-30,0.0,40012,2027-04-30 23:59:59.999999999
40012/0/40100223/0,2027-05-31,0.0,40012,2027-05-31 23:59:59.999999999
40012/0/40100223/0/0,2024-12-31,0.0,40012,2024-12-31 23:59:59.999999999
40012/0/40100223/0/0,2025-01-31,0.0,40012,2025-01-31 23:59:59.999999999
40012/0/40100223/0/0,2025-02-28,0.0,40012,2025-02-28 23:59:59.999999999
40012/0/40100223/0/0,2025-03-31,0.0,40012,2025-03-31 23:59:59.999999999
40012/0/40100223/0/0,2025-04-30,0.0,40012,2025-04-30 23:59:59.999999999
40012/0/40100223/0/0,2025-05-31,0.0,40012,2025-05-31 23:59:59.999999999
40012/0/40100223/0/0,2025-06-30,0.0,40012,2025-06-30 23:59:59.999999999
40012/0/40100223/0/0,2025-07-31,0.0,40012,2025-07-31 23:59:59.999999999
40012/0/40100223/0/0,2025-08-31,0.0,40012,2025-08-31 23:59:59.999999999
40012/0/40100223/0/0,2025-09-30,0.0,40012,2025-09-30 23:59:59.999999999
40012/0/40100223/0/0,2025-10-31,0.0,40012,2025-10-31 23:59:59.999999999
40012/0/40100223/0/0,2025-11-30,0.0,40012,2025-11-30 23:59:59.999999999
40012/0/40100223/0/0,2025-12-31,0.0,40012,2025-12-31 23:59:59.999999999
40012/0/40100223/0/0,2026-01-31,0.0,40012,2026-01-31 23:59:59.999999999
40012/0/40100223/0/0,2026-02-28,0.0,40012,2026-02-28 23:59:59.999999999
40012/0/40100223/0/0,2026-03-31,0.0,40012,2026-03-31 23:59:59.999999999
40012/0/40100223/0/0,2026-04-30,0.0,40012,2026-04-30 23:59:59.999999999
40012/0/40100223/0/0,2026-05-31,0.0,40012,2026-05-31 23:59:59.999999999
40012/0/40100223/0/0,2026-06-30,0.0,40012,2026-06-30 23:59:59.999999999
40012/0/40100223/0/0,2026-07-31,0.0,40012,2026-07-31 23:59:59.999999999
40012/0/40100223/0/0,2026-08-31,0.0,40012,2026-08-31 23:59:59.999999999
40012/0/40100223/0/0,2026-09-30,0.0,40012,2026-09-30 23:59:59.999999999
40012/0/40100223/0/0,2026-10-31,0.0,40012,2026-10-31 23:59:59.999999999
40012/0/40100223/0/0,2026-11-30,0.0,40012,2026-11-30 23:59:59.999999999
40012/0/40100223/0/0,2026-12-31,0.0,40012,2026-12-31 23:59:59.999999999
40012/0/40100223/0/0,2027-01-31,0.0,40012,2027-01-31 23:59:59.999999999
40012/0/40100223/0/0,2027-02-28,0.0,40012,2027-02-28 23:59:59.999999999
40012/0/40100223/0/0,2027-03-31,0.0,40012,2027-03-31 23:59:59.999999999
40012/0/40100223/0/0,2027-04-30,0.0,40012,2027-04-30 23:59:59.999999999
40012/0/40100223/0/0,2027-05-31,0.0,40012,2027-05-31 23:59:59.999999999
40014,2024-12-31,3575151900000.0,40014,2024-12-31 23:59:59.999999999
40014,2025-01-31,3588711000000.0,40014,2025-01-31 23:59:59.999999999
40014,2025-02-28,3599592600000.0,40014,2025-02-28 23:59:59.999999999
40014,2025-03-31,3612328000000.0,40014,2025-03-31 23:59:59.999999999
40014,2025-04-30,3623780000000.0,40014,2025-04-30 23:59:59.999999999
40014,2025-05-31,3636120800000.0,40014,2025-05-31 23:59:59.999999999
40014,2025-06-30,3647846200000.0,40014,2025-06-30 23:59:59.999999999
40014,2025-07-31,3659997400000.0,40014,2025-07-31 23:59:59.999999999
40014,2025-08-31,3671854000000.0,40014,2025-08-31 23:59:59.999999999
40014,2025-09-30,3683914600000.0,40014,2025-09-30 23:59:59.999999999
40014,2025-10-31,3695833800000.0,40014,2025-10-31 23:59:59.999999999
40014,2025-11-30,3707851000000.0,40014,2025-11-30 23:59:59.999999999
40014,2025-12-31,3719800300000.0,40014,2025-12-31 23:59:59.999999999
40014,2026-01-31,3731796500000.0,40014,2026-01-31 23:59:59.999999999
40014,2026-02-28,3743760300000.0,40014,2026-02-28 23:59:59.999999999
40014,2026-03-31,3755746500000.0,40014,2026-03-31 23:59:59.999999999
40014,2026-04-30,3767717300000.0,40014,2026-04-30 23:59:59.999999999
40014,2026-05-31,3779699000000.0,40014,2026-05-31 23:59:59.999999999
40014,2026-06-30,3791672800000.0,40014,2026-06-30 23:59:59.999999999
40014,2026-07-31,3803652000000.0,40014,2026-07-31 23:59:59.999999999
40014,2026-08-31,3815627600000.0,40014,2026-08-31 23:59:59.999999999
40014,2026-09-30,3827605700000.0,40014,2026-09-30 23:59:59.999999999
40014,2026-10-31,3839582300000.0,40014,2026-10-31 23:59:59.999999999
40014,2026-11-30,3851559600000.0,40014,2026-11-30 23:59:59.999999999
40014,2026-12-31,3863536500000.0,40014,2026-12-31 23:59:59.999999999
40014,2027-01-31,3875513800000.0,40014,2027-01-31 23:59:59.999999999
40014,2027-02-28,3887490700000.0,40014,2027-02-28 23:59:59.999999999
40014,2027-03-31,3899468000000.0,40014,2027-03-31 23:59:59.999999999
40014,2027-04-30,3911444900000.0,40014,2027-04-30 23:59:59.999999999
40014,2027-05-31,3923422000000.0,40014,2027-05-31 23:59:59.999999999
40014/0,2024-12-31,3575151900000.0,40014,2024-12-31 23:59:59.999999999
40014/0,2025-01-31,3588711000000.0,40014,2025-01-31 23:59:59.999999999
40014/0,2025-02-28,3599592600000.0,40014,2025-02-28 23:59:59.999999999
40014/0,2025-03-31,3612328000000.0,40014,2025-03-31 23:59:59.999999999
40014/0,2025-04-30,3623780000000.0,40014,2025-04-30 23:59:59.999999999
40014/0,2025-05-31,3636120800000.0,40014,2025-05-31 23:59:59.999999999
40014/0,2025-06-30,3647846200000.0,40014,2025-06-30 23:59:59.999999999
40014/0,2025-07-31,3659997400000.0,40014,2025-07-31 23:59:59.999999999
40014/0,2025-08-31,3671854000000.0,40014,2025-08-31 23:59:59.999999999
40014/0,2025-09-30,3683914600000.0,40014,2025-09-30 23:59:59.999999999
40014/0,2025-10-31,3695833800000.0,40014,2025-10-31 23:59:59.999999999
40014/0,2025-11-30,3707851000000.0,40014,2025-11-30 23:59:59.999999999
40014/0,2025-12-31,3719800300000.0,40014,2025-12-31 23:59:59.999999999
40014/0,2026-01-31,3731796500000.0,40014,2026-01-31 23:59:59.999999999
40014/0,2026-02-28,3743760300000.0,40014,2026-02-28 23:59:59.999999999
40014/0,2026-03-31,3755746500000.0,40014,2026-03-31 23:59:59.999999999
40014/0,2026-04-30,3767717300000.0,40014,2026-04-30 23:59:59.999999999
40014/0,2026-05-31,3779699000000.0,40014,2026-05-31 23:59:59.999999999
40014/0,2026-06-30,3791672800000.0,40014,2026-06-30 23:59:59.999999999
40014/0,2026-07-31,3803652000000.0,40014,2026-07-31 23:59:59.999999999
40014/0,2026-08-31,3815627600000.0,40014,2026-08-31 23:59:59.999999999
40014/0,2026-09-30,3827605700000.0,40014,2026-09-30 23:59:59.999999999
40014/0,2026-10-31,3839582300000.0,40014,2026-10-31 23:59:59.999999999
40014/0,2026-11-30,3851559600000.0,40014,2026-11-30 23:59:59.999999999
40014/0,2026-12-31,3863536500000.0,40014,2026-12-31 23:59:59.999999999
40014/0,2027-01-31,3875513800000.0,40014,2027-01-31 23:59:59.999999999
40014/0,2027-02-28,3887490700000.0,40014,2027-02-28 23:59:59.999999999
40014/0,2027-03-31,3899468000000.0,40014,2027-03-31 23:59:59.999999999
40014/0,2027-04-30,3911444900000.0,40014,2027-04-30 23:59:59.999999999
40014/0,2027-05-31,3923422000000.0,40014,2027-05-31 23:59:59.999999999
40014/0/0,2024-12-31,1788527200000.0,40014,2024-12-31 23:59:59.999999999
40014/0/0,2025-01-31,1794324700000.0,40014,2025-01-31 23:59:59.999999999
40014/0/0,2025-02-28,1800122000000.0,40014,2025-02-28 23:59:59.999999999
40014/0/0,2025-03-31,1805919300000.0,40014,2025-03-31 23:59:59.999999999
40014/0/0,2025-04-30,1811716600000.0,40014,2025-04-30 23:59:59.999999999
40014/0/0,2025-05-31,1817514100000.0,40014,2025-05-31 23:59:59.999999999
40014/0/0,2025-06-30,1823311400000.0,40014,2025-06-30 23:59:59.999999999
40014/0/0,2025-07-31,1829108700000.0,40014,2025-07-31 23:59:59.999999999
40014/0/0,2025-08-31,1834906200000.0,40014,2025-08-31 23:59:59.999999999
40014/0/0,2025-09-30,1840703500000.0,40014,2025-09-30 23:59:59.999999999
40014/0/0,2025-10-31,1846500800000.0,40014,2025-10-31 23:59:59.999999999
40014/0/0,2025-11-30,1852298100000.0,40014,2025-11-30 23:59:59.999999999
40014/0/0,2025-12-31,1858095500000.0,40014,2025-12-31 23:59:59.999999999
40014/0/0,2026-01-31,1863892900000.0,40014,2026-01-31 23:59:59.999999999
40014/0/0,2026-02-28,1869690200000.0,40014,2026-02-28 23:59:59.999999999
40014/0/0,2026-03-31,1875487600000.0,40014,2026-03-31 23:59:59.999999999
40014/0/0,2026-04-30,1881285000000.0,40014,2026-04-30 23:59:59.999999999
40014/0/0,2026-05-31,1887082300000.0,40014,2026-05-31 23:59:59.999999999
40014/0/0,2026-06-30,1892879700000.0,40014,2026-06-30 23:59:59.999999999
40014/0/0,2026-07-31,1898677000000.0,40014,2026-07-31 23:59:59.999999999
40014/0/0,2026-08-31,1904474300000.0,40014,2026-08-31 23:59:59.999999999
40014/0/0,2026-09-30,1910271600000.0,40014,2026-09-30 23:59:59.999999999
40014/0/0,2026-10-31,1916069100000.0,40014,2026-10-31 23:59:59.999999999
40014/0/0,2026-11-30,1921866400000.0,40014,2026-11-30 23:59:59.999999999
40014/0/0,2026-12-31,1927663700000.0,40014,2026-12-31 23:59:59.999999999
40014/0/0,2027-01-31,1933461200000.0,40014,2027-01-31 23:59:59.999999999
40014/0/0,2027-02-28,1939258500000.0,40014,2027-02-28 23:59:59.999999999
40014/0/0,2027-03-31,1945055800000.0,40014,2027-03-31 23:59:59.999999999
40014/0/0,2027-04-30,1950853100000.0,40014,2027-04-30 23:59:59.999999999
40014/0/0,2027-05-31,1956650500000.0,40014,2027-05-31 23:59:59.999999999
40014/0/0/0,2024-12-31,1788527200000.0,40014,2024-12-31 23:59:59.999999999
40014/0/0/0,2025-01-31,1794324700000.0,40014,2025-01-31 23:59:59.999999999
40014/0/0/0,2025-02-28,1800122000000.0,40014,2025-02-28 23:59:59.999999999
40014/0/0/0,2025-03-31,1805919300000.0,40014,2025-03-31 23:59:59.999999999
40014/0/0/0,2025-04-30,1811716600000.0,40014,2025-04-30 23:59:59.999999999
40014/0/0/0,2025-05-31,1817514100000.0,40014,2025-05-31 23:59:59.999999999
40014/0/0/0,2025-06-30,1823311400000.0,40014,2025-06-30 23:59:59.999999999
40014/0/0/0,2025-07-31,1829108700000.0,40014,2025-07-31 23:59:59.999999999
40014/0/0/0,2025-08-31,1834906200000.0,40014,2025-08-31 23:59:59.999999999
40014/0/0/0,2025-09-30,1840703500000.0,40014,2025-09-30 23:59:59.999999999
40014/0/0/0,2025-10-31,1846500800000.0,40014,2025-10-31 23:59:59.999999999
40014/0/0/0,2025-11-30,1852298100000.0,40014,2025-11-30 23:59:59.999999999
40014/0/0/0,2025-12-31,1858095500000.0,40014,2025-12-31 23:59:59.999999999
40014/0/0/0,2026-01-31,1863892900000.0,40014,2026-01-31 23:59:59.999999999
40014/0/0/0,2026-02-28,1869690200000.0,40014,2026-02-28 23:59:59.999999999
40014/0/0/0,2026-03-31,1875487600000.0,40014,2026-03-31 23:59:59.999999999
40014/0/0/0,2026-04-30,1881285000000.0,40014,2026-04-30 23:59:59.999999999
40014/0/0/0,2026-05-31,1887082300000.0,40014,2026-05-31 23:59:59.999999999
40014/0/0/0,2026-06-30,1892879700000.0,40014,2026-06-30 23:59:59.999999999
40014/0/0/0,2026-07-31,1898677000000.0,40014,2026-07-31 23:59:59.999999999
40014/0/0/0,2026-08-31,1904474300000.0,40014,2026-08-31 23:59:59.999999999
40014/0/0/0,2026-09-30,1910271600000.0,40014,2026-09-30 23:59:59.999999999
40014/0/0/0,2026-10-31,1916069100000.0,40014,2026-10-31 23:59:59.999999999
40014/0/0/0,2026-11-30,1921866400000.0,40014,2026-11-30 23:59:59.999999999
40014/0/0/0,2026-12-31,1927663700000.0,40014,2026-12-31 23:59:59.999999999
40014/0/0/0,2027-01-31,1933461200000.0,40014,2027-01-31 23:59:59.999999999
40014/0/0/0,2027-02-28,1939258500000.0,40014,2027-02-28 23:59:59.999999999
40014/0/0/0,2027-03-31,1945055800000.0,40014,2027-03-31 23:59:59.999999999
40014/0/0/0,2027-04-30,1950853100000.0,40014,2027-04-30 23:59:59.999999999
40014/0/0/0,2027-05-31,1956650500000.0,40014,2027-05-31 23:59:59.999999999
40014/0/0/0/0,2024-12-31,1788527200000.0,40014,2024-12-31 23:59:59.999999999
40014/0/0/0/0,2025-01-31,1794324700000.0,40014,2025-01-31 23:59:59.999999999
40014/0/0/0/0,2025-02-28,1800122000000.0,40014,2025-02-28 23:59:59.999999999
40014/0/0/0/0,2025-03-31,1805919300000.0,40014,2025-03-31 23:59:59.999999999
40014/0/0/0/0,2025-04-30,1811716600000.0,40014,2025-04-30 23:59:59.999999999
40014/0/0/0/0,2025-05-31,1817514100000.0,40014,2025-05-31 23:59:59.999999999
40014/0/0/0/0,2025-06-30,1823311400000.0,40014,2025-06-30 23:59:59.999999999
40014/0/0/0/0,2025-07-31,1829108700000.0,40014,2025-07-31 23:59:59.999999999
40014/0/0/0/0,2025-08-31,1834906200000.0,40014,2025-08-31 23:59:59.999999999
40014/0/0/0/0,2025-09-30,1840703500000.0,40014,2025-09-30 23:59:59.999999999
40014/0/0/0/0,2025-10-31,1846500800000.0,40014,2025-10-31 23:59:59.999999999
40014/0/0/0/0,2025-11-30,1852298100000.0,40014,2025-11-30 23:59:59.999999999
40014/0/0/0/0,2025-12-31,1858095500000.0,40014,2025-12-31 23:59:59.999999999
40014/0/0/0/0,2026-01-31,1863892900000.0,40014,2026-01-31 23:59:59.999999999
40014/0/0/0/0,2026-02-28,1869690200000.0,40014,2026-02-28 23:59:59.999999999
40014/0/0/0/0,2026-03-31,1875487600000.0,40014,2026-03-31 23:59:59.999999999
40014/0/0/0/0,2026-04-30,1881285000000.0,40014,2026-04-30 23:59:59.999999999
40014/0/0/0/0,2026-05-31,1887082300000.0,40014,2026-05-31 23:59:59.999999999
40014/0/0/0/0,2026-06-30,1892879700000.0,40014,2026-06-30 23:59:59.999999999
40014/0/0/0/0,2026-07-31,1898677000000.0,40014,2026-07-31 23:59:59.999999999
40014/0/0/0/0,2026-08-31,1904474300000.0,40014,2026-08-31 23:59:59.999999999
40014/0/0/0/0,2026-09-30,1910271600000.0,40014,2026-09-30 23:59:59.999999999
40014/0/0/0/0,2026-10-31,1916069100000.0,40014,2026-10-31 23:59:59.999999999
40014/0/0/0/0,2026-11-30,1921866400000.0,40014,2026-11-30 23:59:59.999999999
40014/0/0/0/0,2026-12-31,1927663700000.0,40014,2026-12-31 23:59:59.999999999
40014/0/0/0/0,2027-01-31,1933461200000.0,40014,2027-01-31 23:59:59.999999999
40014/0/0/0/0,2027-02-28,1939258500000.0,40014,2027-02-28 23:59:59.999999999
40014/0/0/0/0,2027-03-31,1945055800000.0,40014,2027-03-31 23:59:59.999999999
40014/0/0/0/0,2027-04-30,1950853100000.0,40014,2027-04-30 23:59:59.999999999
40014/0/0/0/0,2027-05-31,1956650500000.0,40014,2027-05-31 23:59:59.999999999
40014/0/40100187,2024-12-31,732528900000.0,40014,2024-12-31 23:59:59.999999999
40014/0/40100187,2025-01-31,735262340000.0,40014,2025-01-31 23:59:59.999999999
40014/0/40100187,2025-02-28,737995800000.0,40014,2025-02-28 23:59:59.999999999
40014/0/40100187,2025-03-31,740729300000.0,40014,2025-03-31 23:59:59.999999999
40014/0/40100187,2025-04-30,743462700000.0,40014,2025-04-30 23:59:59.999999999
40014/0/40100187,2025-05-31,746196200000.0,40014,2025-05-31 23:59:59.999999999
40014/0/40100187,2025-06-30,748929600000.0,40014,2025-06-30 23:59:59.999999999
40014/0/40100187,2025-07-31,751663050000.0,40014,2025-07-31 23:59:59.999999999
40014/0/40100187,2025-08-31,754396500000.0,40014,2025-08-31 23:59:59.999999999
40014/0/40100187,2025-09-30,757129940000.0,40014,2025-09-30 23:59:59.999999999
40014/0/40100187,2025-10-31,759863440000.0,40014,2025-10-31 23:59:59.999999999
40014/0/40100187,2025-11-30,762596900000.0,40014,2025-11-30 23:59:59.999999999
40014/0/40100187,2025-12-31,765330300000.0,40014,2025-12-31 23:59:59.999999999
40014/0/40100187,2026-01-31,768063770000.0,40014,2026-01-31 23:59:59.999999999
40014/0/40100187,2026-02-28,770797200000.0,40014,2026-02-28 23:59:59.999999999
40014/0/40100187,2026-03-31,773530650000.0,40014,2026-03-31 23:59:59.999999999
40014/0/40100187,2026-04-30,776264100000.0,40014,2026-04-30 23:59:59.999999999
40014/0/40100187,2026-05-31,778997600000.0,40014,2026-05-31 23:59:59.999999999
40014/0/40100187,2026-06-30,781731040000.0,40014,2026-06-30 23:59:59.999999999
40014/0/40100187,2026-07-31,784464500000.0,40014,2026-07-31 23:59:59.999999999
40014/0/40100187,2026-08-31,787197900000.0,40014,2026-08-31 23:59:59.999999999
40014/0/40100187,2026-09-30,789931360000.0,40014,2026-09-30 23:59:59.999999999
40014/0/40100187,2026-10-31,792664800000.0,40014,2026-10-31 23:59:59.999999999
40014/0/40100187,2026-11-30,795398240000.0,40014,2026-11-30 23:59:59.999999999
40014/0/40100187,2026-12-31,798131750000.0,40014,2026-12-31 23:59:59.999999999
40014/0/40100187,2027-01-31,800865200000.0,40014,2027-01-31 23:59:59.999999999
40014/0/40100187,2027-02-28,803598600000.0,40014,2027-02-28 23:59:59.999999999
40014/0/40100187,2027-03-31,806332100000.0,40014,2027-03-31 23:59:59.999999999
40014/0/40100187,2027-04-30,809065500000.0,40014,2027-04-30 23:59:59.999999999
40014/0/40100187,2027-05-31,811798950000.0,40014,2027-05-31 23:59:59.999999999
40014/0/40100187/40100188,2024-12-31,2345183000.0,40014,2024-12-31 23:59:59.999999999
40014/0/40100187/40100188,2025-01-31,2345183000.0,40014,2025-01-31 23:59:59.999999999
40014/0/40100187/40100188,2025-02-28,2345183000.0,40014,2025-02-28 23:59:59.999999999
40014/0/40100187/40100188,2025-03-31,2345183000.0,40014,2025-03-31 23:59:59.999999999
40014/0/40100187/40100188,2025-04-30,2345183000.0,40014,2025-04-30 23:59:59.999999999
40014/0/40100187/40100188,2025-05-31,2345183000.0,40014,2025-05-31 23:59:59.999999999
40014/0/40100187/40100188,2025-06-30,2345183000.0,40014,2025-06-30 23:59:59.999999999
40014/0/40100187/40100188,2025-07-31,2345183000.0,40014,2025-07-31 23:59:59.999999999
40014/0/40100187/40100188,2025-08-31,2345183000.0,40014,2025-08-31 23:59:59.999999999
40014/0/40100187/40100188,2025-09-30,2345183000.0,40014,2025-09-30 23:59:59.999999999
40014/0/40100187/40100188,2025-10-31,2345183000.0,40014,2025-10-31 23:59:59.999999999
40014/0/40100187/40100188,2025-11-30,2345183000.0,40014,2025-11-30 23:59:59.999999999
40014/0/40100187/40100188,2025-12-31,2345183000.0,40014,2025-12-31 23:59:59.999999999
40014/0/40100187/40100188,2026-01-31,2345183000.0,40014,2026-01-31 23:59:59.999999999
40014/0/40100187/40100188,2026-02-28,2345183000.0,40014,2026-02-28 23:59:59.999999999
40014/0/40100187/40100188,2026-03-31,2345183000.0,40014,2026-03-31 23:59:59.999999999
40014/0/40100187/40100188,2026-04-30,2345183000.0,40014,2026-04-30 23:59:59.999999999
40014/0/40100187/40100188,2026-05-31,2345183000.0,40014,2026-05-31 23:59:59.999999999
40014/0/40100187/40100188,2026-06-30,2345183000.0,40014,2026-06-30 23:59:59.999999999
40014/0/40100187/40100188,2026-07-31,2345183000.0,40014,2026-07-31 23:59:59.999999999
40014/0/40100187/40100188,2026-08-31,2345183000.0,40014,2026-08-31 23:59:59.999999999
40014/0/40100187/40100188,2026-09-30,2345183000.0,40014,2026-09-30 23:59:59.999999999
40014/0/40100187/40100188,2026-10-31,2345183000.0,40014,2026-10-31 23:59:59.999999999
40014/0/40100187/40100188,2026-11-30,2345183000.0,40014,2026-11-30 23:59:59.999999999
40014/0/40100187/40100188,2026-12-31,2345183000.0,40014,2026-12-31 23:59:59.999999999
40014/0/40100187/40100188,2027-01-31,2345183000.0,40014,2027-01-31 23:59:59.999999999
40014/0/40100187/40100188,2027-02-28,2345183000.0,40014,2027-02-28 23:59:59.999999999
40014/0/40100187/40100188,2027-03-31,2345183000.0,40014,2027-03-31 23:59:59.999999999
40014/0/40100187/40100188,2027-04-30,2345183000.0,40014,2027-04-30 23:59:59.999999999
40014/0/40100187/40100188,2027-05-31,2345183000.0,40014,2027-05-31 23:59:59.999999999
40014/0/40100187/40100188/0,2024-12-31,2345183000.0,40014,2024-12-31 23:59:59.999999999
40014/0/40100187/40100188/0,2025-01-31,2345183000.0,40014,2025-01-31 23:59:59.999999999
40014/0/40100187/40100188/0,2025-02-28,2345183000.0,40014,2025-02-28 23:59:59.999999999
40014/0/40100187/40100188/0,2025-03-31,2345183000.0,40014,2025-03-31 23:59:59.999999999
40014/0/40100187/40100188/0,2025-04-30,2345183000.0,40014,2025-04-30 23:59:59.999999999
40014/0/40100187/40100188/0,2025-05-31,2345183000.0,40014,2025-05-31 23:59:59.999999999
40014/0/40100187/40100188/0,2025-06-30,2345183000.0,40014,2025-06-30 23:59:59.999999999
40014/0/40100187/40100188/0,2025-07-31,2345183000.0,40014,2025-07-31 23:59:59.999999999
40014/0/40100187/40100188/0,2025-08-31,2345183000.0,40014,2025-08-31 23:59:59.999999999
40014/0/40100187/40100188/0,2025-09-30,2345183000.0,40014,2025-09-30 23:59:59.999999999
40014/0/40100187/40100188/0,2025-10-31,2345183000.0,40014,2025-10-31 23:59:59.999999999
40014/0/40100187/40100188/0,2025-11-30,2345183000.0,40014,2025-11-30 23:59:59.999999999
40014/0/40100187/40100188/0,2025-12-31,2345183000.0,40014,2025-12-31 23:59:59.999999999
40014/0/40100187/40100188/0,2026-01-31,2345183000.0,40014,2026-01-31 23:59:59.999999999
40014/0/40100187/40100188/0,2026-02-28,2345183000.0,40014,2026-02-28 23:59:59.999999999
40014/0/40100187/40100188/0,2026-03-31,2345183000.0,40014,2026-03-31 23:59:59.999999999
40014/0/40100187/40100188/0,2026-04-30,2345183000.0,40014,2026-04-30 23:59:59.999999999
40014/0/40100187/40100188/0,2026-05-31,2345183000.0,40014,2026-05-31 23:59:59.999999999
40014/0/40100187/40100188/0,2026-06-30,2345183000.0,40014,2026-06-30 23:59:59.999999999
40014/0/40100187/40100188/0,2026-07-31,2345183000.0,40014,2026-07-31 23:59:59.999999999
40014/0/40100187/40100188/0,2026-08-31,2345183000.0,40014,2026-08-31 23:59:59.999999999
40014/0/40100187/40100188/0,2026-09-30,2345183000.0,40014,2026-09-30 23:59:59.999999999
40014/0/40100187/40100188/0,2026-10-31,2345183000.0,40014,2026-10-31 23:59:59.999999999
40014/0/40100187/40100188/0,2026-11-30,2345183000.0,40014,2026-11-30 23:59:59.999999999
40014/0/40100187/40100188/0,2026-12-31,2345183000.0,40014,2026-12-31 23:59:59.999999999
40014/0/40100187/40100188/0,2027-01-31,2345183000.0,40014,2027-01-31 23:59:59.999999999
40014/0/40100187/40100188/0,2027-02-28,2345183000.0,40014,2027-02-28 23:59:59.999999999
40014/0/40100187/40100188/0,2027-03-31,2345183000.0,40014,2027-03-31 23:59:59.999999999
40014/0/40100187/40100188/0,2027-04-30,2345183000.0,40014,2027-04-30 23:59:59.999999999
40014/0/40100187/40100188/0,2027-05-31,2345183000.0,40014,2027-05-31 23:59:59.999999999
40014/0/40100187/40100189,2024-12-31,3140674800.0,40014,2024-12-31 23:59:59.999999999
40014/0/40100187/40100189,2025-01-31,3140674800.0,40014,2025-01-31 23:59:59.999999999
40014/0/40100187/40100189,2025-02-28,3140674800.0,40014,2025-02-28 23:59:59.999999999
40014/0/40100187/40100189,2025-03-31,3140674800.0,40014,2025-03-31 23:59:59.999999999
40014/0/40100187/40100189,2025-04-30,3140674800.0,40014,2025-04-30 23:59:59.999999999
40014/0/40100187/40100189,2025-05-31,3140674800.0,40014,2025-05-31 23:59:59.999999999
40014/0/40100187/40100189,2025-06-30,3140674800.0,40014,2025-06-30 23:59:59.999999999
40014/0/40100187/40100189,2025-07-31,3140674800.0,40014,2025-07-31 23:59:59.999999999
40014/0/40100187/40100189,2025-08-31,3140674800.0,40014,2025-08-31 23:59:59.999999999
40014/0/40100187/40100189,2025-09-30,3140674800.0,40014,2025-09-30 23:59:59.999999999
40014/0/40100187/40100189,2025-10-31,3140674800.0,40014,2025-10-31 23:59:59.999999999
40014/0/40100187/40100189,2025-11-30,3140674800.0,40014,2025-11-30 23:59:59.999999999
40014/0/40100187/40100189,2025-12-31,3140674800.0,40014,2025-12-31 23:59:59.999999999
40014/0/40100187/40100189,2026-01-31,3140674800.0,40014,2026-01-31 23:59:59.999999999
40014/0/40100187/40100189,2026-02-28,3140674800.0,40014,2026-02-28 23:59:59.999999999
40014/0/40100187/40100189,2026-03-31,3140674800.0,40014,2026-03-31 23:59:59.999999999
40014/0/40100187/40100189,2026-04-30,3140674800.0,40014,2026-04-30 23:59:59.999999999
40014/0/40100187/40100189,2026-05-31,3140674800.0,40014,2026-05-31 23:59:59.999999999
40014/0/40100187/40100189,2026-06-30,3140674800.0,40014,2026-06-30 23:59:59.999999999
40014/0/40100187/40100189,2026-07-31,3140674800.0,40014,2026-07-31 23:59:59.999999999
40014/0/40100187/40100189,2026-08-31,3140674800.0,40014,2026-08-31 23:59:59.999999999
40014/0/40100187/40100189,2026-09-30,3140674800.0,40014,2026-09-30 23:59:59.999999999
40014/0/40100187/40100189,2026-10-31,3140674800.0,40014,2026-10-31 23:59:59.999999999
40014/0/40100187/40100189,2026-11-30,3140674800.0,40014,2026-11-30 23:59:59.999999999
40014/0/40100187/40100189,2026-12-31,3140674800.0,40014,2026-12-31 23:59:59.999999999
40014/0/40100187/40100189,2027-01-31,3140674800.0,40014,2027-01-31 23:59:59.999999999
40014/0/40100187/40100189,2027-02-28,3140674800.0,40014,2027-02-28 23:59:59.999999999
40014/0/40100187/40100189,2027-03-31,3140674800.0,40014,2027-03-31 23:59:59.999999999
40014/0/40100187/40100189,2027-04-30,3140674800.0,40014,2027-04-30 23:59:59.999999999
40014/0/40100187/40100189,2027-05-31,3140674800.0,40014,2027-05-31 23:59:59.999999999
40014/0/40100187/40100189/0,2024-12-31,3140674800.0,40014,2024-12-31 23:59:59.999999999
40014/0/40100187/40100189/0,2025-01-31,3140674800.0,40014,2025-01-31 23:59:59.999999999
40014/0/40100187/40100189/0,2025-02-28,3140674800.0,40014,2025-02-28 23:59:59.999999999
40014/0/40100187/40100189/0,2025-03-31,3140674800.0,40014,2025-03-31 23:59:59.999999999
40014/0/40100187/40100189/0,2025-04-30,3140674800.0,40014,2025-04-30 23:59:59.999999999
40014/0/40100187/40100189/0,2025-05-31,3140674800.0,40014,2025-05-31 23:59:59.999999999
40014/0/40100187/40100189/0,2025-06-30,3140674800.0,40014,2025-06-30 23:59:59.999999999
40014/0/40100187/40100189/0,2025-07-31,3140674800.0,40014,2025-07-31 23:59:59.999999999
40014/0/40100187/40100189/0,2025-08-31,3140674800.0,40014,2025-08-31 23:59:59.999999999
40014/0/40100187/40100189/0,2025-09-30,3140674800.0,40014,2025-09-30 23:59:59.999999999
40014/0/40100187/40100189/0,2025-10-31,3140674800.0,40014,2025-10-31 23:59:59.999999999
40014/0/40100187/40100189/0,2025-11-30,3140674800.0,40014,2025-11-30 23:59:59.999999999
40014/0/40100187/40100189/0,2025-12-31,3140674800.0,40014,2025-12-31 23:59:59.999999999
40014/0/40100187/40100189/0,2026-01-31,3140674800.0,40014,2026-01-31 23:59:59.999999999
40014/0/40100187/40100189/0,2026-02-28,3140674800.0,40014,2026-02-28 23:59:59.999999999
40014/0/40100187/40100189/0,2026-03-31,3140674800.0,40014,2026-03-31 23:59:59.999999999
40014/0/40100187/40100189/0,2026-04-30,3140674800.0,40014,2026-04-30 23:59:59.999999999
40014/0/40100187/40100189/0,2026-05-31,3140674800.0,40014,2026-05-31 23:59:59.999999999
40014/0/40100187/40100189/0,2026-06-30,3140674800.0,40014,2026-06-30 23:59:59.999999999
40014/0/40100187/40100189/0,2026-07-31,3140674800.0,40014,2026-07-31 23:59:59.999999999
40014/0/40100187/40100189/0,2026-08-31,3140674800.0,40014,2026-08-31 23:59:59.999999999
40014/0/40100187/40100189/0,2026-09-30,3140674800.0,40014,2026-09-30 23:59:59.999999999
40014/0/40100187/40100189/0,2026-10-31,3140674800.0,40014,2026-10-31 23:59:59.999999999
40014/0/40100187/40100189/0,2026-11-30,3140674800.0,40014,2026-11-30 23:59:59.999999999
40014/0/40100187/40100189/0,2026-12-31,3140674800.0,40014,2026-12-31 23:59:59.999999999
40014/0/40100187/40100189/0,2027-01-31,3140674800.0,40014,2027-01-31 23:59:59.999999999
40014/0/40100187/40100189/0,2027-02-28,3140674800.0,40014,2027-02-28 23:59:59.999999999
40014/0/40100187/40100189/0,2027-03-31,3140674800.0,40014,2027-03-31 23:59:59.999999999
40014/0/40100187/40100189/0,2027-04-30,3140674800.0,40014,2027-04-30 23:59:59.999999999
40014/0/40100187/40100189/0,2027-05-31,3140674800.0,40014,2027-05-31 23:59:59.999999999
40014/0/40100187/40100190,2024-12-31,40592860000.0,40014,2024-12-31 23:59:59.999999999
40014/0/40100187/40100190,2025-01-31,40756896000.0,40014,2025-01-31 23:59:59.999999999
40014/0/40100187/40100190,2025-02-28,40923877000.0,40014,2025-02-28 23:59:59.999999999
40014/0/40100187/40100190,2025-03-31,41093317000.0,40014,2025-03-31 23:59:59.999999999
40014/0/40100187/40100190,2025-04-30,41264810000.0,40014,2025-04-30 23:59:59.999999999
40014/0/40100187/40100190,2025-05-31,41438030000.0,40014,2025-05-31 23:59:59.999999999
40014/0/40100187/40100190,2025-06-30,41612694000.0,40014,2025-06-30 23:59:59.999999999
40014/0/40100187/40100190,2025-07-31,41788560000.0,40014,2025-07-31 23:59:59.999999999
40014/0/40100187/40100190,2025-08-31,41965430000.0,40014,2025-08-31 23:59:59.999999999
40014/0/40100187/40100190,2025-09-30,42143146000.0,40014,2025-09-30 23:59:59.999999999
40014/0/40100187/40100190,2025-10-31,42321564000.0,40014,2025-10-31 23:59:59.999999999
40014/0/40100187/40100190,2025-11-30,42500575000.0,40014,2025-11-30 23:59:59.999999999
40014/0/40100187/40100190,2025-12-31,42680080000.0,40014,2025-12-31 23:59:59.999999999
40014/0/40100187/40100190,2026-01-31,42859990000.0,40014,2026-01-31 23:59:59.999999999
40014/0/40100187/40100190,2026-02-28,43040250000.0,40014,2026-02-28 23:59:59.999999999
40014/0/40100187/40100190,2026-03-31,43220800000.0,40014,2026-03-31 23:59:59.999999999
40014/0/40100187/40100190,2026-04-30,43401593000.0,40014,2026-04-30 23:59:59.999999999
40014/0/40100187/40100190,2026-05-31,43582583000.0,40014,2026-05-31 23:59:59.999999999
40014/0/40100187/40100190,2026-06-30,43763745000.0,40014,2026-06-30 23:59:59.999999999
40014/0/40100187/40100190,2026-07-31,43945050000.0,40014,2026-07-31 23:59:59.999999999
40014/0/40100187/40100190,2026-08-31,44126470000.0,40014,2026-08-31 23:59:59.999999999
40014/0/40100187/40100190,2026-09-30,44307990000.0,40014,2026-09-30 23:59:59.999999999
40014/0/40100187/40100190,2026-10-31,44489593000.0,40014,2026-10-31 23:59:59.999999999
40014/0/40100187/40100190,2026-11-30,44671263000.0,40014,2026-11-30 23:59:59.999999999
40014/0/40100187/40100190,2026-12-31,44852994000.0,40014,2026-12-31 23:59:59.999999999
40014/0/40100187/40100190,2027-01-31,45034770000.0,40014,2027-01-31 23:59:59.999999999
40014/0/40100187/40100190,2027-02-28,45216588000.0,40014,2027-02-28 23:59:59.999999999
40014/0/40100187/40100190,2027-03-31,45398440000.0,40014,2027-03-31 23:59:59.999999999
40014/0/40100187/40100190,2027-04-30,45580320000.0,40014,2027-04-30 23:59:59.999999999
40014/0/40100187/40100190,2027-05-31,45762230000.0,40014,2027-05-31 23:59:59.999999999
40014/0/40100187/40100190/0,2024-12-31,40592860000.0,40014,2024-12-31 23:59:59.999999999
40014/0/40100187/40100190/0,2025-01-31,40756896000.0,40014,2025-01-31 23:59:59.999999999
40014/0/40100187/40100190/0,2025-02-28,40923877000.0,40014,2025-02-28 23:59:59.999999999
40014/0/40100187/40100190/0,2025-03-31,41093317000.0,40014,2025-03-31 23:59:59.999999999
40014/0/40100187/40100190/0,2025-04-30,41264810000.0,40014,2025-04-30 23:59:59.999999999
40014/0/40100187/40100190/0,2025-05-31,41438030000.0,40014,2025-05-31 23:59:59.999999999
40014/0/40100187/40100190/0,2025-06-30,41612694000.0,40014,2025-06-30 23:59:59.999999999
40014/0/40100187/40100190/0,2025-07-31,41788560000.0,40014,2025-07-31 23:59:59.999999999
40014/0/40100187/40100190/0,2025-08-31,41965430000.0,40014,2025-08-31 23:59:59.999999999
40014/0/40100187/40100190/0,2025-09-30,42143146000.0,40014,2025-09-30 23:59:59.999999999
40014/0/40100187/40100190/0,2025-10-31,42321564000.0,40014,2025-10-31 23:59:59.999999999
40014/0/40100187/40100190/0,2025-11-30,42500575000.0,40014,2025-11-30 23:59:59.999999999
40014/0/40100187/40100190/0,2025-12-31,42680080000.0,40014,2025-12-31 23:59:59.999999999
40014/0/40100187/40100190/0,2026-01-31,42859990000.0,40014,2026-01-31 23:59:59.999999999
40014/0/40100187/40100190/0,2026-02-28,43040250000.0,40014,2026-02-28 23:59:59.999999999
40014/0/40100187/40100190/0,2026-03-31,43220800000.0,40014,2026-03-31 23:59:59.999999999
40014/0/40100187/40100190/0,2026-04-30,43401593000.0,40014,2026-04-30 23:59:59.999999999
40014/0/40100187/40100190/0,2026-05-31,43582583000.0,40014,2026-05-31 23:59:59.999999999
40014/0/40100187/40100190/0,2026-06-30,43763745000.0,40014,2026-06-30 23:59:59.999999999
40014/0/40100187/40100190/0,2026-07-31,43945050000.0,40014,2026-07-31 23:59:59.999999999
40014/0/40100187/40100190/0,2026-08-31,44126470000.0,40014,2026-08-31 23:59:59.999999999
40014/0/40100187/40100190/0,2026-09-30,44307990000.0,40014,2026-09-30 23:59:59.999999999
40014/0/40100187/40100190/0,2026-10-31,44489593000.0,40014,2026-10-31 23:59:59.999999999
40014/0/40100187/40100190/0,2026-11-30,44671263000.0,40014,2026-11-30 23:59:59.999999999
40014/0/40100187/40100190/0,2026-12-31,44852994000.0,40014,2026-12-31 23:59:59.999999999
40014/0/40100187/40100190/0,2027-01-31,45034770000.0,40014,2027-01-31 23:59:59.999999999
40014/0/40100187/40100190/0,2027-02-28,45216588000.0,40014,2027-02-28 23:59:59.999999999
40014/0/40100187/40100190/0,2027-03-31,45398440000.0,40014,2027-03-31 23:59:59.999999999
40014/0/40100187/40100190/0,2027-04-30,45580320000.0,40014,2027-04-30 23:59:59.999999999
40014/0/40100187/40100190/0,2027-05-31,45762230000.0,40014,2027-05-31 23:59:59.999999999
40014/0/40100187/40100191,2024-12-31,60842824000.0,40014,2024-12-31 23:59:59.999999999
40014/0/40100187/40100191,2025-01-31,61899407000.0,40014,2025-01-31 23:59:59.999999999
40014/0/40100187/40100191,2025-02-28,62742995000.0,40014,2025-02-28 23:59:59.999999999
40014/0/40100187/40100191,2025-03-31,61656347000.0,40014,2025-03-31 23:59:59.999999999
40014/0/40100187/40100191,2025-04-30,62721450000.0,40014,2025-04-30 23:59:59.999999999
40014/0/40100187/40100191,2025-05-31,63502086000.0,40014,2025-05-31 23:59:59.999999999
40014/0/40100187/40100191,2025-06-30,62470525000.0,40014,2025-06-30 23:59:59.999999999
40014/0/40100187/40100191,2025-07-31,63541550000.0,40014,2025-07-31 23:59:59.999999999
40014/0/40100187/40100191,2025-08-31,64262492000.0,40014,2025-08-31 23:59:59.999999999
40014/0/40100187/40100191,2025-09-30,63285280000.0,40014,2025-09-30 23:59:59.999999999
40014/0/40100187/40100191,2025-10-31,64359790000.0,40014,2025-10-31 23:59:59.999999999
40014/0/40100187/40100191,2025-11-30,65024217000.0,40014,2025-11-30 23:59:59.999999999
40014/0/40100187/40100191,2025-12-31,64100520000.0,40014,2025-12-31 23:59:59.999999999
40014/0/40100187/40100191,2026-01-31,65176252000.0,40014,2026-01-31 23:59:59.999999999
40014/0/40100187/40100191,2026-02-28,65787250000.0,40014,2026-02-28 23:59:59.999999999
40014/0/40100187/40100191,2026-03-31,64916173000.0,40014,2026-03-31 23:59:59.999999999
40014/0/40100187/40100191,2026-04-30,65991020000.0,40014,2026-04-30 23:59:59.999999999
40014/0/40100187/40100191,2026-05-31,66551587000.0,40014,2026-05-31 23:59:59.999999999
40014/0/40100187/40100191,2026-06-30,65732166000.0,40014,2026-06-30 23:59:59.999999999
40014/0/40100187/40100191,2026-07-31,66804180000.0,40014,2026-07-31 23:59:59.999999999
40014/0/40100187/40100191,2026-08-31,67317215000.0,40014,2026-08-31 23:59:59.999999999
40014/0/40100187/40100191,2026-09-30,66548430000.0,40014,2026-09-30 23:59:59.999999999
40014/0/40100187/40100191,2026-10-31,67615800000.0,40014,2026-10-31 23:59:59.999999999
40014/0/40100187/40100191,2026-11-30,68084130000.0,40014,2026-11-30 23:59:59.999999999
40014/0/40100187/40100191,2026-12-31,67364893000.0,40014,2026-12-31 23:59:59.999999999
40014/0/40100187/40100191,2027-01-31,68425970000.0,40014,2027-01-31 23:59:59.999999999
40014/0/40100187/40100191,2027-02-28,68852310000.0,40014,2027-02-28 23:59:59.999999999
40014/0/40100187/40100191,2027-03-31,68181504000.0,40014,2027-03-31 23:59:59.999999999
40014/0/40100187/40100191,2027-04-30,69234750000.0,40014,2027-04-30 23:59:59.999999999
40014/0/40100187/40100191,2027-05-31,69621735000.0,40014,2027-05-31 23:59:59.999999999
40014/0/40100187/40100191/0,2024-12-31,60842824000.0,40014,2024-12-31 23:59:59.999999999
40014/0/40100187/40100191/0,2025-01-31,61899407000.0,40014,2025-01-31 23:59:59.999999999
40014/0/40100187/40100191/0,2025-02-28,62742995000.0,40014,2025-02-28 23:59:59.999999999
40014/0/40100187/40100191/0,2025-03-31,61656347000.0,40014,2025-03-31 23:59:59.999999999
40014/0/40100187/40100191/0,2025-04-30,62721450000.0,40014,2025-04-30 23:59:59.999999999
40014/0/40100187/40100191/0,2025-05-31,63502086000.0,40014,2025-05-31 23:59:59.999999999
40014/0/40100187/40100191/0,2025-06-30,62470525000.0,40014,2025-06-30 23:59:59.999999999
40014/0/40100187/40100191/0,2025-07-31,63541550000.0,40014,2025-07-31 23:59:59.999999999
40014/0/40100187/40100191/0,2025-08-31,64262492000.0,40014,2025-08-31 23:59:59.999999999
40014/0/40100187/40100191/0,2025-09-30,63285280000.0,40014,2025-09-30 23:59:59.999999999
40014/0/40100187/40100191/0,2025-10-31,64359790000.0,40014,2025-10-31 23:59:59.999999999
40014/0/40100187/40100191/0,2025-11-30,65024217000.0,40014,2025-11-30 23:59:59.999999999
40014/0/40100187/40100191/0,2025-12-31,64100520000.0,40014,2025-12-31 23:59:59.999999999
40014/0/40100187/40100191/0,2026-01-31,65176252000.0,40014,2026-01-31 23:59:59.999999999
40014/0/40100187/40100191/0,2026-02-28,65787250000.0,40014,2026-02-28 23:59:59.999999999
40014/0/40100187/40100191/0,2026-03-31,64916173000.0,40014,2026-03-31 23:59:59.999999999
40014/0/40100187/40100191/0,2026-04-30,65991020000.0,40014,2026-04-30 23:59:59.999999999
40014/0/40100187/40100191/0,2026-05-31,66551587000.0,40014,2026-05-31 23:59:59.999999999
40014/0/40100187/40100191/0,2026-06-30,65732166000.0,40014,2026-06-30 23:59:59.999999999
40014/0/40100187/40100191/0,2026-07-31,66804180000.0,40014,2026-07-31 23:59:59.999999999
40014/0/40100187/40100191/0,2026-08-31,67317215000.0,40014,2026-08-31 23:59:59.999999999
40014/0/40100187/40100191/0,2026-09-30,66548430000.0,40014,2026-09-30 23:59:59.999999999
40014/0/40100187/40100191/0,2026-10-31,67615800000.0,40014,2026-10-31 23:59:59.999999999
40014/0/40100187/40100191/0,2026-11-30,68084130000.0,40014,2026-11-30 23:59:59.999999999
40014/0/40100187/40100191/0,2026-12-31,67364893000.0,40014,2026-12-31 23:59:59.999999999
40014/0/40100187/40100191/0,2027-01-31,68425970000.0,40014,2027-01-31 23:59:59.999999999
40014/0/40100187/40100191/0,2027-02-28,68852310000.0,40014,2027-02-28 23:59:59.999999999
40014/0/40100187/40100191/0,2027-03-31,68181504000.0,40014,2027-03-31 23:59:59.999999999
40014/0/40100187/40100191/0,2027-04-30,69234750000.0,40014,2027-04-30 23:59:59.999999999
40014/0/40100187/40100191/0,2027-05-31,69621735000.0,40014,2027-05-31 23:59:59.999999999
40014/0/40100187/40100192,2024-12-31,7875651600.0,40014,2024-12-31 23:59:59.999999999
40014/0/40100187/40100192,2025-01-31,7753415000.0,40014,2025-01-31 23:59:59.999999999
40014/0/40100187/40100192,2025-02-28,7640589300.0,40014,2025-02-28 23:59:59.999999999
40014/0/40100187/40100192,2025-03-31,7536449500.0,40014,2025-03-31 23:59:59.999999999
40014/0/40100187/40100192,2025-04-30,7440327000.0,40014,2025-04-30 23:59:59.999999999
40014/0/40100187/40100192,2025-05-31,7351604000.0,40014,2025-05-31 23:59:59.999999999
40014/0/40100187/40100192,2025-06-30,7269712000.0,40014,2025-06-30 23:59:59.999999999
40014/0/40100187/40100192,2025-07-31,7194124300.0,40014,2025-07-31 23:59:59.999999999
40014/0/40100187/40100192,2025-08-31,7124355600.0,40014,2025-08-31 23:59:59.999999999
40014/0/40100187/40100192,2025-09-30,7059958300.0,40014,2025-09-30 23:59:59.999999999
40014/0/40100187/40100192,2025-10-31,7000518700.0,40014,2025-10-31 23:59:59.999999999
40014/0/40100187/40100192,2025-11-30,6945655000.0,40014,2025-11-30 23:59:59.999999999
40014/0/40100187/40100192,2025-12-31,6895014400.0,40014,2025-12-31 23:59:59.999999999
40014/0/40100187/40100192,2026-01-31,6848273000.0,40014,2026-01-31 23:59:59.999999999
40014/0/40100187/40100192,2026-02-28,6805129700.0,40014,2026-02-28 23:59:59.999999999
40014/0/40100187/40100192,2026-03-31,6765308000.0,40014,2026-03-31 23:59:59.999999999
40014/0/40100187/40100192,2026-04-30,6728552000.0,40014,2026-04-30 23:59:59.999999999
40014/0/40100187/40100192,2026-05-31,6694626000.0,40014,2026-05-31 23:59:59.999999999
40014/0/40100187/40100192,2026-06-30,6663311000.0,40014,2026-06-30 23:59:59.999999999
40014/0/40100187/40100192,2026-07-31,6634407400.0,40014,2026-07-31 23:59:59.999999999
40014/0/40100187/40100192,2026-08-31,6607728600.0,40014,2026-08-31 23:59:59.999999999
40014/0/40100187/40100192,2026-09-30,6583104000.0,40014,2026-09-30 23:59:59.999999999
40014/0/40100187/40100192,2026-10-31,6560375000.0,40014,2026-10-31 23:59:59.999999999
40014/0/40100187/40100192,2026-11-30,6539395600.0,40014,2026-11-30 23:59:59.999999999
40014/0/40100187/40100192,2026-12-31,6520031000.0,40014,2026-12-31 23:59:59.999999999
40014/0/40100187/40100192,2027-01-31,6502158000.0,40014,2027-01-31 23:59:59.999999999
40014/0/40100187/40100192,2027-02-28,6485660700.0,40014,2027-02-28 23:59:59.999999999
40014/0/40100187/40100192,2027-03-31,6470433300.0,40014,2027-03-31 23:59:59.999999999
40014/0/40100187/40100192,2027-04-30,6456378400.0,40014,2027-04-30 23:59:59.999999999
40014/0/40100187/40100192,2027-05-31,6443405300.0,40014,2027-05-31 23:59:59.999999999
40014/0/40100187/40100192/0,2024-12-31,7875651600.0,40014,2024-12-31 23:59:59.999999999
40014/0/40100187/40100192/0,2025-01-31,7753415000.0,40014,2025-01-31 23:59:59.999999999
40014/0/40100187/40100192/0,2025-02-28,7640589300.0,40014,2025-02-28 23:59:59.999999999
40014/0/40100187/40100192/0,2025-03-31,7536449500.0,40014,2025-03-31 23:59:59.999999999
40014/0/40100187/40100192/0,2025-04-30,7440327000.0,40014,2025-04-30 23:59:59.999999999
40014/0/40100187/40100192/0,2025-05-31,7351604000.0,40014,2025-05-31 23:59:59.999999999
40014/0/40100187/40100192/0,2025-06-30,7269712000.0,40014,2025-06-30 23:59:59.999999999
40014/0/40100187/40100192/0,2025-07-31,7194124300.0,40014,2025-07-31 23:59:59.999999999
40014/0/40100187/40100192/0,2025-08-31,7124355600.0,40014,2025-08-31 23:59:59.999999999
40014/0/40100187/40100192/0,2025-09-30,7059958300.0,40014,2025-09-30 23:59:59.999999999
40014/0/40100187/40100192/0,2025-10-31,7000518700.0,40014,2025-10-31 23:59:59.999999999
40014/0/40100187/40100192/0,2025-11-30,6945655000.0,40014,2025-11-30 23:59:59.999999999
40014/0/40100187/40100192/0,2025-12-31,6895014400.0,40014,2025-12-31 23:59:59.999999999
40014/0/40100187/40100192/0,2026-01-31,6848273000.0,40014,2026-01-31 23:59:59.999999999
40014/0/40100187/40100192/0,2026-02-28,6805129700.0,40014,2026-02-28 23:59:59.999999999
40014/0/40100187/40100192/0,2026-03-31,6765308000.0,40014,2026-03-31 23:59:59.999999999
40014/0/40100187/40100192/0,2026-04-30,6728552000.0,40014,2026-04-30 23:59:59.999999999
40014/0/40100187/40100192/0,2026-05-31,6694626000.0,40014,2026-05-31 23:59:59.999999999
40014/0/40100187/40100192/0,2026-06-30,6663311000.0,40014,2026-06-30 23:59:59.999999999
40014/0/40100187/40100192/0,2026-07-31,6634407400.0,40014,2026-07-31 23:59:59.999999999
40014/0/40100187/40100192/0,2026-08-31,6607728600.0,40014,2026-08-31 23:59:59.999999999
40014/0/40100187/40100192/0,2026-09-30,6583104000.0,40014,2026-09-30 23:59:59.999999999
40014/0/40100187/40100192/0,2026-10-31,6560375000.0,40014,2026-10-31 23:59:59.999999999
40014/0/40100187/40100192/0,2026-11-30,6539395600.0,40014,2026-11-30 23:59:59.999999999
40014/0/40100187/40100192/0,2026-12-31,6520031000.0,40014,2026-12-31 23:59:59.999999999
40014/0/40100187/40100192/0,2027-01-31,6502158000.0,40014,2027-01-31 23:59:59.999999999
40014/0/40100187/40100192/0,2027-02-28,6485660700.0,40014,2027-02-28 23:59:59.999999999
40014/0/40100187/40100192/0,2027-03-31,6470433300.0,40014,2027-03-31 23:59:59.999999999
40014/0/40100187/40100192/0,2027-04-30,6456378400.0,40014,2027-04-30 23:59:59.999999999
40014/0/40100187/40100192/0,2027-05-31,6443405300.0,40014,2027-05-31 23:59:59.999999999
40014/0/40100187/40100193,2024-12-31,154321680000.0,40014,2024-12-31 23:59:59.999999999
40014/0/40100187/40100193,2025-01-31,155101800000.0,40014,2025-01-31 23:59:59.999999999
40014/0/40100187/40100193,2025-02-28,155778300000.0,40014,2025-02-28 23:59:59.999999999
40014/0/40100187/40100193,2025-03-31,157764630000.0,40014,2025-03-31 23:59:59.999999999
40014/0/40100187/40100193,2025-04-30,158257820000.0,40014,2025-04-30 23:59:59.999999999
40014/0/40100187/40100193,2025-05-31,159242400000.0,40014,2025-05-31 23:59:59.999999999
40014/0/40100187/40100193,2025-06-30,159754290000.0,40014,2025-06-30 23:59:59.999999999
40014/0/40100187/40100193,2025-07-31,161551960000.0,40014,2025-07-31 23:59:59.999999999
40014/0/40100187/40100193,2025-08-31,162193880000.0,40014,2025-08-31 23:59:59.999999999
40014/0/40100187/40100193,2025-09-30,163515900000.0,40014,2025-09-30 23:59:59.999999999
40014/0/40100187/40100193,2025-10-31,164991390000.0,40014,2025-10-31 23:59:59.999999999
40014/0/40100187/40100193,2025-11-30,166134820000.0,40014,2025-11-30 23:59:59.999999999
40014/0/40100187/40100193,2025-12-31,167076200000.0,40014,2025-12-31 23:59:59.999999999
40014/0/40100187/40100193,2026-01-31,168041040000.0,40014,2026-01-31 23:59:59.999999999
40014/0/40100187/40100193,2026-02-28,168987970000.0,40014,2026-02-28 23:59:59.999999999
40014/0/40100187/40100193,2026-03-31,170161030000.0,40014,2026-03-31 23:59:59.999999999
40014/0/40100187/40100193,2026-04-30,171076320000.0,40014,2026-04-30 23:59:59.999999999
40014/0/40100187/40100193,2026-05-31,172076450000.0,40014,2026-05-31 23:59:59.999999999
40014/0/40100187/40100193,2026-06-30,172994970000.0,40014,2026-06-30 23:59:59.999999999
40014/0/40100187/40100193,2026-07-31,174135440000.0,40014,2026-07-31 23:59:59.999999999
40014/0/40100187/40100193,2026-08-31,175076430000.0,40014,2026-08-31 23:59:59.999999999
40014/0/40100187/40100193,2026-09-30,176134800000.0,40014,2026-09-30 23:59:59.999999999
40014/0/40100187/40100193,2026-10-31,177219670000.0,40014,2026-10-31 23:59:59.999999999
40014/0/40100187/40100193,2026-11-30,178247200000.0,40014,2026-11-30 23:59:59.999999999
40014/0/40100187/40100193,2026-12-31,179239880000.0,40014,2026-12-31 23:59:59.999999999
40014/0/40100187/40100193,2027-01-31,180236580000.0,40014,2027-01-31 23:59:59.999999999
40014/0/40100187/40100193,2027-02-28,181230200000.0,40014,2027-02-28 23:59:59.999999999
40014/0/40100187/40100193,2027-03-31,182262870000.0,40014,2027-03-31 23:59:59.999999999
40014/0/40100187/40100193,2027-04-30,183251040000.0,40014,2027-04-30 23:59:59.999999999
40014/0/40100187/40100193,2027-05-31,184253840000.0,40014,2027-05-31 23:59:59.999999999
40014/0/40100187/40100193/0,2024-12-31,154321680000.0,40014,2024-12-31 23:59:59.999999999
40014/0/40100187/40100193/0,2025-01-31,155101800000.0,40014,2025-01-31 23:59:59.999999999
40014/0/40100187/40100193/0,2025-02-28,155778300000.0,40014,2025-02-28 23:59:59.999999999
40014/0/40100187/40100193/0,2025-03-31,157764630000.0,40014,2025-03-31 23:59:59.999999999
40014/0/40100187/40100193/0,2025-04-30,158257820000.0,40014,2025-04-30 23:59:59.999999999
40014/0/40100187/40100193/0,2025-05-31,159242400000.0,40014,2025-05-31 23:59:59.999999999
40014/0/40100187/40100193/0,2025-06-30,159754290000.0,40014,2025-06-30 23:59:59.999999999
40014/0/40100187/40100193/0,2025-07-31,161551960000.0,40014,2025-07-31 23:59:59.999999999
40014/0/40100187/40100193/0,2025-08-31,162193880000.0,40014,2025-08-31 23:59:59.999999999
40014/0/40100187/40100193/0,2025-09-30,163515900000.0,40014,2025-09-30 23:59:59.999999999
40014/0/40100187/40100193/0,2025-10-31,164991390000.0,40014,2025-10-31 23:59:59.999999999
40014/0/40100187/40100193/0,2025-11-30,166134820000.0,40014,2025-11-30 23:59:59.999999999
40014/0/40100187/40100193/0,2025-12-31,167076200000.0,40014,2025-12-31 23:59:59.999999999
40014/0/40100187/40100193/0,2026-01-31,168041040000.0,40014,2026-01-31 23:59:59.999999999
40014/0/40100187/40100193/0,2026-02-28,168987970000.0,40014,2026-02-28 23:59:59.999999999
40014/0/40100187/40100193/0,2026-03-31,170161030000.0,40014,2026-03-31 23:59:59.999999999
40014/0/40100187/40100193/0,2026-04-30,171076320000.0,40014,2026-04-30 23:59:59.999999999
40014/0/40100187/40100193/0,2026-05-31,172076450000.0,40014,2026-05-31 23:59:59.999999999
40014/0/40100187/40100193/0,2026-06-30,172994970000.0,40014,2026-06-30 23:59:59.999999999
40014/0/40100187/40100193/0,2026-07-31,174135440000.0,40014,2026-07-31 23:59:59.999999999
40014/0/40100187/40100193/0,2026-08-31,175076430000.0,40014,2026-08-31 23:59:59.999999999
40014/0/40100187/40100193/0,2026-09-30,176134800000.0,40014,2026-09-30 23:59:59.999999999
40014/0/40100187/40100193/0,2026-10-31,177219670000.0,40014,2026-10-31 23:59:59.999999999
40014/0/40100187/40100193/0,2026-11-30,178247200000.0,40014,2026-11-30 23:59:59.999999999
40014/0/40100187/40100193/0,2026-12-31,179239880000.0,40014,2026-12-31 23:59:59.999999999
40014/0/40100187/40100193/0,2027-01-31,180236580000.0,40014,2027-01-31 23:59:59.999999999
40014/0/40100187/40100193/0,2027-02-28,181230200000.0,40014,2027-02-28 23:59:59.999999999
40014/0/40100187/40100193/0,2027-03-31,182262870000.0,40014,2027-03-31 23:59:59.999999999
40014/0/40100187/40100193/0,2027-04-30,183251040000.0,40014,2027-04-30 23:59:59.999999999
40014/0/40100187/40100193/0,2027-05-31,184253840000.0,40014,2027-05-31 23:59:59.999999999
40014/0/40100187/40100194,2024-12-31,19743711000.0,40014,2024-12-31 23:59:59.999999999
40014/0/40100187/40100194,2025-01-31,19743711000.0,40014,2025-01-31 23:59:59.999999999
40014/0/40100187/40100194,2025-02-28,19743711000.0,40014,2025-02-28 23:59:59.999999999
40014/0/40100187/40100194,2025-03-31,19743711000.0,40014,2025-03-31 23:59:59.999999999
40014/0/40100187/40100194,2025-04-30,19743711000.0,40014,2025-04-30 23:59:59.999999999
40014/0/40100187/40100194,2025-05-31,19743711000.0,40014,2025-05-31 23:59:59.999999999
40014/0/40100187/40100194,2025-06-30,19743711000.0,40014,2025-06-30 23:59:59.999999999
40014/0/40100187/40100194,2025-07-31,19743711000.0,40014,2025-07-31 23:59:59.999999999
40014/0/40100187/40100194,2025-08-31,19743711000.0,40014,2025-08-31 23:59:59.999999999
40014/0/40100187/40100194,2025-09-30,19743711000.0,40014,2025-09-30 23:59:59.999999999
40014/0/40100187/40100194,2025-10-31,19743711000.0,40014,2025-10-31 23:59:59.999999999
40014/0/40100187/40100194,2025-11-30,19743711000.0,40014,2025-11-30 23:59:59.999999999
40014/0/40100187/40100194,2025-12-31,19743711000.0,40014,2025-12-31 23:59:59.999999999
40014/0/40100187/40100194,2026-01-31,19743711000.0,40014,2026-01-31 23:59:59.999999999
40014/0/40100187/40100194,2026-02-28,19743711000.0,40014,2026-02-28 23:59:59.999999999
40014/0/40100187/40100194,2026-03-31,19743711000.0,40014,2026-03-31 23:59:59.999999999
40014/0/40100187/40100194,2026-04-30,19743711000.0,40014,2026-04-30 23:59:59.999999999
40014/0/40100187/40100194,2026-05-31,19743711000.0,40014,2026-05-31 23:59:59.999999999
40014/0/40100187/40100194,2026-06-30,19743711000.0,40014,2026-06-30 23:59:59.999999999
40014/0/40100187/40100194,2026-07-31,19743711000.0,40014,2026-07-31 23:59:59.999999999
40014/0/40100187/40100194,2026-08-31,19743711000.0,40014,2026-08-31 23:59:59.999999999
40014/0/40100187/40100194,2026-09-30,19743711000.0,40014,2026-09-30 23:59:59.999999999
40014/0/40100187/40100194,2026-10-31,19743711000.0,40014,2026-10-31 23:59:59.999999999
40014/0/40100187/40100194,2026-11-30,19743711000.0,40014,2026-11-30 23:59:59.999999999
40014/0/40100187/40100194,2026-12-31,19743711000.0,40014,2026-12-31 23:59:59.999999999
40014/0/40100187/40100194,2027-01-31,19743711000.0,40014,2027-01-31 23:59:59.999999999
40014/0/40100187/40100194,2027-02-28,19743711000.0,40014,2027-02-28 23:59:59.999999999
40014/0/40100187/40100194,2027-03-31,19743711000.0,40014,2027-03-31 23:59:59.999999999
40014/0/40100187/40100194,2027-04-30,19743711000.0,40014,2027-04-30 23:59:59.999999999
40014/0/40100187/40100194,2027-05-31,19743711000.0,40014,2027-05-31 23:59:59.999999999
40014/0/40100187/40100194/0,2024-12-31,19743711000.0,40014,2024-12-31 23:59:59.999999999
40014/0/40100187/40100194/0,2025-01-31,19743711000.0,40014,2025-01-31 23:59:59.999999999
40014/0/40100187/40100194/0,2025-02-28,19743711000.0,40014,2025-02-28 23:59:59.999999999
40014/0/40100187/40100194/0,2025-03-31,19743711000.0,40014,2025-03-31 23:59:59.999999999
40014/0/40100187/40100194/0,2025-04-30,19743711000.0,40014,2025-04-30 23:59:59.999999999
40014/0/40100187/40100194/0,2025-05-31,19743711000.0,40014,2025-05-31 23:59:59.999999999
40014/0/40100187/40100194/0,2025-06-30,19743711000.0,40014,2025-06-30 23:59:59.999999999
40014/0/40100187/40100194/0,2025-07-31,19743711000.0,40014,2025-07-31 23:59:59.999999999
40014/0/40100187/40100194/0,2025-08-31,19743711000.0,40014,2025-08-31 23:59:59.999999999
40014/0/40100187/40100194/0,2025-09-30,19743711000.0,40014,2025-09-30 23:59:59.999999999
40014/0/40100187/40100194/0,2025-10-31,19743711000.0,40014,2025-10-31 23:59:59.999999999
40014/0/40100187/40100194/0,2025-11-30,19743711000.0,40014,2025-11-30 23:59:59.999999999
40014/0/40100187/40100194/0,2025-12-31,19743711000.0,40014,2025-12-31 23:59:59.999999999
40014/0/40100187/40100194/0,2026-01-31,19743711000.0,40014,2026-01-31 23:59:59.999999999
40014/0/40100187/40100194/0,2026-02-28,19743711000.0,40014,2026-02-28 23:59:59.999999999
40014/0/40100187/40100194/0,2026-03-31,19743711000.0,40014,2026-03-31 23:59:59.999999999
40014/0/40100187/40100194/0,2026-04-30,19743711000.0,40014,2026-04-30 23:59:59.999999999
40014/0/40100187/40100194/0,2026-05-31,19743711000.0,40014,2026-05-31 23:59:59.999999999
40014/0/40100187/40100194/0,2026-06-30,19743711000.0,40014,2026-06-30 23:59:59.999999999
40014/0/40100187/40100194/0,2026-07-31,19743711000.0,40014,2026-07-31 23:59:59.999999999
40014/0/40100187/40100194/0,2026-08-31,19743711000.0,40014,2026-08-31 23:59:59.999999999
40014/0/40100187/40100194/0,2026-09-30,19743711000.0,40014,2026-09-30 23:59:59.999999999
40014/0/40100187/40100194/0,2026-10-31,19743711000.0,40014,2026-10-31 23:59:59.999999999
40014/0/40100187/40100194/0,2026-11-30,19743711000.0,40014,2026-11-30 23:59:59.999999999
40014/0/40100187/40100194/0,2026-12-31,19743711000.0,40014,2026-12-31 23:59:59.999999999
40014/0/40100187/40100194/0,2027-01-31,19743711000.0,40014,2027-01-31 23:59:59.999999999
40014/0/40100187/40100194/0,2027-02-28,19743711000.0,40014,2027-02-28 23:59:59.999999999
40014/0/40100187/40100194/0,2027-03-31,19743711000.0,40014,2027-03-31 23:59:59.999999999
40014/0/40100187/40100194/0,2027-04-30,19743711000.0,40014,2027-04-30 23:59:59.999999999
40014/0/40100187/40100194/0,2027-05-31,19743711000.0,40014,2027-05-31 23:59:59.999999999
40014/0/40100187/40100195,2024-12-31,445920740000.0,40014,2024-12-31 23:59:59.999999999
40014/0/40100187/40100195,2025-01-31,448691270000.0,40014,2025-01-31 23:59:59.999999999
40014/0/40100187/40100195,2025-02-28,450496500000.0,40014,2025-02-28 23:59:59.999999999
40014/0/40100187/40100195,2025-03-31,450049500000.0,40014,2025-03-31 23:59:59.999999999
40014/0/40100187/40100195,2025-04-30,451738470000.0,40014,2025-04-30 23:59:59.999999999
40014/0/40100187/40100195,2025-05-31,453193040000.0,40014,2025-05-31 23:59:59.999999999
40014/0/40100187/40100195,2025-06-30,454414300000.0,40014,2025-06-30 23:59:59.999999999
40014/0/40100187/40100195,2025-07-31,458084970000.0,40014,2025-07-31 23:59:59.999999999
40014/0/40100187/40100195,2025-08-31,459297520000.0,40014,2025-08-31 23:59:59.999999999
40014/0/40100187/40100195,2025-09-30,461216900000.0,40014,2025-09-30 23:59:59.999999999
40014/0/40100187/40100195,2025-10-31,461502900000.0,40014,2025-10-31 23:59:59.999999999
40014/0/40100187/40100195,2025-11-30,460377030000.0,40014,2025-11-30 23:59:59.999999999
40014/0/40100187/40100195,2025-12-31,461944550000.0,40014,2025-12-31 23:59:59.999999999
40014/0/40100187/40100195,2026-01-31,463512080000.0,40014,2026-01-31 23:59:59.999999999
40014/0/40100187/40100195,2026-02-28,465079600000.0,40014,2026-02-28 23:59:59.999999999
40014/0/40100187/40100195,2026-03-31,466647120000.0,40014,2026-03-31 23:59:59.999999999
40014/0/40100187/40100195,2026-04-30,468214640000.0,40014,2026-04-30 23:59:59.999999999
40014/0/40100187/40100195,2026-05-31,469782170000.0,40014,2026-05-31 23:59:59.999999999
40014/0/40100187/40100195,2026-06-30,471349700000.0,40014,2026-06-30 23:59:59.999999999
40014/0/40100187/40100195,2026-07-31,472917200000.0,40014,2026-07-31 23:59:59.999999999
40014/0/40100187/40100195,2026-08-31,474484700000.0,40014,2026-08-31 23:59:59.999999999
40014/0/40100187/40100195,2026-09-30,476052230000.0,40014,2026-09-30 23:59:59.999999999
40014/0/40100187/40100195,2026-10-31,477619750000.0,40014,2026-10-31 23:59:59.999999999
40014/0/40100187/40100195,2026-11-30,479187270000.0,40014,2026-11-30 23:59:59.999999999
40014/0/40100187/40100195,2026-12-31,480754800000.0,40014,2026-12-31 23:59:59.999999999
40014/0/40100187/40100195,2027-01-31,482322320000.0,40014,2027-01-31 23:59:59.999999999
40014/0/40100187/40100195,2027-02-28,483889840000.0,40014,2027-02-28 23:59:59.999999999
40014/0/40100187/40100195,2027-03-31,485457360000.0,40014,2027-03-31 23:59:59.999999999
40014/0/40100187/40100195,2027-04-30,487024900000.0,40014,2027-04-30 23:59:59.999999999
40014/0/40100187/40100195,2027-05-31,488592380000.0,40014,2027-05-31 23:59:59.999999999
40014/0/40100187/40100195/0,2024-12-31,445920740000.0,40014,2024-12-31 23:59:59.999999999
40014/0/40100187/40100195/0,2025-01-31,448691270000.0,40014,2025-01-31 23:59:59.999999999
40014/0/40100187/40100195/0,2025-02-28,450496500000.0,40014,2025-02-28 23:59:59.999999999
40014/0/40100187/40100195/0,2025-03-31,450049500000.0,40014,2025-03-31 23:59:59.999999999
40014/0/40100187/40100195/0,2025-04-30,451738470000.0,40014,2025-04-30 23:59:59.999999999
40014/0/40100187/40100195/0,2025-05-31,453193040000.0,40014,2025-05-31 23:59:59.999999999
40014/0/40100187/40100195/0,2025-06-30,454414300000.0,40014,2025-06-30 23:59:59.999999999
40014/0/40100187/40100195/0,2025-07-31,458084970000.0,40014,2025-07-31 23:59:59.999999999
40014/0/40100187/40100195/0,2025-08-31,459297520000.0,40014,2025-08-31 23:59:59.999999999
40014/0/40100187/40100195/0,2025-09-30,461216900000.0,40014,2025-09-30 23:59:59.999999999
40014/0/40100187/40100195/0,2025-10-31,461502900000.0,40014,2025-10-31 23:59:59.999999999
40014/0/40100187/40100195/0,2025-11-30,460377030000.0,40014,2025-11-30 23:59:59.999999999
40014/0/40100187/40100195/0,2025-12-31,461944550000.0,40014,2025-12-31 23:59:59.999999999
40014/0/40100187/40100195/0,2026-01-31,463512080000.0,40014,2026-01-31 23:59:59.999999999
40014/0/40100187/40100195/0,2026-02-28,465079600000.0,40014,2026-02-28 23:59:59.999999999
40014/0/40100187/40100195/0,2026-03-31,466647120000.0,40014,2026-03-31 23:59:59.999999999
40014/0/40100187/40100195/0,2026-04-30,468214640000.0,40014,2026-04-30 23:59:59.999999999
40014/0/40100187/40100195/0,2026-05-31,469782170000.0,40014,2026-05-31 23:59:59.999999999
40014/0/40100187/40100195/0,2026-06-30,471349700000.0,40014,2026-06-30 23:59:59.999999999
40014/0/40100187/40100195/0,2026-07-31,472917200000.0,40014,2026-07-31 23:59:59.999999999
40014/0/40100187/40100195/0,2026-08-31,474484700000.0,40014,2026-08-31 23:59:59.999999999
40014/0/40100187/40100195/0,2026-09-30,476052230000.0,40014,2026-09-30 23:59:59.999999999
40014/0/40100187/40100195/0,2026-10-31,477619750000.0,40014,2026-10-31 23:59:59.999999999
40014/0/40100187/40100195/0,2026-11-30,479187270000.0,40014,2026-11-30 23:59:59.999999999
40014/0/40100187/40100195/0,2026-12-31,480754800000.0,40014,2026-12-31 23:59:59.999999999
40014/0/40100187/40100195/0,2027-01-31,482322320000.0,40014,2027-01-31 23:59:59.999999999
40014/0/40100187/40100195/0,2027-02-28,483889840000.0,40014,2027-02-28 23:59:59.999999999
40014/0/40100187/40100195/0,2027-03-31,485457360000.0,40014,2027-03-31 23:59:59.999999999
40014/0/40100187/40100195/0,2027-04-30,487024900000.0,40014,2027-04-30 23:59:59.999999999
40014/0/40100187/40100195/0,2027-05-31,488592380000.0,40014,2027-05-31 23:59:59.999999999
40014/0/40100196,2024-12-31,22989623000.0,40014,2024-12-31 23:59:59.999999999
40014/0/40100196,2025-01-31,22989623000.0,40014,2025-01-31 23:59:59.999999999
40014/0/40100196,2025-02-28,22989623000.0,40014,2025-02-28 23:59:59.999999999
40014/0/40100196,2025-03-31,22989623000.0,40014,2025-03-31 23:59:59.999999999
40014/0/40100196,2025-04-30,22989623000.0,40014,2025-04-30 23:59:59.999999999
40014/0/40100196,2025-05-31,22989623000.0,40014,2025-05-31 23:59:59.999999999
40014/0/40100196,2025-06-30,22989623000.0,40014,2025-06-30 23:59:59.999999999
40014/0/40100196,2025-07-31,22989623000.0,40014,2025-07-31 23:59:59.999999999
40014/0/40100196,2025-08-31,22989623000.0,40014,2025-08-31 23:59:59.999999999
40014/0/40100196,2025-09-30,22989623000.0,40014,2025-09-30 23:59:59.999999999
40014/0/40100196,2025-10-31,22989623000.0,40014,2025-10-31 23:59:59.999999999
40014/0/40100196,2025-11-30,22989623000.0,40014,2025-11-30 23:59:59.999999999
40014/0/40100196,2025-12-31,22989623000.0,40014,2025-12-31 23:59:59.999999999
40014/0/40100196,2026-01-31,22989623000.0,40014,2026-01-31 23:59:59.999999999
40014/0/40100196,2026-02-28,22989623000.0,40014,2026-02-28 23:59:59.999999999
40014/0/40100196,2026-03-31,22989623000.0,40014,2026-03-31 23:59:59.999999999
40014/0/40100196,2026-04-30,22989623000.0,40014,2026-04-30 23:59:59.999999999
40014/0/40100196,2026-05-31,22989623000.0,40014,2026-05-31 23:59:59.999999999
40014/0/40100196,2026-06-30,22989623000.0,40014,2026-06-30 23:59:59.999999999
40014/0/40100196,2026-07-31,22989623000.0,40014,2026-07-31 23:59:59.999999999
40014/0/40100196,2026-08-31,22989623000.0,40014,2026-08-31 23:59:59.999999999
40014/0/40100196,2026-09-30,22989623000.0,40014,2026-09-30 23:59:59.999999999
40014/0/40100196,2026-10-31,22989623000.0,40014,2026-10-31 23:59:59.999999999
40014/0/40100196,2026-11-30,22989623000.0,40014,2026-11-30 23:59:59.999999999
40014/0/40100196,2026-12-31,22989623000.0,40014,2026-12-31 23:59:59.999999999
40014/0/40100196,2027-01-31,22989623000.0,40014,2027-01-31 23:59:59.999999999
40014/0/40100196,2027-02-28,22989623000.0,40014,2027-02-28 23:59:59.999999999
40014/0/40100196,2027-03-31,22989623000.0,40014,2027-03-31 23:59:59.999999999
40014/0/40100196,2027-04-30,22989623000.0,40014,2027-04-30 23:59:59.999999999
40014/0/40100196,2027-05-31,22989623000.0,40014,2027-05-31 23:59:59.999999999
40014/0/40100196/40100197,2024-12-31,52113452.0,40014,2024-12-31 23:59:59.999999999
40014/0/40100196/40100197,2025-01-31,87361750.0,40014,2025-01-31 23:59:59.999999999
40014/0/40100196/40100197,2025-02-28,119715730.0,40014,2025-02-28 23:59:59.999999999
40014/0/40100196/40100197,2025-03-31,147671540.0,40014,2025-03-31 23:59:59.999999999
40014/0/40100196/40100197,2025-04-30,172118260.0,40014,2025-04-30 23:59:59.999999999
40014/0/40100196/40100197,2025-05-31,193444640.0,40014,2025-05-31 23:59:59.999999999
40014/0/40100196/40100197,2025-06-30,212058050.0,40014,2025-06-30 23:59:59.999999999
40014/0/40100196/40100197,2025-07-31,228302000.0,40014,2025-07-31 23:59:59.999999999
40014/0/40100196/40100197,2025-08-31,242478400.0,40014,2025-08-31 23:59:59.999999999
40014/0/40100196/40100197,2025-09-30,254850350.0,40014,2025-09-30 23:59:59.999999999
40014/0/40100196/40100197,2025-10-31,265647570.0,40014,2025-10-31 23:59:59.999999999
40014/0/40100196/40100197,2025-11-30,275070460.0,40014,2025-11-30 23:59:59.999999999
40014/0/40100196/40100197,2025-12-31,283293980.0,40014,2025-12-31 23:59:59.999999999
40014/0/40100196/40100197,2026-01-31,290470800.0,40014,2026-01-31 23:59:59.999999999
40014/0/40100196/40100197,2026-02-28,296734080.0,40014,2026-02-28 23:59:59.999999999
40014/0/40100196/40100197,2026-03-31,302200160.0,40014,2026-03-31 23:59:59.999999999
40014/0/40100196/40100197,2026-04-30,306970500.0,40014,2026-04-30 23:59:59.999999999
40014/0/40100196/40100197,2026-05-31,311133660.0,40014,2026-05-31 23:59:59.999999999
40014/0/40100196/40100197,2026-06-30,314766900.0,40014,2026-06-30 23:59:59.999999999
40014/0/40100196/40100197,2026-07-31,317937700.0,40014,2026-07-31 23:59:59.999999999
40014/0/40100196/40100197,2026-08-31,320704900.0,40014,2026-08-31 23:59:59.999999999
40014/0/40100196/40100197,2026-09-30,323119870.0,40014,2026-09-30 23:59:59.999999999
40014/0/40100196/40100197,2026-10-31,325227500.0,40014,2026-10-31 23:59:59.999999999
40014/0/40100196/40100197,2026-11-30,327066800.0,40014,2026-11-30 23:59:59.999999999
40014/0/40100196/40100197,2026-12-31,328672030.0,40014,2026-12-31 23:59:59.999999999
40014/0/40100196/40100197,2027-01-31,330072900.0,40014,2027-01-31 23:59:59.999999999
40014/0/40100196/40100197,2027-02-28,331295500.0,40014,2027-02-28 23:59:59.999999999
40014/0/40100196/40100197,2027-03-31,332362460.0,40014,2027-03-31 23:59:59.999999999
40014/0/40100196/40100197,2027-04-30,333293630.0,40014,2027-04-30 23:59:59.999999999
40014/0/40100196/40100197,2027-05-31,334106270.0,40014,2027-05-31 23:59:59.999999999
40014/0/40100196/40100197/0,2024-12-31,52113452.0,40014,2024-12-31 23:59:59.999999999
40014/0/40100196/40100197/0,2025-01-31,87361750.0,40014,2025-01-31 23:59:59.999999999
40014/0/40100196/40100197/0,2025-02-28,119715730.0,40014,2025-02-28 23:59:59.999999999
40014/0/40100196/40100197/0,2025-03-31,147671540.0,40014,2025-03-31 23:59:59.999999999
40014/0/40100196/40100197/0,2025-04-30,172118260.0,40014,2025-04-30 23:59:59.999999999
40014/0/40100196/40100197/0,2025-05-31,193444640.0,40014,2025-05-31 23:59:59.999999999
40014/0/40100196/40100197/0,2025-06-30,212058050.0,40014,2025-06-30 23:59:59.999999999
40014/0/40100196/40100197/0,2025-07-31,228302000.0,40014,2025-07-31 23:59:59.999999999
40014/0/40100196/40100197/0,2025-08-31,242478400.0,40014,2025-08-31 23:59:59.999999999
40014/0/40100196/40100197/0,2025-09-30,254850350.0,40014,2025-09-30 23:59:59.999999999
40014/0/40100196/40100197/0,2025-10-31,265647570.0,40014,2025-10-31 23:59:59.999999999
40014/0/40100196/40100197/0,2025-11-30,275070460.0,40014,2025-11-30 23:59:59.999999999
40014/0/40100196/40100197/0,2025-12-31,283293980.0,40014,2025-12-31 23:59:59.999999999
40014/0/40100196/40100197/0,2026-01-31,290470800.0,40014,2026-01-31 23:59:59.999999999
40014/0/40100196/40100197/0,2026-02-28,296734080.0,40014,2026-02-28 23:59:59.999999999
40014/0/40100196/40100197/0,2026-03-31,302200160.0,40014,2026-03-31 23:59:59.999999999
40014/0/40100196/40100197/0,2026-04-30,306970500.0,40014,2026-04-30 23:59:59.999999999
40014/0/40100196/40100197/0,2026-05-31,311133660.0,40014,2026-05-31 23:59:59.999999999
40014/0/40100196/40100197/0,2026-06-30,314766900.0,40014,2026-06-30 23:59:59.999999999
40014/0/40100196/40100197/0,2026-07-31,317937700.0,40014,2026-07-31 23:59:59.999999999
40014/0/40100196/40100197/0,2026-08-31,320704900.0,40014,2026-08-31 23:59:59.999999999
40014/0/40100196/40100197/0,2026-09-30,323119870.0,40014,2026-09-30 23:59:59.999999999
40014/0/40100196/40100197/0,2026-10-31,325227500.0,40014,2026-10-31 23:59:59.999999999
40014/0/40100196/40100197/0,2026-11-30,327066800.0,40014,2026-11-30 23:59:59.999999999
40014/0/40100196/40100197/0,2026-12-31,328672030.0,40014,2026-12-31 23:59:59.999999999
40014/0/40100196/40100197/0,2027-01-31,330072900.0,40014,2027-01-31 23:59:59.999999999
40014/0/40100196/40100197/0,2027-02-28,331295500.0,40014,2027-02-28 23:59:59.999999999
40014/0/40100196/40100197/0,2027-03-31,332362460.0,40014,2027-03-31 23:59:59.999999999
40014/0/40100196/40100197/0,2027-04-30,333293630.0,40014,2027-04-30 23:59:59.999999999
40014/0/40100196/40100197/0,2027-05-31,334106270.0,40014,2027-05-31 23:59:59.999999999
40014/0/40100196/40100198,2024-12-31,22988276000.0,40014,2024-12-31 23:59:59.999999999
40014/0/40100196/40100198,2025-01-31,22988276000.0,40014,2025-01-31 23:59:59.999999999
40014/0/40100196/40100198,2025-02-28,22988276000.0,40014,2025-02-28 23:59:59.999999999
40014/0/40100196/40100198,2025-03-31,22988276000.0,40014,2025-03-31 23:59:59.999999999
40014/0/40100196/40100198,2025-04-30,22988276000.0,40014,2025-04-30 23:59:59.999999999
40014/0/40100196/40100198,2025-05-31,22988276000.0,40014,2025-05-31 23:59:59.999999999
40014/0/40100196/40100198,2025-06-30,22988276000.0,40014,2025-06-30 23:59:59.999999999
40014/0/40100196/40100198,2025-07-31,22988276000.0,40014,2025-07-31 23:59:59.999999999
40014/0/40100196/40100198,2025-08-31,22988276000.0,40014,2025-08-31 23:59:59.999999999
40014/0/40100196/40100198,2025-09-30,22988276000.0,40014,2025-09-30 23:59:59.999999999
40014/0/40100196/40100198,2025-10-31,22988276000.0,40014,2025-10-31 23:59:59.999999999
40014/0/40100196/40100198,2025-11-30,22988276000.0,40014,2025-11-30 23:59:59.999999999
40014/0/40100196/40100198,2025-12-31,22988276000.0,40014,2025-12-31 23:59:59.999999999
40014/0/40100196/40100198,2026-01-31,22988276000.0,40014,2026-01-31 23:59:59.999999999
40014/0/40100196/40100198,2026-02-28,22988276000.0,40014,2026-02-28 23:59:59.999999999
40014/0/40100196/40100198,2026-03-31,22988276000.0,40014,2026-03-31 23:59:59.999999999
40014/0/40100196/40100198,2026-04-30,22988276000.0,40014,2026-04-30 23:59:59.999999999
40014/0/40100196/40100198,2026-05-31,22988276000.0,40014,2026-05-31 23:59:59.999999999
40014/0/40100196/40100198,2026-06-30,22988276000.0,40014,2026-06-30 23:59:59.999999999
40014/0/40100196/40100198,2026-07-31,22988276000.0,40014,2026-07-31 23:59:59.999999999
40014/0/40100196/40100198,2026-08-31,22988276000.0,40014,2026-08-31 23:59:59.999999999
40014/0/40100196/40100198,2026-09-30,22988276000.0,40014,2026-09-30 23:59:59.999999999
40014/0/40100196/40100198,2026-10-31,22988276000.0,40014,2026-10-31 23:59:59.999999999
40014/0/40100196/40100198,2026-11-30,22988276000.0,40014,2026-11-30 23:59:59.999999999
40014/0/40100196/40100198,2026-12-31,22988276000.0,40014,2026-12-31 23:59:59.999999999
40014/0/40100196/40100198,2027-01-31,22988276000.0,40014,2027-01-31 23:59:59.999999999
40014/0/40100196/40100198,2027-02-28,22988276000.0,40014,2027-02-28 23:59:59.999999999
40014/0/40100196/40100198,2027-03-31,22988276000.0,40014,2027-03-31 23:59:59.999999999
40014/0/40100196/40100198,2027-04-30,22988276000.0,40014,2027-04-30 23:59:59.999999999
40014/0/40100196/40100198,2027-05-31,22988276000.0,40014,2027-05-31 23:59:59.999999999
40014/0/40100196/40100198/0,2024-12-31,22988276000.0,40014,2024-12-31 23:59:59.999999999
40014/0/40100196/40100198/0,2025-01-31,22988276000.0,40014,2025-01-31 23:59:59.999999999
40014/0/40100196/40100198/0,2025-02-28,22988276000.0,40014,2025-02-28 23:59:59.999999999
40014/0/40100196/40100198/0,2025-03-31,22988276000.0,40014,2025-03-31 23:59:59.999999999
40014/0/40100196/40100198/0,2025-04-30,22988276000.0,40014,2025-04-30 23:59:59.999999999
40014/0/40100196/40100198/0,2025-05-31,22988276000.0,40014,2025-05-31 23:59:59.999999999
40014/0/40100196/40100198/0,2025-06-30,22988276000.0,40014,2025-06-30 23:59:59.999999999
40014/0/40100196/40100198/0,2025-07-31,22988276000.0,40014,2025-07-31 23:59:59.999999999
40014/0/40100196/40100198/0,2025-08-31,22988276000.0,40014,2025-08-31 23:59:59.999999999
40014/0/40100196/40100198/0,2025-09-30,22988276000.0,40014,2025-09-30 23:59:59.999999999
40014/0/40100196/40100198/0,2025-10-31,22988276000.0,40014,2025-10-31 23:59:59.999999999
40014/0/40100196/40100198/0,2025-11-30,22988276000.0,40014,2025-11-30 23:59:59.999999999
40014/0/40100196/40100198/0,2025-12-31,22988276000.0,40014,2025-12-31 23:59:59.999999999
40014/0/40100196/40100198/0,2026-01-31,22988276000.0,40014,2026-01-31 23:59:59.999999999
40014/0/40100196/40100198/0,2026-02-28,22988276000.0,40014,2026-02-28 23:59:59.999999999
40014/0/40100196/40100198/0,2026-03-31,22988276000.0,40014,2026-03-31 23:59:59.999999999
40014/0/40100196/40100198/0,2026-04-30,22988276000.0,40014,2026-04-30 23:59:59.999999999
40014/0/40100196/40100198/0,2026-05-31,22988276000.0,40014,2026-05-31 23:59:59.999999999
40014/0/40100196/40100198/0,2026-06-30,22988276000.0,40014,2026-06-30 23:59:59.999999999
40014/0/40100196/40100198/0,2026-07-31,22988276000.0,40014,2026-07-31 23:59:59.999999999
40014/0/40100196/40100198/0,2026-08-31,22988276000.0,40014,2026-08-31 23:59:59.999999999
40014/0/40100196/40100198/0,2026-09-30,22988276000.0,40014,2026-09-30 23:59:59.999999999
40014/0/40100196/40100198/0,2026-10-31,22988276000.0,40014,2026-10-31 23:59:59.999999999
40014/0/40100196/40100198/0,2026-11-30,22988276000.0,40014,2026-11-30 23:59:59.999999999
40014/0/40100196/40100198/0,2026-12-31,22988276000.0,40014,2026-12-31 23:59:59.999999999
40014/0/40100196/40100198/0,2027-01-31,22988276000.0,40014,2027-01-31 23:59:59.999999999
40014/0/40100196/40100198/0,2027-02-28,22988276000.0,40014,2027-02-28 23:59:59.999999999
40014/0/40100196/40100198/0,2027-03-31,22988276000.0,40014,2027-03-31 23:59:59.999999999
40014/0/40100196/40100198/0,2027-04-30,22988276000.0,40014,2027-04-30 23:59:59.999999999
40014/0/40100196/40100198/0,2027-05-31,22988276000.0,40014,2027-05-31 23:59:59.999999999
40014/0/40100196/40100199,2024-12-31,0.0,40014,2024-12-31 23:59:59.999999999
40014/0/40100196/40100199,2025-01-31,0.0,40014,2025-01-31 23:59:59.999999999
40014/0/40100196/40100199,2025-02-28,0.0,40014,2025-02-28 23:59:59.999999999
40014/0/40100196/40100199,2025-03-31,0.0,40014,2025-03-31 23:59:59.999999999
40014/0/40100196/40100199,2025-04-30,0.0,40014,2025-04-30 23:59:59.999999999
40014/0/40100196/40100199,2025-05-31,0.0,40014,2025-05-31 23:59:59.999999999
40014/0/40100196/40100199,2025-06-30,0.0,40014,2025-06-30 23:59:59.999999999
40014/0/40100196/40100199,2025-07-31,0.0,40014,2025-07-31 23:59:59.999999999
40014/0/40100196/40100199,2025-08-31,0.0,40014,2025-08-31 23:59:59.999999999
40014/0/40100196/40100199,2025-09-30,0.0,40014,2025-09-30 23:59:59.999999999
40014/0/40100196/40100199,2025-10-31,0.0,40014,2025-10-31 23:59:59.999999999
40014/0/40100196/40100199,2025-11-30,0.0,40014,2025-11-30 23:59:59.999999999
40014/0/40100196/40100199,2025-12-31,0.0,40014,2025-12-31 23:59:59.999999999
40014/0/40100196/40100199,2026-01-31,0.0,40014,2026-01-31 23:59:59.999999999
40014/0/40100196/40100199,2026-02-28,0.0,40014,2026-02-28 23:59:59.999999999
40014/0/40100196/40100199,2026-03-31,0.0,40014,2026-03-31 23:59:59.999999999
40014/0/40100196/40100199,2026-04-30,0.0,40014,2026-04-30 23:59:59.999999999
40014/0/40100196/40100199,2026-05-31,0.0,40014,2026-05-31 23:59:59.999999999
40014/0/40100196/40100199,2026-06-30,0.0,40014,2026-06-30 23:59:59.999999999
40014/0/40100196/40100199,2026-07-31,0.0,40014,2026-07-31 23:59:59.999999999
40014/0/40100196/40100199,2026-08-31,0.0,40014,2026-08-31 23:59:59.999999999
40014/0/40100196/40100199,2026-09-30,0.0,40014,2026-09-30 23:59:59.999999999
40014/0/40100196/40100199,2026-10-31,0.0,40014,2026-10-31 23:59:59.999999999
40014/0/40100196/40100199,2026-11-30,0.0,40014,2026-11-30 23:59:59.999999999
40014/0/40100196/40100199,2026-12-31,0.0,40014,2026-12-31 23:59:59.999999999
40014/0/40100196/40100199,2027-01-31,0.0,40014,2027-01-31 23:59:59.999999999
40014/0/40100196/40100199,2027-02-28,0.0,40014,2027-02-28 23:59:59.999999999
40014/0/40100196/40100199,2027-03-31,0.0,40014,2027-03-31 23:59:59.999999999
40014/0/40100196/40100199,2027-04-30,0.0,40014,2027-04-30 23:59:59.999999999
40014/0/40100196/40100199,2027-05-31,0.0,40014,2027-05-31 23:59:59.999999999
40014/0/40100196/40100199/0,2024-12-31,0.0,40014,2024-12-31 23:59:59.999999999
40014/0/40100196/40100199/0,2025-01-31,0.0,40014,2025-01-31 23:59:59.999999999
40014/0/40100196/40100199/0,2025-02-28,0.0,40014,2025-02-28 23:59:59.999999999
40014/0/40100196/40100199/0,2025-03-31,0.0,40014,2025-03-31 23:59:59.999999999
40014/0/40100196/40100199/0,2025-04-30,0.0,40014,2025-04-30 23:59:59.999999999
40014/0/40100196/40100199/0,2025-05-31,0.0,40014,2025-05-31 23:59:59.999999999
40014/0/40100196/40100199/0,2025-06-30,0.0,40014,2025-06-30 23:59:59.999999999
40014/0/40100196/40100199/0,2025-07-31,0.0,40014,2025-07-31 23:59:59.999999999
40014/0/40100196/40100199/0,2025-08-31,0.0,40014,2025-08-31 23:59:59.999999999
40014/0/40100196/40100199/0,2025-09-30,0.0,40014,2025-09-30 23:59:59.999999999
40014/0/40100196/40100199/0,2025-10-31,0.0,40014,2025-10-31 23:59:59.999999999
40014/0/40100196/40100199/0,2025-11-30,0.0,40014,2025-11-30 23:59:59.999999999
40014/0/40100196/40100199/0,2025-12-31,0.0,40014,2025-12-31 23:59:59.999999999
40014/0/40100196/40100199/0,2026-01-31,0.0,40014,2026-01-31 23:59:59.999999999
40014/0/40100196/40100199/0,2026-02-28,0.0,40014,2026-02-28 23:59:59.999999999
40014/0/40100196/40100199/0,2026-03-31,0.0,40014,2026-03-31 23:59:59.999999999
40014/0/40100196/40100199/0,2026-04-30,0.0,40014,2026-04-30 23:59:59.999999999
40014/0/40100196/40100199/0,2026-05-31,0.0,40014,2026-05-31 23:59:59.999999999
40014/0/40100196/40100199/0,2026-06-30,0.0,40014,2026-06-30 23:59:59.999999999
40014/0/40100196/40100199/0,2026-07-31,0.0,40014,2026-07-31 23:59:59.999999999
40014/0/40100196/40100199/0,2026-08-31,0.0,40014,2026-08-31 23:59:59.999999999
40014/0/40100196/40100199/0,2026-09-30,0.0,40014,2026-09-30 23:59:59.999999999
40014/0/40100196/40100199/0,2026-10-31,0.0,40014,2026-10-31 23:59:59.999999999
40014/0/40100196/40100199/0,2026-11-30,0.0,40014,2026-11-30 23:59:59.999999999
40014/0/40100196/40100199/0,2026-12-31,0.0,40014,2026-12-31 23:59:59.999999999
40014/0/40100196/40100199/0,2027-01-31,0.0,40014,2027-01-31 23:59:59.999999999
40014/0/40100196/40100199/0,2027-02-28,0.0,40014,2027-02-28 23:59:59.999999999
40014/0/40100196/40100199/0,2027-03-31,0.0,40014,2027-03-31 23:59:59.999999999
40014/0/40100196/40100199/0,2027-04-30,0.0,40014,2027-04-30 23:59:59.999999999
40014/0/40100196/40100199/0,2027-05-31,0.0,40014,2027-05-31 23:59:59.999999999
40014/0/40100200,2024-12-31,135918854000.0,40014,2024-12-31 23:59:59.999999999
40014/0/40100200,2025-01-31,135918854000.0,40014,2025-01-31 23:59:59.999999999
40014/0/40100200,2025-02-28,135918854000.0,40014,2025-02-28 23:59:59.999999999
40014/0/40100200,2025-03-31,135918854000.0,40014,2025-03-31 23:59:59.999999999
40014/0/40100200,2025-04-30,135918854000.0,40014,2025-04-30 23:59:59.999999999
40014/0/40100200,2025-05-31,135918854000.0,40014,2025-05-31 23:59:59.999999999
40014/0/40100200,2025-06-30,135918854000.0,40014,2025-06-30 23:59:59.999999999
40014/0/40100200,2025-07-31,135918854000.0,40014,2025-07-31 23:59:59.999999999
40014/0/40100200,2025-08-31,135918854000.0,40014,2025-08-31 23:59:59.999999999
40014/0/40100200,2025-09-30,135918854000.0,40014,2025-09-30 23:59:59.999999999
40014/0/40100200,2025-10-31,135918854000.0,40014,2025-10-31 23:59:59.999999999
40014/0/40100200,2025-11-30,135918854000.0,40014,2025-11-30 23:59:59.999999999
40014/0/40100200,2025-12-31,135918854000.0,40014,2025-12-31 23:59:59.999999999
40014/0/40100200,2026-01-31,135918854000.0,40014,2026-01-31 23:59:59.999999999
40014/0/40100200,2026-02-28,135918854000.0,40014,2026-02-28 23:59:59.999999999
40014/0/40100200,2026-03-31,135918854000.0,40014,2026-03-31 23:59:59.999999999
40014/0/40100200,2026-04-30,135918854000.0,40014,2026-04-30 23:59:59.999999999
40014/0/40100200,2026-05-31,135918854000.0,40014,2026-05-31 23:59:59.999999999
40014/0/40100200,2026-06-30,135918854000.0,40014,2026-06-30 23:59:59.999999999
40014/0/40100200,2026-07-31,135918854000.0,40014,2026-07-31 23:59:59.999999999
40014/0/40100200,2026-08-31,135918854000.0,40014,2026-08-31 23:59:59.999999999
40014/0/40100200,2026-09-30,135918854000.0,40014,2026-09-30 23:59:59.999999999
40014/0/40100200,2026-10-31,135918854000.0,40014,2026-10-31 23:59:59.999999999
40014/0/40100200,2026-11-30,135918854000.0,40014,2026-11-30 23:59:59.999999999
40014/0/40100200,2026-12-31,135918854000.0,40014,2026-12-31 23:59:59.999999999
40014/0/40100200,2027-01-31,135918854000.0,40014,2027-01-31 23:59:59.999999999
40014/0/40100200,2027-02-28,135918854000.0,40014,2027-02-28 23:59:59.999999999
40014/0/40100200,2027-03-31,135918854000.0,40014,2027-03-31 23:59:59.999999999
40014/0/40100200,2027-04-30,135918854000.0,40014,2027-04-30 23:59:59.999999999
40014/0/40100200,2027-05-31,135918854000.0,40014,2027-05-31 23:59:59.999999999
40014/0/40100200/40100201,2024-12-31,5807772000.0,40014,2024-12-31 23:59:59.999999999
40014/0/40100200/40100201,2025-01-31,5807772000.0,40014,2025-01-31 23:59:59.999999999
40014/0/40100200/40100201,2025-02-28,5807772000.0,40014,2025-02-28 23:59:59.999999999
40014/0/40100200/40100201,2025-03-31,5807772000.0,40014,2025-03-31 23:59:59.999999999
40014/0/40100200/40100201,2025-04-30,5807772000.0,40014,2025-04-30 23:59:59.999999999
40014/0/40100200/40100201,2025-05-31,5807772000.0,40014,2025-05-31 23:59:59.999999999
40014/0/40100200/40100201,2025-06-30,5807772000.0,40014,2025-06-30 23:59:59.999999999
40014/0/40100200/40100201,2025-07-31,5807772000.0,40014,2025-07-31 23:59:59.999999999
40014/0/40100200/40100201,2025-08-31,5807772000.0,40014,2025-08-31 23:59:59.999999999
40014/0/40100200/40100201,2025-09-30,5807772000.0,40014,2025-09-30 23:59:59.999999999
40014/0/40100200/40100201,2025-10-31,5807772000.0,40014,2025-10-31 23:59:59.999999999
40014/0/40100200/40100201,2025-11-30,5807772000.0,40014,2025-11-30 23:59:59.999999999
40014/0/40100200/40100201,2025-12-31,5807772000.0,40014,2025-12-31 23:59:59.999999999
40014/0/40100200/40100201,2026-01-31,5807772000.0,40014,2026-01-31 23:59:59.999999999
40014/0/40100200/40100201,2026-02-28,5807772000.0,40014,2026-02-28 23:59:59.999999999
40014/0/40100200/40100201,2026-03-31,5807772000.0,40014,2026-03-31 23:59:59.999999999
40014/0/40100200/40100201,2026-04-30,5807772000.0,40014,2026-04-30 23:59:59.999999999
40014/0/40100200/40100201,2026-05-31,5807772000.0,40014,2026-05-31 23:59:59.999999999
40014/0/40100200/40100201,2026-06-30,5807772000.0,40014,2026-06-30 23:59:59.999999999
40014/0/40100200/40100201,2026-07-31,5807772000.0,40014,2026-07-31 23:59:59.999999999
40014/0/40100200/40100201,2026-08-31,5807772000.0,40014,2026-08-31 23:59:59.999999999
40014/0/40100200/40100201,2026-09-30,5807772000.0,40014,2026-09-30 23:59:59.999999999
40014/0/40100200/40100201,2026-10-31,5807772000.0,40014,2026-10-31 23:59:59.999999999
40014/0/40100200/40100201,2026-11-30,5807772000.0,40014,2026-11-30 23:59:59.999999999
40014/0/40100200/40100201,2026-12-31,5807772000.0,40014,2026-12-31 23:59:59.999999999
40014/0/40100200/40100201,2027-01-31,5807772000.0,40014,2027-01-31 23:59:59.999999999
40014/0/40100200/40100201,2027-02-28,5807772000.0,40014,2027-02-28 23:59:59.999999999
40014/0/40100200/40100201,2027-03-31,5807772000.0,40014,2027-03-31 23:59:59.999999999
40014/0/40100200/40100201,2027-04-30,5807772000.0,40014,2027-04-30 23:59:59.999999999
40014/0/40100200/40100201,2027-05-31,5807772000.0,40014,2027-05-31 23:59:59.999999999
40014/0/40100200/40100201/0,2024-12-31,5807772000.0,40014,2024-12-31 23:59:59.999999999
40014/0/40100200/40100201/0,2025-01-31,5807772000.0,40014,2025-01-31 23:59:59.999999999
40014/0/40100200/40100201/0,2025-02-28,5807772000.0,40014,2025-02-28 23:59:59.999999999
40014/0/40100200/40100201/0,2025-03-31,5807772000.0,40014,2025-03-31 23:59:59.999999999
40014/0/40100200/40100201/0,2025-04-30,5807772000.0,40014,2025-04-30 23:59:59.999999999
40014/0/40100200/40100201/0,2025-05-31,5807772000.0,40014,2025-05-31 23:59:59.999999999
40014/0/40100200/40100201/0,2025-06-30,5807772000.0,40014,2025-06-30 23:59:59.999999999
40014/0/40100200/40100201/0,2025-07-31,5807772000.0,40014,2025-07-31 23:59:59.999999999
40014/0/40100200/40100201/0,2025-08-31,5807772000.0,40014,2025-08-31 23:59:59.999999999
40014/0/40100200/40100201/0,2025-09-30,5807772000.0,40014,2025-09-30 23:59:59.999999999
40014/0/40100200/40100201/0,2025-10-31,5807772000.0,40014,2025-10-31 23:59:59.999999999
40014/0/40100200/40100201/0,2025-11-30,5807772000.0,40014,2025-11-30 23:59:59.999999999
40014/0/40100200/40100201/0,2025-12-31,5807772000.0,40014,2025-12-31 23:59:59.999999999
40014/0/40100200/40100201/0,2026-01-31,5807772000.0,40014,2026-01-31 23:59:59.999999999
40014/0/40100200/40100201/0,2026-02-28,5807772000.0,40014,2026-02-28 23:59:59.999999999
40014/0/40100200/40100201/0,2026-03-31,5807772000.0,40014,2026-03-31 23:59:59.999999999
40014/0/40100200/40100201/0,2026-04-30,5807772000.0,40014,2026-04-30 23:59:59.999999999
40014/0/40100200/40100201/0,2026-05-31,5807772000.0,40014,2026-05-31 23:59:59.999999999
40014/0/40100200/40100201/0,2026-06-30,5807772000.0,40014,2026-06-30 23:59:59.999999999
40014/0/40100200/40100201/0,2026-07-31,5807772000.0,40014,2026-07-31 23:59:59.999999999
40014/0/40100200/40100201/0,2026-08-31,5807772000.0,40014,2026-08-31 23:59:59.999999999
40014/0/40100200/40100201/0,2026-09-30,5807772000.0,40014,2026-09-30 23:59:59.999999999
40014/0/40100200/40100201/0,2026-10-31,5807772000.0,40014,2026-10-31 23:59:59.999999999
40014/0/40100200/40100201/0,2026-11-30,5807772000.0,40014,2026-11-30 23:59:59.999999999
40014/0/40100200/40100201/0,2026-12-31,5807772000.0,40014,2026-12-31 23:59:59.999999999
40014/0/40100200/40100201/0,2027-01-31,5807772000.0,40014,2027-01-31 23:59:59.999999999
40014/0/40100200/40100201/0,2027-02-28,5807772000.0,40014,2027-02-28 23:59:59.999999999
40014/0/40100200/40100201/0,2027-03-31,5807772000.0,40014,2027-03-31 23:59:59.999999999
40014/0/40100200/40100201/0,2027-04-30,5807772000.0,40014,2027-04-30 23:59:59.999999999
40014/0/40100200/40100201/0,2027-05-31,5807772000.0,40014,2027-05-31 23:59:59.999999999
40014/0/40100200/40100202,2024-12-31,104672610000.0,40014,2024-12-31 23:59:59.999999999
40014/0/40100200/40100202,2025-01-31,103507630000.0,40014,2025-01-31 23:59:59.999999999
40014/0/40100200/40100202,2025-02-28,103956290000.0,40014,2025-02-28 23:59:59.999999999
40014/0/40100200/40100202,2025-03-31,103702950000.0,40014,2025-03-31 23:59:59.999999999
40014/0/40100200/40100202,2025-04-30,102733210000.0,40014,2025-04-30 23:59:59.999999999
40014/0/40100200/40100202,2025-05-31,101892284000.0,40014,2025-05-31 23:59:59.999999999
40014/0/40100200/40100202,2025-06-30,100466710000.0,40014,2025-06-30 23:59:59.999999999
40014/0/40100200/40100202,2025-07-31,100117406000.0,40014,2025-07-31 23:59:59.999999999
40014/0/40100200/40100202,2025-08-31,100171900000.0,40014,2025-08-31 23:59:59.999999999
40014/0/40100200/40100202,2025-09-30,97753600000.0,40014,2025-09-30 23:59:59.999999999
40014/0/40100200/40100202,2025-10-31,102079270000.0,40014,2025-10-31 23:59:59.999999999
40014/0/40100200/40100202,2025-11-30,105730000000.0,40014,2025-11-30 23:59:59.999999999
40014/0/40100200/40100202,2025-12-31,105789555000.0,40014,2025-12-31 23:59:59.999999999
40014/0/40100200/40100202,2026-01-31,105505840000.0,40014,2026-01-31 23:59:59.999999999
40014/0/40100200/40100202,2026-02-28,105753035000.0,40014,2026-02-28 23:59:59.999999999
40014/0/40100200/40100202,2026-03-31,104911544000.0,40014,2026-03-31 23:59:59.999999999
40014/0/40100200/40100202,2026-04-30,103838510000.0,40014,2026-04-30 23:59:59.999999999
40014/0/40100200/40100202,2026-05-31,103469960000.0,40014,2026-05-31 23:59:59.999999999
40014/0/40100200/40100202,2026-06-30,102644920000.0,40014,2026-06-30 23:59:59.999999999
40014/0/40100200/40100202,2026-07-31,102296400000.0,40014,2026-07-31 23:59:59.999999999
40014/0/40100200/40100202,2026-08-31,102012220000.0,40014,2026-08-31 23:59:59.999999999
40014/0/40100200/40100202,2026-09-30,99808050000.0,40014,2026-09-30 23:59:59.999999999
40014/0/40100200/40100202,2026-10-31,103663630000.0,40014,2026-10-31 23:59:59.999999999
40014/0/40100200/40100202,2026-11-30,106982320000.0,40014,2026-11-30 23:59:59.999999999
40014/0/40100200/40100202,2026-12-31,107016670000.0,40014,2026-12-31 23:59:59.999999999
40014/0/40100200/40100202,2027-01-31,106601190000.0,40014,2027-01-31 23:59:59.999999999
40014/0/40100200/40100202,2027-02-28,106726244000.0,40014,2027-02-28 23:59:59.999999999
40014/0/40100200/40100202,2027-03-31,106097430000.0,40014,2027-03-31 23:59:59.999999999
40014/0/40100200/40100202,2027-04-30,105299770000.0,40014,2027-04-30 23:59:59.999999999
40014/0/40100200/40100202,2027-05-31,104983320000.0,40014,2027-05-31 23:59:59.999999999
40014/0/40100200/40100202/0,2024-12-31,104672610000.0,40014,2024-12-31 23:59:59.999999999
40014/0/40100200/40100202/0,2025-01-31,103507630000.0,40014,2025-01-31 23:59:59.999999999
40014/0/40100200/40100202/0,2025-02-28,103956290000.0,40014,2025-02-28 23:59:59.999999999
40014/0/40100200/40100202/0,2025-03-31,103702950000.0,40014,2025-03-31 23:59:59.999999999
40014/0/40100200/40100202/0,2025-04-30,102733210000.0,40014,2025-04-30 23:59:59.999999999
40014/0/40100200/40100202/0,2025-05-31,101892284000.0,40014,2025-05-31 23:59:59.999999999
40014/0/40100200/40100202/0,2025-06-30,100466710000.0,40014,2025-06-30 23:59:59.999999999
40014/0/40100200/40100202/0,2025-07-31,100117406000.0,40014,2025-07-31 23:59:59.999999999
40014/0/40100200/40100202/0,2025-08-31,100171900000.0,40014,2025-08-31 23:59:59.999999999
40014/0/40100200/40100202/0,2025-09-30,97753600000.0,40014,2025-09-30 23:59:59.999999999
40014/0/40100200/40100202/0,2025-10-31,102079270000.0,40014,2025-10-31 23:59:59.999999999
40014/0/40100200/40100202/0,2025-11-30,105730000000.0,40014,2025-11-30 23:59:59.999999999
40014/0/40100200/40100202/0,2025-12-31,105789555000.0,40014,2025-12-31 23:59:59.999999999
40014/0/40100200/40100202/0,2026-01-31,105505840000.0,40014,2026-01-31 23:59:59.999999999
40014/0/40100200/40100202/0,2026-02-28,105753035000.0,40014,2026-02-28 23:59:59.999999999
40014/0/40100200/40100202/0,2026-03-31,104911544000.0,40014,2026-03-31 23:59:59.999999999
40014/0/40100200/40100202/0,2026-04-30,103838510000.0,40014,2026-04-30 23:59:59.999999999
40014/0/40100200/40100202/0,2026-05-31,103469960000.0,40014,2026-05-31 23:59:59.999999999
40014/0/40100200/40100202/0,2026-06-30,102644920000.0,40014,2026-06-30 23:59:59.999999999
40014/0/40100200/40100202/0,2026-07-31,102296400000.0,40014,2026-07-31 23:59:59.999999999
40014/0/40100200/40100202/0,2026-08-31,102012220000.0,40014,2026-08-31 23:59:59.999999999
40014/0/40100200/40100202/0,2026-09-30,99808050000.0,40014,2026-09-30 23:59:59.999999999
40014/0/40100200/40100202/0,2026-10-31,103663630000.0,40014,2026-10-31 23:59:59.999999999
40014/0/40100200/40100202/0,2026-11-30,106982320000.0,40014,2026-11-30 23:59:59.999999999
40014/0/40100200/40100202/0,2026-12-31,107016670000.0,40014,2026-12-31 23:59:59.999999999
40014/0/40100200/40100202/0,2027-01-31,106601190000.0,40014,2027-01-31 23:59:59.999999999
40014/0/40100200/40100202/0,2027-02-28,106726244000.0,40014,2027-02-28 23:59:59.999999999
40014/0/40100200/40100202/0,2027-03-31,106097430000.0,40014,2027-03-31 23:59:59.999999999
40014/0/40100200/40100202/0,2027-04-30,105299770000.0,40014,2027-04-30 23:59:59.999999999
40014/0/40100200/40100202/0,2027-05-31,104983320000.0,40014,2027-05-31 23:59:59.999999999
40014/0/40100200/40100203,2024-12-31,44458127000.0,40014,2024-12-31 23:59:59.999999999
40014/0/40100200/40100203,2025-01-31,46465990000.0,40014,2025-01-31 23:59:59.999999999
40014/0/40100200/40100203,2025-02-28,48138220000.0,40014,2025-02-28 23:59:59.999999999
40014/0/40100200/40100203,2025-03-31,48416883000.0,40014,2025-03-31 23:59:59.999999999
40014/0/40100200/40100203,2025-04-30,48695517000.0,40014,2025-04-30 23:59:59.999999999
40014/0/40100200/40100203,2025-05-31,45464910000.0,40014,2025-05-31 23:59:59.999999999
40014/0/40100200/40100203,2025-06-30,49949270000.0,40014,2025-06-30 23:59:59.999999999
40014/0/40100200/40100203,2025-07-31,51443300000.0,40014,2025-07-31 23:59:59.999999999
40014/0/40100200/40100203,2025-08-31,42190066000.0,40014,2025-08-31 23:59:59.999999999
40014/0/40100200/40100203,2025-09-30,53022093000.0,40014,2025-09-30 23:59:59.999999999
40014/0/40100200/40100203,2025-10-31,53642625000.0,40014,2025-10-31 23:59:59.999999999
40014/0/40100200/40100203,2025-11-30,46461645000.0,40014,2025-11-30 23:59:59.999999999
40014/0/40100200/40100203,2025-12-31,52062216000.0,40014,2025-12-31 23:59:59.999999999
40014/0/40100200/40100203,2026-01-31,53105332000.0,40014,2026-01-31 23:59:59.999999999
40014/0/40100200/40100203,2026-02-28,54007026000.0,40014,2026-02-28 23:59:59.999999999
40014/0/40100200/40100203,2026-03-31,54505350000.0,40014,2026-03-31 23:59:59.999999999
40014/0/40100200/40100203,2026-04-30,54958522000.0,40014,2026-04-30 23:59:59.999999999
40014/0/40100200/40100203,2026-05-31,54482640000.0,40014,2026-05-31 23:59:59.999999999
40014/0/40100200/40100203,2026-06-30,55924367000.0,40014,2026-06-30 23:59:59.999999999
40014/0/40100200/40100203,2026-07-31,56576524000.0,40014,2026-07-31 23:59:59.999999999
40014/0/40100200/40100203,2026-08-31,54478164000.0,40014,2026-08-31 23:59:59.999999999
40014/0/40100200/40100203,2026-09-30,57440320000.0,40014,2026-09-30 23:59:59.999999999
40014/0/40100200/40100203,2026-10-31,57793413000.0,40014,2026-10-31 23:59:59.999999999
40014/0/40100200/40100203,2026-11-30,56150180000.0,40014,2026-11-30 23:59:59.999999999
40014/0/40100200/40100203,2026-12-31,57725235000.0,40014,2026-12-31 23:59:59.999999999
40014/0/40100200/40100203,2027-01-31,58129617000.0,40014,2027-01-31 23:59:59.999999999
40014/0/40100200/40100203,2027-02-28,58483393000.0,40014,2027-02-28 23:59:59.999999999
40014/0/40100200/40100203,2027-03-31,58721780000.0,40014,2027-03-31 23:59:59.999999999
40014/0/40100200/40100203,2027-04-30,58936893000.0,40014,2027-04-30 23:59:59.999999999
40014/0/40100200/40100203,2027-05-31,58906140000.0,40014,2027-05-31 23:59:59.999999999
40014/0/40100200/40100203/0,2024-12-31,44458127000.0,40014,2024-12-31 23:59:59.999999999
40014/0/40100200/40100203/0,2025-01-31,46465990000.0,40014,2025-01-31 23:59:59.999999999
40014/0/40100200/40100203/0,2025-02-28,48138220000.0,40014,2025-02-28 23:59:59.999999999
40014/0/40100200/40100203/0,2025-03-31,48416883000.0,40014,2025-03-31 23:59:59.999999999
40014/0/40100200/40100203/0,2025-04-30,48695517000.0,40014,2025-04-30 23:59:59.999999999
40014/0/40100200/40100203/0,2025-05-31,45464910000.0,40014,2025-05-31 23:59:59.999999999
40014/0/40100200/40100203/0,2025-06-30,49949270000.0,40014,2025-06-30 23:59:59.999999999
40014/0/40100200/40100203/0,2025-07-31,51443300000.0,40014,2025-07-31 23:59:59.999999999
40014/0/40100200/40100203/0,2025-08-31,42190066000.0,40014,2025-08-31 23:59:59.999999999
40014/0/40100200/40100203/0,2025-09-30,53022093000.0,40014,2025-09-30 23:59:59.999999999
40014/0/40100200/40100203/0,2025-10-31,53642625000.0,40014,2025-10-31 23:59:59.999999999
40014/0/40100200/40100203/0,2025-11-30,46461645000.0,40014,2025-11-30 23:59:59.999999999
40014/0/40100200/40100203/0,2025-12-31,52062216000.0,40014,2025-12-31 23:59:59.999999999
40014/0/40100200/40100203/0,2026-01-31,53105332000.0,40014,2026-01-31 23:59:59.999999999
40014/0/40100200/40100203/0,2026-02-28,54007026000.0,40014,2026-02-28 23:59:59.999999999
40014/0/40100200/40100203/0,2026-03-31,54505350000.0,40014,2026-03-31 23:59:59.999999999
40014/0/40100200/40100203/0,2026-04-30,54958522000.0,40014,2026-04-30 23:59:59.999999999
40014/0/40100200/40100203/0,2026-05-31,54482640000.0,40014,2026-05-31 23:59:59.999999999
40014/0/40100200/40100203/0,2026-06-30,55924367000.0,40014,2026-06-30 23:59:59.999999999
40014/0/40100200/40100203/0,2026-07-31,56576524000.0,40014,2026-07-31 23:59:59.999999999
40014/0/40100200/40100203/0,2026-08-31,54478164000.0,40014,2026-08-31 23:59:59.999999999
40014/0/40100200/40100203/0,2026-09-30,57440320000.0,40014,2026-09-30 23:59:59.999999999
40014/0/40100200/40100203/0,2026-10-31,57793413000.0,40014,2026-10-31 23:59:59.999999999
40014/0/40100200/40100203/0,2026-11-30,56150180000.0,40014,2026-11-30 23:59:59.999999999
40014/0/40100200/40100203/0,2026-12-31,57725235000.0,40014,2026-12-31 23:59:59.999999999
40014/0/40100200/40100203/0,2027-01-31,58129617000.0,40014,2027-01-31 23:59:59.999999999
40014/0/40100200/40100203/0,2027-02-28,58483393000.0,40014,2027-02-28 23:59:59.999999999
40014/0/40100200/40100203/0,2027-03-31,58721780000.0,40014,2027-03-31 23:59:59.999999999
40014/0/40100200/40100203/0,2027-04-30,58936893000.0,40014,2027-04-30 23:59:59.999999999
40014/0/40100200/40100203/0,2027-05-31,58906140000.0,40014,2027-05-31 23:59:59.999999999
40014/0/40100200/40100204,2024-12-31,2858930.8,40014,2024-12-31 23:59:59.999999999
40014/0/40100200/40100204,2025-01-31,2858930.8,40014,2025-01-31 23:59:59.999999999
40014/0/40100200/40100204,2025-02-28,2858930.8,40014,2025-02-28 23:59:59.999999999
40014/0/40100200/40100204,2025-03-31,2858930.8,40014,2025-03-31 23:59:59.999999999
40014/0/40100200/40100204,2025-04-30,2858930.8,40014,2025-04-30 23:59:59.999999999
40014/0/40100200/40100204,2025-05-31,2858930.8,40014,2025-05-31 23:59:59.999999999
40014/0/40100200/40100204,2025-06-30,2858930.8,40014,2025-06-30 23:59:59.999999999
40014/0/40100200/40100204,2025-07-31,2858930.8,40014,2025-07-31 23:59:59.999999999
40014/0/40100200/40100204,2025-08-31,2858930.8,40014,2025-08-31 23:59:59.999999999
40014/0/40100200/40100204,2025-09-30,2858930.8,40014,2025-09-30 23:59:59.999999999
40014/0/40100200/40100204,2025-10-31,2858930.8,40014,2025-10-31 23:59:59.999999999
40014/0/40100200/40100204,2025-11-30,2858930.8,40014,2025-11-30 23:59:59.999999999
40014/0/40100200/40100204,2025-12-31,2858930.8,40014,2025-12-31 23:59:59.999999999
40014/0/40100200/40100204,2026-01-31,2858930.8,40014,2026-01-31 23:59:59.999999999
40014/0/40100200/40100204,2026-02-28,2858930.8,40014,2026-02-28 23:59:59.999999999
40014/0/40100200/40100204,2026-03-31,2858930.8,40014,2026-03-31 23:59:59.999999999
40014/0/40100200/40100204,2026-04-30,2858930.8,40014,2026-04-30 23:59:59.999999999
40014/0/40100200/40100204,2026-05-31,2858930.8,40014,2026-05-31 23:59:59.999999999
40014/0/40100200/40100204,2026-06-30,2858930.8,40014,2026-06-30 23:59:59.999999999
40014/0/40100200/40100204,2026-07-31,2858930.8,40014,2026-07-31 23:59:59.999999999
40014/0/40100200/40100204,2026-08-31,2858930.8,40014,2026-08-31 23:59:59.999999999
40014/0/40100200/40100204,2026-09-30,2858930.8,40014,2026-09-30 23:59:59.999999999
40014/0/40100200/40100204,2026-10-31,2858930.8,40014,2026-10-31 23:59:59.999999999
40014/0/40100200/40100204,2026-11-30,2858930.8,40014,2026-11-30 23:59:59.999999999
40014/0/40100200/40100204,2026-12-31,2858930.8,40014,2026-12-31 23:59:59.999999999
40014/0/40100200/40100204,2027-01-31,2858930.8,40014,2027-01-31 23:59:59.999999999
40014/0/40100200/40100204,2027-02-28,2858930.8,40014,2027-02-28 23:59:59.999999999
40014/0/40100200/40100204,2027-03-31,2858930.8,40014,2027-03-31 23:59:59.999999999
40014/0/40100200/40100204,2027-04-30,2858930.8,40014,2027-04-30 23:59:59.999999999
40014/0/40100200/40100204,2027-05-31,2858930.8,40014,2027-05-31 23:59:59.999999999
40014/0/40100200/40100204/0,2024-12-31,2858930.8,40014,2024-12-31 23:59:59.999999999
40014/0/40100200/40100204/0,2025-01-31,2858930.8,40014,2025-01-31 23:59:59.999999999
40014/0/40100200/40100204/0,2025-02-28,2858930.8,40014,2025-02-28 23:59:59.999999999
40014/0/40100200/40100204/0,2025-03-31,2858930.8,40014,2025-03-31 23:59:59.999999999
40014/0/40100200/40100204/0,2025-04-30,2858930.8,40014,2025-04-30 23:59:59.999999999
40014/0/40100200/40100204/0,2025-05-31,2858930.8,40014,2025-05-31 23:59:59.999999999
40014/0/40100200/40100204/0,2025-06-30,2858930.8,40014,2025-06-30 23:59:59.999999999
40014/0/40100200/40100204/0,2025-07-31,2858930.8,40014,2025-07-31 23:59:59.999999999
40014/0/40100200/40100204/0,2025-08-31,2858930.8,40014,2025-08-31 23:59:59.999999999
40014/0/40100200/40100204/0,2025-09-30,2858930.8,40014,2025-09-30 23:59:59.999999999
40014/0/40100200/40100204/0,2025-10-31,2858930.8,40014,2025-10-31 23:59:59.999999999
40014/0/40100200/40100204/0,2025-11-30,2858930.8,40014,2025-11-30 23:59:59.999999999
40014/0/40100200/40100204/0,2025-12-31,2858930.8,40014,2025-12-31 23:59:59.999999999
40014/0/40100200/40100204/0,2026-01-31,2858930.8,40014,2026-01-31 23:59:59.999999999
40014/0/40100200/40100204/0,2026-02-28,2858930.8,40014,2026-02-28 23:59:59.999999999
40014/0/40100200/40100204/0,2026-03-31,2858930.8,40014,2026-03-31 23:59:59.999999999
40014/0/40100200/40100204/0,2026-04-30,2858930.8,40014,2026-04-30 23:59:59.999999999
40014/0/40100200/40100204/0,2026-05-31,2858930.8,40014,2026-05-31 23:59:59.999999999
40014/0/40100200/40100204/0,2026-06-30,2858930.8,40014,2026-06-30 23:59:59.999999999
40014/0/40100200/40100204/0,2026-07-31,2858930.8,40014,2026-07-31 23:59:59.999999999
40014/0/40100200/40100204/0,2026-08-31,2858930.8,40014,2026-08-31 23:59:59.999999999
40014/0/40100200/40100204/0,2026-09-30,2858930.8,40014,2026-09-30 23:59:59.999999999
40014/0/40100200/40100204/0,2026-10-31,2858930.8,40014,2026-10-31 23:59:59.999999999
40014/0/40100200/40100204/0,2026-11-30,2858930.8,40014,2026-11-30 23:59:59.999999999
40014/0/40100200/40100204/0,2026-12-31,2858930.8,40014,2026-12-31 23:59:59.999999999
40014/0/40100200/40100204/0,2027-01-31,2858930.8,40014,2027-01-31 23:59:59.999999999
40014/0/40100200/40100204/0,2027-02-28,2858930.8,40014,2027-02-28 23:59:59.999999999
40014/0/40100200/40100204/0,2027-03-31,2858930.8,40014,2027-03-31 23:59:59.999999999
40014/0/40100200/40100204/0,2027-04-30,2858930.8,40014,2027-04-30 23:59:59.999999999
40014/0/40100200/40100204/0,2027-05-31,2858930.8,40014,2027-05-31 23:59:59.999999999
40014/0/40100200/40100205,2024-12-31,0.0,40014,2024-12-31 23:59:59.999999999
40014/0/40100200/40100205,2025-01-31,0.0,40014,2025-01-31 23:59:59.999999999
40014/0/40100200/40100205,2025-02-28,0.0,40014,2025-02-28 23:59:59.999999999
40014/0/40100200/40100205,2025-03-31,0.0,40014,2025-03-31 23:59:59.999999999
40014/0/40100200/40100205,2025-04-30,0.0,40014,2025-04-30 23:59:59.999999999
40014/0/40100200/40100205,2025-05-31,0.0,40014,2025-05-31 23:59:59.999999999
40014/0/40100200/40100205,2025-06-30,0.0,40014,2025-06-30 23:59:59.999999999
40014/0/40100200/40100205,2025-07-31,0.0,40014,2025-07-31 23:59:59.999999999
40014/0/40100200/40100205,2025-08-31,0.0,40014,2025-08-31 23:59:59.999999999
40014/0/40100200/40100205,2025-09-30,0.0,40014,2025-09-30 23:59:59.999999999
40014/0/40100200/40100205,2025-10-31,0.0,40014,2025-10-31 23:59:59.999999999
40014/0/40100200/40100205,2025-11-30,0.0,40014,2025-11-30 23:59:59.999999999
40014/0/40100200/40100205,2025-12-31,0.0,40014,2025-12-31 23:59:59.999999999
40014/0/40100200/40100205,2026-01-31,0.0,40014,2026-01-31 23:59:59.999999999
40014/0/40100200/40100205,2026-02-28,0.0,40014,2026-02-28 23:59:59.999999999
40014/0/40100200/40100205,2026-03-31,0.0,40014,2026-03-31 23:59:59.999999999
40014/0/40100200/40100205,2026-04-30,0.0,40014,2026-04-30 23:59:59.999999999
40014/0/40100200/40100205,2026-05-31,0.0,40014,2026-05-31 23:59:59.999999999
40014/0/40100200/40100205,2026-06-30,0.0,40014,2026-06-30 23:59:59.999999999
40014/0/40100200/40100205,2026-07-31,0.0,40014,2026-07-31 23:59:59.999999999
40014/0/40100200/40100205,2026-08-31,0.0,40014,2026-08-31 23:59:59.999999999
40014/0/40100200/40100205,2026-09-30,0.0,40014,2026-09-30 23:59:59.999999999
40014/0/40100200/40100205,2026-10-31,0.0,40014,2026-10-31 23:59:59.999999999
40014/0/40100200/40100205,2026-11-30,0.0,40014,2026-11-30 23:59:59.999999999
40014/0/40100200/40100205,2026-12-31,0.0,40014,2026-12-31 23:59:59.999999999
40014/0/40100200/40100205,2027-01-31,0.0,40014,2027-01-31 23:59:59.999999999
40014/0/40100200/40100205,2027-02-28,0.0,40014,2027-02-28 23:59:59.999999999
40014/0/40100200/40100205,2027-03-31,0.0,40014,2027-03-31 23:59:59.999999999
40014/0/40100200/40100205,2027-04-30,0.0,40014,2027-04-30 23:59:59.999999999
40014/0/40100200/40100205,2027-05-31,0.0,40014,2027-05-31 23:59:59.999999999
40014/0/40100200/40100205/0,2024-12-31,0.0,40014,2024-12-31 23:59:59.999999999
40014/0/40100200/40100205/0,2025-01-31,0.0,40014,2025-01-31 23:59:59.999999999
40014/0/40100200/40100205/0,2025-02-28,0.0,40014,2025-02-28 23:59:59.999999999
40014/0/40100200/40100205/0,2025-03-31,0.0,40014,2025-03-31 23:59:59.999999999
40014/0/40100200/40100205/0,2025-04-30,0.0,40014,2025-04-30 23:59:59.999999999
40014/0/40100200/40100205/0,2025-05-31,0.0,40014,2025-05-31 23:59:59.999999999
40014/0/40100200/40100205/0,2025-06-30,0.0,40014,2025-06-30 23:59:59.999999999
40014/0/40100200/40100205/0,2025-07-31,0.0,40014,2025-07-31 23:59:59.999999999
40014/0/40100200/40100205/0,2025-08-31,0.0,40014,2025-08-31 23:59:59.999999999
40014/0/40100200/40100205/0,2025-09-30,0.0,40014,2025-09-30 23:59:59.999999999
40014/0/40100200/40100205/0,2025-10-31,0.0,40014,2025-10-31 23:59:59.999999999
40014/0/40100200/40100205/0,2025-11-30,0.0,40014,2025-11-30 23:59:59.999999999
40014/0/40100200/40100205/0,2025-12-31,0.0,40014,2025-12-31 23:59:59.999999999
40014/0/40100200/40100205/0,2026-01-31,0.0,40014,2026-01-31 23:59:59.999999999
40014/0/40100200/40100205/0,2026-02-28,0.0,40014,2026-02-28 23:59:59.999999999
40014/0/40100200/40100205/0,2026-03-31,0.0,40014,2026-03-31 23:59:59.999999999
40014/0/40100200/40100205/0,2026-04-30,0.0,40014,2026-04-30 23:59:59.999999999
40014/0/40100200/40100205/0,2026-05-31,0.0,40014,2026-05-31 23:59:59.999999999
40014/0/40100200/40100205/0,2026-06-30,0.0,40014,2026-06-30 23:59:59.999999999
40014/0/40100200/40100205/0,2026-07-31,0.0,40014,2026-07-31 23:59:59.999999999
40014/0/40100200/40100205/0,2026-08-31,0.0,40014,2026-08-31 23:59:59.999999999
40014/0/40100200/40100205/0,2026-09-30,0.0,40014,2026-09-30 23:59:59.999999999
40014/0/40100200/40100205/0,2026-10-31,0.0,40014,2026-10-31 23:59:59.999999999
40014/0/40100200/40100205/0,2026-11-30,0.0,40014,2026-11-30 23:59:59.999999999
40014/0/40100200/40100205/0,2026-12-31,0.0,40014,2026-12-31 23:59:59.999999999
40014/0/40100200/40100205/0,2027-01-31,0.0,40014,2027-01-31 23:59:59.999999999
40014/0/40100200/40100205/0,2027-02-28,0.0,40014,2027-02-28 23:59:59.999999999
40014/0/40100200/40100205/0,2027-03-31,0.0,40014,2027-03-31 23:59:59.999999999
40014/0/40100200/40100205/0,2027-04-30,0.0,40014,2027-04-30 23:59:59.999999999
40014/0/40100200/40100205/0,2027-05-31,0.0,40014,2027-05-31 23:59:59.999999999
40014/0/40100207,2024-12-31,172311410000.0,40014,2024-12-31 23:59:59.999999999
40014/0/40100207,2025-01-31,173046200000.0,40014,2025-01-31 23:59:59.999999999
40014/0/40100207,2025-02-28,173723200000.0,40014,2025-02-28 23:59:59.999999999
40014/0/40100207,2025-03-31,174346980000.0,40014,2025-03-31 23:59:59.999999999
40014/0/40100207,2025-04-30,174921700000.0,40014,2025-04-30 23:59:59.999999999
40014/0/40100207,2025-05-31,175451210000.0,40014,2025-05-31 23:59:59.999999999
40014/0/40100207,2025-06-30,175939110000.0,40014,2025-06-30 23:59:59.999999999
40014/0/40100207,2025-07-31,176388620000.0,40014,2025-07-31 23:59:59.999999999
40014/0/40100207,2025-08-31,176802790000.0,40014,2025-08-31 23:59:59.999999999
40014/0/40100207,2025-09-30,177184390000.0,40014,2025-09-30 23:59:59.999999999
40014/0/40100207,2025-10-31,177535990000.0,40014,2025-10-31 23:59:59.999999999
40014/0/40100207,2025-11-30,177859940000.0,40014,2025-11-30 23:59:59.999999999
40014/0/40100207,2025-12-31,178158400000.0,40014,2025-12-31 23:59:59.999999999
40014/0/40100207,2026-01-31,178433410000.0,40014,2026-01-31 23:59:59.999999999
40014/0/40100207,2026-02-28,178686790000.0,40014,2026-02-28 23:59:59.999999999
40014/0/40100207,2026-03-31,178920240000.0,40014,2026-03-31 23:59:59.999999999
40014/0/40100207,2026-04-30,179135330000.0,40014,2026-04-30 23:59:59.999999999
40014/0/40100207,2026-05-31,179333510000.0,40014,2026-05-31 23:59:59.999999999
40014/0/40100207,2026-06-30,179516110000.0,40014,2026-06-30 23:59:59.999999999
40014/0/40100207,2026-07-31,179684340000.0,40014,2026-07-31 23:59:59.999999999
40014/0/40100207,2026-08-31,179839350000.0,40014,2026-08-31 23:59:59.999999999
40014/0/40100207,2026-09-30,179982170000.0,40014,2026-09-30 23:59:59.999999999
40014/0/40100207,2026-10-31,180113750000.0,40014,2026-10-31 23:59:59.999999999
40014/0/40100207,2026-11-30,180235000000.0,40014,2026-11-30 23:59:59.999999999
40014/0/40100207,2026-12-31,180346700000.0,40014,2026-12-31 23:59:59.999999999
40014/0/40100207,2027-01-31,180449620000.0,40014,2027-01-31 23:59:59.999999999
40014/0/40100207,2027-02-28,180544450000.0,40014,2027-02-28 23:59:59.999999999
40014/0/40100207,2027-03-31,180631830000.0,40014,2027-03-31 23:59:59.999999999
40014/0/40100207,2027-04-30,180712330000.0,40014,2027-04-30 23:59:59.999999999
40014/0/40100207,2027-05-31,180786500000.0,40014,2027-05-31 23:59:59.999999999
40014/0/40100207/0,2024-12-31,172311410000.0,40014,2024-12-31 23:59:59.999999999
40014/0/40100207/0,2025-01-31,173046200000.0,40014,2025-01-31 23:59:59.999999999
40014/0/40100207/0,2025-02-28,173723200000.0,40014,2025-02-28 23:59:59.999999999
40014/0/40100207/0,2025-03-31,174346980000.0,40014,2025-03-31 23:59:59.999999999
40014/0/40100207/0,2025-04-30,174921700000.0,40014,2025-04-30 23:59:59.999999999
40014/0/40100207/0,2025-05-31,175451210000.0,40014,2025-05-31 23:59:59.999999999
40014/0/40100207/0,2025-06-30,175939110000.0,40014,2025-06-30 23:59:59.999999999
40014/0/40100207/0,2025-07-31,176388620000.0,40014,2025-07-31 23:59:59.999999999
40014/0/40100207/0,2025-08-31,176802790000.0,40014,2025-08-31 23:59:59.999999999
40014/0/40100207/0,2025-09-30,177184390000.0,40014,2025-09-30 23:59:59.999999999
40014/0/40100207/0,2025-10-31,177535990000.0,40014,2025-10-31 23:59:59.999999999
40014/0/40100207/0,2025-11-30,177859940000.0,40014,2025-11-30 23:59:59.999999999
40014/0/40100207/0,2025-12-31,178158400000.0,40014,2025-12-31 23:59:59.999999999
40014/0/40100207/0,2026-01-31,178433410000.0,40014,2026-01-31 23:59:59.999999999
40014/0/40100207/0,2026-02-28,178686790000.0,40014,2026-02-28 23:59:59.999999999
40014/0/40100207/0,2026-03-31,178920240000.0,40014,2026-03-31 23:59:59.999999999
40014/0/40100207/0,2026-04-30,179135330000.0,40014,2026-04-30 23:59:59.999999999
40014/0/40100207/0,2026-05-31,179333510000.0,40014,2026-05-31 23:59:59.999999999
40014/0/40100207/0,2026-06-30,179516110000.0,40014,2026-06-30 23:59:59.999999999
40014/0/40100207/0,2026-07-31,179684340000.0,40014,2026-07-31 23:59:59.999999999
40014/0/40100207/0,2026-08-31,179839350000.0,40014,2026-08-31 23:59:59.999999999
40014/0/40100207/0,2026-09-30,179982170000.0,40014,2026-09-30 23:59:59.999999999
40014/0/40100207/0,2026-10-31,180113750000.0,40014,2026-10-31 23:59:59.999999999
40014/0/40100207/0,2026-11-30,180235000000.0,40014,2026-11-30 23:59:59.999999999
40014/0/40100207/0,2026-12-31,180346700000.0,40014,2026-12-31 23:59:59.999999999
40014/0/40100207/0,2027-01-31,180449620000.0,40014,2027-01-31 23:59:59.999999999
40014/0/40100207/0,2027-02-28,180544450000.0,40014,2027-02-28 23:59:59.999999999
40014/0/40100207/0,2027-03-31,180631830000.0,40014,2027-03-31 23:59:59.999999999
40014/0/40100207/0,2027-04-30,180712330000.0,40014,2027-04-30 23:59:59.999999999
40014/0/40100207/0,2027-05-31,180786500000.0,40014,2027-05-31 23:59:59.999999999
40014/0/40100207/0/0,2024-12-31,172311410000.0,40014,2024-12-31 23:59:59.999999999
40014/0/40100207/0/0,2025-01-31,173046200000.0,40014,2025-01-31 23:59:59.999999999
40014/0/40100207/0/0,2025-02-28,173723200000.0,40014,2025-02-28 23:59:59.999999999
40014/0/40100207/0/0,2025-03-31,174346980000.0,40014,2025-03-31 23:59:59.999999999
40014/0/40100207/0/0,2025-04-30,174921700000.0,40014,2025-04-30 23:59:59.999999999
40014/0/40100207/0/0,2025-05-31,175451210000.0,40014,2025-05-31 23:59:59.999999999
40014/0/40100207/0/0,2025-06-30,175939110000.0,40014,2025-06-30 23:59:59.999999999
40014/0/40100207/0/0,2025-07-31,176388620000.0,40014,2025-07-31 23:59:59.999999999
40014/0/40100207/0/0,2025-08-31,176802790000.0,40014,2025-08-31 23:59:59.999999999
40014/0/40100207/0/0,2025-09-30,177184390000.0,40014,2025-09-30 23:59:59.999999999
40014/0/40100207/0/0,2025-10-31,177535990000.0,40014,2025-10-31 23:59:59.999999999
40014/0/40100207/0/0,2025-11-30,177859940000.0,40014,2025-11-30 23:59:59.999999999
40014/0/40100207/0/0,2025-12-31,178158400000.0,40014,2025-12-31 23:59:59.999999999
40014/0/40100207/0/0,2026-01-31,178433410000.0,40014,2026-01-31 23:59:59.999999999
40014/0/40100207/0/0,2026-02-28,178686790000.0,40014,2026-02-28 23:59:59.999999999
40014/0/40100207/0/0,2026-03-31,178920240000.0,40014,2026-03-31 23:59:59.999999999
40014/0/40100207/0/0,2026-04-30,179135330000.0,40014,2026-04-30 23:59:59.999999999
40014/0/40100207/0/0,2026-05-31,179333510000.0,40014,2026-05-31 23:59:59.999999999
40014/0/40100207/0/0,2026-06-30,179516110000.0,40014,2026-06-30 23:59:59.999999999
40014/0/40100207/0/0,2026-07-31,179684340000.0,40014,2026-07-31 23:59:59.999999999
40014/0/40100207/0/0,2026-08-31,179839350000.0,40014,2026-08-31 23:59:59.999999999
40014/0/40100207/0/0,2026-09-30,179982170000.0,40014,2026-09-30 23:59:59.999999999
40014/0/40100207/0/0,2026-10-31,180113750000.0,40014,2026-10-31 23:59:59.999999999
40014/0/40100207/0/0,2026-11-30,180235000000.0,40014,2026-11-30 23:59:59.999999999
40014/0/40100207/0/0,2026-12-31,180346700000.0,40014,2026-12-31 23:59:59.999999999
40014/0/40100207/0/0,2027-01-31,180449620000.0,40014,2027-01-31 23:59:59.999999999
40014/0/40100207/0/0,2027-02-28,180544450000.0,40014,2027-02-28 23:59:59.999999999
40014/0/40100207/0/0,2027-03-31,180631830000.0,40014,2027-03-31 23:59:59.999999999
40014/0/40100207/0/0,2027-04-30,180712330000.0,40014,2027-04-30 23:59:59.999999999
40014/0/40100207/0/0,2027-05-31,180786500000.0,40014,2027-05-31 23:59:59.999999999
40014/0/40100208,2024-12-31,240674830000.0,40014,2024-12-31 23:59:59.999999999
40014/0/40100208,2025-01-31,243798720000.0,40014,2025-01-31 23:59:59.999999999
40014/0/40100208,2025-02-28,246922600000.0,40014,2025-02-28 23:59:59.999999999
40014/0/40100208,2025-03-31,250046460000.0,40014,2025-03-31 23:59:59.999999999
40014/0/40100208,2025-04-30,253170350000.0,40014,2025-04-30 23:59:59.999999999
40014/0/40100208,2025-05-31,256294220000.0,40014,2025-05-31 23:59:59.999999999
40014/0/40100208,2025-06-30,259418100000.0,40014,2025-06-30 23:59:59.999999999
40014/0/40100208,2025-07-31,262541980000.0,40014,2025-07-31 23:59:59.999999999
40014/0/40100208,2025-08-31,265665860000.0,40014,2025-08-31 23:59:59.999999999
40014/0/40100208,2025-09-30,268789730000.0,40014,2025-09-30 23:59:59.999999999
40014/0/40100208,2025-10-31,271913600000.0,40014,2025-10-31 23:59:59.999999999
40014/0/40100208,2025-11-30,275037500000.0,40014,2025-11-30 23:59:59.999999999
40014/0/40100208,2025-12-31,278161360000.0,40014,2025-12-31 23:59:59.999999999
40014/0/40100208,2026-01-31,281285230000.0,40014,2026-01-31 23:59:59.999999999
40014/0/40100208,2026-02-28,284409100000.0,40014,2026-02-28 23:59:59.999999999
40014/0/40100208,2026-03-31,287533000000.0,40014,2026-03-31 23:59:59.999999999
40014/0/40100208,2026-04-30,290656880000.0,40014,2026-04-30 23:59:59.999999999
40014/0/40100208,2026-05-31,293780750000.0,40014,2026-05-31 23:59:59.999999999
40014/0/40100208,2026-06-30,296904620000.0,40014,2026-06-30 23:59:59.999999999
40014/0/40100208,2026-07-31,300028500000.0,40014,2026-07-31 23:59:59.999999999
40014/0/40100208,2026-08-31,303152370000.0,40014,2026-08-31 23:59:59.999999999
40014/0/40100208,2026-09-30,306276240000.0,40014,2026-09-30 23:59:59.999999999
40014/0/40100208,2026-10-31,309400140000.0,40014,2026-10-31 23:59:59.999999999
40014/0/40100208,2026-11-30,312524000000.0,40014,2026-11-30 23:59:59.999999999
40014/0/40100208,2026-12-31,315647900000.0,40014,2026-12-31 23:59:59.999999999
40014/0/40100208,2027-01-31,318771760000.0,40014,2027-01-31 23:59:59.999999999
40014/0/40100208,2027-02-28,321895630000.0,40014,2027-02-28 23:59:59.999999999
40014/0/40100208,2027-03-31,325019500000.0,40014,2027-03-31 23:59:59.999999999
40014/0/40100208,2027-04-30,328143400000.0,40014,2027-04-30 23:59:59.999999999
40014/0/40100208,2027-05-31,331267280000.0,40014,2027-05-31 23:59:59.999999999
40014/0/40100208/40100209,2024-12-31,28462270000.0,40014,2024-12-31 23:59:59.999999999
40014/0/40100208/40100209,2025-01-31,28462270000.0,40014,2025-01-31 23:59:59.999999999
40014/0/40100208/40100209,2025-02-28,28462270000.0,40014,2025-02-28 23:59:59.999999999
40014/0/40100208/40100209,2025-03-31,28462270000.0,40014,2025-03-31 23:59:59.999999999
40014/0/40100208/40100209,2025-04-30,28462270000.0,40014,2025-04-30 23:59:59.999999999
40014/0/40100208/40100209,2025-05-31,28462270000.0,40014,2025-05-31 23:59:59.999999999
40014/0/40100208/40100209,2025-06-30,28462270000.0,40014,2025-06-30 23:59:59.999999999
40014/0/40100208/40100209,2025-07-31,28462270000.0,40014,2025-07-31 23:59:59.999999999
40014/0/40100208/40100209,2025-08-31,28462270000.0,40014,2025-08-31 23:59:59.999999999
40014/0/40100208/40100209,2025-09-30,28462270000.0,40014,2025-09-30 23:59:59.999999999
40014/0/40100208/40100209,2025-10-31,28462270000.0,40014,2025-10-31 23:59:59.999999999
40014/0/40100208/40100209,2025-11-30,28462270000.0,40014,2025-11-30 23:59:59.999999999
40014/0/40100208/40100209,2025-12-31,28462270000.0,40014,2025-12-31 23:59:59.999999999
40014/0/40100208/40100209,2026-01-31,28462270000.0,40014,2026-01-31 23:59:59.999999999
40014/0/40100208/40100209,2026-02-28,28462270000.0,40014,2026-02-28 23:59:59.999999999
40014/0/40100208/40100209,2026-03-31,28462270000.0,40014,2026-03-31 23:59:59.999999999
40014/0/40100208/40100209,2026-04-30,28462270000.0,40014,2026-04-30 23:59:59.999999999
40014/0/40100208/40100209,2026-05-31,28462270000.0,40014,2026-05-31 23:59:59.999999999
40014/0/40100208/40100209,2026-06-30,28462270000.0,40014,2026-06-30 23:59:59.999999999
40014/0/40100208/40100209,2026-07-31,28462270000.0,40014,2026-07-31 23:59:59.999999999
40014/0/40100208/40100209,2026-08-31,28462270000.0,40014,2026-08-31 23:59:59.999999999
40014/0/40100208/40100209,2026-09-30,28462270000.0,40014,2026-09-30 23:59:59.999999999
40014/0/40100208/40100209,2026-10-31,28462270000.0,40014,2026-10-31 23:59:59.999999999
40014/0/40100208/40100209,2026-11-30,28462270000.0,40014,2026-11-30 23:59:59.999999999
40014/0/40100208/40100209,2026-12-31,28462270000.0,40014,2026-12-31 23:59:59.999999999
40014/0/40100208/40100209,2027-01-31,28462270000.0,40014,2027-01-31 23:59:59.999999999
40014/0/40100208/40100209,2027-02-28,28462270000.0,40014,2027-02-28 23:59:59.999999999
40014/0/40100208/40100209,2027-03-31,28462270000.0,40014,2027-03-31 23:59:59.999999999
40014/0/40100208/40100209,2027-04-30,28462270000.0,40014,2027-04-30 23:59:59.999999999
40014/0/40100208/40100209,2027-05-31,28462270000.0,40014,2027-05-31 23:59:59.999999999
40014/0/40100208/40100209/0,2024-12-31,28462270000.0,40014,2024-12-31 23:59:59.999999999
40014/0/40100208/40100209/0,2025-01-31,28462270000.0,40014,2025-01-31 23:59:59.999999999
40014/0/40100208/40100209/0,2025-02-28,28462270000.0,40014,2025-02-28 23:59:59.999999999
40014/0/40100208/40100209/0,2025-03-31,28462270000.0,40014,2025-03-31 23:59:59.999999999
40014/0/40100208/40100209/0,2025-04-30,28462270000.0,40014,2025-04-30 23:59:59.999999999
40014/0/40100208/40100209/0,2025-05-31,28462270000.0,40014,2025-05-31 23:59:59.999999999
40014/0/40100208/40100209/0,2025-06-30,28462270000.0,40014,2025-06-30 23:59:59.999999999
40014/0/40100208/40100209/0,2025-07-31,28462270000.0,40014,2025-07-31 23:59:59.999999999
40014/0/40100208/40100209/0,2025-08-31,28462270000.0,40014,2025-08-31 23:59:59.999999999
40014/0/40100208/40100209/0,2025-09-30,28462270000.0,40014,2025-09-30 23:59:59.999999999
40014/0/40100208/40100209/0,2025-10-31,28462270000.0,40014,2025-10-31 23:59:59.999999999
40014/0/40100208/40100209/0,2025-11-30,28462270000.0,40014,2025-11-30 23:59:59.999999999
40014/0/40100208/40100209/0,2025-12-31,28462270000.0,40014,2025-12-31 23:59:59.999999999
40014/0/40100208/40100209/0,2026-01-31,28462270000.0,40014,2026-01-31 23:59:59.999999999
40014/0/40100208/40100209/0,2026-02-28,28462270000.0,40014,2026-02-28 23:59:59.999999999
40014/0/40100208/40100209/0,2026-03-31,28462270000.0,40014,2026-03-31 23:59:59.999999999
40014/0/40100208/40100209/0,2026-04-30,28462270000.0,40014,2026-04-30 23:59:59.999999999
40014/0/40100208/40100209/0,2026-05-31,28462270000.0,40014,2026-05-31 23:59:59.999999999
40014/0/40100208/40100209/0,2026-06-30,28462270000.0,40014,2026-06-30 23:59:59.999999999
40014/0/40100208/40100209/0,2026-07-31,28462270000.0,40014,2026-07-31 23:59:59.999999999
40014/0/40100208/40100209/0,2026-08-31,28462270000.0,40014,2026-08-31 23:59:59.999999999
40014/0/40100208/40100209/0,2026-09-30,28462270000.0,40014,2026-09-30 23:59:59.999999999
40014/0/40100208/40100209/0,2026-10-31,28462270000.0,40014,2026-10-31 23:59:59.999999999
40014/0/40100208/40100209/0,2026-11-30,28462270000.0,40014,2026-11-30 23:59:59.999999999
40014/0/40100208/40100209/0,2026-12-31,28462270000.0,40014,2026-12-31 23:59:59.999999999
40014/0/40100208/40100209/0,2027-01-31,28462270000.0,40014,2027-01-31 23:59:59.999999999
40014/0/40100208/40100209/0,2027-02-28,28462270000.0,40014,2027-02-28 23:59:59.999999999
40014/0/40100208/40100209/0,2027-03-31,28462270000.0,40014,2027-03-31 23:59:59.999999999
40014/0/40100208/40100209/0,2027-04-30,28462270000.0,40014,2027-04-30 23:59:59.999999999
40014/0/40100208/40100209/0,2027-05-31,28462270000.0,40014,2027-05-31 23:59:59.999999999
40014/0/40100208/40100210,2024-12-31,109193720000.0,40014,2024-12-31 23:59:59.999999999
40014/0/40100208/40100210,2025-01-31,109785390000.0,40014,2025-01-31 23:59:59.999999999
40014/0/40100208/40100210,2025-02-28,110377070000.0,40014,2025-02-28 23:59:59.999999999
40014/0/40100208/40100210,2025-03-31,110968730000.0,40014,2025-03-31 23:59:59.999999999
40014/0/40100208/40100210,2025-04-30,111560410000.0,40014,2025-04-30 23:59:59.999999999
40014/0/40100208/40100210,2025-05-31,112152080000.0,40014,2025-05-31 23:59:59.999999999
40014/0/40100208/40100210,2025-06-30,112743750000.0,40014,2025-06-30 23:59:59.999999999
40014/0/40100208/40100210,2025-07-31,113335420000.0,40014,2025-07-31 23:59:59.999999999
40014/0/40100208/40100210,2025-08-31,113927094000.0,40014,2025-08-31 23:59:59.999999999
40014/0/40100208/40100210,2025-09-30,114518760000.0,40014,2025-09-30 23:59:59.999999999
40014/0/40100208/40100210,2025-10-31,115110440000.0,40014,2025-10-31 23:59:59.999999999
40014/0/40100208/40100210,2025-11-30,115702100000.0,40014,2025-11-30 23:59:59.999999999
40014/0/40100208/40100210,2025-12-31,116293780000.0,40014,2025-12-31 23:59:59.999999999
40014/0/40100208/40100210,2026-01-31,116885450000.0,40014,2026-01-31 23:59:59.999999999
40014/0/40100208/40100210,2026-02-28,117477120000.0,40014,2026-02-28 23:59:59.999999999
40014/0/40100208/40100210,2026-03-31,118068790000.0,40014,2026-03-31 23:59:59.999999999
40014/0/40100208/40100210,2026-04-30,118660465000.0,40014,2026-04-30 23:59:59.999999999
40014/0/40100208/40100210,2026-05-31,119252140000.0,40014,2026-05-31 23:59:59.999999999
40014/0/40100208/40100210,2026-06-30,119843810000.0,40014,2026-06-30 23:59:59.999999999
40014/0/40100208/40100210,2026-07-31,120435480000.0,40014,2026-07-31 23:59:59.999999999
40014/0/40100208/40100210,2026-08-31,121027150000.0,40014,2026-08-31 23:59:59.999999999
40014/0/40100208/40100210,2026-09-30,121618825000.0,40014,2026-09-30 23:59:59.999999999
40014/0/40100208/40100210,2026-10-31,122210490000.0,40014,2026-10-31 23:59:59.999999999
40014/0/40100208/40100210,2026-11-30,122802170000.0,40014,2026-11-30 23:59:59.999999999
40014/0/40100208/40100210,2026-12-31,123393835000.0,40014,2026-12-31 23:59:59.999999999
40014/0/40100208/40100210,2027-01-31,123985510000.0,40014,2027-01-31 23:59:59.999999999
40014/0/40100208/40100210,2027-02-28,124577180000.0,40014,2027-02-28 23:59:59.999999999
40014/0/40100208/40100210,2027-03-31,125168850000.0,40014,2027-03-31 23:59:59.999999999
40014/0/40100208/40100210,2027-04-30,125760520000.0,40014,2027-04-30 23:59:59.999999999
40014/0/40100208/40100210,2027-05-31,126352196000.0,40014,2027-05-31 23:59:59.999999999
40014/0/40100208/40100210/0,2024-12-31,109193720000.0,40014,2024-12-31 23:59:59.999999999
40014/0/40100208/40100210/0,2025-01-31,109785390000.0,40014,2025-01-31 23:59:59.999999999
40014/0/40100208/40100210/0,2025-02-28,110377070000.0,40014,2025-02-28 23:59:59.999999999
40014/0/40100208/40100210/0,2025-03-31,110968730000.0,40014,2025-03-31 23:59:59.999999999
40014/0/40100208/40100210/0,2025-04-30,111560410000.0,40014,2025-04-30 23:59:59.999999999
40014/0/40100208/40100210/0,2025-05-31,112152080000.0,40014,2025-05-31 23:59:59.999999999
40014/0/40100208/40100210/0,2025-06-30,112743750000.0,40014,2025-06-30 23:59:59.999999999
40014/0/40100208/40100210/0,2025-07-31,113335420000.0,40014,2025-07-31 23:59:59.999999999
40014/0/40100208/40100210/0,2025-08-31,113927094000.0,40014,2025-08-31 23:59:59.999999999
40014/0/40100208/40100210/0,2025-09-30,114518760000.0,40014,2025-09-30 23:59:59.999999999
40014/0/40100208/40100210/0,2025-10-31,115110440000.0,40014,2025-10-31 23:59:59.999999999
40014/0/40100208/40100210/0,2025-11-30,115702100000.0,40014,2025-11-30 23:59:59.999999999
40014/0/40100208/40100210/0,2025-12-31,116293780000.0,40014,2025-12-31 23:59:59.999999999
40014/0/40100208/40100210/0,2026-01-31,116885450000.0,40014,2026-01-31 23:59:59.999999999
40014/0/40100208/40100210/0,2026-02-28,117477120000.0,40014,2026-02-28 23:59:59.999999999
40014/0/40100208/40100210/0,2026-03-31,118068790000.0,40014,2026-03-31 23:59:59.999999999
40014/0/40100208/40100210/0,2026-04-30,118660465000.0,40014,2026-04-30 23:59:59.999999999
40014/0/40100208/40100210/0,2026-05-31,119252140000.0,40014,2026-05-31 23:59:59.999999999
40014/0/40100208/40100210/0,2026-06-30,119843810000.0,40014,2026-06-30 23:59:59.999999999
40014/0/40100208/40100210/0,2026-07-31,120435480000.0,40014,2026-07-31 23:59:59.999999999
40014/0/40100208/40100210/0,2026-08-31,121027150000.0,40014,2026-08-31 23:59:59.999999999
40014/0/40100208/40100210/0,2026-09-30,121618825000.0,40014,2026-09-30 23:59:59.999999999
40014/0/40100208/40100210/0,2026-10-31,122210490000.0,40014,2026-10-31 23:59:59.999999999
40014/0/40100208/40100210/0,2026-11-30,122802170000.0,40014,2026-11-30 23:59:59.999999999
40014/0/40100208/40100210/0,2026-12-31,123393835000.0,40014,2026-12-31 23:59:59.999999999
40014/0/40100208/40100210/0,2027-01-31,123985510000.0,40014,2027-01-31 23:59:59.999999999
40014/0/40100208/40100210/0,2027-02-28,124577180000.0,40014,2027-02-28 23:59:59.999999999
40014/0/40100208/40100210/0,2027-03-31,125168850000.0,40014,2027-03-31 23:59:59.999999999
40014/0/40100208/40100210/0,2027-04-30,125760520000.0,40014,2027-04-30 23:59:59.999999999
40014/0/40100208/40100210/0,2027-05-31,126352196000.0,40014,2027-05-31 23:59:59.999999999
40014/0/40100208/40100211,2024-12-31,101863630000.0,40014,2024-12-31 23:59:59.999999999
40014/0/40100208/40100211,2025-01-31,104254550000.0,40014,2025-01-31 23:59:59.999999999
40014/0/40100208/40100211,2025-02-28,106645460000.0,40014,2025-02-28 23:59:59.999999999
40014/0/40100208/40100211,2025-03-31,109036390000.0,40014,2025-03-31 23:59:59.999999999
40014/0/40100208/40100211,2025-04-30,111427305000.0,40014,2025-04-30 23:59:59.999999999
40014/0/40100208/40100211,2025-05-31,113818220000.0,40014,2025-05-31 23:59:59.999999999
40014/0/40100208/40100211,2025-06-30,116209140000.0,40014,2025-06-30 23:59:59.999999999
40014/0/40100208/40100211,2025-07-31,118600060000.0,40014,2025-07-31 23:59:59.999999999
40014/0/40100208/40100211,2025-08-31,120990970000.0,40014,2025-08-31 23:59:59.999999999
40014/0/40100208/40100211,2025-09-30,123381890000.0,40014,2025-09-30 23:59:59.999999999
40014/0/40100208/40100211,2025-10-31,125772820000.0,40014,2025-10-31 23:59:59.999999999
40014/0/40100208/40100211,2025-11-30,128163730000.0,40014,2025-11-30 23:59:59.999999999
40014/0/40100208/40100211,2025-12-31,130554650000.0,40014,2025-12-31 23:59:59.999999999
40014/0/40100208/40100211,2026-01-31,132945570000.0,40014,2026-01-31 23:59:59.999999999
40014/0/40100208/40100211,2026-02-28,135336485000.0,40014,2026-02-28 23:59:59.999999999
40014/0/40100208/40100211,2026-03-31,137727410000.0,40014,2026-03-31 23:59:59.999999999
40014/0/40100208/40100211,2026-04-30,140118330000.0,40014,2026-04-30 23:59:59.999999999
40014/0/40100208/40100211,2026-05-31,142509240000.0,40014,2026-05-31 23:59:59.999999999
40014/0/40100208/40100211,2026-06-30,144900160000.0,40014,2026-06-30 23:59:59.999999999
40014/0/40100208/40100211,2026-07-31,147291080000.0,40014,2026-07-31 23:59:59.999999999
40014/0/40100208/40100211,2026-08-31,149682000000.0,40014,2026-08-31 23:59:59.999999999
40014/0/40100208/40100211,2026-09-30,152072910000.0,40014,2026-09-30 23:59:59.999999999
40014/0/40100208/40100211,2026-10-31,154463830000.0,40014,2026-10-31 23:59:59.999999999
40014/0/40100208/40100211,2026-11-30,156854750000.0,40014,2026-11-30 23:59:59.999999999
40014/0/40100208/40100211,2026-12-31,159245660000.0,40014,2026-12-31 23:59:59.999999999
40014/0/40100208/40100211,2027-01-31,161636580000.0,40014,2027-01-31 23:59:59.999999999
40014/0/40100208/40100211,2027-02-28,164027510000.0,40014,2027-02-28 23:59:59.999999999
40014/0/40100208/40100211,2027-03-31,166418430000.0,40014,2027-03-31 23:59:59.999999999
40014/0/40100208/40100211,2027-04-30,168809350000.0,40014,2027-04-30 23:59:59.999999999
40014/0/40100208/40100211,2027-05-31,171200270000.0,40014,2027-05-31 23:59:59.999999999
40014/0/40100208/40100211/40100212,2024-12-31,99796300000.0,40014,2024-12-31 23:59:59.999999999
40014/0/40100208/40100211/40100212,2025-01-31,102128380000.0,40014,2025-01-31 23:59:59.999999999
40014/0/40100208/40100211/40100212,2025-02-28,104460440000.0,40014,2025-02-28 23:59:59.999999999
40014/0/40100208/40100211/40100212,2025-03-31,106792520000.0,40014,2025-03-31 23:59:59.999999999
40014/0/40100208/40100211/40100212,2025-04-30,109124580000.0,40014,2025-04-30 23:59:59.999999999
40014/0/40100208/40100211/40100212,2025-05-31,111456660000.0,40014,2025-05-31 23:59:59.999999999
40014/0/40100208/40100211/40100212,2025-06-30,113788720000.0,40014,2025-06-30 23:59:59.999999999
40014/0/40100208/40100211/40100212,2025-07-31,116120800000.0,40014,2025-07-31 23:59:59.999999999
40014/0/40100208/40100211/40100212,2025-08-31,118452860000.0,40014,2025-08-31 23:59:59.999999999
40014/0/40100208/40100211/40100212,2025-09-30,120784940000.0,40014,2025-09-30 23:59:59.999999999
40014/0/40100208/40100211/40100212,2025-10-31,123117000000.0,40014,2025-10-31 23:59:59.999999999
40014/0/40100208/40100211/40100212,2025-11-30,125449080000.0,40014,2025-11-30 23:59:59.999999999
40014/0/40100208/40100211/40100212,2025-12-31,127781140000.0,40014,2025-12-31 23:59:59.999999999
40014/0/40100208/40100211/40100212,2026-01-31,130113220000.0,40014,2026-01-31 23:59:59.999999999
40014/0/40100208/40100211/40100212,2026-02-28,132445280000.0,40014,2026-02-28 23:59:59.999999999
40014/0/40100208/40100211/40100212,2026-03-31,134777360000.0,40014,2026-03-31 23:59:59.999999999
40014/0/40100208/40100211/40100212,2026-04-30,137109420000.0,40014,2026-04-30 23:59:59.999999999
40014/0/40100208/40100211/40100212,2026-05-31,139441490000.0,40014,2026-05-31 23:59:59.999999999
40014/0/40100208/40100211/40100212,2026-06-30,141773570000.0,40014,2026-06-30 23:59:59.999999999
40014/0/40100208/40100211/40100212,2026-07-31,144105640000.0,40014,2026-07-31 23:59:59.999999999
40014/0/40100208/40100211/40100212,2026-08-31,146437700000.0,40014,2026-08-31 23:59:59.999999999
40014/0/40100208/40100211/40100212,2026-09-30,148769770000.0,40014,2026-09-30 23:59:59.999999999
40014/0/40100208/40100211/40100212,2026-10-31,151101850000.0,40014,2026-10-31 23:59:59.999999999
40014/0/40100208/40100211/40100212,2026-11-30,153433920000.0,40014,2026-11-30 23:59:59.999999999
40014/0/40100208/40100211/40100212,2026-12-31,155765980000.0,40014,2026-12-31 23:59:59.999999999
40014/0/40100208/40100211/40100212,2027-01-31,158098050000.0,40014,2027-01-31 23:59:59.999999999
40014/0/40100208/40100211/40100212,2027-02-28,160430130000.0,40014,2027-02-28 23:59:59.999999999
40014/0/40100208/40100211/40100212,2027-03-31,162762200000.0,40014,2027-03-31 23:59:59.999999999
40014/0/40100208/40100211/40100212,2027-04-30,165094260000.0,40014,2027-04-30 23:59:59.999999999
40014/0/40100208/40100211/40100212,2027-05-31,167426330000.0,40014,2027-05-31 23:59:59.999999999
40014/0/40100208/40100211/40100213,2024-12-31,2103350100.0,40014,2024-12-31 23:59:59.999999999
40014/0/40100208/40100211/40100213,2025-01-31,2194150400.0,40014,2025-01-31 23:59:59.999999999
40014/0/40100208/40100211/40100213,2025-02-28,2243785000.0,40014,2025-02-28 23:59:59.999999999
40014/0/40100208/40100211/40100213,2025-03-31,2293419300.0,40014,2025-03-31 23:59:59.999999999
40014/0/40100208/40100211/40100213,2025-04-30,2343053800.0,40014,2025-04-30 23:59:59.999999999
40014/0/40100208/40100211/40100213,2025-05-31,2392688400.0,40014,2025-05-31 23:59:59.999999999
40014/0/40100208/40100211/40100213,2025-06-30,2442323000.0,40014,2025-06-30 23:59:59.999999999
40014/0/40100208/40100211/40100213,2025-07-31,2491957200.0,40014,2025-07-31 23:59:59.999999999
40014/0/40100208/40100211/40100213,2025-08-31,2541591800.0,40014,2025-08-31 23:59:59.999999999
40014/0/40100208/40100211/40100213,2025-09-30,2591226400.0,40014,2025-09-30 23:59:59.999999999
40014/0/40100208/40100211/40100213,2025-10-31,2640861000.0,40014,2025-10-31 23:59:59.999999999
40014/0/40100208/40100211/40100213,2025-11-30,2690495500.0,40014,2025-11-30 23:59:59.999999999
40014/0/40100208/40100211/40100213,2025-12-31,2740129800.0,40014,2025-12-31 23:59:59.999999999
40014/0/40100208/40100211/40100213,2026-01-31,2789764400.0,40014,2026-01-31 23:59:59.999999999
40014/0/40100208/40100211/40100213,2026-02-28,2839399000.0,40014,2026-02-28 23:59:59.999999999
40014/0/40100208/40100211/40100213,2026-03-31,2889033500.0,40014,2026-03-31 23:59:59.999999999
40014/0/40100208/40100211/40100213,2026-04-30,2938667800.0,40014,2026-04-30 23:59:59.999999999
40014/0/40100208/40100211/40100213,2026-05-31,2988302300.0,40014,2026-05-31 23:59:59.999999999
40014/0/40100208/40100211/40100213,2026-06-30,3037937000.0,40014,2026-06-30 23:59:59.999999999
40014/0/40100208/40100211/40100213,2026-07-31,3087571500.0,40014,2026-07-31 23:59:59.999999999
40014/0/40100208/40100211/40100213,2026-08-31,3137206000.0,40014,2026-08-31 23:59:59.999999999
40014/0/40100208/40100211/40100213,2026-09-30,3186840300.0,40014,2026-09-30 23:59:59.999999999
40014/0/40100208/40100211/40100213,2026-10-31,3236475000.0,40014,2026-10-31 23:59:59.999999999
40014/0/40100208/40100211/40100213,2026-11-30,3286109400.0,40014,2026-11-30 23:59:59.999999999
40014/0/40100208/40100211/40100213,2026-12-31,3335744000.0,40014,2026-12-31 23:59:59.999999999
40014/0/40100208/40100211/40100213,2027-01-31,3385378300.0,40014,2027-01-31 23:59:59.999999999
40014/0/40100208/40100211/40100213,2027-02-28,3435012900.0,40014,2027-02-28 23:59:59.999999999
40014/0/40100208/40100211/40100213,2027-03-31,3484647400.0,40014,2027-03-31 23:59:59.999999999
40014/0/40100208/40100211/40100213,2027-04-30,3534282000.0,40014,2027-04-30 23:59:59.999999999
40014/0/40100208/40100211/40100213,2027-05-31,3583916500.0,40014,2027-05-31 23:59:59.999999999
40014/0/40100208/40100214,2024-12-31,0.0,40014,2024-12-31 23:59:59.999999999
40014/0/40100208/40100214,2025-01-31,0.0,40014,2025-01-31 23:59:59.999999999
40014/0/40100208/40100214,2025-02-28,0.0,40014,2025-02-28 23:59:59.999999999
40014/0/40100208/40100214,2025-03-31,0.0,40014,2025-03-31 23:59:59.999999999
40014/0/40100208/40100214,2025-04-30,0.0,40014,2025-04-30 23:59:59.999999999
40014/0/40100208/40100214,2025-05-31,0.0,40014,2025-05-31 23:59:59.999999999
40014/0/40100208/40100214,2025-06-30,0.0,40014,2025-06-30 23:59:59.999999999
40014/0/40100208/40100214,2025-07-31,0.0,40014,2025-07-31 23:59:59.999999999
40014/0/40100208/40100214,2025-08-31,0.0,40014,2025-08-31 23:59:59.999999999
40014/0/40100208/40100214,2025-09-30,0.0,40014,2025-09-30 23:59:59.999999999
40014/0/40100208/40100214,2025-10-31,0.0,40014,2025-10-31 23:59:59.999999999
40014/0/40100208/40100214,2025-11-30,0.0,40014,2025-11-30 23:59:59.999999999
40014/0/40100208/40100214,2025-12-31,0.0,40014,2025-12-31 23:59:59.999999999
40014/0/40100208/40100214,2026-01-31,0.0,40014,2026-01-31 23:59:59.999999999
40014/0/40100208/40100214,2026-02-28,0.0,40014,2026-02-28 23:59:59.999999999
40014/0/40100208/40100214,2026-03-31,0.0,40014,2026-03-31 23:59:59.999999999
40014/0/40100208/40100214,2026-04-30,0.0,40014,2026-04-30 23:59:59.999999999
40014/0/40100208/40100214,2026-05-31,0.0,40014,2026-05-31 23:59:59.999999999
40014/0/40100208/40100214,2026-06-30,0.0,40014,2026-06-30 23:59:59.999999999
40014/0/40100208/40100214,2026-07-31,0.0,40014,2026-07-31 23:59:59.999999999
40014/0/40100208/40100214,2026-08-31,0.0,40014,2026-08-31 23:59:59.999999999
40014/0/40100208/40100214,2026-09-30,0.0,40014,2026-09-30 23:59:59.999999999
40014/0/40100208/40100214,2026-10-31,0.0,40014,2026-10-31 23:59:59.999999999
40014/0/40100208/40100214,2026-11-30,0.0,40014,2026-11-30 23:59:59.999999999
40014/0/40100208/40100214,2026-12-31,0.0,40014,2026-12-31 23:59:59.999999999
40014/0/40100208/40100214,2027-01-31,0.0,40014,2027-01-31 23:59:59.999999999
40014/0/40100208/40100214,2027-02-28,0.0,40014,2027-02-28 23:59:59.999999999
40014/0/40100208/40100214,2027-03-31,0.0,40014,2027-03-31 23:59:59.999999999
40014/0/40100208/40100214,2027-04-30,0.0,40014,2027-04-30 23:59:59.999999999
40014/0/40100208/40100214,2027-05-31,0.0,40014,2027-05-31 23:59:59.999999999
40014/0/40100208/40100214/0,2024-12-31,0.0,40014,2024-12-31 23:59:59.999999999
40014/0/40100208/40100214/0,2025-01-31,0.0,40014,2025-01-31 23:59:59.999999999
40014/0/40100208/40100214/0,2025-02-28,0.0,40014,2025-02-28 23:59:59.999999999
40014/0/40100208/40100214/0,2025-03-31,0.0,40014,2025-03-31 23:59:59.999999999
40014/0/40100208/40100214/0,2025-04-30,0.0,40014,2025-04-30 23:59:59.999999999
40014/0/40100208/40100214/0,2025-05-31,0.0,40014,2025-05-31 23:59:59.999999999
40014/0/40100208/40100214/0,2025-06-30,0.0,40014,2025-06-30 23:59:59.999999999
40014/0/40100208/40100214/0,2025-07-31,0.0,40014,2025-07-31 23:59:59.999999999
40014/0/40100208/40100214/0,2025-08-31,0.0,40014,2025-08-31 23:59:59.999999999
40014/0/40100208/40100214/0,2025-09-30,0.0,40014,2025-09-30 23:59:59.999999999
40014/0/40100208/40100214/0,2025-10-31,0.0,40014,2025-10-31 23:59:59.999999999
40014/0/40100208/40100214/0,2025-11-30,0.0,40014,2025-11-30 23:59:59.999999999
40014/0/40100208/40100214/0,2025-12-31,0.0,40014,2025-12-31 23:59:59.999999999
40014/0/40100208/40100214/0,2026-01-31,0.0,40014,2026-01-31 23:59:59.999999999
40014/0/40100208/40100214/0,2026-02-28,0.0,40014,2026-02-28 23:59:59.999999999
40014/0/40100208/40100214/0,2026-03-31,0.0,40014,2026-03-31 23:59:59.999999999
40014/0/40100208/40100214/0,2026-04-30,0.0,40014,2026-04-30 23:59:59.999999999
40014/0/40100208/40100214/0,2026-05-31,0.0,40014,2026-05-31 23:59:59.999999999
40014/0/40100208/40100214/0,2026-06-30,0.0,40014,2026-06-30 23:59:59.999999999
40014/0/40100208/40100214/0,2026-07-31,0.0,40014,2026-07-31 23:59:59.999999999
40014/0/40100208/40100214/0,2026-08-31,0.0,40014,2026-08-31 23:59:59.999999999
40014/0/40100208/40100214/0,2026-09-30,0.0,40014,2026-09-30 23:59:59.999999999
40014/0/40100208/40100214/0,2026-10-31,0.0,40014,2026-10-31 23:59:59.999999999
40014/0/40100208/40100214/0,2026-11-30,0.0,40014,2026-11-30 23:59:59.999999999
40014/0/40100208/40100214/0,2026-12-31,0.0,40014,2026-12-31 23:59:59.999999999
40014/0/40100208/40100214/0,2027-01-31,0.0,40014,2027-01-31 23:59:59.999999999
40014/0/40100208/40100214/0,2027-02-28,0.0,40014,2027-02-28 23:59:59.999999999
40014/0/40100208/40100214/0,2027-03-31,0.0,40014,2027-03-31 23:59:59.999999999
40014/0/40100208/40100214/0,2027-04-30,0.0,40014,2027-04-30 23:59:59.999999999
40014/0/40100208/40100214/0,2027-05-31,0.0,40014,2027-05-31 23:59:59.999999999
40014/0/40100208/40100215,2024-12-31,1042904060.0,40014,2024-12-31 23:59:59.999999999
40014/0/40100208/40100215,2025-01-31,1071873660.0,40014,2025-01-31 23:59:59.999999999
40014/0/40100208/40100215,2025-02-28,1100843300.0,40014,2025-02-28 23:59:59.999999999
40014/0/40100208/40100215,2025-03-31,1129812700.0,40014,2025-03-31 23:59:59.999999999
40014/0/40100208/40100215,2025-04-30,1158782300.0,40014,2025-04-30 23:59:59.999999999
40014/0/40100208/40100215,2025-05-31,1187752000.0,40014,2025-05-31 23:59:59.999999999
40014/0/40100208/40100215,2025-06-30,1216721400.0,40014,2025-06-30 23:59:59.999999999
40014/0/40100208/40100215,2025-07-31,1245691000.0,40014,2025-07-31 23:59:59.999999999
40014/0/40100208/40100215,2025-08-31,1274660600.0,40014,2025-08-31 23:59:59.999999999
40014/0/40100208/40100215,2025-09-30,1303630100.0,40014,2025-09-30 23:59:59.999999999
40014/0/40100208/40100215,2025-10-31,1332599700.0,40014,2025-10-31 23:59:59.999999999
40014/0/40100208/40100215,2025-11-30,1361569300.0,40014,2025-11-30 23:59:59.999999999
40014/0/40100208/40100215,2025-12-31,1390538800.0,40014,2025-12-31 23:59:59.999999999
40014/0/40100208/40100215,2026-01-31,1419508400.0,40014,2026-01-31 23:59:59.999999999
40014/0/40100208/40100215,2026-02-28,1448478000.0,40014,2026-02-28 23:59:59.999999999
40014/0/40100208/40100215,2026-03-31,1477447400.0,40014,2026-03-31 23:59:59.999999999
40014/0/40100208/40100215,2026-04-30,1506417000.0,40014,2026-04-30 23:59:59.999999999
40014/0/40100208/40100215,2026-05-31,1535386600.0,40014,2026-05-31 23:59:59.999999999
40014/0/40100208/40100215,2026-06-30,1564356100.0,40014,2026-06-30 23:59:59.999999999
40014/0/40100208/40100215,2026-07-31,1593325700.0,40014,2026-07-31 23:59:59.999999999
40014/0/40100208/40100215,2026-08-31,1622295300.0,40014,2026-08-31 23:59:59.999999999
40014/0/40100208/40100215,2026-09-30,1651264800.0,40014,2026-09-30 23:59:59.999999999
40014/0/40100208/40100215,2026-10-31,1680234400.0,40014,2026-10-31 23:59:59.999999999
40014/0/40100208/40100215,2026-11-30,1709204000.0,40014,2026-11-30 23:59:59.999999999
40014/0/40100208/40100215,2026-12-31,1738173400.0,40014,2026-12-31 23:59:59.999999999
40014/0/40100208/40100215,2027-01-31,1767143000.0,40014,2027-01-31 23:59:59.999999999
40014/0/40100208/40100215,2027-02-28,1796112600.0,40014,2027-02-28 23:59:59.999999999
40014/0/40100208/40100215,2027-03-31,1825082100.0,40014,2027-03-31 23:59:59.999999999
40014/0/40100208/40100215,2027-04-30,1854051700.0,40014,2027-04-30 23:59:59.999999999
40014/0/40100208/40100215,2027-05-31,1883021300.0,40014,2027-05-31 23:59:59.999999999
40014/0/40100208/40100215/0,2024-12-31,1042904060.0,40014,2024-12-31 23:59:59.999999999
40014/0/40100208/40100215/0,2025-01-31,1071873660.0,40014,2025-01-31 23:59:59.999999999
40014/0/40100208/40100215/0,2025-02-28,1100843300.0,40014,2025-02-28 23:59:59.999999999
40014/0/40100208/40100215/0,2025-03-31,1129812700.0,40014,2025-03-31 23:59:59.999999999
40014/0/40100208/40100215/0,2025-04-30,1158782300.0,40014,2025-04-30 23:59:59.999999999
40014/0/40100208/40100215/0,2025-05-31,1187752000.0,40014,2025-05-31 23:59:59.999999999
40014/0/40100208/40100215/0,2025-06-30,1216721400.0,40014,2025-06-30 23:59:59.999999999
40014/0/40100208/40100215/0,2025-07-31,1245691000.0,40014,2025-07-31 23:59:59.999999999
40014/0/40100208/40100215/0,2025-08-31,1274660600.0,40014,2025-08-31 23:59:59.999999999
40014/0/40100208/40100215/0,2025-09-30,1303630100.0,40014,2025-09-30 23:59:59.999999999
40014/0/40100208/40100215/0,2025-10-31,1332599700.0,40014,2025-10-31 23:59:59.999999999
40014/0/40100208/40100215/0,2025-11-30,1361569300.0,40014,2025-11-30 23:59:59.999999999
40014/0/40100208/40100215/0,2025-12-31,1390538800.0,40014,2025-12-31 23:59:59.999999999
40014/0/40100208/40100215/0,2026-01-31,1419508400.0,40014,2026-01-31 23:59:59.999999999
40014/0/40100208/40100215/0,2026-02-28,1448478000.0,40014,2026-02-28 23:59:59.999999999
40014/0/40100208/40100215/0,2026-03-31,1477447400.0,40014,2026-03-31 23:59:59.999999999
40014/0/40100208/40100215/0,2026-04-30,1506417000.0,40014,2026-04-30 23:59:59.999999999
40014/0/40100208/40100215/0,2026-05-31,1535386600.0,40014,2026-05-31 23:59:59.999999999
40014/0/40100208/40100215/0,2026-06-30,1564356100.0,40014,2026-06-30 23:59:59.999999999
40014/0/40100208/40100215/0,2026-07-31,1593325700.0,40014,2026-07-31 23:59:59.999999999
40014/0/40100208/40100215/0,2026-08-31,1622295300.0,40014,2026-08-31 23:59:59.999999999
40014/0/40100208/40100215/0,2026-09-30,1651264800.0,40014,2026-09-30 23:59:59.999999999
40014/0/40100208/40100215/0,2026-10-31,1680234400.0,40014,2026-10-31 23:59:59.999999999
40014/0/40100208/40100215/0,2026-11-30,1709204000.0,40014,2026-11-30 23:59:59.999999999
40014/0/40100208/40100215/0,2026-12-31,1738173400.0,40014,2026-12-31 23:59:59.999999999
40014/0/40100208/40100215/0,2027-01-31,1767143000.0,40014,2027-01-31 23:59:59.999999999
40014/0/40100208/40100215/0,2027-02-28,1796112600.0,40014,2027-02-28 23:59:59.999999999
40014/0/40100208/40100215/0,2027-03-31,1825082100.0,40014,2027-03-31 23:59:59.999999999
40014/0/40100208/40100215/0,2027-04-30,1854051700.0,40014,2027-04-30 23:59:59.999999999
40014/0/40100208/40100215/0,2027-05-31,1883021300.0,40014,2027-05-31 23:59:59.999999999
40014/0/40100208/40100216,2024-12-31,1.0891852e-12,40014,2024-12-31 23:59:59.999999999
40014/0/40100208/40100216,2025-01-31,-1.6912023e-12,40014,2025-01-31 23:59:59.999999999
40014/0/40100208/40100216,2025-02-28,-6.207279e-12,40014,2025-02-28 23:59:59.999999999
40014/0/40100208/40100216,2025-03-31,-6.221716e-12,40014,2025-03-31 23:59:59.999999999
40014/0/40100208/40100216,2025-04-30,-1.8474501e-12,40014,2025-04-30 23:59:59.999999999
40014/0/40100208/40100216,2025-05-31,-3.2861483e-12,40014,2025-05-31 23:59:59.999999999
40014/0/40100208/40100216,2025-06-30,-3.8493765e-12,40014,2025-06-30 23:59:59.999999999
40014/0/40100208/40100216,2025-07-31,-3.3701251e-12,40014,2025-07-31 23:59:59.999999999
40014/0/40100208/40100216,2025-08-31,-1.6728936e-12,40014,2025-08-31 23:59:59.999999999
40014/0/40100208/40100216,2025-09-30,-2.634472e-12,40014,2025-09-30 23:59:59.999999999
40014/0/40100208/40100216,2025-10-31,-2.4015932e-12,40014,2025-10-31 23:59:59.999999999
40014/0/40100208/40100216,2025-11-30,-1.9975185e-12,40014,2025-11-30 23:59:59.999999999
40014/0/40100208/40100216,2025-12-31,-4.5373462e-13,40014,2025-12-31 23:59:59.999999999
40014/0/40100208/40100216,2026-01-31,-1.966411e-12,40014,2026-01-31 23:59:59.999999999
40014/0/40100208/40100216,2026-02-28,-2.5448805e-11,40014,2026-02-28 23:59:59.999999999
40014/0/40100208/40100216,2026-03-31,-2.5448468e-11,40014,2026-03-31 23:59:59.999999999
40014/0/40100208/40100216,2026-04-30,1.9259323e-12,40014,2026-04-30 23:59:59.999999999
40014/0/40100208/40100216,2026-05-31,1.959427e-12,40014,2026-05-31 23:59:59.999999999
40014/0/40100208/40100216,2026-06-30,1.9725398e-12,40014,2026-06-30 23:59:59.999999999
40014/0/40100208/40100216,2026-07-31,1.9613822e-12,40014,2026-07-31 23:59:59.999999999
40014/0/40100208/40100216,2026-08-31,1.9218683e-12,40014,2026-08-31 23:59:59.999999999
40014/0/40100208/40100216,2026-09-30,1.944255e-12,40014,2026-09-30 23:59:59.999999999
40014/0/40100208/40100216,2026-10-31,1.9388334e-12,40014,2026-10-31 23:59:59.999999999
40014/0/40100208/40100216,2026-11-30,1.929426e-12,40014,2026-11-30 23:59:59.999999999
40014/0/40100208/40100216,2026-12-31,1.5991192e-12,40014,2026-12-31 23:59:59.999999999
40014/0/40100208/40100216,2027-01-31,2.3857698e-12,40014,2027-01-31 23:59:59.999999999
40014/0/40100208/40100216,2027-02-28,4.152996e-12,40014,2027-02-28 23:59:59.999999999
40014/0/40100208/40100216,2027-03-31,4.1568897e-12,40014,2027-03-31 23:59:59.999999999
40014/0/40100208/40100216,2027-04-30,2.3373786e-12,40014,2027-04-30 23:59:59.999999999
40014/0/40100208/40100216,2027-05-31,2.7254245e-12,40014,2027-05-31 23:59:59.999999999
40014/0/40100208/40100216/0,2024-12-31,1.0891852e-12,40014,2024-12-31 23:59:59.999999999
40014/0/40100208/40100216/0,2025-01-31,-1.6912023e-12,40014,2025-01-31 23:59:59.999999999
40014/0/40100208/40100216/0,2025-02-28,-6.207279e-12,40014,2025-02-28 23:59:59.999999999
40014/0/40100208/40100216/0,2025-03-31,-6.221716e-12,40014,2025-03-31 23:59:59.999999999
40014/0/40100208/40100216/0,2025-04-30,-1.8474501e-12,40014,2025-04-30 23:59:59.999999999
40014/0/40100208/40100216/0,2025-05-31,-3.2861483e-12,40014,2025-05-31 23:59:59.999999999
40014/0/40100208/40100216/0,2025-06-30,-3.8493765e-12,40014,2025-06-30 23:59:59.999999999
40014/0/40100208/40100216/0,2025-07-31,-3.3701251e-12,40014,2025-07-31 23:59:59.999999999
40014/0/40100208/40100216/0,2025-08-31,-1.6728936e-12,40014,2025-08-31 23:59:59.999999999
40014/0/40100208/40100216/0,2025-09-30,-2.634472e-12,40014,2025-09-30 23:59:59.999999999
40014/0/40100208/40100216/0,2025-10-31,-2.4015932e-12,40014,2025-10-31 23:59:59.999999999
40014/0/40100208/40100216/0,2025-11-30,-1.9975185e-12,40014,2025-11-30 23:59:59.999999999
40014/0/40100208/40100216/0,2025-12-31,-4.5373462e-13,40014,2025-12-31 23:59:59.999999999
40014/0/40100208/40100216/0,2026-01-31,-1.966411e-12,40014,2026-01-31 23:59:59.999999999
40014/0/40100208/40100216/0,2026-02-28,-2.5448805e-11,40014,2026-02-28 23:59:59.999999999
40014/0/40100208/40100216/0,2026-03-31,-2.5448468e-11,40014,2026-03-31 23:59:59.999999999
40014/0/40100208/40100216/0,2026-04-30,1.9259323e-12,40014,2026-04-30 23:59:59.999999999
40014/0/40100208/40100216/0,2026-05-31,1.959427e-12,40014,2026-05-31 23:59:59.999999999
40014/0/40100208/40100216/0,2026-06-30,1.9725398e-12,40014,2026-06-30 23:59:59.999999999
40014/0/40100208/40100216/0,2026-07-31,1.9613822e-12,40014,2026-07-31 23:59:59.999999999
40014/0/40100208/40100216/0,2026-08-31,1.9218683e-12,40014,2026-08-31 23:59:59.999999999
40014/0/40100208/40100216/0,2026-09-30,1.944255e-12,40014,2026-09-30 23:59:59.999999999
40014/0/40100208/40100216/0,2026-10-31,1.9388334e-12,40014,2026-10-31 23:59:59.999999999
40014/0/40100208/40100216/0,2026-11-30,1.929426e-12,40014,2026-11-30 23:59:59.999999999
40014/0/40100208/40100216/0,2026-12-31,1.5991192e-12,40014,2026-12-31 23:59:59.999999999
40014/0/40100208/40100216/0,2027-01-31,2.3857698e-12,40014,2027-01-31 23:59:59.999999999
40014/0/40100208/40100216/0,2027-02-28,4.152996e-12,40014,2027-02-28 23:59:59.999999999
40014/0/40100208/40100216/0,2027-03-31,4.1568897e-12,40014,2027-03-31 23:59:59.999999999
40014/0/40100208/40100216/0,2027-04-30,2.3373786e-12,40014,2027-04-30 23:59:59.999999999
40014/0/40100208/40100216/0,2027-05-31,2.7254245e-12,40014,2027-05-31 23:59:59.999999999
40014/0/40100218,2024-12-31,465712220000.0,40014,2024-12-31 23:59:59.999999999
40014/0/40100218,2025-01-31,468736640000.0,40014,2025-01-31 23:59:59.999999999
40014/0/40100218,2025-02-28,471761030000.0,40014,2025-02-28 23:59:59.999999999
40014/0/40100218,2025-03-31,474785450000.0,40014,2025-03-31 23:59:59.999999999
40014/0/40100218,2025-04-30,477809840000.0,40014,2025-04-30 23:59:59.999999999
40014/0/40100218,2025-05-31,480834220000.0,40014,2025-05-31 23:59:59.999999999
40014/0/40100218,2025-06-30,483858640000.0,40014,2025-06-30 23:59:59.999999999
40014/0/40100218,2025-07-31,486883030000.0,40014,2025-07-31 23:59:59.999999999
40014/0/40100218,2025-08-31,489907450000.0,40014,2025-08-31 23:59:59.999999999
40014/0/40100218,2025-09-30,492931840000.0,40014,2025-09-30 23:59:59.999999999
40014/0/40100218,2025-10-31,495956230000.0,40014,2025-10-31 23:59:59.999999999
40014/0/40100218,2025-11-30,498980650000.0,40014,2025-11-30 23:59:59.999999999
40014/0/40100218,2025-12-31,502005040000.0,40014,2025-12-31 23:59:59.999999999
40014/0/40100218,2026-01-31,505029430000.0,40014,2026-01-31 23:59:59.999999999
40014/0/40100218,2026-02-28,508053850000.0,40014,2026-02-28 23:59:59.999999999
40014/0/40100218,2026-03-31,511078240000.0,40014,2026-03-31 23:59:59.999999999
40014/0/40100218,2026-04-30,514102660000.0,40014,2026-04-30 23:59:59.999999999
40014/0/40100218,2026-05-31,517127050000.0,40014,2026-05-31 23:59:59.999999999
40014/0/40100218,2026-06-30,520151430000.0,40014,2026-06-30 23:59:59.999999999
40014/0/40100218,2026-07-31,523175850000.0,40014,2026-07-31 23:59:59.999999999
40014/0/40100218,2026-08-31,526200240000.0,40014,2026-08-31 23:59:59.999999999
40014/0/40100218,2026-09-30,529224660000.0,40014,2026-09-30 23:59:59.999999999
40014/0/40100218,2026-10-31,532249050000.0,40014,2026-10-31 23:59:59.999999999
40014/0/40100218,2026-11-30,535273440000.0,40014,2026-11-30 23:59:59.999999999
40014/0/40100218,2026-12-31,538297860000.0,40014,2026-12-31 23:59:59.999999999
40014/0/40100218,2027-01-31,541322250000.0,40014,2027-01-31 23:59:59.999999999
40014/0/40100218,2027-02-28,544346670000.0,40014,2027-02-28 23:59:59.999999999
40014/0/40100218,2027-03-31,547371060000.0,40014,2027-03-31 23:59:59.999999999
40014/0/40100218,2027-04-30,550395450000.0,40014,2027-04-30 23:59:59.999999999
40014/0/40100218,2027-05-31,553419870000.0,40014,2027-05-31 23:59:59.999999999
40014/0/40100218/0,2024-12-31,465712220000.0,40014,2024-12-31 23:59:59.999999999
40014/0/40100218/0,2025-01-31,468736640000.0,40014,2025-01-31 23:59:59.999999999
40014/0/40100218/0,2025-02-28,471761030000.0,40014,2025-02-28 23:59:59.999999999
40014/0/40100218/0,2025-03-31,474785450000.0,40014,2025-03-31 23:59:59.999999999
40014/0/40100218/0,2025-04-30,477809840000.0,40014,2025-04-30 23:59:59.999999999
40014/0/40100218/0,2025-05-31,480834220000.0,40014,2025-05-31 23:59:59.999999999
40014/0/40100218/0,2025-06-30,483858640000.0,40014,2025-06-30 23:59:59.999999999
40014/0/40100218/0,2025-07-31,486883030000.0,40014,2025-07-31 23:59:59.999999999
40014/0/40100218/0,2025-08-31,489907450000.0,40014,2025-08-31 23:59:59.999999999
40014/0/40100218/0,2025-09-30,492931840000.0,40014,2025-09-30 23:59:59.999999999
40014/0/40100218/0,2025-10-31,495956230000.0,40014,2025-10-31 23:59:59.999999999
40014/0/40100218/0,2025-11-30,498980650000.0,40014,2025-11-30 23:59:59.999999999
40014/0/40100218/0,2025-12-31,502005040000.0,40014,2025-12-31 23:59:59.999999999
40014/0/40100218/0,2026-01-31,505029430000.0,40014,2026-01-31 23:59:59.999999999
40014/0/40100218/0,2026-02-28,508053850000.0,40014,2026-02-28 23:59:59.999999999
40014/0/40100218/0,2026-03-31,511078240000.0,40014,2026-03-31 23:59:59.999999999
40014/0/40100218/0,2026-04-30,514102660000.0,40014,2026-04-30 23:59:59.999999999
40014/0/40100218/0,2026-05-31,517127050000.0,40014,2026-05-31 23:59:59.999999999
40014/0/40100218/0,2026-06-30,520151430000.0,40014,2026-06-30 23:59:59.999999999
40014/0/40100218/0,2026-07-31,523175850000.0,40014,2026-07-31 23:59:59.999999999
40014/0/40100218/0,2026-08-31,526200240000.0,40014,2026-08-31 23:59:59.999999999
40014/0/40100218/0,2026-09-30,529224660000.0,40014,2026-09-30 23:59:59.999999999
40014/0/40100218/0,2026-10-31,532249050000.0,40014,2026-10-31 23:59:59.999999999
40014/0/40100218/0,2026-11-30,535273440000.0,40014,2026-11-30 23:59:59.999999999
40014/0/40100218/0,2026-12-31,538297860000.0,40014,2026-12-31 23:59:59.999999999
40014/0/40100218/0,2027-01-31,541322250000.0,40014,2027-01-31 23:59:59.999999999
40014/0/40100218/0,2027-02-28,544346670000.0,40014,2027-02-28 23:59:59.999999999
40014/0/40100218/0,2027-03-31,547371060000.0,40014,2027-03-31 23:59:59.999999999
40014/0/40100218/0,2027-04-30,550395450000.0,40014,2027-04-30 23:59:59.999999999
40014/0/40100218/0,2027-05-31,553419870000.0,40014,2027-05-31 23:59:59.999999999
40014/0/40100218/0/0,2024-12-31,465712220000.0,40014,2024-12-31 23:59:59.999999999
40014/0/40100218/0/0,2025-01-31,468736640000.0,40014,2025-01-31 23:59:59.999999999
40014/0/40100218/0/0,2025-02-28,471761030000.0,40014,2025-02-28 23:59:59.999999999
40014/0/40100218/0/0,2025-03-31,474785450000.0,40014,2025-03-31 23:59:59.999999999
40014/0/40100218/0/0,2025-04-30,477809840000.0,40014,2025-04-30 23:59:59.999999999
40014/0/40100218/0/0,2025-05-31,480834220000.0,40014,2025-05-31 23:59:59.999999999
40014/0/40100218/0/0,2025-06-30,483858640000.0,40014,2025-06-30 23:59:59.999999999
40014/0/40100218/0/0,2025-07-31,486883030000.0,40014,2025-07-31 23:59:59.999999999
40014/0/40100218/0/0,2025-08-31,489907450000.0,40014,2025-08-31 23:59:59.999999999
40014/0/40100218/0/0,2025-09-30,492931840000.0,40014,2025-09-30 23:59:59.999999999
40014/0/40100218/0/0,2025-10-31,495956230000.0,40014,2025-10-31 23:59:59.999999999
40014/0/40100218/0/0,2025-11-30,498980650000.0,40014,2025-11-30 23:59:59.999999999
40014/0/40100218/0/0,2025-12-31,502005040000.0,40014,2025-12-31 23:59:59.999999999
40014/0/40100218/0/0,2026-01-31,505029430000.0,40014,2026-01-31 23:59:59.999999999
40014/0/40100218/0/0,2026-02-28,508053850000.0,40014,2026-02-28 23:59:59.999999999
40014/0/40100218/0/0,2026-03-31,511078240000.0,40014,2026-03-31 23:59:59.999999999
40014/0/40100218/0/0,2026-04-30,514102660000.0,40014,2026-04-30 23:59:59.999999999
40014/0/40100218/0/0,2026-05-31,517127050000.0,40014,2026-05-31 23:59:59.999999999
40014/0/40100218/0/0,2026-06-30,520151430000.0,40014,2026-06-30 23:59:59.999999999
40014/0/40100218/0/0,2026-07-31,523175850000.0,40014,2026-07-31 23:59:59.999999999
40014/0/40100218/0/0,2026-08-31,526200240000.0,40014,2026-08-31 23:59:59.999999999
40014/0/40100218/0/0,2026-09-30,529224660000.0,40014,2026-09-30 23:59:59.999999999
40014/0/40100218/0/0,2026-10-31,532249050000.0,40014,2026-10-31 23:59:59.999999999
40014/0/40100218/0/0,2026-11-30,535273440000.0,40014,2026-11-30 23:59:59.999999999
40014/0/40100218/0/0,2026-12-31,538297860000.0,40014,2026-12-31 23:59:59.999999999
40014/0/40100218/0/0,2027-01-31,541322250000.0,40014,2027-01-31 23:59:59.999999999
40014/0/40100218/0/0,2027-02-28,544346670000.0,40014,2027-02-28 23:59:59.999999999
40014/0/40100218/0/0,2027-03-31,547371060000.0,40014,2027-03-31 23:59:59.999999999
40014/0/40100218/0/0,2027-04-30,550395450000.0,40014,2027-04-30 23:59:59.999999999
40014/0/40100218/0/0,2027-05-31,553419870000.0,40014,2027-05-31 23:59:59.999999999
40014/0/40100219,2024-12-31,3915179300.0,40014,2024-12-31 23:59:59.999999999
40014/0/40100219,2025-01-31,3926926000.0,40014,2025-01-31 23:59:59.999999999
40014/0/40100219,2025-02-28,3912819700.0,40014,2025-02-28 23:59:59.999999999
40014/0/40100219,2025-03-31,3950688800.0,40014,2025-03-31 23:59:59.999999999
40014/0/40100219,2025-04-30,3927943200.0,40014,2025-04-30 23:59:59.999999999
40014/0/40100219,2025-05-31,3947748400.0,40014,2025-05-31 23:59:59.999999999
40014/0/40100219,2025-06-30,3960848000.0,40014,2025-06-30 23:59:59.999999999
40014/0/40100219,2025-07-31,3957581000.0,40014,2025-07-31 23:59:59.999999999
40014/0/40100219,2025-08-31,3981443300.0,40014,2025-08-31 23:59:59.999999999
40014/0/40100219,2025-09-30,3979412000.0,40014,2025-09-30 23:59:59.999999999
40014/0/40100219,2025-10-31,3991914800.0,40014,2025-10-31 23:59:59.999999999
40014/0/40100219,2025-11-30,4012165600.0,40014,2025-11-30 23:59:59.999999999
40014/0/40100219,2025-12-31,4013248000.0,40014,2025-12-31 23:59:59.999999999
40014/0/40100219,2026-01-31,4028846600.0,40014,2026-01-31 23:59:59.999999999
40014/0/40100219,2026-02-28,4031070500.0,40014,2026-02-28 23:59:59.999999999
40014/0/40100219,2026-03-31,4042403000.0,40014,2026-03-31 23:59:59.999999999
40014/0/40100219,2026-04-30,4045145000.0,40014,2026-04-30 23:59:59.999999999
40014/0/40100219,2026-05-31,4051012900.0,40014,2026-05-31 23:59:59.999999999
40014/0/40100219,2026-06-30,4064038000.0,40014,2026-06-30 23:59:59.999999999
40014/0/40100219,2026-07-31,4070615600.0,40014,2026-07-31 23:59:59.999999999
40014/0/40100219,2026-08-31,4079729200.0,40014,2026-08-31 23:59:59.999999999
40014/0/40100219,2026-09-30,4089939500.0,40014,2026-09-30 23:59:59.999999999
40014/0/40100219,2026-10-31,4095993600.0,40014,2026-10-31 23:59:59.999999999
40014/0/40100219,2026-11-30,4113613600.0,40014,2026-11-30 23:59:59.999999999
40014/0/40100219,2026-12-31,4120723200.0,40014,2026-12-31 23:59:59.999999999
40014/0/40100219,2027-01-31,4128327200.0,40014,2027-01-31 23:59:59.999999999
40014/0/40100219,2027-02-28,4136974800.0,40014,2027-02-28 23:59:59.999999999
40014/0/40100219,2027-03-31,4145075700.0,40014,2027-03-31 23:59:59.999999999
40014/0/40100219,2027-04-30,4148049000.0,40014,2027-04-30 23:59:59.999999999
40014/0/40100219,2027-05-31,4157144800.0,40014,2027-05-31 23:59:59.999999999
40014/0/40100219/0,2024-12-31,3915179300.0,40014,2024-12-31 23:59:59.999999999
40014/0/40100219/0,2025-01-31,3926926000.0,40014,2025-01-31 23:59:59.999999999
40014/0/40100219/0,2025-02-28,3912819700.0,40014,2025-02-28 23:59:59.999999999
40014/0/40100219/0,2025-03-31,3950688800.0,40014,2025-03-31 23:59:59.999999999
40014/0/40100219/0,2025-04-30,3927943200.0,40014,2025-04-30 23:59:59.999999999
40014/0/40100219/0,2025-05-31,3947748400.0,40014,2025-05-31 23:59:59.999999999
40014/0/40100219/0,2025-06-30,3960848000.0,40014,2025-06-30 23:59:59.999999999
40014/0/40100219/0,2025-07-31,3957581000.0,40014,2025-07-31 23:59:59.999999999
40014/0/40100219/0,2025-08-31,3981443300.0,40014,2025-08-31 23:59:59.999999999
40014/0/40100219/0,2025-09-30,3979412000.0,40014,2025-09-30 23:59:59.999999999
40014/0/40100219/0,2025-10-31,3991914800.0,40014,2025-10-31 23:59:59.999999999
40014/0/40100219/0,2025-11-30,4012165600.0,40014,2025-11-30 23:59:59.999999999
40014/0/40100219/0,2025-12-31,4013248000.0,40014,2025-12-31 23:59:59.999999999
40014/0/40100219/0,2026-01-31,4028846600.0,40014,2026-01-31 23:59:59.999999999
40014/0/40100219/0,2026-02-28,4031070500.0,40014,2026-02-28 23:59:59.999999999
40014/0/40100219/0,2026-03-31,4042403000.0,40014,2026-03-31 23:59:59.999999999
40014/0/40100219/0,2026-04-30,4045145000.0,40014,2026-04-30 23:59:59.999999999
40014/0/40100219/0,2026-05-31,4051012900.0,40014,2026-05-31 23:59:59.999999999
40014/0/40100219/0,2026-06-30,4064038000.0,40014,2026-06-30 23:59:59.999999999
40014/0/40100219/0,2026-07-31,4070615600.0,40014,2026-07-31 23:59:59.999999999
40014/0/40100219/0,2026-08-31,4079729200.0,40014,2026-08-31 23:59:59.999999999
40014/0/40100219/0,2026-09-30,4089939500.0,40014,2026-09-30 23:59:59.999999999
40014/0/40100219/0,2026-10-31,4095993600.0,40014,2026-10-31 23:59:59.999999999
40014/0/40100219/0,2026-11-30,4113613600.0,40014,2026-11-30 23:59:59.999999999
40014/0/40100219/0,2026-12-31,4120723200.0,40014,2026-12-31 23:59:59.999999999
40014/0/40100219/0,2027-01-31,4128327200.0,40014,2027-01-31 23:59:59.999999999
40014/0/40100219/0,2027-02-28,4136974800.0,40014,2027-02-28 23:59:59.999999999
40014/0/40100219/0,2027-03-31,4145075700.0,40014,2027-03-31 23:59:59.999999999
40014/0/40100219/0,2027-04-30,4148049000.0,40014,2027-04-30 23:59:59.999999999
40014/0/40100219/0,2027-05-31,4157144800.0,40014,2027-05-31 23:59:59.999999999
40014/0/40100219/0/0,2024-12-31,3915179300.0,40014,2024-12-31 23:59:59.999999999
40014/0/40100219/0/0,2025-01-31,3926926000.0,40014,2025-01-31 23:59:59.999999999
40014/0/40100219/0/0,2025-02-28,3912819700.0,40014,2025-02-28 23:59:59.999999999
40014/0/40100219/0/0,2025-03-31,3950688800.0,40014,2025-03-31 23:59:59.999999999
40014/0/40100219/0/0,2025-04-30,3927943200.0,40014,2025-04-30 23:59:59.999999999
40014/0/40100219/0/0,2025-05-31,3947748400.0,40014,2025-05-31 23:59:59.999999999
40014/0/40100219/0/0,2025-06-30,3960848000.0,40014,2025-06-30 23:59:59.999999999
40014/0/40100219/0/0,2025-07-31,3957581000.0,40014,2025-07-31 23:59:59.999999999
40014/0/40100219/0/0,2025-08-31,3981443300.0,40014,2025-08-31 23:59:59.999999999
40014/0/40100219/0/0,2025-09-30,3979412000.0,40014,2025-09-30 23:59:59.999999999
40014/0/40100219/0/0,2025-10-31,3991914800.0,40014,2025-10-31 23:59:59.999999999
40014/0/40100219/0/0,2025-11-30,4012165600.0,40014,2025-11-30 23:59:59.999999999
40014/0/40100219/0/0,2025-12-31,4013248000.0,40014,2025-12-31 23:59:59.999999999
40014/0/40100219/0/0,2026-01-31,4028846600.0,40014,2026-01-31 23:59:59.999999999
40014/0/40100219/0/0,2026-02-28,4031070500.0,40014,2026-02-28 23:59:59.999999999
40014/0/40100219/0/0,2026-03-31,4042403000.0,40014,2026-03-31 23:59:59.999999999
40014/0/40100219/0/0,2026-04-30,4045145000.0,40014,2026-04-30 23:59:59.999999999
40014/0/40100219/0/0,2026-05-31,4051012900.0,40014,2026-05-31 23:59:59.999999999
40014/0/40100219/0/0,2026-06-30,4064038000.0,40014,2026-06-30 23:59:59.999999999
40014/0/40100219/0/0,2026-07-31,4070615600.0,40014,2026-07-31 23:59:59.999999999
40014/0/40100219/0/0,2026-08-31,4079729200.0,40014,2026-08-31 23:59:59.999999999
40014/0/40100219/0/0,2026-09-30,4089939500.0,40014,2026-09-30 23:59:59.999999999
40014/0/40100219/0/0,2026-10-31,4095993600.0,40014,2026-10-31 23:59:59.999999999
40014/0/40100219/0/0,2026-11-30,4113613600.0,40014,2026-11-30 23:59:59.999999999
40014/0/40100219/0/0,2026-12-31,4120723200.0,40014,2026-12-31 23:59:59.999999999
40014/0/40100219/0/0,2027-01-31,4128327200.0,40014,2027-01-31 23:59:59.999999999
40014/0/40100219/0/0,2027-02-28,4136974800.0,40014,2027-02-28 23:59:59.999999999
40014/0/40100219/0/0,2027-03-31,4145075700.0,40014,2027-03-31 23:59:59.999999999
40014/0/40100219/0/0,2027-04-30,4148049000.0,40014,2027-04-30 23:59:59.999999999
40014/0/40100219/0/0,2027-05-31,4157144800.0,40014,2027-05-31 23:59:59.999999999
40014/0/40100220,2024-12-31,13755526000.0,40014,2024-12-31 23:59:59.999999999
40014/0/40100220,2025-01-31,13365426000.0,40014,2025-01-31 23:59:59.999999999
40014/0/40100220,2025-02-28,13271154000.0,40014,2025-02-28 23:59:59.999999999
40014/0/40100220,2025-03-31,12928555000.0,40014,2025-03-31 23:59:59.999999999
40014/0/40100220,2025-04-30,12843960000.0,40014,2025-04-30 23:59:59.999999999
40014/0/40100220,2025-05-31,12496866000.0,40014,2025-05-31 23:59:59.999999999
40014/0/40100220,2025-06-30,12419217000.0,40014,2025-06-30 23:59:59.999999999
40014/0/40100220,2025-07-31,12098253000.0,40014,2025-07-31 23:59:59.999999999
40014/0/40100220,2025-08-31,12022988000.0,40014,2025-08-31 23:59:59.999999999
40014/0/40100220,2025-09-30,11723416000.0,40014,2025-09-30 23:59:59.999999999
40014/0/40100220,2025-10-31,11616266000.0,40014,2025-10-31 23:59:59.999999999
40014/0/40100220,2025-11-30,11315346000.0,40014,2025-11-30 23:59:59.999999999
40014/0/40100220,2025-12-31,11314377000.0,40014,2025-12-31 23:59:59.999999999
40014/0/40100220,2026-01-31,11014234000.0,40014,2026-01-31 23:59:59.999999999
40014/0/40100220,2026-02-28,10920877000.0,40014,2026-02-28 23:59:59.999999999
40014/0/40100220,2026-03-31,10645244000.0,40014,2026-03-31 23:59:59.999999999
40014/0/40100220,2026-04-30,10539438000.0,40014,2026-04-30 23:59:59.999999999
40014/0/40100220,2026-05-31,10250852000.0,40014,2026-05-31 23:59:59.999999999
40014/0/40100220,2026-06-30,10168122000.0,40014,2026-06-30 23:59:59.999999999
40014/0/40100220,2026-07-31,9873598000.0,40014,2026-07-31 23:59:59.999999999
40014/0/40100220,2026-08-31,9782608000.0,40014,2026-08-31 23:59:59.999999999
40014/0/40100220,2026-09-30,9538710000.0,40014,2026-09-30 23:59:59.999999999
40014/0/40100220,2026-10-31,9415791000.0,40014,2026-10-31 23:59:59.999999999
40014/0/40100220,2026-11-30,9140704000.0,40014,2026-11-30 23:59:59.999999999
40014/0/40100220,2026-12-31,9084270000.0,40014,2026-12-31 23:59:59.999999999
40014/0/40100220,2027-01-31,8810082000.0,40014,2027-01-31 23:59:59.999999999
40014/0/40100220,2027-02-28,8685242000.0,40014,2027-02-28 23:59:59.999999999
40014/0/40100220,2027-03-31,8432837000.0,40014,2027-03-31 23:59:59.999999999
40014/0/40100220,2027-04-30,8308737000.0,40014,2027-04-30 23:59:59.999999999
40014/0/40100220,2027-05-31,8052464600.0,40014,2027-05-31 23:59:59.999999999
40014/0/40100220/0,2024-12-31,13755526000.0,40014,2024-12-31 23:59:59.999999999
40014/0/40100220/0,2025-01-31,13365426000.0,40014,2025-01-31 23:59:59.999999999
40014/0/40100220/0,2025-02-28,13271154000.0,40014,2025-02-28 23:59:59.999999999
40014/0/40100220/0,2025-03-31,12928555000.0,40014,2025-03-31 23:59:59.999999999
40014/0/40100220/0,2025-04-30,12843960000.0,40014,2025-04-30 23:59:59.999999999
40014/0/40100220/0,2025-05-31,12496866000.0,40014,2025-05-31 23:59:59.999999999
40014/0/40100220/0,2025-06-30,12419217000.0,40014,2025-06-30 23:59:59.999999999
40014/0/40100220/0,2025-07-31,12098253000.0,40014,2025-07-31 23:59:59.999999999
40014/0/40100220/0,2025-08-31,12022988000.0,40014,2025-08-31 23:59:59.999999999
40014/0/40100220/0,2025-09-30,11723416000.0,40014,2025-09-30 23:59:59.999999999
40014/0/40100220/0,2025-10-31,11616266000.0,40014,2025-10-31 23:59:59.999999999
40014/0/40100220/0,2025-11-30,11315346000.0,40014,2025-11-30 23:59:59.999999999
40014/0/40100220/0,2025-12-31,11314377000.0,40014,2025-12-31 23:59:59.999999999
40014/0/40100220/0,2026-01-31,11014234000.0,40014,2026-01-31 23:59:59.999999999
40014/0/40100220/0,2026-02-28,10920877000.0,40014,2026-02-28 23:59:59.999999999
40014/0/40100220/0,2026-03-31,10645244000.0,40014,2026-03-31 23:59:59.999999999
40014/0/40100220/0,2026-04-30,10539438000.0,40014,2026-04-30 23:59:59.999999999
40014/0/40100220/0,2026-05-31,10250852000.0,40014,2026-05-31 23:59:59.999999999
40014/0/40100220/0,2026-06-30,10168122000.0,40014,2026-06-30 23:59:59.999999999
40014/0/40100220/0,2026-07-31,9873598000.0,40014,2026-07-31 23:59:59.999999999
40014/0/40100220/0,2026-08-31,9782608000.0,40014,2026-08-31 23:59:59.999999999
40014/0/40100220/0,2026-09-30,9538710000.0,40014,2026-09-30 23:59:59.999999999
40014/0/40100220/0,2026-10-31,9415791000.0,40014,2026-10-31 23:59:59.999999999
40014/0/40100220/0,2026-11-30,9140704000.0,40014,2026-11-30 23:59:59.999999999
40014/0/40100220/0,2026-12-31,9084270000.0,40014,2026-12-31 23:59:59.999999999
40014/0/40100220/0,2027-01-31,8810082000.0,40014,2027-01-31 23:59:59.999999999
40014/0/40100220/0,2027-02-28,8685242000.0,40014,2027-02-28 23:59:59.999999999
40014/0/40100220/0,2027-03-31,8432837000.0,40014,2027-03-31 23:59:59.999999999
40014/0/40100220/0,2027-04-30,8308737000.0,40014,2027-04-30 23:59:59.999999999
40014/0/40100220/0,2027-05-31,8052464600.0,40014,2027-05-31 23:59:59.999999999
40014/0/40100220/0/0,2024-12-31,13755526000.0,40014,2024-12-31 23:59:59.999999999
40014/0/40100220/0/0,2025-01-31,13365426000.0,40014,2025-01-31 23:59:59.999999999
40014/0/40100220/0/0,2025-02-28,13271154000.0,40014,2025-02-28 23:59:59.999999999
40014/0/40100220/0/0,2025-03-31,12928555000.0,40014,2025-03-31 23:59:59.999999999
40014/0/40100220/0/0,2025-04-30,12843960000.0,40014,2025-04-30 23:59:59.999999999
40014/0/40100220/0/0,2025-05-31,12496866000.0,40014,2025-05-31 23:59:59.999999999
40014/0/40100220/0/0,2025-06-30,12419217000.0,40014,2025-06-30 23:59:59.999999999
40014/0/40100220/0/0,2025-07-31,12098253000.0,40014,2025-07-31 23:59:59.999999999
40014/0/40100220/0/0,2025-08-31,12022988000.0,40014,2025-08-31 23:59:59.999999999
40014/0/40100220/0/0,2025-09-30,11723416000.0,40014,2025-09-30 23:59:59.999999999
40014/0/40100220/0/0,2025-10-31,11616266000.0,40014,2025-10-31 23:59:59.999999999
40014/0/40100220/0/0,2025-11-30,11315346000.0,40014,2025-11-30 23:59:59.999999999
40014/0/40100220/0/0,2025-12-31,11314377000.0,40014,2025-12-31 23:59:59.999999999
40014/0/40100220/0/0,2026-01-31,11014234000.0,40014,2026-01-31 23:59:59.999999999
40014/0/40100220/0/0,2026-02-28,10920877000.0,40014,2026-02-28 23:59:59.999999999
40014/0/40100220/0/0,2026-03-31,10645244000.0,40014,2026-03-31 23:59:59.999999999
40014/0/40100220/0/0,2026-04-30,10539438000.0,40014,2026-04-30 23:59:59.999999999
40014/0/40100220/0/0,2026-05-31,10250852000.0,40014,2026-05-31 23:59:59.999999999
40014/0/40100220/0/0,2026-06-30,10168122000.0,40014,2026-06-30 23:59:59.999999999
40014/0/40100220/0/0,2026-07-31,9873598000.0,40014,2026-07-31 23:59:59.999999999
40014/0/40100220/0/0,2026-08-31,9782608000.0,40014,2026-08-31 23:59:59.999999999
40014/0/40100220/0/0,2026-09-30,9538710000.0,40014,2026-09-30 23:59:59.999999999
40014/0/40100220/0/0,2026-10-31,9415791000.0,40014,2026-10-31 23:59:59.999999999
40014/0/40100220/0/0,2026-11-30,9140704000.0,40014,2026-11-30 23:59:59.999999999
40014/0/40100220/0/0,2026-12-31,9084270000.0,40014,2026-12-31 23:59:59.999999999
40014/0/40100220/0/0,2027-01-31,8810082000.0,40014,2027-01-31 23:59:59.999999999
40014/0/40100220/0/0,2027-02-28,8685242000.0,40014,2027-02-28 23:59:59.999999999
40014/0/40100220/0/0,2027-03-31,8432837000.0,40014,2027-03-31 23:59:59.999999999
40014/0/40100220/0/0,2027-04-30,8308737000.0,40014,2027-04-30 23:59:59.999999999
40014/0/40100220/0/0,2027-05-31,8052464600.0,40014,2027-05-31 23:59:59.999999999
40014/0/40100221,2024-12-31,0.0,40014,2024-12-31 23:59:59.999999999
40014/0/40100221,2025-01-31,0.0,40014,2025-01-31 23:59:59.999999999
40014/0/40100221,2025-02-28,0.0,40014,2025-02-28 23:59:59.999999999
40014/0/40100221,2025-03-31,0.0,40014,2025-03-31 23:59:59.999999999
40014/0/40100221,2025-04-30,0.0,40014,2025-04-30 23:59:59.999999999
40014/0/40100221,2025-05-31,0.0,40014,2025-05-31 23:59:59.999999999
40014/0/40100221,2025-06-30,0.0,40014,2025-06-30 23:59:59.999999999
40014/0/40100221,2025-07-31,0.0,40014,2025-07-31 23:59:59.999999999
40014/0/40100221,2025-08-31,0.0,40014,2025-08-31 23:59:59.999999999
40014/0/40100221,2025-09-30,0.0,40014,2025-09-30 23:59:59.999999999
40014/0/40100221,2025-10-31,0.0,40014,2025-10-31 23:59:59.999999999
40014/0/40100221,2025-11-30,0.0,40014,2025-11-30 23:59:59.999999999
40014/0/40100221,2025-12-31,0.0,40014,2025-12-31 23:59:59.999999999
40014/0/40100221,2026-01-31,0.0,40014,2026-01-31 23:59:59.999999999
40014/0/40100221,2026-02-28,0.0,40014,2026-02-28 23:59:59.999999999
40014/0/40100221,2026-03-31,0.0,40014,2026-03-31 23:59:59.999999999
40014/0/40100221,2026-04-30,0.0,40014,2026-04-30 23:59:59.999999999
40014/0/40100221,2026-05-31,0.0,40014,2026-05-31 23:59:59.999999999
40014/0/40100221,2026-06-30,0.0,40014,2026-06-30 23:59:59.999999999
40014/0/40100221,2026-07-31,0.0,40014,2026-07-31 23:59:59.999999999
40014/0/40100221,2026-08-31,0.0,40014,2026-08-31 23:59:59.999999999
40014/0/40100221,2026-09-30,0.0,40014,2026-09-30 23:59:59.999999999
40014/0/40100221,2026-10-31,0.0,40014,2026-10-31 23:59:59.999999999
40014/0/40100221,2026-11-30,0.0,40014,2026-11-30 23:59:59.999999999
40014/0/40100221,2026-12-31,0.0,40014,2026-12-31 23:59:59.999999999
40014/0/40100221,2027-01-31,0.0,40014,2027-01-31 23:59:59.999999999
40014/0/40100221,2027-02-28,0.0,40014,2027-02-28 23:59:59.999999999
40014/0/40100221,2027-03-31,0.0,40014,2027-03-31 23:59:59.999999999
40014/0/40100221,2027-04-30,0.0,40014,2027-04-30 23:59:59.999999999
40014/0/40100221,2027-05-31,0.0,40014,2027-05-31 23:59:59.999999999
40014/0/40100221/0,2024-12-31,0.0,40014,2024-12-31 23:59:59.999999999
40014/0/40100221/0,2025-01-31,0.0,40014,2025-01-31 23:59:59.999999999
40014/0/40100221/0,2025-02-28,0.0,40014,2025-02-28 23:59:59.999999999
40014/0/40100221/0,2025-03-31,0.0,40014,2025-03-31 23:59:59.999999999
40014/0/40100221/0,2025-04-30,0.0,40014,2025-04-30 23:59:59.999999999
40014/0/40100221/0,2025-05-31,0.0,40014,2025-05-31 23:59:59.999999999
40014/0/40100221/0,2025-06-30,0.0,40014,2025-06-30 23:59:59.999999999
40014/0/40100221/0,2025-07-31,0.0,40014,2025-07-31 23:59:59.999999999
40014/0/40100221/0,2025-08-31,0.0,40014,2025-08-31 23:59:59.999999999
40014/0/40100221/0,2025-09-30,0.0,40014,2025-09-30 23:59:59.999999999
40014/0/40100221/0,2025-10-31,0.0,40014,2025-10-31 23:59:59.999999999
40014/0/40100221/0,2025-11-30,0.0,40014,2025-11-30 23:59:59.999999999
40014/0/40100221/0,2025-12-31,0.0,40014,2025-12-31 23:59:59.999999999
40014/0/40100221/0,2026-01-31,0.0,40014,2026-01-31 23:59:59.999999999
40014/0/40100221/0,2026-02-28,0.0,40014,2026-02-28 23:59:59.999999999
40014/0/40100221/0,2026-03-31,0.0,40014,2026-03-31 23:59:59.999999999
40014/0/40100221/0,2026-04-30,0.0,40014,2026-04-30 23:59:59.999999999
40014/0/40100221/0,2026-05-31,0.0,40014,2026-05-31 23:59:59.999999999
40014/0/40100221/0,2026-06-30,0.0,40014,2026-06-30 23:59:59.999999999
40014/0/40100221/0,2026-07-31,0.0,40014,2026-07-31 23:59:59.999999999
40014/0/40100221/0,2026-08-31,0.0,40014,2026-08-31 23:59:59.999999999
40014/0/40100221/0,2026-09-30,0.0,40014,2026-09-30 23:59:59.999999999
40014/0/40100221/0,2026-10-31,0.0,40014,2026-10-31 23:59:59.999999999
40014/0/40100221/0,2026-11-30,0.0,40014,2026-11-30 23:59:59.999999999
40014/0/40100221/0,2026-12-31,0.0,40014,2026-12-31 23:59:59.999999999
40014/0/40100221/0,2027-01-31,0.0,40014,2027-01-31 23:59:59.999999999
40014/0/40100221/0,2027-02-28,0.0,40014,2027-02-28 23:59:59.999999999
40014/0/40100221/0,2027-03-31,0.0,40014,2027-03-31 23:59:59.999999999
40014/0/40100221/0,2027-04-30,0.0,40014,2027-04-30 23:59:59.999999999
40014/0/40100221/0,2027-05-31,0.0,40014,2027-05-31 23:59:59.999999999
40014/0/40100221/0/0,2024-12-31,0.0,40014,2024-12-31 23:59:59.999999999
40014/0/40100221/0/0,2025-01-31,0.0,40014,2025-01-31 23:59:59.999999999
40014/0/40100221/0/0,2025-02-28,0.0,40014,2025-02-28 23:59:59.999999999
40014/0/40100221/0/0,2025-03-31,0.0,40014,2025-03-31 23:59:59.999999999
40014/0/40100221/0/0,2025-04-30,0.0,40014,2025-04-30 23:59:59.999999999
40014/0/40100221/0/0,2025-05-31,0.0,40014,2025-05-31 23:59:59.999999999
40014/0/40100221/0/0,2025-06-30,0.0,40014,2025-06-30 23:59:59.999999999
40014/0/40100221/0/0,2025-07-31,0.0,40014,2025-07-31 23:59:59.999999999
40014/0/40100221/0/0,2025-08-31,0.0,40014,2025-08-31 23:59:59.999999999
40014/0/40100221/0/0,2025-09-30,0.0,40014,2025-09-30 23:59:59.999999999
40014/0/40100221/0/0,2025-10-31,0.0,40014,2025-10-31 23:59:59.999999999
40014/0/40100221/0/0,2025-11-30,0.0,40014,2025-11-30 23:59:59.999999999
40014/0/40100221/0/0,2025-12-31,0.0,40014,2025-12-31 23:59:59.999999999
40014/0/40100221/0/0,2026-01-31,0.0,40014,2026-01-31 23:59:59.999999999
40014/0/40100221/0/0,2026-02-28,0.0,40014,2026-02-28 23:59:59.999999999
40014/0/40100221/0/0,2026-03-31,0.0,40014,2026-03-31 23:59:59.999999999
40014/0/40100221/0/0,2026-04-30,0.0,40014,2026-04-30 23:59:59.999999999
40014/0/40100221/0/0,2026-05-31,0.0,40014,2026-05-31 23:59:59.999999999
40014/0/40100221/0/0,2026-06-30,0.0,40014,2026-06-30 23:59:59.999999999
40014/0/40100221/0/0,2026-07-31,0.0,40014,2026-07-31 23:59:59.999999999
40014/0/40100221/0/0,2026-08-31,0.0,40014,2026-08-31 23:59:59.999999999
40014/0/40100221/0/0,2026-09-30,0.0,40014,2026-09-30 23:59:59.999999999
40014/0/40100221/0/0,2026-10-31,0.0,40014,2026-10-31 23:59:59.999999999
40014/0/40100221/0/0,2026-11-30,0.0,40014,2026-11-30 23:59:59.999999999
40014/0/40100221/0/0,2026-12-31,0.0,40014,2026-12-31 23:59:59.999999999
40014/0/40100221/0/0,2027-01-31,0.0,40014,2027-01-31 23:59:59.999999999
40014/0/40100221/0/0,2027-02-28,0.0,40014,2027-02-28 23:59:59.999999999
40014/0/40100221/0/0,2027-03-31,0.0,40014,2027-03-31 23:59:59.999999999
40014/0/40100221/0/0,2027-04-30,0.0,40014,2027-04-30 23:59:59.999999999
40014/0/40100221/0/0,2027-05-31,0.0,40014,2027-05-31 23:59:59.999999999
40014/0/40100222,2024-12-31,0.0,40014,2024-12-31 23:59:59.999999999
40014/0/40100222,2025-01-31,0.0,40014,2025-01-31 23:59:59.999999999
40014/0/40100222,2025-02-28,0.0,40014,2025-02-28 23:59:59.999999999
40014/0/40100222,2025-03-31,0.0,40014,2025-03-31 23:59:59.999999999
40014/0/40100222,2025-04-30,0.0,40014,2025-04-30 23:59:59.999999999
40014/0/40100222,2025-05-31,0.0,40014,2025-05-31 23:59:59.999999999
40014/0/40100222,2025-06-30,0.0,40014,2025-06-30 23:59:59.999999999
40014/0/40100222,2025-07-31,0.0,40014,2025-07-31 23:59:59.999999999
40014/0/40100222,2025-08-31,0.0,40014,2025-08-31 23:59:59.999999999
40014/0/40100222,2025-09-30,0.0,40014,2025-09-30 23:59:59.999999999
40014/0/40100222,2025-10-31,0.0,40014,2025-10-31 23:59:59.999999999
40014/0/40100222,2025-11-30,0.0,40014,2025-11-30 23:59:59.999999999
40014/0/40100222,2025-12-31,0.0,40014,2025-12-31 23:59:59.999999999
40014/0/40100222,2026-01-31,0.0,40014,2026-01-31 23:59:59.999999999
40014/0/40100222,2026-02-28,0.0,40014,2026-02-28 23:59:59.999999999
40014/0/40100222,2026-03-31,0.0,40014,2026-03-31 23:59:59.999999999
40014/0/40100222,2026-04-30,0.0,40014,2026-04-30 23:59:59.999999999
40014/0/40100222,2026-05-31,0.0,40014,2026-05-31 23:59:59.999999999
40014/0/40100222,2026-06-30,0.0,40014,2026-06-30 23:59:59.999999999
40014/0/40100222,2026-07-31,0.0,40014,2026-07-31 23:59:59.999999999
40014/0/40100222,2026-08-31,0.0,40014,2026-08-31 23:59:59.999999999
40014/0/40100222,2026-09-30,0.0,40014,2026-09-30 23:59:59.999999999
40014/0/40100222,2026-10-31,0.0,40014,2026-10-31 23:59:59.999999999
40014/0/40100222,2026-11-30,0.0,40014,2026-11-30 23:59:59.999999999
40014/0/40100222,2026-12-31,0.0,40014,2026-12-31 23:59:59.999999999
40014/0/40100222,2027-01-31,0.0,40014,2027-01-31 23:59:59.999999999
40014/0/40100222,2027-02-28,0.0,40014,2027-02-28 23:59:59.999999999
40014/0/40100222,2027-03-31,0.0,40014,2027-03-31 23:59:59.999999999
40014/0/40100222,2027-04-30,0.0,40014,2027-04-30 23:59:59.999999999
40014/0/40100222,2027-05-31,0.0,40014,2027-05-31 23:59:59.999999999
40014/0/40100222/0,2024-12-31,0.0,40014,2024-12-31 23:59:59.999999999
40014/0/40100222/0,2025-01-31,0.0,40014,2025-01-31 23:59:59.999999999
40014/0/40100222/0,2025-02-28,0.0,40014,2025-02-28 23:59:59.999999999
40014/0/40100222/0,2025-03-31,0.0,40014,2025-03-31 23:59:59.999999999
40014/0/40100222/0,2025-04-30,0.0,40014,2025-04-30 23:59:59.999999999
40014/0/40100222/0,2025-05-31,0.0,40014,2025-05-31 23:59:59.999999999
40014/0/40100222/0,2025-06-30,0.0,40014,2025-06-30 23:59:59.999999999
40014/0/40100222/0,2025-07-31,0.0,40014,2025-07-31 23:59:59.999999999
40014/0/40100222/0,2025-08-31,0.0,40014,2025-08-31 23:59:59.999999999
40014/0/40100222/0,2025-09-30,0.0,40014,2025-09-30 23:59:59.999999999
40014/0/40100222/0,2025-10-31,0.0,40014,2025-10-31 23:59:59.999999999
40014/0/40100222/0,2025-11-30,0.0,40014,2025-11-30 23:59:59.999999999
40014/0/40100222/0,2025-12-31,0.0,40014,2025-12-31 23:59:59.999999999
40014/0/40100222/0,2026-01-31,0.0,40014,2026-01-31 23:59:59.999999999
40014/0/40100222/0,2026-02-28,0.0,40014,2026-02-28 23:59:59.999999999
40014/0/40100222/0,2026-03-31,0.0,40014,2026-03-31 23:59:59.999999999
40014/0/40100222/0,2026-04-30,0.0,40014,2026-04-30 23:59:59.999999999
40014/0/40100222/0,2026-05-31,0.0,40014,2026-05-31 23:59:59.999999999
40014/0/40100222/0,2026-06-30,0.0,40014,2026-06-30 23:59:59.999999999
40014/0/40100222/0,2026-07-31,0.0,40014,2026-07-31 23:59:59.999999999
40014/0/40100222/0,2026-08-31,0.0,40014,2026-08-31 23:59:59.999999999
40014/0/40100222/0,2026-09-30,0.0,40014,2026-09-30 23:59:59.999999999
40014/0/40100222/0,2026-10-31,0.0,40014,2026-10-31 23:59:59.999999999
40014/0/40100222/0,2026-11-30,0.0,40014,2026-11-30 23:59:59.999999999
40014/0/40100222/0,2026-12-31,0.0,40014,2026-12-31 23:59:59.999999999
40014/0/40100222/0,2027-01-31,0.0,40014,2027-01-31 23:59:59.999999999
40014/0/40100222/0,2027-02-28,0.0,40014,2027-02-28 23:59:59.999999999
40014/0/40100222/0,2027-03-31,0.0,40014,2027-03-31 23:59:59.999999999
40014/0/40100222/0,2027-04-30,0.0,40014,2027-04-30 23:59:59.999999999
40014/0/40100222/0,2027-05-31,0.0,40014,2027-05-31 23:59:59.999999999
40014/0/40100222/0/0,2024-12-31,0.0,40014,2024-12-31 23:59:59.999999999
40014/0/40100222/0/0,2025-01-31,0.0,40014,2025-01-31 23:59:59.999999999
40014/0/40100222/0/0,2025-02-28,0.0,40014,2025-02-28 23:59:59.999999999
40014/0/40100222/0/0,2025-03-31,0.0,40014,2025-03-31 23:59:59.999999999
40014/0/40100222/0/0,2025-04-30,0.0,40014,2025-04-30 23:59:59.999999999
40014/0/40100222/0/0,2025-05-31,0.0,40014,2025-05-31 23:59:59.999999999
40014/0/40100222/0/0,2025-06-30,0.0,40014,2025-06-30 23:59:59.999999999
40014/0/40100222/0/0,2025-07-31,0.0,40014,2025-07-31 23:59:59.999999999
40014/0/40100222/0/0,2025-08-31,0.0,40014,2025-08-31 23:59:59.999999999
40014/0/40100222/0/0,2025-09-30,0.0,40014,2025-09-30 23:59:59.999999999
40014/0/40100222/0/0,2025-10-31,0.0,40014,2025-10-31 23:59:59.999999999
40014/0/40100222/0/0,2025-11-30,0.0,40014,2025-11-30 23:59:59.999999999
40014/0/40100222/0/0,2025-12-31,0.0,40014,2025-12-31 23:59:59.999999999
40014/0/40100222/0/0,2026-01-31,0.0,40014,2026-01-31 23:59:59.999999999
40014/0/40100222/0/0,2026-02-28,0.0,40014,2026-02-28 23:59:59.999999999
40014/0/40100222/0/0,2026-03-31,0.0,40014,2026-03-31 23:59:59.999999999
40014/0/40100222/0/0,2026-04-30,0.0,40014,2026-04-30 23:59:59.999999999
40014/0/40100222/0/0,2026-05-31,0.0,40014,2026-05-31 23:59:59.999999999
40014/0/40100222/0/0,2026-06-30,0.0,40014,2026-06-30 23:59:59.999999999
40014/0/40100222/0/0,2026-07-31,0.0,40014,2026-07-31 23:59:59.999999999
40014/0/40100222/0/0,2026-08-31,0.0,40014,2026-08-31 23:59:59.999999999
40014/0/40100222/0/0,2026-09-30,0.0,40014,2026-09-30 23:59:59.999999999
40014/0/40100222/0/0,2026-10-31,0.0,40014,2026-10-31 23:59:59.999999999
40014/0/40100222/0/0,2026-11-30,0.0,40014,2026-11-30 23:59:59.999999999
40014/0/40100222/0/0,2026-12-31,0.0,40014,2026-12-31 23:59:59.999999999
40014/0/40100222/0/0,2027-01-31,0.0,40014,2027-01-31 23:59:59.999999999
40014/0/40100222/0/0,2027-02-28,0.0,40014,2027-02-28 23:59:59.999999999
40014/0/40100222/0/0,2027-03-31,0.0,40014,2027-03-31 23:59:59.999999999
40014/0/40100222/0/0,2027-04-30,0.0,40014,2027-04-30 23:59:59.999999999
40014/0/40100222/0/0,2027-05-31,0.0,40014,2027-05-31 23:59:59.999999999
40014/0/40100223,2024-12-31,0.0,40014,2024-12-31 23:59:59.999999999
40014/0/40100223,2025-01-31,0.0,40014,2025-01-31 23:59:59.999999999
40014/0/40100223,2025-02-28,0.0,40014,2025-02-28 23:59:59.999999999
40014/0/40100223,2025-03-31,0.0,40014,2025-03-31 23:59:59.999999999
40014/0/40100223,2025-04-30,0.0,40014,2025-04-30 23:59:59.999999999
40014/0/40100223,2025-05-31,0.0,40014,2025-05-31 23:59:59.999999999
40014/0/40100223,2025-06-30,0.0,40014,2025-06-30 23:59:59.999999999
40014/0/40100223,2025-07-31,0.0,40014,2025-07-31 23:59:59.999999999
40014/0/40100223,2025-08-31,0.0,40014,2025-08-31 23:59:59.999999999
40014/0/40100223,2025-09-30,0.0,40014,2025-09-30 23:59:59.999999999
40014/0/40100223,2025-10-31,0.0,40014,2025-10-31 23:59:59.999999999
40014/0/40100223,2025-11-30,0.0,40014,2025-11-30 23:59:59.999999999
40014/0/40100223,2025-12-31,0.0,40014,2025-12-31 23:59:59.999999999
40014/0/40100223,2026-01-31,0.0,40014,2026-01-31 23:59:59.999999999
40014/0/40100223,2026-02-28,0.0,40014,2026-02-28 23:59:59.999999999
40014/0/40100223,2026-03-31,0.0,40014,2026-03-31 23:59:59.999999999
40014/0/40100223,2026-04-30,0.0,40014,2026-04-30 23:59:59.999999999
40014/0/40100223,2026-05-31,0.0,40014,2026-05-31 23:59:59.999999999
40014/0/40100223,2026-06-30,0.0,40014,2026-06-30 23:59:59.999999999
40014/0/40100223,2026-07-31,0.0,40014,2026-07-31 23:59:59.999999999
40014/0/40100223,2026-08-31,0.0,40014,2026-08-31 23:59:59.999999999
40014/0/40100223,2026-09-30,0.0,40014,2026-09-30 23:59:59.999999999
40014/0/40100223,2026-10-31,0.0,40014,2026-10-31 23:59:59.999999999
40014/0/40100223,2026-11-30,0.0,40014,2026-11-30 23:59:59.999999999
40014/0/40100223,2026-12-31,0.0,40014,2026-12-31 23:59:59.999999999
40014/0/40100223,2027-01-31,0.0,40014,2027-01-31 23:59:59.999999999
40014/0/40100223,2027-02-28,0.0,40014,2027-02-28 23:59:59.999999999
40014/0/40100223,2027-03-31,0.0,40014,2027-03-31 23:59:59.999999999
40014/0/40100223,2027-04-30,0.0,40014,2027-04-30 23:59:59.999999999
40014/0/40100223,2027-05-31,0.0,40014,2027-05-31 23:59:59.999999999
40014/0/40100223/0,2024-12-31,0.0,40014,2024-12-31 23:59:59.999999999
40014/0/40100223/0,2025-01-31,0.0,40014,2025-01-31 23:59:59.999999999
40014/0/40100223/0,2025-02-28,0.0,40014,2025-02-28 23:59:59.999999999
40014/0/40100223/0,2025-03-31,0.0,40014,2025-03-31 23:59:59.999999999
40014/0/40100223/0,2025-04-30,0.0,40014,2025-04-30 23:59:59.999999999
40014/0/40100223/0,2025-05-31,0.0,40014,2025-05-31 23:59:59.999999999
40014/0/40100223/0,2025-06-30,0.0,40014,2025-06-30 23:59:59.999999999
40014/0/40100223/0,2025-07-31,0.0,40014,2025-07-31 23:59:59.999999999
40014/0/40100223/0,2025-08-31,0.0,40014,2025-08-31 23:59:59.999999999
40014/0/40100223/0,2025-09-30,0.0,40014,2025-09-30 23:59:59.999999999
40014/0/40100223/0,2025-10-31,0.0,40014,2025-10-31 23:59:59.999999999
40014/0/40100223/0,2025-11-30,0.0,40014,2025-11-30 23:59:59.999999999
40014/0/40100223/0,2025-12-31,0.0,40014,2025-12-31 23:59:59.999999999
40014/0/40100223/0,2026-01-31,0.0,40014,2026-01-31 23:59:59.999999999
40014/0/40100223/0,2026-02-28,0.0,40014,2026-02-28 23:59:59.999999999
40014/0/40100223/0,2026-03-31,0.0,40014,2026-03-31 23:59:59.999999999
40014/0/40100223/0,2026-04-30,0.0,40014,2026-04-30 23:59:59.999999999
40014/0/40100223/0,2026-05-31,0.0,40014,2026-05-31 23:59:59.999999999
40014/0/40100223/0,2026-06-30,0.0,40014,2026-06-30 23:59:59.999999999
40014/0/40100223/0,2026-07-31,0.0,40014,2026-07-31 23:59:59.999999999
40014/0/40100223/0,2026-08-31,0.0,40014,2026-08-31 23:59:59.999999999
40014/0/40100223/0,2026-09-30,0.0,40014,2026-09-30 23:59:59.999999999
40014/0/40100223/0,2026-10-31,0.0,40014,2026-10-31 23:59:59.999999999
40014/0/40100223/0,2026-11-30,0.0,40014,2026-11-30 23:59:59.999999999
40014/0/40100223/0,2026-12-31,0.0,40014,2026-12-31 23:59:59.999999999
40014/0/40100223/0,2027-01-31,0.0,40014,2027-01-31 23:59:59.999999999
40014/0/40100223/0,2027-02-28,0.0,40014,2027-02-28 23:59:59.999999999
40014/0/40100223/0,2027-03-31,0.0,40014,2027-03-31 23:59:59.999999999
40014/0/40100223/0,2027-04-30,0.0,40014,2027-04-30 23:59:59.999999999
40014/0/40100223/0,2027-05-31,0.0,40014,2027-05-31 23:59:59.999999999
40014/0/40100223/0/0,2024-12-31,0.0,40014,2024-12-31 23:59:59.999999999
40014/0/40100223/0/0,2025-01-31,0.0,40014,2025-01-31 23:59:59.999999999
40014/0/40100223/0/0,2025-02-28,0.0,40014,2025-02-28 23:59:59.999999999
40014/0/40100223/0/0,2025-03-31,0.0,40014,2025-03-31 23:59:59.999999999
40014/0/40100223/0/0,2025-04-30,0.0,40014,2025-04-30 23:59:59.999999999
40014/0/40100223/0/0,2025-05-31,0.0,40014,2025-05-31 23:59:59.999999999
40014/0/40100223/0/0,2025-06-30,0.0,40014,2025-06-30 23:59:59.999999999
40014/0/40100223/0/0,2025-07-31,0.0,40014,2025-07-31 23:59:59.999999999
40014/0/40100223/0/0,2025-08-31,0.0,40014,2025-08-31 23:59:59.999999999
40014/0/40100223/0/0,2025-09-30,0.0,40014,2025-09-30 23:59:59.999999999
40014/0/40100223/0/0,2025-10-31,0.0,40014,2025-10-31 23:59:59.999999999
40014/0/40100223/0/0,2025-11-30,0.0,40014,2025-11-30 23:59:59.999999999
40014/0/40100223/0/0,2025-12-31,0.0,40014,2025-12-31 23:59:59.999999999
40014/0/40100223/0/0,2026-01-31,0.0,40014,2026-01-31 23:59:59.999999999
40014/0/40100223/0/0,2026-02-28,0.0,40014,2026-02-28 23:59:59.999999999
40014/0/40100223/0/0,2026-03-31,0.0,40014,2026-03-31 23:59:59.999999999
40014/0/40100223/0/0,2026-04-30,0.0,40014,2026-04-30 23:59:59.999999999
40014/0/40100223/0/0,2026-05-31,0.0,40014,2026-05-31 23:59:59.999999999
40014/0/40100223/0/0,2026-06-30,0.0,40014,2026-06-30 23:59:59.999999999
40014/0/40100223/0/0,2026-07-31,0.0,40014,2026-07-31 23:59:59.999999999
40014/0/40100223/0/0,2026-08-31,0.0,40014,2026-08-31 23:59:59.999999999
40014/0/40100223/0/0,2026-09-30,0.0,40014,2026-09-30 23:59:59.999999999
40014/0/40100223/0/0,2026-10-31,0.0,40014,2026-10-31 23:59:59.999999999
40014/0/40100223/0/0,2026-11-30,0.0,40014,2026-11-30 23:59:59.999999999
40014/0/40100223/0/0,2026-12-31,0.0,40014,2026-12-31 23:59:59.999999999
40014/0/40100223/0/0,2027-01-31,0.0,40014,2027-01-31 23:59:59.999999999
40014/0/40100223/0/0,2027-02-28,0.0,40014,2027-02-28 23:59:59.999999999
40014/0/40100223/0/0,2027-03-31,0.0,40014,2027-03-31 23:59:59.999999999
40014/0/40100223/0/0,2027-04-30,0.0,40014,2027-04-30 23:59:59.999999999
40014/0/40100223/0/0,2027-05-31,0.0,40014,2027-05-31 23:59:59.999999999
40021,2024-12-31,2053174000000.0,40021,2024-12-31 23:59:59.999999999
40021,2025-01-31,2061900800000.0,40021,2025-01-31 23:59:59.999999999
40021,2025-02-28,2070393400000.0,40021,2025-02-28 23:59:59.999999999
40021,2025-03-31,2078678000000.0,40021,2025-03-31 23:59:59.999999999
40021,2025-04-30,2086778000000.0,40021,2025-04-30 23:59:59.999999999
40021,2025-05-31,2094713900000.0,40021,2025-05-31 23:59:59.999999999
40021,2025-06-30,2102504300000.0,40021,2025-06-30 23:59:59.999999999
40021,2025-07-31,2110165500000.0,40021,2025-07-31 23:59:59.999999999
40021,2025-08-31,2117711800000.0,40021,2025-08-31 23:59:59.999999999
40021,2025-09-30,2125156200000.0,40021,2025-09-30 23:59:59.999999999
40021,2025-10-31,2132510000000.0,40021,2025-10-31 23:59:59.999999999
40021,2025-11-30,2139783400000.0,40021,2025-11-30 23:59:59.999999999
40021,2025-12-31,2146985400000.0,40021,2025-12-31 23:59:59.999999999
40021,2026-01-31,2154124100000.0,40021,2026-01-31 23:59:59.999999999
40021,2026-02-28,2161206500000.0,40021,2026-02-28 23:59:59.999999999
40021,2026-03-31,2168238900000.0,40021,2026-03-31 23:59:59.999999999
40021,2026-04-30,2175227000000.0,40021,2026-04-30 23:59:59.999999999
40021,2026-05-31,2182175500000.0,40021,2026-05-31 23:59:59.999999999
40021,2026-06-30,2189089200000.0,40021,2026-06-30 23:59:59.999999999
40021,2026-07-31,2195971800000.0,40021,2026-07-31 23:59:59.999999999
40021,2026-08-31,2202826700000.0,40021,2026-08-31 23:59:59.999999999
40021,2026-09-30,2209657000000.0,40021,2026-09-30 23:59:59.999999999
40021,2026-10-31,2216466000000.0,40021,2026-10-31 23:59:59.999999999
40021,2026-11-30,2223255300000.0,40021,2026-11-30 23:59:59.999999999
40021,2026-12-31,2230027600000.0,40021,2026-12-31 23:59:59.999999999
40021,2027-01-31,2236784600000.0,40021,2027-01-31 23:59:59.999999999
40021,2027-02-28,2243528200000.0,40021,2027-02-28 23:59:59.999999999
40021,2027-03-31,2250259600000.0,40021,2027-03-31 23:59:59.999999999
40021,2027-04-30,2256980400000.0,40021,2027-04-30 23:59:59.999999999
40021,2027-05-31,2263691800000.0,40021,2027-05-31 23:59:59.999999999
40021/0,2024-12-31,2053174000000.0,40021,2024-12-31 23:59:59.999999999
40021/0,2025-01-31,2061900800000.0,40021,2025-01-31 23:59:59.999999999
40021/0,2025-02-28,2070393400000.0,40021,2025-02-28 23:59:59.999999999
40021/0,2025-03-31,2078678000000.0,40021,2025-03-31 23:59:59.999999999
40021/0,2025-04-30,2086778000000.0,40021,2025-04-30 23:59:59.999999999
40021/0,2025-05-31,2094713900000.0,40021,2025-05-31 23:59:59.999999999
40021/0,2025-06-30,2102504300000.0,40021,2025-06-30 23:59:59.999999999
40021/0,2025-07-31,2110165500000.0,40021,2025-07-31 23:59:59.999999999
40021/0,2025-08-31,2117711800000.0,40021,2025-08-31 23:59:59.999999999
40021/0,2025-09-30,2125156200000.0,40021,2025-09-30 23:59:59.999999999
40021/0,2025-10-31,2132510000000.0,40021,2025-10-31 23:59:59.999999999
40021/0,2025-11-30,2139783400000.0,40021,2025-11-30 23:59:59.999999999
40021/0,2025-12-31,2146985400000.0,40021,2025-12-31 23:59:59.999999999
40021/0,2026-01-31,2154124100000.0,40021,2026-01-31 23:59:59.999999999
40021/0,2026-02-28,2161206500000.0,40021,2026-02-28 23:59:59.999999999
40021/0,2026-03-31,2168238900000.0,40021,2026-03-31 23:59:59.999999999
40021/0,2026-04-30,2175227000000.0,40021,2026-04-30 23:59:59.999999999
40021/0,2026-05-31,2182175500000.0,40021,2026-05-31 23:59:59.999999999
40021/0,2026-06-30,2189089200000.0,40021,2026-06-30 23:59:59.999999999
40021/0,2026-07-31,2195971800000.0,40021,2026-07-31 23:59:59.999999999
40021/0,2026-08-31,2202826700000.0,40021,2026-08-31 23:59:59.999999999
40021/0,2026-09-30,2209657000000.0,40021,2026-09-30 23:59:59.999999999
40021/0,2026-10-31,2216466000000.0,40021,2026-10-31 23:59:59.999999999
40021/0,2026-11-30,2223255300000.0,40021,2026-11-30 23:59:59.999999999
40021/0,2026-12-31,2230027600000.0,40021,2026-12-31 23:59:59.999999999
40021/0,2027-01-31,2236784600000.0,40021,2027-01-31 23:59:59.999999999
40021/0,2027-02-28,2243528200000.0,40021,2027-02-28 23:59:59.999999999
40021/0,2027-03-31,2250259600000.0,40021,2027-03-31 23:59:59.999999999
40021/0,2027-04-30,2256980400000.0,40021,2027-04-30 23:59:59.999999999
40021/0,2027-05-31,2263691800000.0,40021,2027-05-31 23:59:59.999999999
40021/0/0,2024-12-31,1025217660000.0,40021,2024-12-31 23:59:59.999999999
40021/0/0,2025-01-31,1028343600000.0,40021,2025-01-31 23:59:59.999999999
40021/0/0,2025-02-28,1031469470000.0,40021,2025-02-28 23:59:59.999999999
40021/0/0,2025-03-31,1034595400000.0,40021,2025-03-31 23:59:59.999999999
40021/0/0,2025-04-30,1037721340000.0,40021,2025-04-30 23:59:59.999999999
40021/0/0,2025-05-31,1040847300000.0,40021,2025-05-31 23:59:59.999999999
40021/0/0,2025-06-30,1043973140000.0,40021,2025-06-30 23:59:59.999999999
40021/0/0,2025-07-31,1047099100000.0,40021,2025-07-31 23:59:59.999999999
40021/0/0,2025-08-31,1050225000000.0,40021,2025-08-31 23:59:59.999999999
40021/0/0,2025-09-30,1053350950000.0,40021,2025-09-30 23:59:59.999999999
40021/0/0,2025-10-31,1056476900000.0,40021,2025-10-31 23:59:59.999999999
40021/0/0,2025-11-30,1059602760000.0,40021,2025-11-30 23:59:59.999999999
40021/0/0,2025-12-31,1062728700000.0,40021,2025-12-31 23:59:59.999999999
40021/0/0,2026-01-31,1065854600000.0,40021,2026-01-31 23:59:59.999999999
40021/0/0,2026-02-28,1068980600000.0,40021,2026-02-28 23:59:59.999999999
40021/0/0,2026-03-31,1072106440000.0,40021,2026-03-31 23:59:59.999999999
40021/0/0,2026-04-30,1075232400000.0,40021,2026-04-30 23:59:59.999999999
40021/0/0,2026-05-31,1078358300000.0,40021,2026-05-31 23:59:59.999999999
40021/0/0,2026-06-30,1081484250000.0,40021,2026-06-30 23:59:59.999999999
40021/0/0,2026-07-31,1084610200000.0,40021,2026-07-31 23:59:59.999999999
40021/0/0,2026-08-31,1087736050000.0,40021,2026-08-31 23:59:59.999999999
40021/0/0,2026-09-30,1090862000000.0,40021,2026-09-30 23:59:59.999999999
40021/0/0,2026-10-31,1093987900000.0,40021,2026-10-31 23:59:59.999999999
40021/0/0,2026-11-30,1097113860000.0,40021,2026-11-30 23:59:59.999999999
40021/0/0,2026-12-31,1100239700000.0,40021,2026-12-31 23:59:59.999999999
40021/0/0,2027-01-31,1103365700000.0,40021,2027-01-31 23:59:59.999999999
40021/0/0,2027-02-28,1106491600000.0,40021,2027-02-28 23:59:59.999999999
40021/0/0,2027-03-31,1109617500000.0,40021,2027-03-31 23:59:59.999999999
40021/0/0,2027-04-30,1112743500000.0,40021,2027-04-30 23:59:59.999999999
40021/0/0,2027-05-31,1115869400000.0,40021,2027-05-31 23:59:59.999999999
40021/0/0/0,2024-12-31,1025217660000.0,40021,2024-12-31 23:59:59.999999999
40021/0/0/0,2025-01-31,1028343600000.0,40021,2025-01-31 23:59:59.999999999
40021/0/0/0,2025-02-28,1031469470000.0,40021,2025-02-28 23:59:59.999999999
40021/0/0/0,2025-03-31,1034595400000.0,40021,2025-03-31 23:59:59.999999999
40021/0/0/0,2025-04-30,1037721340000.0,40021,2025-04-30 23:59:59.999999999
40021/0/0/0,2025-05-31,1040847300000.0,40021,2025-05-31 23:59:59.999999999
40021/0/0/0,2025-06-30,1043973140000.0,40021,2025-06-30 23:59:59.999999999
40021/0/0/0,2025-07-31,1047099100000.0,40021,2025-07-31 23:59:59.999999999
40021/0/0/0,2025-08-31,1050225000000.0,40021,2025-08-31 23:59:59.999999999
40021/0/0/0,2025-09-30,1053350950000.0,40021,2025-09-30 23:59:59.999999999
40021/0/0/0,2025-10-31,1056476900000.0,40021,2025-10-31 23:59:59.999999999
40021/0/0/0,2025-11-30,1059602760000.0,40021,2025-11-30 23:59:59.999999999
40021/0/0/0,2025-12-31,1062728700000.0,40021,2025-12-31 23:59:59.999999999
40021/0/0/0,2026-01-31,1065854600000.0,40021,2026-01-31 23:59:59.999999999
40021/0/0/0,2026-02-28,1068980600000.0,40021,2026-02-28 23:59:59.999999999
40021/0/0/0,2026-03-31,1072106440000.0,40021,2026-03-31 23:59:59.999999999
40021/0/0/0,2026-04-30,1075232400000.0,40021,2026-04-30 23:59:59.999999999
40021/0/0/0,2026-05-31,1078358300000.0,40021,2026-05-31 23:59:59.999999999
40021/0/0/0,2026-06-30,1081484250000.0,40021,2026-06-30 23:59:59.999999999
40021/0/0/0,2026-07-31,1084610200000.0,40021,2026-07-31 23:59:59.999999999
40021/0/0/0,2026-08-31,1087736050000.0,40021,2026-08-31 23:59:59.999999999
40021/0/0/0,2026-09-30,1090862000000.0,40021,2026-09-30 23:59:59.999999999
40021/0/0/0,2026-10-31,1093987900000.0,40021,2026-10-31 23:59:59.999999999
40021/0/0/0,2026-11-30,1097113860000.0,40021,2026-11-30 23:59:59.999999999
40021/0/0/0,2026-12-31,1100239700000.0,40021,2026-12-31 23:59:59.999999999
40021/0/0/0,2027-01-31,1103365700000.0,40021,2027-01-31 23:59:59.999999999
40021/0/0/0,2027-02-28,1106491600000.0,40021,2027-02-28 23:59:59.999999999
40021/0/0/0,2027-03-31,1109617500000.0,40021,2027-03-31 23:59:59.999999999
40021/0/0/0,2027-04-30,1112743500000.0,40021,2027-04-30 23:59:59.999999999
40021/0/0/0,2027-05-31,1115869400000.0,40021,2027-05-31 23:59:59.999999999
40021/0/0/0/0,2024-12-31,1025217660000.0,40021,2024-12-31 23:59:59.999999999
40021/0/0/0/0,2025-01-31,1028343600000.0,40021,2025-01-31 23:59:59.999999999
40021/0/0/0/0,2025-02-28,1031469470000.0,40021,2025-02-28 23:59:59.999999999
40021/0/0/0/0,2025-03-31,1034595400000.0,40021,2025-03-31 23:59:59.999999999
40021/0/0/0/0,2025-04-30,1037721340000.0,40021,2025-04-30 23:59:59.999999999
40021/0/0/0/0,2025-05-31,1040847300000.0,40021,2025-05-31 23:59:59.999999999
40021/0/0/0/0,2025-06-30,1043973140000.0,40021,2025-06-30 23:59:59.999999999
40021/0/0/0/0,2025-07-31,1047099100000.0,40021,2025-07-31 23:59:59.999999999
40021/0/0/0/0,2025-08-31,1050225000000.0,40021,2025-08-31 23:59:59.999999999
40021/0/0/0/0,2025-09-30,1053350950000.0,40021,2025-09-30 23:59:59.999999999
40021/0/0/0/0,2025-10-31,1056476900000.0,40021,2025-10-31 23:59:59.999999999
40021/0/0/0/0,2025-11-30,1059602760000.0,40021,2025-11-30 23:59:59.999999999
40021/0/0/0/0,2025-12-31,1062728700000.0,40021,2025-12-31 23:59:59.999999999
40021/0/0/0/0,2026-01-31,1065854600000.0,40021,2026-01-31 23:59:59.999999999
40021/0/0/0/0,2026-02-28,1068980600000.0,40021,2026-02-28 23:59:59.999999999
40021/0/0/0/0,2026-03-31,1072106440000.0,40021,2026-03-31 23:59:59.999999999
40021/0/0/0/0,2026-04-30,1075232400000.0,40021,2026-04-30 23:59:59.999999999
40021/0/0/0/0,2026-05-31,1078358300000.0,40021,2026-05-31 23:59:59.999999999
40021/0/0/0/0,2026-06-30,1081484250000.0,40021,2026-06-30 23:59:59.999999999
40021/0/0/0/0,2026-07-31,1084610200000.0,40021,2026-07-31 23:59:59.999999999
40021/0/0/0/0,2026-08-31,1087736050000.0,40021,2026-08-31 23:59:59.999999999
40021/0/0/0/0,2026-09-30,1090862000000.0,40021,2026-09-30 23:59:59.999999999
40021/0/0/0/0,2026-10-31,1093987900000.0,40021,2026-10-31 23:59:59.999999999
40021/0/0/0/0,2026-11-30,1097113860000.0,40021,2026-11-30 23:59:59.999999999
40021/0/0/0/0,2026-12-31,1100239700000.0,40021,2026-12-31 23:59:59.999999999
40021/0/0/0/0,2027-01-31,1103365700000.0,40021,2027-01-31 23:59:59.999999999
40021/0/0/0/0,2027-02-28,1106491600000.0,40021,2027-02-28 23:59:59.999999999
40021/0/0/0/0,2027-03-31,1109617500000.0,40021,2027-03-31 23:59:59.999999999
40021/0/0/0/0,2027-04-30,1112743500000.0,40021,2027-04-30 23:59:59.999999999
40021/0/0/0/0,2027-05-31,1115869400000.0,40021,2027-05-31 23:59:59.999999999
40021/0/40100187,2024-12-31,439894180000.0,40021,2024-12-31 23:59:59.999999999
40021/0/40100187,2025-01-31,441631970000.0,40021,2025-01-31 23:59:59.999999999
40021/0/40100187,2025-02-28,444768550000.0,40021,2025-02-28 23:59:59.999999999
40021/0/40100187,2025-03-31,447551730000.0,40021,2025-03-31 23:59:59.999999999
40021/0/40100187,2025-04-30,449805120000.0,40021,2025-04-30 23:59:59.999999999
40021/0/40100187,2025-05-31,453723650000.0,40021,2025-05-31 23:59:59.999999999
40021/0/40100187,2025-06-30,456220900000.0,40021,2025-06-30 23:59:59.999999999
40021/0/40100187,2025-07-31,455939650000.0,40021,2025-07-31 23:59:59.999999999
40021/0/40100187,2025-08-31,458259920000.0,40021,2025-08-31 23:59:59.999999999
40021/0/40100187,2025-09-30,458686330000.0,40021,2025-09-30 23:59:59.999999999
40021/0/40100187,2025-10-31,462034670000.0,40021,2025-10-31 23:59:59.999999999
40021/0/40100187,2025-11-30,463586530000.0,40021,2025-11-30 23:59:59.999999999
40021/0/40100187,2025-12-31,465271650000.0,40021,2025-12-31 23:59:59.999999999
40021/0/40100187,2026-01-31,466732550000.0,40021,2026-01-31 23:59:59.999999999
40021/0/40100187,2026-02-28,468200600000.0,40021,2026-02-28 23:59:59.999999999
40021/0/40100187,2026-03-31,469668600000.0,40021,2026-03-31 23:59:59.999999999
40021/0/40100187,2026-04-30,471136630000.0,40021,2026-04-30 23:59:59.999999999
40021/0/40100187,2026-05-31,472604640000.0,40021,2026-05-31 23:59:59.999999999
40021/0/40100187,2026-06-30,474072680000.0,40021,2026-06-30 23:59:59.999999999
40021/0/40100187,2026-07-31,475540700000.0,40021,2026-07-31 23:59:59.999999999
40021/0/40100187,2026-08-31,477008720000.0,40021,2026-08-31 23:59:59.999999999
40021/0/40100187,2026-09-30,478476760000.0,40021,2026-09-30 23:59:59.999999999
40021/0/40100187,2026-10-31,479944770000.0,40021,2026-10-31 23:59:59.999999999
40021/0/40100187,2026-11-30,481412800000.0,40021,2026-11-30 23:59:59.999999999
40021/0/40100187,2026-12-31,482880800000.0,40021,2026-12-31 23:59:59.999999999
40021/0/40100187,2027-01-31,484348850000.0,40021,2027-01-31 23:59:59.999999999
40021/0/40100187,2027-02-28,485816900000.0,40021,2027-02-28 23:59:59.999999999
40021/0/40100187,2027-03-31,487284900000.0,40021,2027-03-31 23:59:59.999999999
40021/0/40100187,2027-04-30,488752940000.0,40021,2027-04-30 23:59:59.999999999
40021/0/40100187,2027-05-31,490220950000.0,40021,2027-05-31 23:59:59.999999999
40021/0/40100187/40100188,2024-12-31,367312140000.0,40021,2024-12-31 23:59:59.999999999
40021/0/40100187/40100188,2025-01-31,367808450000.0,40021,2025-01-31 23:59:59.999999999
40021/0/40100187/40100188,2025-02-28,369274750000.0,40021,2025-02-28 23:59:59.999999999
40021/0/40100187/40100188,2025-03-31,370645040000.0,40021,2025-03-31 23:59:59.999999999
40021/0/40100187/40100188,2025-04-30,371324100000.0,40021,2025-04-30 23:59:59.999999999
40021/0/40100187/40100188,2025-05-31,373329070000.0,40021,2025-05-31 23:59:59.999999999
40021/0/40100187/40100188,2025-06-30,374311060000.0,40021,2025-06-30 23:59:59.999999999
40021/0/40100187/40100188,2025-07-31,372886770000.0,40021,2025-07-31 23:59:59.999999999
40021/0/40100187/40100188,2025-08-31,373796570000.0,40021,2025-08-31 23:59:59.999999999
40021/0/40100187/40100188,2025-09-30,373434550000.0,40021,2025-09-30 23:59:59.999999999
40021/0/40100187/40100188,2025-10-31,375058500000.0,40021,2025-10-31 23:59:59.999999999
40021/0/40100187/40100188,2025-11-30,374789080000.0,40021,2025-11-30 23:59:59.999999999
40021/0/40100187/40100188,2025-12-31,374789080000.0,40021,2025-12-31 23:59:59.999999999
40021/0/40100187/40100188,2026-01-31,374789080000.0,40021,2026-01-31 23:59:59.999999999
40021/0/40100187/40100188,2026-02-28,374789080000.0,40021,2026-02-28 23:59:59.999999999
40021/0/40100187/40100188,2026-03-31,374789080000.0,40021,2026-03-31 23:59:59.999999999
40021/0/40100187/40100188,2026-04-30,374789080000.0,40021,2026-04-30 23:59:59.999999999
40021/0/40100187/40100188,2026-05-31,374789080000.0,40021,2026-05-31 23:59:59.999999999
40021/0/40100187/40100188,2026-06-30,374789080000.0,40021,2026-06-30 23:59:59.999999999
40021/0/40100187/40100188,2026-07-31,374789080000.0,40021,2026-07-31 23:59:59.999999999
40021/0/40100187/40100188,2026-08-31,374789080000.0,40021,2026-08-31 23:59:59.999999999
40021/0/40100187/40100188,2026-09-30,374789080000.0,40021,2026-09-30 23:59:59.999999999
40021/0/40100187/40100188,2026-10-31,374789080000.0,40021,2026-10-31 23:59:59.999999999
40021/0/40100187/40100188,2026-11-30,374789080000.0,40021,2026-11-30 23:59:59.999999999
40021/0/40100187/40100188,2026-12-31,374789080000.0,40021,2026-12-31 23:59:59.999999999
40021/0/40100187/40100188,2027-01-31,374789080000.0,40021,2027-01-31 23:59:59.999999999
40021/0/40100187/40100188,2027-02-28,374789080000.0,40021,2027-02-28 23:59:59.999999999
40021/0/40100187/40100188,2027-03-31,374789080000.0,40021,2027-03-31 23:59:59.999999999
40021/0/40100187/40100188,2027-04-30,374789080000.0,40021,2027-04-30 23:59:59.999999999
40021/0/40100187/40100188,2027-05-31,374789080000.0,40021,2027-05-31 23:59:59.999999999
40021/0/40100187/40100188/0,2024-12-31,367312140000.0,40021,2024-12-31 23:59:59.999999999
40021/0/40100187/40100188/0,2025-01-31,367808450000.0,40021,2025-01-31 23:59:59.999999999
40021/0/40100187/40100188/0,2025-02-28,369274750000.0,40021,2025-02-28 23:59:59.999999999
40021/0/40100187/40100188/0,2025-03-31,370645040000.0,40021,2025-03-31 23:59:59.999999999
40021/0/40100187/40100188/0,2025-04-30,371324100000.0,40021,2025-04-30 23:59:59.999999999
40021/0/40100187/40100188/0,2025-05-31,373329070000.0,40021,2025-05-31 23:59:59.999999999
40021/0/40100187/40100188/0,2025-06-30,374311060000.0,40021,2025-06-30 23:59:59.999999999
40021/0/40100187/40100188/0,2025-07-31,372886770000.0,40021,2025-07-31 23:59:59.999999999
40021/0/40100187/40100188/0,2025-08-31,373796570000.0,40021,2025-08-31 23:59:59.999999999
40021/0/40100187/40100188/0,2025-09-30,373434550000.0,40021,2025-09-30 23:59:59.999999999
40021/0/40100187/40100188/0,2025-10-31,375058500000.0,40021,2025-10-31 23:59:59.999999999
40021/0/40100187/40100188/0,2025-11-30,374789080000.0,40021,2025-11-30 23:59:59.999999999
40021/0/40100187/40100188/0,2025-12-31,374789080000.0,40021,2025-12-31 23:59:59.999999999
40021/0/40100187/40100188/0,2026-01-31,374789080000.0,40021,2026-01-31 23:59:59.999999999
40021/0/40100187/40100188/0,2026-02-28,374789080000.0,40021,2026-02-28 23:59:59.999999999
40021/0/40100187/40100188/0,2026-03-31,374789080000.0,40021,2026-03-31 23:59:59.999999999
40021/0/40100187/40100188/0,2026-04-30,374789080000.0,40021,2026-04-30 23:59:59.999999999
40021/0/40100187/40100188/0,2026-05-31,374789080000.0,40021,2026-05-31 23:59:59.999999999
40021/0/40100187/40100188/0,2026-06-30,374789080000.0,40021,2026-06-30 23:59:59.999999999
40021/0/40100187/40100188/0,2026-07-31,374789080000.0,40021,2026-07-31 23:59:59.999999999
40021/0/40100187/40100188/0,2026-08-31,374789080000.0,40021,2026-08-31 23:59:59.999999999
40021/0/40100187/40100188/0,2026-09-30,374789080000.0,40021,2026-09-30 23:59:59.999999999
40021/0/40100187/40100188/0,2026-10-31,374789080000.0,40021,2026-10-31 23:59:59.999999999
40021/0/40100187/40100188/0,2026-11-30,374789080000.0,40021,2026-11-30 23:59:59.999999999
40021/0/40100187/40100188/0,2026-12-31,374789080000.0,40021,2026-12-31 23:59:59.999999999
40021/0/40100187/40100188/0,2027-01-31,374789080000.0,40021,2027-01-31 23:59:59.999999999
40021/0/40100187/40100188/0,2027-02-28,374789080000.0,40021,2027-02-28 23:59:59.999999999
40021/0/40100187/40100188/0,2027-03-31,374789080000.0,40021,2027-03-31 23:59:59.999999999
40021/0/40100187/40100188/0,2027-04-30,374789080000.0,40021,2027-04-30 23:59:59.999999999
40021/0/40100187/40100188/0,2027-05-31,374789080000.0,40021,2027-05-31 23:59:59.999999999
40021/0/40100187/40100189,2024-12-31,1846964700.0,40021,2024-12-31 23:59:59.999999999
40021/0/40100187/40100189,2025-01-31,1846964700.0,40021,2025-01-31 23:59:59.999999999
40021/0/40100187/40100189,2025-02-28,1846964700.0,40021,2025-02-28 23:59:59.999999999
40021/0/40100187/40100189,2025-03-31,1846964700.0,40021,2025-03-31 23:59:59.999999999
40021/0/40100187/40100189,2025-04-30,1846964700.0,40021,2025-04-30 23:59:59.999999999
40021/0/40100187/40100189,2025-05-31,1846964700.0,40021,2025-05-31 23:59:59.999999999
40021/0/40100187/40100189,2025-06-30,1846964700.0,40021,2025-06-30 23:59:59.999999999
40021/0/40100187/40100189,2025-07-31,1846964700.0,40021,2025-07-31 23:59:59.999999999
40021/0/40100187/40100189,2025-08-31,1846964700.0,40021,2025-08-31 23:59:59.999999999
40021/0/40100187/40100189,2025-09-30,1846964700.0,40021,2025-09-30 23:59:59.999999999
40021/0/40100187/40100189,2025-10-31,1846964700.0,40021,2025-10-31 23:59:59.999999999
40021/0/40100187/40100189,2025-11-30,1846964700.0,40021,2025-11-30 23:59:59.999999999
40021/0/40100187/40100189,2025-12-31,1846964700.0,40021,2025-12-31 23:59:59.999999999
40021/0/40100187/40100189,2026-01-31,1846964700.0,40021,2026-01-31 23:59:59.999999999
40021/0/40100187/40100189,2026-02-28,1846964700.0,40021,2026-02-28 23:59:59.999999999
40021/0/40100187/40100189,2026-03-31,1846964700.0,40021,2026-03-31 23:59:59.999999999
40021/0/40100187/40100189,2026-04-30,1846964700.0,40021,2026-04-30 23:59:59.999999999
40021/0/40100187/40100189,2026-05-31,1846964700.0,40021,2026-05-31 23:59:59.999999999
40021/0/40100187/40100189,2026-06-30,1846964700.0,40021,2026-06-30 23:59:59.999999999
40021/0/40100187/40100189,2026-07-31,1846964700.0,40021,2026-07-31 23:59:59.999999999
40021/0/40100187/40100189,2026-08-31,1846964700.0,40021,2026-08-31 23:59:59.999999999
40021/0/40100187/40100189,2026-09-30,1846964700.0,40021,2026-09-30 23:59:59.999999999
40021/0/40100187/40100189,2026-10-31,1846964700.0,40021,2026-10-31 23:59:59.999999999
40021/0/40100187/40100189,2026-11-30,1846964700.0,40021,2026-11-30 23:59:59.999999999
40021/0/40100187/40100189,2026-12-31,1846964700.0,40021,2026-12-31 23:59:59.999999999
40021/0/40100187/40100189,2027-01-31,1846964700.0,40021,2027-01-31 23:59:59.999999999
40021/0/40100187/40100189,2027-02-28,1846964700.0,40021,2027-02-28 23:59:59.999999999
40021/0/40100187/40100189,2027-03-31,1846964700.0,40021,2027-03-31 23:59:59.999999999
40021/0/40100187/40100189,2027-04-30,1846964700.0,40021,2027-04-30 23:59:59.999999999
40021/0/40100187/40100189,2027-05-31,1846964700.0,40021,2027-05-31 23:59:59.999999999
40021/0/40100187/40100189/0,2024-12-31,1846964700.0,40021,2024-12-31 23:59:59.999999999
40021/0/40100187/40100189/0,2025-01-31,1846964700.0,40021,2025-01-31 23:59:59.999999999
40021/0/40100187/40100189/0,2025-02-28,1846964700.0,40021,2025-02-28 23:59:59.999999999
40021/0/40100187/40100189/0,2025-03-31,1846964700.0,40021,2025-03-31 23:59:59.999999999
40021/0/40100187/40100189/0,2025-04-30,1846964700.0,40021,2025-04-30 23:59:59.999999999
40021/0/40100187/40100189/0,2025-05-31,1846964700.0,40021,2025-05-31 23:59:59.999999999
40021/0/40100187/40100189/0,2025-06-30,1846964700.0,40021,2025-06-30 23:59:59.999999999
40021/0/40100187/40100189/0,2025-07-31,1846964700.0,40021,2025-07-31 23:59:59.999999999
40021/0/40100187/40100189/0,2025-08-31,1846964700.0,40021,2025-08-31 23:59:59.999999999
40021/0/40100187/40100189/0,2025-09-30,1846964700.0,40021,2025-09-30 23:59:59.999999999
40021/0/40100187/40100189/0,2025-10-31,1846964700.0,40021,2025-10-31 23:59:59.999999999
40021/0/40100187/40100189/0,2025-11-30,1846964700.0,40021,2025-11-30 23:59:59.999999999
40021/0/40100187/40100189/0,2025-12-31,1846964700.0,40021,2025-12-31 23:59:59.999999999
40021/0/40100187/40100189/0,2026-01-31,1846964700.0,40021,2026-01-31 23:59:59.999999999
40021/0/40100187/40100189/0,2026-02-28,1846964700.0,40021,2026-02-28 23:59:59.999999999
40021/0/40100187/40100189/0,2026-03-31,1846964700.0,40021,2026-03-31 23:59:59.999999999
40021/0/40100187/40100189/0,2026-04-30,1846964700.0,40021,2026-04-30 23:59:59.999999999
40021/0/40100187/40100189/0,2026-05-31,1846964700.0,40021,2026-05-31 23:59:59.999999999
40021/0/40100187/40100189/0,2026-06-30,1846964700.0,40021,2026-06-30 23:59:59.999999999
40021/0/40100187/40100189/0,2026-07-31,1846964700.0,40021,2026-07-31 23:59:59.999999999
40021/0/40100187/40100189/0,2026-08-31,1846964700.0,40021,2026-08-31 23:59:59.999999999
40021/0/40100187/40100189/0,2026-09-30,1846964700.0,40021,2026-09-30 23:59:59.999999999
40021/0/40100187/40100189/0,2026-10-31,1846964700.0,40021,2026-10-31 23:59:59.999999999
40021/0/40100187/40100189/0,2026-11-30,1846964700.0,40021,2026-11-30 23:59:59.999999999
40021/0/40100187/40100189/0,2026-12-31,1846964700.0,40021,2026-12-31 23:59:59.999999999
40021/0/40100187/40100189/0,2027-01-31,1846964700.0,40021,2027-01-31 23:59:59.999999999
40021/0/40100187/40100189/0,2027-02-28,1846964700.0,40021,2027-02-28 23:59:59.999999999
40021/0/40100187/40100189/0,2027-03-31,1846964700.0,40021,2027-03-31 23:59:59.999999999
40021/0/40100187/40100189/0,2027-04-30,1846964700.0,40021,2027-04-30 23:59:59.999999999
40021/0/40100187/40100189/0,2027-05-31,1846964700.0,40021,2027-05-31 23:59:59.999999999
40021/0/40100187/40100190,2024-12-31,-1328293.9,40021,2024-12-31 23:59:59.999999999
40021/0/40100187/40100190,2025-01-31,-2442478.0,40021,2025-01-31 23:59:59.999999999
40021/0/40100187/40100190,2025-02-28,-3377065.0,40021,2025-02-28 23:59:59.999999999
40021/0/40100187/40100190,2025-03-31,-4161004.5,40021,2025-03-31 23:59:59.999999999
40021/0/40100187/40100190,2025-04-30,-4818579.5,40021,2025-04-30 23:59:59.999999999
40021/0/40100187/40100190,2025-05-31,-5370159.0,40021,2025-05-31 23:59:59.999999999
40021/0/40100187/40100190,2025-06-30,-5832828.5,40021,2025-06-30 23:59:59.999999999
40021/0/40100187/40100190,2025-07-31,-6220920.0,40021,2025-07-31 23:59:59.999999999
40021/0/40100187/40100190,2025-08-31,-6546454.0,40021,2025-08-31 23:59:59.999999999
40021/0/40100187/40100190,2025-09-30,-6819514.5,40021,2025-09-30 23:59:59.999999999
40021/0/40100187/40100190,2025-10-31,-7048560.5,40021,2025-10-31 23:59:59.999999999
40021/0/40100187/40100190,2025-11-30,-7240685.5,40021,2025-11-30 23:59:59.999999999
40021/0/40100187/40100190,2025-12-31,-7401842.0,40021,2025-12-31 23:59:59.999999999
40021/0/40100187/40100190,2026-01-31,-7537021.5,40021,2026-01-31 23:59:59.999999999
40021/0/40100187/40100190,2026-02-28,-7650411.0,40021,2026-02-28 23:59:59.999999999
40021/0/40100187/40100190,2026-03-31,-7745523.5,40021,2026-03-31 23:59:59.999999999
40021/0/40100187/40100190,2026-04-30,-7825304.0,40021,2026-04-30 23:59:59.999999999
40021/0/40100187/40100190,2026-05-31,-7892225.0,40021,2026-05-31 23:59:59.999999999
40021/0/40100187/40100190,2026-06-30,-7948359.0,40021,2026-06-30 23:59:59.999999999
40021/0/40100187/40100190,2026-07-31,-7995444.5,40021,2026-07-31 23:59:59.999999999
40021/0/40100187/40100190,2026-08-31,-8034940.0,40021,2026-08-31 23:59:59.999999999
40021/0/40100187/40100190,2026-09-30,-8068069.5,40021,2026-09-30 23:59:59.999999999
40021/0/40100187/40100190,2026-10-31,-8095858.5,40021,2026-10-31 23:59:59.999999999
40021/0/40100187/40100190,2026-11-30,-8119168.5,40021,2026-11-30 23:59:59.999999999
40021/0/40100187/40100190,2026-12-31,-8138720.5,40021,2026-12-31 23:59:59.999999999
40021/0/40100187/40100190,2027-01-31,-8155121.5,40021,2027-01-31 23:59:59.999999999
40021/0/40100187/40100190,2027-02-28,-8168878.5,40021,2027-02-28 23:59:59.999999999
40021/0/40100187/40100190,2027-03-31,-8180418.0,40021,2027-03-31 23:59:59.999999999
40021/0/40100187/40100190,2027-04-30,-8190097.5,40021,2027-04-30 23:59:59.999999999
40021/0/40100187/40100190,2027-05-31,-8198217.0,40021,2027-05-31 23:59:59.999999999
40021/0/40100187/40100190/0,2024-12-31,-1328293.9,40021,2024-12-31 23:59:59.999999999
40021/0/40100187/40100190/0,2025-01-31,-2442478.0,40021,2025-01-31 23:59:59.999999999
40021/0/40100187/40100190/0,2025-02-28,-3377065.0,40021,2025-02-28 23:59:59.999999999
40021/0/40100187/40100190/0,2025-03-31,-4161004.5,40021,2025-03-31 23:59:59.999999999
40021/0/40100187/40100190/0,2025-04-30,-4818579.5,40021,2025-04-30 23:59:59.999999999
40021/0/40100187/40100190/0,2025-05-31,-5370159.0,40021,2025-05-31 23:59:59.999999999
40021/0/40100187/40100190/0,2025-06-30,-5832828.5,40021,2025-06-30 23:59:59.999999999
40021/0/40100187/40100190/0,2025-07-31,-6220920.0,40021,2025-07-31 23:59:59.999999999
40021/0/40100187/40100190/0,2025-08-31,-6546454.0,40021,2025-08-31 23:59:59.999999999
40021/0/40100187/40100190/0,2025-09-30,-6819514.5,40021,2025-09-30 23:59:59.999999999
40021/0/40100187/40100190/0,2025-10-31,-7048560.5,40021,2025-10-31 23:59:59.999999999
40021/0/40100187/40100190/0,2025-11-30,-7240685.5,40021,2025-11-30 23:59:59.999999999
40021/0/40100187/40100190/0,2025-12-31,-7401842.0,40021,2025-12-31 23:59:59.999999999
40021/0/40100187/40100190/0,2026-01-31,-7537021.5,40021,2026-01-31 23:59:59.999999999
40021/0/40100187/40100190/0,2026-02-28,-7650411.0,40021,2026-02-28 23:59:59.999999999
40021/0/40100187/40100190/0,2026-03-31,-7745523.5,40021,2026-03-31 23:59:59.999999999
40021/0/40100187/40100190/0,2026-04-30,-7825304.0,40021,2026-04-30 23:59:59.999999999
40021/0/40100187/40100190/0,2026-05-31,-7892225.0,40021,2026-05-31 23:59:59.999999999
40021/0/40100187/40100190/0,2026-06-30,-7948359.0,40021,2026-06-30 23:59:59.999999999
40021/0/40100187/40100190/0,2026-07-31,-7995444.5,40021,2026-07-31 23:59:59.999999999
40021/0/40100187/40100190/0,2026-08-31,-8034940.0,40021,2026-08-31 23:59:59.999999999
40021/0/40100187/40100190/0,2026-09-30,-8068069.5,40021,2026-09-30 23:59:59.999999999
40021/0/40100187/40100190/0,2026-10-31,-8095858.5,40021,2026-10-31 23:59:59.999999999
40021/0/40100187/40100190/0,2026-11-30,-8119168.5,40021,2026-11-30 23:59:59.999999999
40021/0/40100187/40100190/0,2026-12-31,-8138720.5,40021,2026-12-31 23:59:59.999999999
40021/0/40100187/40100190/0,2027-01-31,-8155121.5,40021,2027-01-31 23:59:59.999999999
40021/0/40100187/40100190/0,2027-02-28,-8168878.5,40021,2027-02-28 23:59:59.999999999
40021/0/40100187/40100190/0,2027-03-31,-8180418.0,40021,2027-03-31 23:59:59.999999999
40021/0/40100187/40100190/0,2027-04-30,-8190097.5,40021,2027-04-30 23:59:59.999999999
40021/0/40100187/40100190/0,2027-05-31,-8198217.0,40021,2027-05-31 23:59:59.999999999
40021/0/40100187/40100191,2024-12-31,42996634000.0,40021,2024-12-31 23:59:59.999999999
40021/0/40100187/40100191,2025-01-31,42996634000.0,40021,2025-01-31 23:59:59.999999999
40021/0/40100187/40100191,2025-02-28,42996634000.0,40021,2025-02-28 23:59:59.999999999
40021/0/40100187/40100191,2025-03-31,42996634000.0,40021,2025-03-31 23:59:59.999999999
40021/0/40100187/40100191,2025-04-30,42996634000.0,40021,2025-04-30 23:59:59.999999999
40021/0/40100187/40100191,2025-05-31,42996634000.0,40021,2025-05-31 23:59:59.999999999
40021/0/40100187/40100191,2025-06-30,42996634000.0,40021,2025-06-30 23:59:59.999999999
40021/0/40100187/40100191,2025-07-31,42996634000.0,40021,2025-07-31 23:59:59.999999999
40021/0/40100187/40100191,2025-08-31,42996634000.0,40021,2025-08-31 23:59:59.999999999
40021/0/40100187/40100191,2025-09-30,42996634000.0,40021,2025-09-30 23:59:59.999999999
40021/0/40100187/40100191,2025-10-31,42996634000.0,40021,2025-10-31 23:59:59.999999999
40021/0/40100187/40100191,2025-11-30,42996634000.0,40021,2025-11-30 23:59:59.999999999
40021/0/40100187/40100191,2025-12-31,42996634000.0,40021,2025-12-31 23:59:59.999999999
40021/0/40100187/40100191,2026-01-31,42996634000.0,40021,2026-01-31 23:59:59.999999999
40021/0/40100187/40100191,2026-02-28,42996634000.0,40021,2026-02-28 23:59:59.999999999
40021/0/40100187/40100191,2026-03-31,42996634000.0,40021,2026-03-31 23:59:59.999999999
40021/0/40100187/40100191,2026-04-30,42996634000.0,40021,2026-04-30 23:59:59.999999999
40021/0/40100187/40100191,2026-05-31,42996634000.0,40021,2026-05-31 23:59:59.999999999
40021/0/40100187/40100191,2026-06-30,42996634000.0,40021,2026-06-30 23:59:59.999999999
40021/0/40100187/40100191,2026-07-31,42996634000.0,40021,2026-07-31 23:59:59.999999999
40021/0/40100187/40100191,2026-08-31,42996634000.0,40021,2026-08-31 23:59:59.999999999
40021/0/40100187/40100191,2026-09-30,42996634000.0,40021,2026-09-30 23:59:59.999999999
40021/0/40100187/40100191,2026-10-31,42996634000.0,40021,2026-10-31 23:59:59.999999999
40021/0/40100187/40100191,2026-11-30,42996634000.0,40021,2026-11-30 23:59:59.999999999
40021/0/40100187/40100191,2026-12-31,42996634000.0,40021,2026-12-31 23:59:59.999999999
40021/0/40100187/40100191,2027-01-31,42996634000.0,40021,2027-01-31 23:59:59.999999999
40021/0/40100187/40100191,2027-02-28,42996634000.0,40021,2027-02-28 23:59:59.999999999
40021/0/40100187/40100191,2027-03-31,42996634000.0,40021,2027-03-31 23:59:59.999999999
40021/0/40100187/40100191,2027-04-30,42996634000.0,40021,2027-04-30 23:59:59.999999999
40021/0/40100187/40100191,2027-05-31,42996634000.0,40021,2027-05-31 23:59:59.999999999
40021/0/40100187/40100191/0,2024-12-31,42996634000.0,40021,2024-12-31 23:59:59.999999999
40021/0/40100187/40100191/0,2025-01-31,42996634000.0,40021,2025-01-31 23:59:59.999999999
40021/0/40100187/40100191/0,2025-02-28,42996634000.0,40021,2025-02-28 23:59:59.999999999
40021/0/40100187/40100191/0,2025-03-31,42996634000.0,40021,2025-03-31 23:59:59.999999999
40021/0/40100187/40100191/0,2025-04-30,42996634000.0,40021,2025-04-30 23:59:59.999999999
40021/0/40100187/40100191/0,2025-05-31,42996634000.0,40021,2025-05-31 23:59:59.999999999
40021/0/40100187/40100191/0,2025-06-30,42996634000.0,40021,2025-06-30 23:59:59.999999999
40021/0/40100187/40100191/0,2025-07-31,42996634000.0,40021,2025-07-31 23:59:59.999999999
40021/0/40100187/40100191/0,2025-08-31,42996634000.0,40021,2025-08-31 23:59:59.999999999
40021/0/40100187/40100191/0,2025-09-30,42996634000.0,40021,2025-09-30 23:59:59.999999999
40021/0/40100187/40100191/0,2025-10-31,42996634000.0,40021,2025-10-31 23:59:59.999999999
40021/0/40100187/40100191/0,2025-11-30,42996634000.0,40021,2025-11-30 23:59:59.999999999
40021/0/40100187/40100191/0,2025-12-31,42996634000.0,40021,2025-12-31 23:59:59.999999999
40021/0/40100187/40100191/0,2026-01-31,42996634000.0,40021,2026-01-31 23:59:59.999999999
40021/0/40100187/40100191/0,2026-02-28,42996634000.0,40021,2026-02-28 23:59:59.999999999
40021/0/40100187/40100191/0,2026-03-31,42996634000.0,40021,2026-03-31 23:59:59.999999999
40021/0/40100187/40100191/0,2026-04-30,42996634000.0,40021,2026-04-30 23:59:59.999999999
40021/0/40100187/40100191/0,2026-05-31,42996634000.0,40021,2026-05-31 23:59:59.999999999
40021/0/40100187/40100191/0,2026-06-30,42996634000.0,40021,2026-06-30 23:59:59.999999999
40021/0/40100187/40100191/0,2026-07-31,42996634000.0,40021,2026-07-31 23:59:59.999999999
40021/0/40100187/40100191/0,2026-08-31,42996634000.0,40021,2026-08-31 23:59:59.999999999
40021/0/40100187/40100191/0,2026-09-30,42996634000.0,40021,2026-09-30 23:59:59.999999999
40021/0/40100187/40100191/0,2026-10-31,42996634000.0,40021,2026-10-31 23:59:59.999999999
40021/0/40100187/40100191/0,2026-11-30,42996634000.0,40021,2026-11-30 23:59:59.999999999
40021/0/40100187/40100191/0,2026-12-31,42996634000.0,40021,2026-12-31 23:59:59.999999999
40021/0/40100187/40100191/0,2027-01-31,42996634000.0,40021,2027-01-31 23:59:59.999999999
40021/0/40100187/40100191/0,2027-02-28,42996634000.0,40021,2027-02-28 23:59:59.999999999
40021/0/40100187/40100191/0,2027-03-31,42996634000.0,40021,2027-03-31 23:59:59.999999999
40021/0/40100187/40100191/0,2027-04-30,42996634000.0,40021,2027-04-30 23:59:59.999999999
40021/0/40100187/40100191/0,2027-05-31,42996634000.0,40021,2027-05-31 23:59:59.999999999
40021/0/40100187/40100192,2024-12-31,0.0,40021,2024-12-31 23:59:59.999999999
40021/0/40100187/40100192,2025-01-31,0.0,40021,2025-01-31 23:59:59.999999999
40021/0/40100187/40100192,2025-02-28,0.0,40021,2025-02-28 23:59:59.999999999
40021/0/40100187/40100192,2025-03-31,0.0,40021,2025-03-31 23:59:59.999999999
40021/0/40100187/40100192,2025-04-30,0.0,40021,2025-04-30 23:59:59.999999999
40021/0/40100187/40100192,2025-05-31,0.0,40021,2025-05-31 23:59:59.999999999
40021/0/40100187/40100192,2025-06-30,0.0,40021,2025-06-30 23:59:59.999999999
40021/0/40100187/40100192,2025-07-31,0.0,40021,2025-07-31 23:59:59.999999999
40021/0/40100187/40100192,2025-08-31,0.0,40021,2025-08-31 23:59:59.999999999
40021/0/40100187/40100192,2025-09-30,0.0,40021,2025-09-30 23:59:59.999999999
40021/0/40100187/40100192,2025-10-31,0.0,40021,2025-10-31 23:59:59.999999999
40021/0/40100187/40100192,2025-11-30,0.0,40021,2025-11-30 23:59:59.999999999
40021/0/40100187/40100192,2025-12-31,0.0,40021,2025-12-31 23:59:59.999999999
40021/0/40100187/40100192,2026-01-31,0.0,40021,2026-01-31 23:59:59.999999999
40021/0/40100187/40100192,2026-02-28,0.0,40021,2026-02-28 23:59:59.999999999
40021/0/40100187/40100192,2026-03-31,0.0,40021,2026-03-31 23:59:59.999999999
40021/0/40100187/40100192,2026-04-30,0.0,40021,2026-04-30 23:59:59.999999999
40021/0/40100187/40100192,2026-05-31,0.0,40021,2026-05-31 23:59:59.999999999
40021/0/40100187/40100192,2026-06-30,0.0,40021,2026-06-30 23:59:59.999999999
40021/0/40100187/40100192,2026-07-31,0.0,40021,2026-07-31 23:59:59.999999999
40021/0/40100187/40100192,2026-08-31,0.0,40021,2026-08-31 23:59:59.999999999
40021/0/40100187/40100192,2026-09-30,0.0,40021,2026-09-30 23:59:59.999999999
40021/0/40100187/40100192,2026-10-31,0.0,40021,2026-10-31 23:59:59.999999999
40021/0/40100187/40100192,2026-11-30,0.0,40021,2026-11-30 23:59:59.999999999
40021/0/40100187/40100192,2026-12-31,0.0,40021,2026-12-31 23:59:59.999999999
40021/0/40100187/40100192,2027-01-31,0.0,40021,2027-01-31 23:59:59.999999999
40021/0/40100187/40100192,2027-02-28,0.0,40021,2027-02-28 23:59:59.999999999
40021/0/40100187/40100192,2027-03-31,0.0,40021,2027-03-31 23:59:59.999999999
40021/0/40100187/40100192,2027-04-30,0.0,40021,2027-04-30 23:59:59.999999999
40021/0/40100187/40100192,2027-05-31,0.0,40021,2027-05-31 23:59:59.999999999
40021/0/40100187/40100192/0,2024-12-31,0.0,40021,2024-12-31 23:59:59.999999999
40021/0/40100187/40100192/0,2025-01-31,0.0,40021,2025-01-31 23:59:59.999999999
40021/0/40100187/40100192/0,2025-02-28,0.0,40021,2025-02-28 23:59:59.999999999
40021/0/40100187/40100192/0,2025-03-31,0.0,40021,2025-03-31 23:59:59.999999999
40021/0/40100187/40100192/0,2025-04-30,0.0,40021,2025-04-30 23:59:59.999999999
40021/0/40100187/40100192/0,2025-05-31,0.0,40021,2025-05-31 23:59:59.999999999
40021/0/40100187/40100192/0,2025-06-30,0.0,40021,2025-06-30 23:59:59.999999999
40021/0/40100187/40100192/0,2025-07-31,0.0,40021,2025-07-31 23:59:59.999999999
40021/0/40100187/40100192/0,2025-08-31,0.0,40021,2025-08-31 23:59:59.999999999
40021/0/40100187/40100192/0,2025-09-30,0.0,40021,2025-09-30 23:59:59.999999999
40021/0/40100187/40100192/0,2025-10-31,0.0,40021,2025-10-31 23:59:59.999999999
40021/0/40100187/40100192/0,2025-11-30,0.0,40021,2025-11-30 23:59:59.999999999
40021/0/40100187/40100192/0,2025-12-31,0.0,40021,2025-12-31 23:59:59.999999999
40021/0/40100187/40100192/0,2026-01-31,0.0,40021,2026-01-31 23:59:59.999999999
40021/0/40100187/40100192/0,2026-02-28,0.0,40021,2026-02-28 23:59:59.999999999
40021/0/40100187/40100192/0,2026-03-31,0.0,40021,2026-03-31 23:59:59.999999999
40021/0/40100187/40100192/0,2026-04-30,0.0,40021,2026-04-30 23:59:59.999999999
40021/0/40100187/40100192/0,2026-05-31,0.0,40021,2026-05-31 23:59:59.999999999
40021/0/40100187/40100192/0,2026-06-30,0.0,40021,2026-06-30 23:59:59.999999999
40021/0/40100187/40100192/0,2026-07-31,0.0,40021,2026-07-31 23:59:59.999999999
40021/0/40100187/40100192/0,2026-08-31,0.0,40021,2026-08-31 23:59:59.999999999
40021/0/40100187/40100192/0,2026-09-30,0.0,40021,2026-09-30 23:59:59.999999999
40021/0/40100187/40100192/0,2026-10-31,0.0,40021,2026-10-31 23:59:59.999999999
40021/0/40100187/40100192/0,2026-11-30,0.0,40021,2026-11-30 23:59:59.999999999
40021/0/40100187/40100192/0,2026-12-31,0.0,40021,2026-12-31 23:59:59.999999999
40021/0/40100187/40100192/0,2027-01-31,0.0,40021,2027-01-31 23:59:59.999999999
40021/0/40100187/40100192/0,2027-02-28,0.0,40021,2027-02-28 23:59:59.999999999
40021/0/40100187/40100192/0,2027-03-31,0.0,40021,2027-03-31 23:59:59.999999999
40021/0/40100187/40100192/0,2027-04-30,0.0,40021,2027-04-30 23:59:59.999999999
40021/0/40100187/40100192/0,2027-05-31,0.0,40021,2027-05-31 23:59:59.999999999
40021/0/40100187/40100193,2024-12-31,22459593000.0,40021,2024-12-31 23:59:59.999999999
40021/0/40100187/40100193,2025-01-31,22459593000.0,40021,2025-01-31 23:59:59.999999999
40021/0/40100187/40100193,2025-02-28,22459593000.0,40021,2025-02-28 23:59:59.999999999
40021/0/40100187/40100193,2025-03-31,22459593000.0,40021,2025-03-31 23:59:59.999999999
40021/0/40100187/40100193,2025-04-30,22459593000.0,40021,2025-04-30 23:59:59.999999999
40021/0/40100187/40100193,2025-05-31,22459593000.0,40021,2025-05-31 23:59:59.999999999
40021/0/40100187/40100193,2025-06-30,22459593000.0,40021,2025-06-30 23:59:59.999999999
40021/0/40100187/40100193,2025-07-31,22459593000.0,40021,2025-07-31 23:59:59.999999999
40021/0/40100187/40100193,2025-08-31,22459593000.0,40021,2025-08-31 23:59:59.999999999
40021/0/40100187/40100193,2025-09-30,22459593000.0,40021,2025-09-30 23:59:59.999999999
40021/0/40100187/40100193,2025-10-31,22459593000.0,40021,2025-10-31 23:59:59.999999999
40021/0/40100187/40100193,2025-11-30,22459593000.0,40021,2025-11-30 23:59:59.999999999
40021/0/40100187/40100193,2025-12-31,22459593000.0,40021,2025-12-31 23:59:59.999999999
40021/0/40100187/40100193,2026-01-31,22459593000.0,40021,2026-01-31 23:59:59.999999999
40021/0/40100187/40100193,2026-02-28,22459593000.0,40021,2026-02-28 23:59:59.999999999
40021/0/40100187/40100193,2026-03-31,22459593000.0,40021,2026-03-31 23:59:59.999999999
40021/0/40100187/40100193,2026-04-30,22459593000.0,40021,2026-04-30 23:59:59.999999999
40021/0/40100187/40100193,2026-05-31,22459593000.0,40021,2026-05-31 23:59:59.999999999
40021/0/40100187/40100193,2026-06-30,22459593000.0,40021,2026-06-30 23:59:59.999999999
40021/0/40100187/40100193,2026-07-31,22459593000.0,40021,2026-07-31 23:59:59.999999999
40021/0/40100187/40100193,2026-08-31,22459593000.0,40021,2026-08-31 23:59:59.999999999
40021/0/40100187/40100193,2026-09-30,22459593000.0,40021,2026-09-30 23:59:59.999999999
40021/0/40100187/40100193,2026-10-31,22459593000.0,40021,2026-10-31 23:59:59.999999999
40021/0/40100187/40100193,2026-11-30,22459593000.0,40021,2026-11-30 23:59:59.999999999
40021/0/40100187/40100193,2026-12-31,22459593000.0,40021,2026-12-31 23:59:59.999999999
40021/0/40100187/40100193,2027-01-31,22459593000.0,40021,2027-01-31 23:59:59.999999999
40021/0/40100187/40100193,2027-02-28,22459593000.0,40021,2027-02-28 23:59:59.999999999
40021/0/40100187/40100193,2027-03-31,22459593000.0,40021,2027-03-31 23:59:59.999999999
40021/0/40100187/40100193,2027-04-30,22459593000.0,40021,2027-04-30 23:59:59.999999999
40021/0/40100187/40100193,2027-05-31,22459593000.0,40021,2027-05-31 23:59:59.999999999
40021/0/40100187/40100193/0,2024-12-31,22459593000.0,40021,2024-12-31 23:59:59.999999999
40021/0/40100187/40100193/0,2025-01-31,22459593000.0,40021,2025-01-31 23:59:59.999999999
40021/0/40100187/40100193/0,2025-02-28,22459593000.0,40021,2025-02-28 23:59:59.999999999
40021/0/40100187/40100193/0,2025-03-31,22459593000.0,40021,2025-03-31 23:59:59.999999999
40021/0/40100187/40100193/0,2025-04-30,22459593000.0,40021,2025-04-30 23:59:59.999999999
40021/0/40100187/40100193/0,2025-05-31,22459593000.0,40021,2025-05-31 23:59:59.999999999
40021/0/40100187/40100193/0,2025-06-30,22459593000.0,40021,2025-06-30 23:59:59.999999999
40021/0/40100187/40100193/0,2025-07-31,22459593000.0,40021,2025-07-31 23:59:59.999999999
40021/0/40100187/40100193/0,2025-08-31,22459593000.0,40021,2025-08-31 23:59:59.999999999
40021/0/40100187/40100193/0,2025-09-30,22459593000.0,40021,2025-09-30 23:59:59.999999999
40021/0/40100187/40100193/0,2025-10-31,22459593000.0,40021,2025-10-31 23:59:59.999999999
40021/0/40100187/40100193/0,2025-11-30,22459593000.0,40021,2025-11-30 23:59:59.999999999
40021/0/40100187/40100193/0,2025-12-31,22459593000.0,40021,2025-12-31 23:59:59.999999999
40021/0/40100187/40100193/0,2026-01-31,22459593000.0,40021,2026-01-31 23:59:59.999999999
40021/0/40100187/40100193/0,2026-02-28,22459593000.0,40021,2026-02-28 23:59:59.999999999
40021/0/40100187/40100193/0,2026-03-31,22459593000.0,40021,2026-03-31 23:59:59.999999999
40021/0/40100187/40100193/0,2026-04-30,22459593000.0,40021,2026-04-30 23:59:59.999999999
40021/0/40100187/40100193/0,2026-05-31,22459593000.0,40021,2026-05-31 23:59:59.999999999
40021/0/40100187/40100193/0,2026-06-30,22459593000.0,40021,2026-06-30 23:59:59.999999999
40021/0/40100187/40100193/0,2026-07-31,22459593000.0,40021,2026-07-31 23:59:59.999999999
40021/0/40100187/40100193/0,2026-08-31,22459593000.0,40021,2026-08-31 23:59:59.999999999
40021/0/40100187/40100193/0,2026-09-30,22459593000.0,40021,2026-09-30 23:59:59.999999999
40021/0/40100187/40100193/0,2026-10-31,22459593000.0,40021,2026-10-31 23:59:59.999999999
40021/0/40100187/40100193/0,2026-11-30,22459593000.0,40021,2026-11-30 23:59:59.999999999
40021/0/40100187/40100193/0,2026-12-31,22459593000.0,40021,2026-12-31 23:59:59.999999999
40021/0/40100187/40100193/0,2027-01-31,22459593000.0,40021,2027-01-31 23:59:59.999999999
40021/0/40100187/40100193/0,2027-02-28,22459593000.0,40021,2027-02-28 23:59:59.999999999
40021/0/40100187/40100193/0,2027-03-31,22459593000.0,40021,2027-03-31 23:59:59.999999999
40021/0/40100187/40100193/0,2027-04-30,22459593000.0,40021,2027-04-30 23:59:59.999999999
40021/0/40100187/40100193/0,2027-05-31,22459593000.0,40021,2027-05-31 23:59:59.999999999
40021/0/40100187/40100194,2024-12-31,784602560.0,40021,2024-12-31 23:59:59.999999999
40021/0/40100187/40100194,2025-01-31,454540130.0,40021,2025-01-31 23:59:59.999999999
40021/0/40100187/40100194,2025-02-28,124477704.0,40021,2025-02-28 23:59:59.999999999
40021/0/40100187/40100194,2025-03-31,-205584700.0,40021,2025-03-31 23:59:59.999999999
40021/0/40100187/40100194,2025-04-30,-535647140.0,40021,2025-04-30 23:59:59.999999999
40021/0/40100187/40100194,2025-05-31,-865709600.0,40021,2025-05-31 23:59:59.999999999
40021/0/40100187/40100194,2025-06-30,-1195771900.0,40021,2025-06-30 23:59:59.999999999
40021/0/40100187/40100194,2025-07-31,-1525834400.0,40021,2025-07-31 23:59:59.999999999
40021/0/40100187/40100194,2025-08-31,-1855896800.0,40021,2025-08-31 23:59:59.999999999
40021/0/40100187/40100194,2025-09-30,-2185959200.0,40021,2025-09-30 23:59:59.999999999
40021/0/40100187/40100194,2025-10-31,-2516021500.0,40021,2025-10-31 23:59:59.999999999
40021/0/40100187/40100194,2025-11-30,-2846084000.0,40021,2025-11-30 23:59:59.999999999
40021/0/40100187/40100194,2025-12-31,-3176146400.0,40021,2025-12-31 23:59:59.999999999
40021/0/40100187/40100194,2026-01-31,-3506208800.0,40021,2026-01-31 23:59:59.999999999
40021/0/40100187/40100194,2026-02-28,-3836271400.0,40021,2026-02-28 23:59:59.999999999
40021/0/40100187/40100194,2026-03-31,-4166333700.0,40021,2026-03-31 23:59:59.999999999
40021/0/40100187/40100194,2026-04-30,-4496396300.0,40021,2026-04-30 23:59:59.999999999
40021/0/40100187/40100194,2026-05-31,-4826458600.0,40021,2026-05-31 23:59:59.999999999
40021/0/40100187/40100194,2026-06-30,-5156521000.0,40021,2026-06-30 23:59:59.999999999
40021/0/40100187/40100194,2026-07-31,-5486583300.0,40021,2026-07-31 23:59:59.999999999
40021/0/40100187/40100194,2026-08-31,-5816645600.0,40021,2026-08-31 23:59:59.999999999
40021/0/40100187/40100194,2026-09-30,-6146708000.0,40021,2026-09-30 23:59:59.999999999
40021/0/40100187/40100194,2026-10-31,-6476771000.0,40021,2026-10-31 23:59:59.999999999
40021/0/40100187/40100194,2026-11-30,-6806833000.0,40021,2026-11-30 23:59:59.999999999
40021/0/40100187/40100194,2026-12-31,-7136895500.0,40021,2026-12-31 23:59:59.999999999
40021/0/40100187/40100194,2027-01-31,-7466958000.0,40021,2027-01-31 23:59:59.999999999
40021/0/40100187/40100194,2027-02-28,-7797020000.0,40021,2027-02-28 23:59:59.999999999
40021/0/40100187/40100194,2027-03-31,-8127082500.0,40021,2027-03-31 23:59:59.999999999
40021/0/40100187/40100194,2027-04-30,-8457145300.0,40021,2027-04-30 23:59:59.999999999
40021/0/40100187/40100194,2027-05-31,-8787207000.0,40021,2027-05-31 23:59:59.999999999
40021/0/40100187/40100194/0,2024-12-31,784602560.0,40021,2024-12-31 23:59:59.999999999
40021/0/40100187/40100194/0,2025-01-31,454540130.0,40021,2025-01-31 23:59:59.999999999
40021/0/40100187/40100194/0,2025-02-28,124477704.0,40021,2025-02-28 23:59:59.999999999
40021/0/40100187/40100194/0,2025-03-31,-205584700.0,40021,2025-03-31 23:59:59.999999999
40021/0/40100187/40100194/0,2025-04-30,-535647140.0,40021,2025-04-30 23:59:59.999999999
40021/0/40100187/40100194/0,2025-05-31,-865709600.0,40021,2025-05-31 23:59:59.999999999
40021/0/40100187/40100194/0,2025-06-30,-1195771900.0,40021,2025-06-30 23:59:59.999999999
40021/0/40100187/40100194/0,2025-07-31,-1525834400.0,40021,2025-07-31 23:59:59.999999999
40021/0/40100187/40100194/0,2025-08-31,-1855896800.0,40021,2025-08-31 23:59:59.999999999
40021/0/40100187/40100194/0,2025-09-30,-2185959200.0,40021,2025-09-30 23:59:59.999999999
40021/0/40100187/40100194/0,2025-10-31,-2516021500.0,40021,2025-10-31 23:59:59.999999999
40021/0/40100187/40100194/0,2025-11-30,-2846084000.0,40021,2025-11-30 23:59:59.999999999
40021/0/40100187/40100194/0,2025-12-31,-3176146400.0,40021,2025-12-31 23:59:59.999999999
40021/0/40100187/40100194/0,2026-01-31,-3506208800.0,40021,2026-01-31 23:59:59.999999999
40021/0/40100187/40100194/0,2026-02-28,-3836271400.0,40021,2026-02-28 23:59:59.999999999
40021/0/40100187/40100194/0,2026-03-31,-4166333700.0,40021,2026-03-31 23:59:59.999999999
40021/0/40100187/40100194/0,2026-04-30,-4496396300.0,40021,2026-04-30 23:59:59.999999999
40021/0/40100187/40100194/0,2026-05-31,-4826458600.0,40021,2026-05-31 23:59:59.999999999
40021/0/40100187/40100194/0,2026-06-30,-5156521000.0,40021,2026-06-30 23:59:59.999999999
40021/0/40100187/40100194/0,2026-07-31,-5486583300.0,40021,2026-07-31 23:59:59.999999999
40021/0/40100187/40100194/0,2026-08-31,-5816645600.0,40021,2026-08-31 23:59:59.999999999
40021/0/40100187/40100194/0,2026-09-30,-6146708000.0,40021,2026-09-30 23:59:59.999999999
40021/0/40100187/40100194/0,2026-10-31,-6476771000.0,40021,2026-10-31 23:59:59.999999999
40021/0/40100187/40100194/0,2026-11-30,-6806833000.0,40021,2026-11-30 23:59:59.999999999
40021/0/40100187/40100194/0,2026-12-31,-7136895500.0,40021,2026-12-31 23:59:59.999999999
40021/0/40100187/40100194/0,2027-01-31,-7466958000.0,40021,2027-01-31 23:59:59.999999999
40021/0/40100187/40100194/0,2027-02-28,-7797020000.0,40021,2027-02-28 23:59:59.999999999
40021/0/40100187/40100194/0,2027-03-31,-8127082500.0,40021,2027-03-31 23:59:59.999999999
40021/0/40100187/40100194/0,2027-04-30,-8457145300.0,40021,2027-04-30 23:59:59.999999999
40021/0/40100187/40100194/0,2027-05-31,-8787207000.0,40021,2027-05-31 23:59:59.999999999
40021/0/40100187/40100195,2024-12-31,2291828500.0,40021,2024-12-31 23:59:59.999999999
40021/0/40100187/40100195,2025-01-31,2305117200.0,40021,2025-01-31 23:59:59.999999999
40021/0/40100187/40100195,2025-02-28,2315051800.0,40021,2025-02-28 23:59:59.999999999
40021/0/40100187/40100195,2025-03-31,2298297900.0,40021,2025-03-31 23:59:59.999999999
40021/0/40100187/40100195,2025-04-30,2235181300.0,40021,2025-04-30 23:59:59.999999999
40021/0/40100187/40100195,2025-05-31,2174654200.0,40021,2025-05-31 23:59:59.999999999
40021/0/40100187/40100195,2025-06-30,2081882000.0,40021,2025-06-30 23:59:59.999999999
40021/0/40100187/40100195,2025-07-31,2015933000.0,40021,2025-07-31 23:59:59.999999999
40021/0/40100187/40100195,2025-08-31,2145784300.0,40021,2025-08-31 23:59:59.999999999
40021/0/40100187/40100195,2025-09-30,2245212200.0,40021,2025-09-30 23:59:59.999999999
40021/0/40100187/40100195,2025-10-31,2258003200.0,40021,2025-10-31 23:59:59.999999999
40021/0/40100187/40100195,2025-11-30,2151103500.0,40021,2025-11-30 23:59:59.999999999
40021/0/40100187/40100195,2025-12-31,2151103500.0,40021,2025-12-31 23:59:59.999999999
40021/0/40100187/40100195,2026-01-31,2151103500.0,40021,2026-01-31 23:59:59.999999999
40021/0/40100187/40100195,2026-02-28,2151103500.0,40021,2026-02-28 23:59:59.999999999
40021/0/40100187/40100195,2026-03-31,2151103500.0,40021,2026-03-31 23:59:59.999999999
40021/0/40100187/40100195,2026-04-30,2151103500.0,40021,2026-04-30 23:59:59.999999999
40021/0/40100187/40100195,2026-05-31,2151103500.0,40021,2026-05-31 23:59:59.999999999
40021/0/40100187/40100195,2026-06-30,2151103500.0,40021,2026-06-30 23:59:59.999999999
40021/0/40100187/40100195,2026-07-31,2151103500.0,40021,2026-07-31 23:59:59.999999999
40021/0/40100187/40100195,2026-08-31,2151103500.0,40021,2026-08-31 23:59:59.999999999
40021/0/40100187/40100195,2026-09-30,2151103500.0,40021,2026-09-30 23:59:59.999999999
40021/0/40100187/40100195,2026-10-31,2151103500.0,40021,2026-10-31 23:59:59.999999999
40021/0/40100187/40100195,2026-11-30,2151103500.0,40021,2026-11-30 23:59:59.999999999
40021/0/40100187/40100195,2026-12-31,2151103500.0,40021,2026-12-31 23:59:59.999999999
40021/0/40100187/40100195,2027-01-31,2151103500.0,40021,2027-01-31 23:59:59.999999999
40021/0/40100187/40100195,2027-02-28,2151103500.0,40021,2027-02-28 23:59:59.999999999
40021/0/40100187/40100195,2027-03-31,2151103500.0,40021,2027-03-31 23:59:59.999999999
40021/0/40100187/40100195,2027-04-30,2151103500.0,40021,2027-04-30 23:59:59.999999999
40021/0/40100187/40100195,2027-05-31,2151103500.0,40021,2027-05-31 23:59:59.999999999
40021/0/40100187/40100195/0,2024-12-31,2291828500.0,40021,2024-12-31 23:59:59.999999999
40021/0/40100187/40100195/0,2025-01-31,2305117200.0,40021,2025-01-31 23:59:59.999999999
40021/0/40100187/40100195/0,2025-02-28,2315051800.0,40021,2025-02-28 23:59:59.999999999
40021/0/40100187/40100195/0,2025-03-31,2298297900.0,40021,2025-03-31 23:59:59.999999999
40021/0/40100187/40100195/0,2025-04-30,2235181300.0,40021,2025-04-30 23:59:59.999999999
40021/0/40100187/40100195/0,2025-05-31,2174654200.0,40021,2025-05-31 23:59:59.999999999
40021/0/40100187/40100195/0,2025-06-30,2081882000.0,40021,2025-06-30 23:59:59.999999999
40021/0/40100187/40100195/0,2025-07-31,2015933000.0,40021,2025-07-31 23:59:59.999999999
40021/0/40100187/40100195/0,2025-08-31,2145784300.0,40021,2025-08-31 23:59:59.999999999
40021/0/40100187/40100195/0,2025-09-30,2245212200.0,40021,2025-09-30 23:59:59.999999999
40021/0/40100187/40100195/0,2025-10-31,2258003200.0,40021,2025-10-31 23:59:59.999999999
40021/0/40100187/40100195/0,2025-11-30,2151103500.0,40021,2025-11-30 23:59:59.999999999
40021/0/40100187/40100195/0,2025-12-31,2151103500.0,40021,2025-12-31 23:59:59.999999999
40021/0/40100187/40100195/0,2026-01-31,2151103500.0,40021,2026-01-31 23:59:59.999999999
40021/0/40100187/40100195/0,2026-02-28,2151103500.0,40021,2026-02-28 23:59:59.999999999
40021/0/40100187/40100195/0,2026-03-31,2151103500.0,40021,2026-03-31 23:59:59.999999999
40021/0/40100187/40100195/0,2026-04-30,2151103500.0,40021,2026-04-30 23:59:59.999999999
40021/0/40100187/40100195/0,2026-05-31,2151103500.0,40021,2026-05-31 23:59:59.999999999
40021/0/40100187/40100195/0,2026-06-30,2151103500.0,40021,2026-06-30 23:59:59.999999999
40021/0/40100187/40100195/0,2026-07-31,2151103500.0,40021,2026-07-31 23:59:59.999999999
40021/0/40100187/40100195/0,2026-08-31,2151103500.0,40021,2026-08-31 23:59:59.999999999
40021/0/40100187/40100195/0,2026-09-30,2151103500.0,40021,2026-09-30 23:59:59.999999999
40021/0/40100187/40100195/0,2026-10-31,2151103500.0,40021,2026-10-31 23:59:59.999999999
40021/0/40100187/40100195/0,2026-11-30,2151103500.0,40021,2026-11-30 23:59:59.999999999
40021/0/40100187/40100195/0,2026-12-31,2151103500.0,40021,2026-12-31 23:59:59.999999999
40021/0/40100187/40100195/0,2027-01-31,2151103500.0,40021,2027-01-31 23:59:59.999999999
40021/0/40100187/40100195/0,2027-02-28,2151103500.0,40021,2027-02-28 23:59:59.999999999
40021/0/40100187/40100195/0,2027-03-31,2151103500.0,40021,2027-03-31 23:59:59.999999999
40021/0/40100187/40100195/0,2027-04-30,2151103500.0,40021,2027-04-30 23:59:59.999999999
40021/0/40100187/40100195/0,2027-05-31,2151103500.0,40021,2027-05-31 23:59:59.999999999
40021/0/40100196,2024-12-31,28412682000.0,40021,2024-12-31 23:59:59.999999999
40021/0/40100196,2025-01-31,28412682000.0,40021,2025-01-31 23:59:59.999999999
40021/0/40100196,2025-02-28,28412682000.0,40021,2025-02-28 23:59:59.999999999
40021/0/40100196,2025-03-31,28412682000.0,40021,2025-03-31 23:59:59.999999999
40021/0/40100196,2025-04-30,28412682000.0,40021,2025-04-30 23:59:59.999999999
40021/0/40100196,2025-05-31,28412682000.0,40021,2025-05-31 23:59:59.999999999
40021/0/40100196,2025-06-30,28412682000.0,40021,2025-06-30 23:59:59.999999999
40021/0/40100196,2025-07-31,28412682000.0,40021,2025-07-31 23:59:59.999999999
40021/0/40100196,2025-08-31,28412682000.0,40021,2025-08-31 23:59:59.999999999
40021/0/40100196,2025-09-30,28412682000.0,40021,2025-09-30 23:59:59.999999999
40021/0/40100196,2025-10-31,28412682000.0,40021,2025-10-31 23:59:59.999999999
40021/0/40100196,2025-11-30,28412682000.0,40021,2025-11-30 23:59:59.999999999
40021/0/40100196,2025-12-31,28412682000.0,40021,2025-12-31 23:59:59.999999999
40021/0/40100196,2026-01-31,28412682000.0,40021,2026-01-31 23:59:59.999999999
40021/0/40100196,2026-02-28,28412682000.0,40021,2026-02-28 23:59:59.999999999
40021/0/40100196,2026-03-31,28412682000.0,40021,2026-03-31 23:59:59.999999999
40021/0/40100196,2026-04-30,28412682000.0,40021,2026-04-30 23:59:59.999999999
40021/0/40100196,2026-05-31,28412682000.0,40021,2026-05-31 23:59:59.999999999
40021/0/40100196,2026-06-30,28412682000.0,40021,2026-06-30 23:59:59.999999999
40021/0/40100196,2026-07-31,28412682000.0,40021,2026-07-31 23:59:59.999999999
40021/0/40100196,2026-08-31,28412682000.0,40021,2026-08-31 23:59:59.999999999
40021/0/40100196,2026-09-30,28412682000.0,40021,2026-09-30 23:59:59.999999999
40021/0/40100196,2026-10-31,28412682000.0,40021,2026-10-31 23:59:59.999999999
40021/0/40100196,2026-11-30,28412682000.0,40021,2026-11-30 23:59:59.999999999
40021/0/40100196,2026-12-31,28412682000.0,40021,2026-12-31 23:59:59.999999999
40021/0/40100196,2027-01-31,28412682000.0,40021,2027-01-31 23:59:59.999999999
40021/0/40100196,2027-02-28,28412682000.0,40021,2027-02-28 23:59:59.999999999
40021/0/40100196,2027-03-31,28412682000.0,40021,2027-03-31 23:59:59.999999999
40021/0/40100196,2027-04-30,28412682000.0,40021,2027-04-30 23:59:59.999999999
40021/0/40100196,2027-05-31,28412682000.0,40021,2027-05-31 23:59:59.999999999
40021/0/40100196/40100197,2024-12-31,3889073000.0,40021,2024-12-31 23:59:59.999999999
40021/0/40100196/40100197,2025-01-31,3889073000.0,40021,2025-01-31 23:59:59.999999999
40021/0/40100196/40100197,2025-02-28,3889073000.0,40021,2025-02-28 23:59:59.999999999
40021/0/40100196/40100197,2025-03-31,3889073000.0,40021,2025-03-31 23:59:59.999999999
40021/0/40100196/40100197,2025-04-30,3889073000.0,40021,2025-04-30 23:59:59.999999999
40021/0/40100196/40100197,2025-05-31,3889073000.0,40021,2025-05-31 23:59:59.999999999
40021/0/40100196/40100197,2025-06-30,3889073000.0,40021,2025-06-30 23:59:59.999999999
40021/0/40100196/40100197,2025-07-31,3889073000.0,40021,2025-07-31 23:59:59.999999999
40021/0/40100196/40100197,2025-08-31,3889073000.0,40021,2025-08-31 23:59:59.999999999
40021/0/40100196/40100197,2025-09-30,3889073000.0,40021,2025-09-30 23:59:59.999999999
40021/0/40100196/40100197,2025-10-31,3889073000.0,40021,2025-10-31 23:59:59.999999999
40021/0/40100196/40100197,2025-11-30,3889073000.0,40021,2025-11-30 23:59:59.999999999
40021/0/40100196/40100197,2025-12-31,3889073000.0,40021,2025-12-31 23:59:59.999999999
40021/0/40100196/40100197,2026-01-31,3889073000.0,40021,2026-01-31 23:59:59.999999999
40021/0/40100196/40100197,2026-02-28,3889073000.0,40021,2026-02-28 23:59:59.999999999
40021/0/40100196/40100197,2026-03-31,3889073000.0,40021,2026-03-31 23:59:59.999999999
40021/0/40100196/40100197,2026-04-30,3889073000.0,40021,2026-04-30 23:59:59.999999999
40021/0/40100196/40100197,2026-05-31,3889073000.0,40021,2026-05-31 23:59:59.999999999
40021/0/40100196/40100197,2026-06-30,3889073000.0,40021,2026-06-30 23:59:59.999999999
40021/0/40100196/40100197,2026-07-31,3889073000.0,40021,2026-07-31 23:59:59.999999999
40021/0/40100196/40100197,2026-08-31,3889073000.0,40021,2026-08-31 23:59:59.999999999
40021/0/40100196/40100197,2026-09-30,3889073000.0,40021,2026-09-30 23:59:59.999999999
40021/0/40100196/40100197,2026-10-31,3889073000.0,40021,2026-10-31 23:59:59.999999999
40021/0/40100196/40100197,2026-11-30,3889073000.0,40021,2026-11-30 23:59:59.999999999
40021/0/40100196/40100197,2026-12-31,3889073000.0,40021,2026-12-31 23:59:59.999999999
40021/0/40100196/40100197,2027-01-31,3889073000.0,40021,2027-01-31 23:59:59.999999999
40021/0/40100196/40100197,2027-02-28,3889073000.0,40021,2027-02-28 23:59:59.999999999
40021/0/40100196/40100197,2027-03-31,3889073000.0,40021,2027-03-31 23:59:59.999999999
40021/0/40100196/40100197,2027-04-30,3889073000.0,40021,2027-04-30 23:59:59.999999999
40021/0/40100196/40100197,2027-05-31,3889073000.0,40021,2027-05-31 23:59:59.999999999
40021/0/40100196/40100197/0,2024-12-31,3889073000.0,40021,2024-12-31 23:59:59.999999999
40021/0/40100196/40100197/0,2025-01-31,3889073000.0,40021,2025-01-31 23:59:59.999999999
40021/0/40100196/40100197/0,2025-02-28,3889073000.0,40021,2025-02-28 23:59:59.999999999
40021/0/40100196/40100197/0,2025-03-31,3889073000.0,40021,2025-03-31 23:59:59.999999999
40021/0/40100196/40100197/0,2025-04-30,3889073000.0,40021,2025-04-30 23:59:59.999999999
40021/0/40100196/40100197/0,2025-05-31,3889073000.0,40021,2025-05-31 23:59:59.999999999
40021/0/40100196/40100197/0,2025-06-30,3889073000.0,40021,2025-06-30 23:59:59.999999999
40021/0/40100196/40100197/0,2025-07-31,3889073000.0,40021,2025-07-31 23:59:59.999999999
40021/0/40100196/40100197/0,2025-08-31,3889073000.0,40021,2025-08-31 23:59:59.999999999
40021/0/40100196/40100197/0,2025-09-30,3889073000.0,40021,2025-09-30 23:59:59.999999999
40021/0/40100196/40100197/0,2025-10-31,3889073000.0,40021,2025-10-31 23:59:59.999999999
40021/0/40100196/40100197/0,2025-11-30,3889073000.0,40021,2025-11-30 23:59:59.999999999
40021/0/40100196/40100197/0,2025-12-31,3889073000.0,40021,2025-12-31 23:59:59.999999999
40021/0/40100196/40100197/0,2026-01-31,3889073000.0,40021,2026-01-31 23:59:59.999999999
40021/0/40100196/40100197/0,2026-02-28,3889073000.0,40021,2026-02-28 23:59:59.999999999
40021/0/40100196/40100197/0,2026-03-31,3889073000.0,40021,2026-03-31 23:59:59.999999999
40021/0/40100196/40100197/0,2026-04-30,3889073000.0,40021,2026-04-30 23:59:59.999999999
40021/0/40100196/40100197/0,2026-05-31,3889073000.0,40021,2026-05-31 23:59:59.999999999
40021/0/40100196/40100197/0,2026-06-30,3889073000.0,40021,2026-06-30 23:59:59.999999999
40021/0/40100196/40100197/0,2026-07-31,3889073000.0,40021,2026-07-31 23:59:59.999999999
40021/0/40100196/40100197/0,2026-08-31,3889073000.0,40021,2026-08-31 23:59:59.999999999
40021/0/40100196/40100197/0,2026-09-30,3889073000.0,40021,2026-09-30 23:59:59.999999999
40021/0/40100196/40100197/0,2026-10-31,3889073000.0,40021,2026-10-31 23:59:59.999999999
40021/0/40100196/40100197/0,2026-11-30,3889073000.0,40021,2026-11-30 23:59:59.999999999
40021/0/40100196/40100197/0,2026-12-31,3889073000.0,40021,2026-12-31 23:59:59.999999999
40021/0/40100196/40100197/0,2027-01-31,3889073000.0,40021,2027-01-31 23:59:59.999999999
40021/0/40100196/40100197/0,2027-02-28,3889073000.0,40021,2027-02-28 23:59:59.999999999
40021/0/40100196/40100197/0,2027-03-31,3889073000.0,40021,2027-03-31 23:59:59.999999999
40021/0/40100196/40100197/0,2027-04-30,3889073000.0,40021,2027-04-30 23:59:59.999999999
40021/0/40100196/40100197/0,2027-05-31,3889073000.0,40021,2027-05-31 23:59:59.999999999
40021/0/40100196/40100198,2024-12-31,24463827000.0,40021,2024-12-31 23:59:59.999999999
40021/0/40100196/40100198,2025-01-31,24463827000.0,40021,2025-01-31 23:59:59.999999999
40021/0/40100196/40100198,2025-02-28,24463827000.0,40021,2025-02-28 23:59:59.999999999
40021/0/40100196/40100198,2025-03-31,24463827000.0,40021,2025-03-31 23:59:59.999999999
40021/0/40100196/40100198,2025-04-30,24463827000.0,40021,2025-04-30 23:59:59.999999999
40021/0/40100196/40100198,2025-05-31,24463827000.0,40021,2025-05-31 23:59:59.999999999
40021/0/40100196/40100198,2025-06-30,24463827000.0,40021,2025-06-30 23:59:59.999999999
40021/0/40100196/40100198,2025-07-31,24463827000.0,40021,2025-07-31 23:59:59.999999999
40021/0/40100196/40100198,2025-08-31,24463827000.0,40021,2025-08-31 23:59:59.999999999
40021/0/40100196/40100198,2025-09-30,24463827000.0,40021,2025-09-30 23:59:59.999999999
40021/0/40100196/40100198,2025-10-31,24463827000.0,40021,2025-10-31 23:59:59.999999999
40021/0/40100196/40100198,2025-11-30,24463827000.0,40021,2025-11-30 23:59:59.999999999
40021/0/40100196/40100198,2025-12-31,24463827000.0,40021,2025-12-31 23:59:59.999999999
40021/0/40100196/40100198,2026-01-31,24463827000.0,40021,2026-01-31 23:59:59.999999999
40021/0/40100196/40100198,2026-02-28,24463827000.0,40021,2026-02-28 23:59:59.999999999
40021/0/40100196/40100198,2026-03-31,24463827000.0,40021,2026-03-31 23:59:59.999999999
40021/0/40100196/40100198,2026-04-30,24463827000.0,40021,2026-04-30 23:59:59.999999999
40021/0/40100196/40100198,2026-05-31,24463827000.0,40021,2026-05-31 23:59:59.999999999
40021/0/40100196/40100198,2026-06-30,24463827000.0,40021,2026-06-30 23:59:59.999999999
40021/0/40100196/40100198,2026-07-31,24463827000.0,40021,2026-07-31 23:59:59.999999999
40021/0/40100196/40100198,2026-08-31,24463827000.0,40021,2026-08-31 23:59:59.999999999
40021/0/40100196/40100198,2026-09-30,24463827000.0,40021,2026-09-30 23:59:59.999999999
40021/0/40100196/40100198,2026-10-31,24463827000.0,40021,2026-10-31 23:59:59.999999999
40021/0/40100196/40100198,2026-11-30,24463827000.0,40021,2026-11-30 23:59:59.999999999
40021/0/40100196/40100198,2026-12-31,24463827000.0,40021,2026-12-31 23:59:59.999999999
40021/0/40100196/40100198,2027-01-31,24463827000.0,40021,2027-01-31 23:59:59.999999999
40021/0/40100196/40100198,2027-02-28,24463827000.0,40021,2027-02-28 23:59:59.999999999
40021/0/40100196/40100198,2027-03-31,24463827000.0,40021,2027-03-31 23:59:59.999999999
40021/0/40100196/40100198,2027-04-30,24463827000.0,40021,2027-04-30 23:59:59.999999999
40021/0/40100196/40100198,2027-05-31,24463827000.0,40021,2027-05-31 23:59:59.999999999
40021/0/40100196/40100198/0,2024-12-31,24463827000.0,40021,2024-12-31 23:59:59.999999999
40021/0/40100196/40100198/0,2025-01-31,24463827000.0,40021,2025-01-31 23:59:59.999999999
40021/0/40100196/40100198/0,2025-02-28,24463827000.0,40021,2025-02-28 23:59:59.999999999
40021/0/40100196/40100198/0,2025-03-31,24463827000.0,40021,2025-03-31 23:59:59.999999999
40021/0/40100196/40100198/0,2025-04-30,24463827000.0,40021,2025-04-30 23:59:59.999999999
40021/0/40100196/40100198/0,2025-05-31,24463827000.0,40021,2025-05-31 23:59:59.999999999
40021/0/40100196/40100198/0,2025-06-30,24463827000.0,40021,2025-06-30 23:59:59.999999999
40021/0/40100196/40100198/0,2025-07-31,24463827000.0,40021,2025-07-31 23:59:59.999999999
40021/0/40100196/40100198/0,2025-08-31,24463827000.0,40021,2025-08-31 23:59:59.999999999
40021/0/40100196/40100198/0,2025-09-30,24463827000.0,40021,2025-09-30 23:59:59.999999999
40021/0/40100196/40100198/0,2025-10-31,24463827000.0,40021,2025-10-31 23:59:59.999999999
40021/0/40100196/40100198/0,2025-11-30,24463827000.0,40021,2025-11-30 23:59:59.999999999
40021/0/40100196/40100198/0,2025-12-31,24463827000.0,40021,2025-12-31 23:59:59.999999999
40021/0/40100196/40100198/0,2026-01-31,24463827000.0,40021,2026-01-31 23:59:59.999999999
40021/0/40100196/40100198/0,2026-02-28,24463827000.0,40021,2026-02-28 23:59:59.999999999
40021/0/40100196/40100198/0,2026-03-31,24463827000.0,40021,2026-03-31 23:59:59.999999999
40021/0/40100196/40100198/0,2026-04-30,24463827000.0,40021,2026-04-30 23:59:59.999999999
40021/0/40100196/40100198/0,2026-05-31,24463827000.0,40021,2026-05-31 23:59:59.999999999
40021/0/40100196/40100198/0,2026-06-30,24463827000.0,40021,2026-06-30 23:59:59.999999999
40021/0/40100196/40100198/0,2026-07-31,24463827000.0,40021,2026-07-31 23:59:59.999999999
40021/0/40100196/40100198/0,2026-08-31,24463827000.0,40021,2026-08-31 23:59:59.999999999
40021/0/40100196/40100198/0,2026-09-30,24463827000.0,40021,2026-09-30 23:59:59.999999999
40021/0/40100196/40100198/0,2026-10-31,24463827000.0,40021,2026-10-31 23:59:59.999999999
40021/0/40100196/40100198/0,2026-11-30,24463827000.0,40021,2026-11-30 23:59:59.999999999
40021/0/40100196/40100198/0,2026-12-31,24463827000.0,40021,2026-12-31 23:59:59.999999999
40021/0/40100196/40100198/0,2027-01-31,24463827000.0,40021,2027-01-31 23:59:59.999999999
40021/0/40100196/40100198/0,2027-02-28,24463827000.0,40021,2027-02-28 23:59:59.999999999
40021/0/40100196/40100198/0,2027-03-31,24463827000.0,40021,2027-03-31 23:59:59.999999999
40021/0/40100196/40100198/0,2027-04-30,24463827000.0,40021,2027-04-30 23:59:59.999999999
40021/0/40100196/40100198/0,2027-05-31,24463827000.0,40021,2027-05-31 23:59:59.999999999
40021/0/40100196/40100199,2024-12-31,-0.0,40021,2024-12-31 23:59:59.999999999
40021/0/40100196/40100199,2025-01-31,-0.0,40021,2025-01-31 23:59:59.999999999
40021/0/40100196/40100199,2025-02-28,-0.0,40021,2025-02-28 23:59:59.999999999
40021/0/40100196/40100199,2025-03-31,-0.0,40021,2025-03-31 23:59:59.999999999
40021/0/40100196/40100199,2025-04-30,-0.0,40021,2025-04-30 23:59:59.999999999
40021/0/40100196/40100199,2025-05-31,-0.0,40021,2025-05-31 23:59:59.999999999
40021/0/40100196/40100199,2025-06-30,-0.0,40021,2025-06-30 23:59:59.999999999
40021/0/40100196/40100199,2025-07-31,-0.0,40021,2025-07-31 23:59:59.999999999
40021/0/40100196/40100199,2025-08-31,-0.0,40021,2025-08-31 23:59:59.999999999
40021/0/40100196/40100199,2025-09-30,-0.0,40021,2025-09-30 23:59:59.999999999
40021/0/40100196/40100199,2025-10-31,-0.0,40021,2025-10-31 23:59:59.999999999
40021/0/40100196/40100199,2025-11-30,-0.0,40021,2025-11-30 23:59:59.999999999
40021/0/40100196/40100199,2025-12-31,-0.0,40021,2025-12-31 23:59:59.999999999
40021/0/40100196/40100199,2026-01-31,-0.0,40021,2026-01-31 23:59:59.999999999
40021/0/40100196/40100199,2026-02-28,-0.0,40021,2026-02-28 23:59:59.999999999
40021/0/40100196/40100199,2026-03-31,-0.0,40021,2026-03-31 23:59:59.999999999
40021/0/40100196/40100199,2026-04-30,-0.0,40021,2026-04-30 23:59:59.999999999
40021/0/40100196/40100199,2026-05-31,-0.0,40021,2026-05-31 23:59:59.999999999
40021/0/40100196/40100199,2026-06-30,-0.0,40021,2026-06-30 23:59:59.999999999
40021/0/40100196/40100199,2026-07-31,-0.0,40021,2026-07-31 23:59:59.999999999
40021/0/40100196/40100199,2026-08-31,-0.0,40021,2026-08-31 23:59:59.999999999
40021/0/40100196/40100199,2026-09-30,-0.0,40021,2026-09-30 23:59:59.999999999
40021/0/40100196/40100199,2026-10-31,-0.0,40021,2026-10-31 23:59:59.999999999
40021/0/40100196/40100199,2026-11-30,-0.0,40021,2026-11-30 23:59:59.999999999
40021/0/40100196/40100199,2026-12-31,-0.0,40021,2026-12-31 23:59:59.999999999
40021/0/40100196/40100199,2027-01-31,-0.0,40021,2027-01-31 23:59:59.999999999
40021/0/40100196/40100199,2027-02-28,-0.0,40021,2027-02-28 23:59:59.999999999
40021/0/40100196/40100199,2027-03-31,-0.0,40021,2027-03-31 23:59:59.999999999
40021/0/40100196/40100199,2027-04-30,-0.0,40021,2027-04-30 23:59:59.999999999
40021/0/40100196/40100199,2027-05-31,-0.0,40021,2027-05-31 23:59:59.999999999
40021/0/40100196/40100199/0,2024-12-31,-0.0,40021,2024-12-31 23:59:59.999999999
40021/0/40100196/40100199/0,2025-01-31,-0.0,40021,2025-01-31 23:59:59.999999999
40021/0/40100196/40100199/0,2025-02-28,-0.0,40021,2025-02-28 23:59:59.999999999
40021/0/40100196/40100199/0,2025-03-31,-0.0,40021,2025-03-31 23:59:59.999999999
40021/0/40100196/40100199/0,2025-04-30,-0.0,40021,2025-04-30 23:59:59.999999999
40021/0/40100196/40100199/0,2025-05-31,-0.0,40021,2025-05-31 23:59:59.999999999
40021/0/40100196/40100199/0,2025-06-30,-0.0,40021,2025-06-30 23:59:59.999999999
40021/0/40100196/40100199/0,2025-07-31,-0.0,40021,2025-07-31 23:59:59.999999999
40021/0/40100196/40100199/0,2025-08-31,-0.0,40021,2025-08-31 23:59:59.999999999
40021/0/40100196/40100199/0,2025-09-30,-0.0,40021,2025-09-30 23:59:59.999999999
40021/0/40100196/40100199/0,2025-10-31,-0.0,40021,2025-10-31 23:59:59.999999999
40021/0/40100196/40100199/0,2025-11-30,-0.0,40021,2025-11-30 23:59:59.999999999
40021/0/40100196/40100199/0,2025-12-31,-0.0,40021,2025-12-31 23:59:59.999999999
40021/0/40100196/40100199/0,2026-01-31,-0.0,40021,2026-01-31 23:59:59.999999999
40021/0/40100196/40100199/0,2026-02-28,-0.0,40021,2026-02-28 23:59:59.999999999
40021/0/40100196/40100199/0,2026-03-31,-0.0,40021,2026-03-31 23:59:59.999999999
40021/0/40100196/40100199/0,2026-04-30,-0.0,40021,2026-04-30 23:59:59.999999999
40021/0/40100196/40100199/0,2026-05-31,-0.0,40021,2026-05-31 23:59:59.999999999
40021/0/40100196/40100199/0,2026-06-30,-0.0,40021,2026-06-30 23:59:59.999999999
40021/0/40100196/40100199/0,2026-07-31,-0.0,40021,2026-07-31 23:59:59.999999999
40021/0/40100196/40100199/0,2026-08-31,-0.0,40021,2026-08-31 23:59:59.999999999
40021/0/40100196/40100199/0,2026-09-30,-0.0,40021,2026-09-30 23:59:59.999999999
40021/0/40100196/40100199/0,2026-10-31,-0.0,40021,2026-10-31 23:59:59.999999999
40021/0/40100196/40100199/0,2026-11-30,-0.0,40021,2026-11-30 23:59:59.999999999
40021/0/40100196/40100199/0,2026-12-31,-0.0,40021,2026-12-31 23:59:59.999999999
40021/0/40100196/40100199/0,2027-01-31,-0.0,40021,2027-01-31 23:59:59.999999999
40021/0/40100196/40100199/0,2027-02-28,-0.0,40021,2027-02-28 23:59:59.999999999
40021/0/40100196/40100199/0,2027-03-31,-0.0,40021,2027-03-31 23:59:59.999999999
40021/0/40100196/40100199/0,2027-04-30,-0.0,40021,2027-04-30 23:59:59.999999999
40021/0/40100196/40100199/0,2027-05-31,-0.0,40021,2027-05-31 23:59:59.999999999
40021/0/40100200,2024-12-31,34687880000.0,40021,2024-12-31 23:59:59.999999999
40021/0/40100200,2025-01-31,34687880000.0,40021,2025-01-31 23:59:59.999999999
40021/0/40100200,2025-02-28,34687880000.0,40021,2025-02-28 23:59:59.999999999
40021/0/40100200,2025-03-31,34687880000.0,40021,2025-03-31 23:59:59.999999999
40021/0/40100200,2025-04-30,34687880000.0,40021,2025-04-30 23:59:59.999999999
40021/0/40100200,2025-05-31,34687880000.0,40021,2025-05-31 23:59:59.999999999
40021/0/40100200,2025-06-30,34687880000.0,40021,2025-06-30 23:59:59.999999999
40021/0/40100200,2025-07-31,34687880000.0,40021,2025-07-31 23:59:59.999999999
40021/0/40100200,2025-08-31,34687880000.0,40021,2025-08-31 23:59:59.999999999
40021/0/40100200,2025-09-30,34687880000.0,40021,2025-09-30 23:59:59.999999999
40021/0/40100200,2025-10-31,34687880000.0,40021,2025-10-31 23:59:59.999999999
40021/0/40100200,2025-11-30,34687880000.0,40021,2025-11-30 23:59:59.999999999
40021/0/40100200,2025-12-31,34687880000.0,40021,2025-12-31 23:59:59.999999999
40021/0/40100200,2026-01-31,34687880000.0,40021,2026-01-31 23:59:59.999999999
40021/0/40100200,2026-02-28,34687880000.0,40021,2026-02-28 23:59:59.999999999
40021/0/40100200,2026-03-31,34687880000.0,40021,2026-03-31 23:59:59.999999999
40021/0/40100200,2026-04-30,34687880000.0,40021,2026-04-30 23:59:59.999999999
40021/0/40100200,2026-05-31,34687880000.0,40021,2026-05-31 23:59:59.999999999
40021/0/40100200,2026-06-30,34687880000.0,40021,2026-06-30 23:59:59.999999999
40021/0/40100200,2026-07-31,34687880000.0,40021,2026-07-31 23:59:59.999999999
40021/0/40100200,2026-08-31,34687880000.0,40021,2026-08-31 23:59:59.999999999
40021/0/40100200,2026-09-30,34687880000.0,40021,2026-09-30 23:59:59.999999999
40021/0/40100200,2026-10-31,34687880000.0,40021,2026-10-31 23:59:59.999999999
40021/0/40100200,2026-11-30,34687880000.0,40021,2026-11-30 23:59:59.999999999
40021/0/40100200,2026-12-31,34687880000.0,40021,2026-12-31 23:59:59.999999999
40021/0/40100200,2027-01-31,34687880000.0,40021,2027-01-31 23:59:59.999999999
40021/0/40100200,2027-02-28,34687880000.0,40021,2027-02-28 23:59:59.999999999
40021/0/40100200,2027-03-31,34687880000.0,40021,2027-03-31 23:59:59.999999999
40021/0/40100200,2027-04-30,34687880000.0,40021,2027-04-30 23:59:59.999999999
40021/0/40100200,2027-05-31,34687880000.0,40021,2027-05-31 23:59:59.999999999
40021/0/40100200/40100201,2024-12-31,2166330.0,40021,2024-12-31 23:59:59.999999999
40021/0/40100200/40100201,2025-01-31,2166330.0,40021,2025-01-31 23:59:59.999999999
40021/0/40100200/40100201,2025-02-28,2166330.0,40021,2025-02-28 23:59:59.999999999
40021/0/40100200/40100201,2025-03-31,2166330.0,40021,2025-03-31 23:59:59.999999999
40021/0/40100200/40100201,2025-04-30,2166330.0,40021,2025-04-30 23:59:59.999999999
40021/0/40100200/40100201,2025-05-31,2166330.0,40021,2025-05-31 23:59:59.999999999
40021/0/40100200/40100201,2025-06-30,2166330.0,40021,2025-06-30 23:59:59.999999999
40021/0/40100200/40100201,2025-07-31,2166330.0,40021,2025-07-31 23:59:59.999999999
40021/0/40100200/40100201,2025-08-31,2166330.0,40021,2025-08-31 23:59:59.999999999
40021/0/40100200/40100201,2025-09-30,2166330.0,40021,2025-09-30 23:59:59.999999999
40021/0/40100200/40100201,2025-10-31,2166330.0,40021,2025-10-31 23:59:59.999999999
40021/0/40100200/40100201,2025-11-30,2166330.0,40021,2025-11-30 23:59:59.999999999
40021/0/40100200/40100201,2025-12-31,2166330.0,40021,2025-12-31 23:59:59.999999999
40021/0/40100200/40100201,2026-01-31,2166330.0,40021,2026-01-31 23:59:59.999999999
40021/0/40100200/40100201,2026-02-28,2166330.0,40021,2026-02-28 23:59:59.999999999
40021/0/40100200/40100201,2026-03-31,2166330.0,40021,2026-03-31 23:59:59.999999999
40021/0/40100200/40100201,2026-04-30,2166330.0,40021,2026-04-30 23:59:59.999999999
40021/0/40100200/40100201,2026-05-31,2166330.0,40021,2026-05-31 23:59:59.999999999
40021/0/40100200/40100201,2026-06-30,2166330.0,40021,2026-06-30 23:59:59.999999999
40021/0/40100200/40100201,2026-07-31,2166330.0,40021,2026-07-31 23:59:59.999999999
40021/0/40100200/40100201,2026-08-31,2166330.0,40021,2026-08-31 23:59:59.999999999
40021/0/40100200/40100201,2026-09-30,2166330.0,40021,2026-09-30 23:59:59.999999999
40021/0/40100200/40100201,2026-10-31,2166330.0,40021,2026-10-31 23:59:59.999999999
40021/0/40100200/40100201,2026-11-30,2166330.0,40021,2026-11-30 23:59:59.999999999
40021/0/40100200/40100201,2026-12-31,2166330.0,40021,2026-12-31 23:59:59.999999999
40021/0/40100200/40100201,2027-01-31,2166330.0,40021,2027-01-31 23:59:59.999999999
40021/0/40100200/40100201,2027-02-28,2166330.0,40021,2027-02-28 23:59:59.999999999
40021/0/40100200/40100201,2027-03-31,2166330.0,40021,2027-03-31 23:59:59.999999999
40021/0/40100200/40100201,2027-04-30,2166330.0,40021,2027-04-30 23:59:59.999999999
40021/0/40100200/40100201,2027-05-31,2166330.0,40021,2027-05-31 23:59:59.999999999
40021/0/40100200/40100201/0,2024-12-31,2166330.0,40021,2024-12-31 23:59:59.999999999
40021/0/40100200/40100201/0,2025-01-31,2166330.0,40021,2025-01-31 23:59:59.999999999
40021/0/40100200/40100201/0,2025-02-28,2166330.0,40021,2025-02-28 23:59:59.999999999
40021/0/40100200/40100201/0,2025-03-31,2166330.0,40021,2025-03-31 23:59:59.999999999
40021/0/40100200/40100201/0,2025-04-30,2166330.0,40021,2025-04-30 23:59:59.999999999
40021/0/40100200/40100201/0,2025-05-31,2166330.0,40021,2025-05-31 23:59:59.999999999
40021/0/40100200/40100201/0,2025-06-30,2166330.0,40021,2025-06-30 23:59:59.999999999
40021/0/40100200/40100201/0,2025-07-31,2166330.0,40021,2025-07-31 23:59:59.999999999
40021/0/40100200/40100201/0,2025-08-31,2166330.0,40021,2025-08-31 23:59:59.999999999
40021/0/40100200/40100201/0,2025-09-30,2166330.0,40021,2025-09-30 23:59:59.999999999
40021/0/40100200/40100201/0,2025-10-31,2166330.0,40021,2025-10-31 23:59:59.999999999
40021/0/40100200/40100201/0,2025-11-30,2166330.0,40021,2025-11-30 23:59:59.999999999
40021/0/40100200/40100201/0,2025-12-31,2166330.0,40021,2025-12-31 23:59:59.999999999
40021/0/40100200/40100201/0,2026-01-31,2166330.0,40021,2026-01-31 23:59:59.999999999
40021/0/40100200/40100201/0,2026-02-28,2166330.0,40021,2026-02-28 23:59:59.999999999
40021/0/40100200/40100201/0,2026-03-31,2166330.0,40021,2026-03-31 23:59:59.999999999
40021/0/40100200/40100201/0,2026-04-30,2166330.0,40021,2026-04-30 23:59:59.999999999
40021/0/40100200/40100201/0,2026-05-31,2166330.0,40021,2026-05-31 23:59:59.999999999
40021/0/40100200/40100201/0,2026-06-30,2166330.0,40021,2026-06-30 23:59:59.999999999
40021/0/40100200/40100201/0,2026-07-31,2166330.0,40021,2026-07-31 23:59:59.999999999
40021/0/40100200/40100201/0,2026-08-31,2166330.0,40021,2026-08-31 23:59:59.999999999
40021/0/40100200/40100201/0,2026-09-30,2166330.0,40021,2026-09-30 23:59:59.999999999
40021/0/40100200/40100201/0,2026-10-31,2166330.0,40021,2026-10-31 23:59:59.999999999
40021/0/40100200/40100201/0,2026-11-30,2166330.0,40021,2026-11-30 23:59:59.999999999
40021/0/40100200/40100201/0,2026-12-31,2166330.0,40021,2026-12-31 23:59:59.999999999
40021/0/40100200/40100201/0,2027-01-31,2166330.0,40021,2027-01-31 23:59:59.999999999
40021/0/40100200/40100201/0,2027-02-28,2166330.0,40021,2027-02-28 23:59:59.999999999
40021/0/40100200/40100201/0,2027-03-31,2166330.0,40021,2027-03-31 23:59:59.999999999
40021/0/40100200/40100201/0,2027-04-30,2166330.0,40021,2027-04-30 23:59:59.999999999
40021/0/40100200/40100201/0,2027-05-31,2166330.0,40021,2027-05-31 23:59:59.999999999
40021/0/40100200/40100202,2024-12-31,18437712000.0,40021,2024-12-31 23:59:59.999999999
40021/0/40100200/40100202,2025-01-31,18460166000.0,40021,2025-01-31 23:59:59.999999999
40021/0/40100200/40100202,2025-02-28,18289345000.0,40021,2025-02-28 23:59:59.999999999
40021/0/40100200/40100202,2025-03-31,17298930000.0,40021,2025-03-31 23:59:59.999999999
40021/0/40100200/40100202,2025-04-30,16651760000.0,40021,2025-04-30 23:59:59.999999999
40021/0/40100200/40100202,2025-05-31,16005769000.0,40021,2025-05-31 23:59:59.999999999
40021/0/40100200/40100202,2025-06-30,15484629000.0,40021,2025-06-30 23:59:59.999999999
40021/0/40100200/40100202,2025-07-31,15556178000.0,40021,2025-07-31 23:59:59.999999999
40021/0/40100200/40100202,2025-08-31,15368269000.0,40021,2025-08-31 23:59:59.999999999
40021/0/40100200/40100202,2025-09-30,15502875000.0,40021,2025-09-30 23:59:59.999999999
40021/0/40100200/40100202,2025-10-31,16031238000.0,40021,2025-10-31 23:59:59.999999999
40021/0/40100200/40100202,2025-11-30,16660696000.0,40021,2025-11-30 23:59:59.999999999
40021/0/40100200/40100202,2025-12-31,16926171000.0,40021,2025-12-31 23:59:59.999999999
40021/0/40100200/40100202,2026-01-31,16952508000.0,40021,2026-01-31 23:59:59.999999999
40021/0/40100200/40100202,2026-02-28,16928247000.0,40021,2026-02-28 23:59:59.999999999
40021/0/40100200/40100202,2026-03-31,16709194000.0,40021,2026-03-31 23:59:59.999999999
40021/0/40100200/40100202,2026-04-30,16564458000.0,40021,2026-04-30 23:59:59.999999999
40021/0/40100200/40100202,2026-05-31,16416718000.0,40021,2026-05-31 23:59:59.999999999
40021/0/40100200/40100202,2026-06-30,16295850000.0,40021,2026-06-30 23:59:59.999999999
40021/0/40100200/40100202,2026-07-31,16310718000.0,40021,2026-07-31 23:59:59.999999999
40021/0/40100200/40100202,2026-08-31,16265678000.0,40021,2026-08-31 23:59:59.999999999
40021/0/40100200/40100202,2026-09-30,16295212000.0,40021,2026-09-30 23:59:59.999999999
40021/0/40100200/40100202,2026-10-31,16415884000.0,40021,2026-10-31 23:59:59.999999999
40021/0/40100200/40100202,2026-11-30,16560263000.0,40021,2026-11-30 23:59:59.999999999
40021/0/40100200/40100202,2026-12-31,16621109000.0,40021,2026-12-31 23:59:59.999999999
40021/0/40100200/40100202,2027-01-31,16627087000.0,40021,2027-01-31 23:59:59.999999999
40021/0/40100200/40100202,2027-02-28,16621543000.0,40021,2027-02-28 23:59:59.999999999
40021/0/40100200/40100202,2027-03-31,16571178000.0,40021,2027-03-31 23:59:59.999999999
40021/0/40100200/40100202,2027-04-30,16537949000.0,40021,2027-04-30 23:59:59.999999999
40021/0/40100200/40100202,2027-05-31,16504011000.0,40021,2027-05-31 23:59:59.999999999
40021/0/40100200/40100202/0,2024-12-31,18437712000.0,40021,2024-12-31 23:59:59.999999999
40021/0/40100200/40100202/0,2025-01-31,18460166000.0,40021,2025-01-31 23:59:59.999999999
40021/0/40100200/40100202/0,2025-02-28,18289345000.0,40021,2025-02-28 23:59:59.999999999
40021/0/40100200/40100202/0,2025-03-31,17298930000.0,40021,2025-03-31 23:59:59.999999999
40021/0/40100200/40100202/0,2025-04-30,16651760000.0,40021,2025-04-30 23:59:59.999999999
40021/0/40100200/40100202/0,2025-05-31,16005769000.0,40021,2025-05-31 23:59:59.999999999
40021/0/40100200/40100202/0,2025-06-30,15484629000.0,40021,2025-06-30 23:59:59.999999999
40021/0/40100200/40100202/0,2025-07-31,15556178000.0,40021,2025-07-31 23:59:59.999999999
40021/0/40100200/40100202/0,2025-08-31,15368269000.0,40021,2025-08-31 23:59:59.999999999
40021/0/40100200/40100202/0,2025-09-30,15502875000.0,40021,2025-09-30 23:59:59.999999999
40021/0/40100200/40100202/0,2025-10-31,16031238000.0,40021,2025-10-31 23:59:59.999999999
40021/0/40100200/40100202/0,2025-11-30,16660696000.0,40021,2025-11-30 23:59:59.999999999
40021/0/40100200/40100202/0,2025-12-31,16926171000.0,40021,2025-12-31 23:59:59.999999999
40021/0/40100200/40100202/0,2026-01-31,16952508000.0,40021,2026-01-31 23:59:59.999999999
40021/0/40100200/40100202/0,2026-02-28,16928247000.0,40021,2026-02-28 23:59:59.999999999
40021/0/40100200/40100202/0,2026-03-31,16709194000.0,40021,2026-03-31 23:59:59.999999999
40021/0/40100200/40100202/0,2026-04-30,16564458000.0,40021,2026-04-30 23:59:59.999999999
40021/0/40100200/40100202/0,2026-05-31,16416718000.0,40021,2026-05-31 23:59:59.999999999
40021/0/40100200/40100202/0,2026-06-30,16295850000.0,40021,2026-06-30 23:59:59.999999999
40021/0/40100200/40100202/0,2026-07-31,16310718000.0,40021,2026-07-31 23:59:59.999999999
40021/0/40100200/40100202/0,2026-08-31,16265678000.0,40021,2026-08-31 23:59:59.999999999
40021/0/40100200/40100202/0,2026-09-30,16295212000.0,40021,2026-09-30 23:59:59.999999999
40021/0/40100200/40100202/0,2026-10-31,16415884000.0,40021,2026-10-31 23:59:59.999999999
40021/0/40100200/40100202/0,2026-11-30,16560263000.0,40021,2026-11-30 23:59:59.999999999
40021/0/40100200/40100202/0,2026-12-31,16621109000.0,40021,2026-12-31 23:59:59.999999999
40021/0/40100200/40100202/0,2027-01-31,16627087000.0,40021,2027-01-31 23:59:59.999999999
40021/0/40100200/40100202/0,2027-02-28,16621543000.0,40021,2027-02-28 23:59:59.999999999
40021/0/40100200/40100202/0,2027-03-31,16571178000.0,40021,2027-03-31 23:59:59.999999999
40021/0/40100200/40100202/0,2027-04-30,16537949000.0,40021,2027-04-30 23:59:59.999999999
40021/0/40100200/40100202/0,2027-05-31,16504011000.0,40021,2027-05-31 23:59:59.999999999
40021/0/40100200/40100203,2024-12-31,17682485000.0,40021,2024-12-31 23:59:59.999999999
40021/0/40100200/40100203,2025-01-31,19838147000.0,40021,2025-01-31 23:59:59.999999999
40021/0/40100200/40100203,2025-02-28,19431932000.0,40021,2025-02-28 23:59:59.999999999
40021/0/40100200/40100203,2025-03-31,18842331000.0,40021,2025-03-31 23:59:59.999999999
40021/0/40100200/40100203,2025-04-30,19042724000.0,40021,2025-04-30 23:59:59.999999999
40021/0/40100200/40100203,2025-05-31,19192019000.0,40021,2025-05-31 23:59:59.999999999
40021/0/40100200/40100203,2025-06-30,19112137000.0,40021,2025-06-30 23:59:59.999999999
40021/0/40100200/40100203,2025-07-31,19078238000.0,40021,2025-07-31 23:59:59.999999999
40021/0/40100200/40100203,2025-08-31,19106648000.0,40021,2025-08-31 23:59:59.999999999
40021/0/40100200/40100203,2025-09-30,19112968000.0,40021,2025-09-30 23:59:59.999999999
40021/0/40100200/40100203,2025-10-31,19103633000.0,40021,2025-10-31 23:59:59.999999999
40021/0/40100200/40100203,2025-11-30,19102996000.0,40021,2025-11-30 23:59:59.999999999
40021/0/40100200/40100203,2025-12-31,19105872000.0,40021,2025-12-31 23:59:59.999999999
40021/0/40100200/40100203,2026-01-31,19105675000.0,40021,2026-01-31 23:59:59.999999999
40021/0/40100200/40100203,2026-02-28,19104844000.0,40021,2026-02-28 23:59:59.999999999
40021/0/40100200/40100203,2026-03-31,19105014000.0,40021,2026-03-31 23:59:59.999999999
40021/0/40100200/40100203,2026-04-30,19105240000.0,40021,2026-04-30 23:59:59.999999999
40021/0/40100200/40100203,2026-05-31,19105157000.0,40021,2026-05-31 23:59:59.999999999
40021/0/40100200/40100203,2026-06-30,19105102000.0,40021,2026-06-30 23:59:59.999999999
40021/0/40100200/40100203,2026-07-31,19105133000.0,40021,2026-07-31 23:59:59.999999999
40021/0/40100200/40100203,2026-08-31,19105147000.0,40021,2026-08-31 23:59:59.999999999
40021/0/40100200/40100203,2026-09-30,19105135000.0,40021,2026-09-30 23:59:59.999999999
40021/0/40100200/40100203,2026-10-31,19105133000.0,40021,2026-10-31 23:59:59.999999999
40021/0/40100200/40100203,2026-11-30,19105137000.0,40021,2026-11-30 23:59:59.999999999
40021/0/40100200/40100203,2026-12-31,19105137000.0,40021,2026-12-31 23:59:59.999999999
40021/0/40100200/40100203,2027-01-31,19105135000.0,40021,2027-01-31 23:59:59.999999999
40021/0/40100200/40100203,2027-02-28,19105135000.0,40021,2027-02-28 23:59:59.999999999
40021/0/40100200/40100203,2027-03-31,19105135000.0,40021,2027-03-31 23:59:59.999999999
40021/0/40100200/40100203,2027-04-30,19105135000.0,40021,2027-04-30 23:59:59.999999999
40021/0/40100200/40100203,2027-05-31,19105135000.0,40021,2027-05-31 23:59:59.999999999
40021/0/40100200/40100203/0,2024-12-31,17682485000.0,40021,2024-12-31 23:59:59.999999999
40021/0/40100200/40100203/0,2025-01-31,19838147000.0,40021,2025-01-31 23:59:59.999999999
40021/0/40100200/40100203/0,2025-02-28,19431932000.0,40021,2025-02-28 23:59:59.999999999
40021/0/40100200/40100203/0,2025-03-31,18842331000.0,40021,2025-03-31 23:59:59.999999999
40021/0/40100200/40100203/0,2025-04-30,19042724000.0,40021,2025-04-30 23:59:59.999999999
40021/0/40100200/40100203/0,2025-05-31,19192019000.0,40021,2025-05-31 23:59:59.999999999
40021/0/40100200/40100203/0,2025-06-30,19112137000.0,40021,2025-06-30 23:59:59.999999999
40021/0/40100200/40100203/0,2025-07-31,19078238000.0,40021,2025-07-31 23:59:59.999999999
40021/0/40100200/40100203/0,2025-08-31,19106648000.0,40021,2025-08-31 23:59:59.999999999
40021/0/40100200/40100203/0,2025-09-30,19112968000.0,40021,2025-09-30 23:59:59.999999999
40021/0/40100200/40100203/0,2025-10-31,19103633000.0,40021,2025-10-31 23:59:59.999999999
40021/0/40100200/40100203/0,2025-11-30,19102996000.0,40021,2025-11-30 23:59:59.999999999
40021/0/40100200/40100203/0,2025-12-31,19105872000.0,40021,2025-12-31 23:59:59.999999999
40021/0/40100200/40100203/0,2026-01-31,19105675000.0,40021,2026-01-31 23:59:59.999999999
40021/0/40100200/40100203/0,2026-02-28,19104844000.0,40021,2026-02-28 23:59:59.999999999
40021/0/40100200/40100203/0,2026-03-31,19105014000.0,40021,2026-03-31 23:59:59.999999999
40021/0/40100200/40100203/0,2026-04-30,19105240000.0,40021,2026-04-30 23:59:59.999999999
40021/0/40100200/40100203/0,2026-05-31,19105157000.0,40021,2026-05-31 23:59:59.999999999
40021/0/40100200/40100203/0,2026-06-30,19105102000.0,40021,2026-06-30 23:59:59.999999999
40021/0/40100200/40100203/0,2026-07-31,19105133000.0,40021,2026-07-31 23:59:59.999999999
40021/0/40100200/40100203/0,2026-08-31,19105147000.0,40021,2026-08-31 23:59:59.999999999
40021/0/40100200/40100203/0,2026-09-30,19105135000.0,40021,2026-09-30 23:59:59.999999999
40021/0/40100200/40100203/0,2026-10-31,19105133000.0,40021,2026-10-31 23:59:59.999999999
40021/0/40100200/40100203/0,2026-11-30,19105137000.0,40021,2026-11-30 23:59:59.999999999
40021/0/40100200/40100203/0,2026-12-31,19105137000.0,40021,2026-12-31 23:59:59.999999999
40021/0/40100200/40100203/0,2027-01-31,19105135000.0,40021,2027-01-31 23:59:59.999999999
40021/0/40100200/40100203/0,2027-02-28,19105135000.0,40021,2027-02-28 23:59:59.999999999
40021/0/40100200/40100203/0,2027-03-31,19105135000.0,40021,2027-03-31 23:59:59.999999999
40021/0/40100200/40100203/0,2027-04-30,19105135000.0,40021,2027-04-30 23:59:59.999999999
40021/0/40100200/40100203/0,2027-05-31,19105135000.0,40021,2027-05-31 23:59:59.999999999
40021/0/40100200/40100204,2024-12-31,499643.72,40021,2024-12-31 23:59:59.999999999
40021/0/40100200/40100204,2025-01-31,499643.72,40021,2025-01-31 23:59:59.999999999
40021/0/40100200/40100204,2025-02-28,499643.72,40021,2025-02-28 23:59:59.999999999
40021/0/40100200/40100204,2025-03-31,499643.72,40021,2025-03-31 23:59:59.999999999
40021/0/40100200/40100204,2025-04-30,499643.72,40021,2025-04-30 23:59:59.999999999
40021/0/40100200/40100204,2025-05-31,499643.72,40021,2025-05-31 23:59:59.999999999
40021/0/40100200/40100204,2025-06-30,499643.72,40021,2025-06-30 23:59:59.999999999
40021/0/40100200/40100204,2025-07-31,499643.72,40021,2025-07-31 23:59:59.999999999
40021/0/40100200/40100204,2025-08-31,499643.72,40021,2025-08-31 23:59:59.999999999
40021/0/40100200/40100204,2025-09-30,499643.72,40021,2025-09-30 23:59:59.999999999
40021/0/40100200/40100204,2025-10-31,499643.72,40021,2025-10-31 23:59:59.999999999
40021/0/40100200/40100204,2025-11-30,499643.72,40021,2025-11-30 23:59:59.999999999
40021/0/40100200/40100204,2025-12-31,499643.72,40021,2025-12-31 23:59:59.999999999
40021/0/40100200/40100204,2026-01-31,499643.72,40021,2026-01-31 23:59:59.999999999
40021/0/40100200/40100204,2026-02-28,499643.72,40021,2026-02-28 23:59:59.999999999
40021/0/40100200/40100204,2026-03-31,499643.72,40021,2026-03-31 23:59:59.999999999
40021/0/40100200/40100204,2026-04-30,499643.72,40021,2026-04-30 23:59:59.999999999
40021/0/40100200/40100204,2026-05-31,499643.72,40021,2026-05-31 23:59:59.999999999
40021/0/40100200/40100204,2026-06-30,499643.72,40021,2026-06-30 23:59:59.999999999
40021/0/40100200/40100204,2026-07-31,499643.72,40021,2026-07-31 23:59:59.999999999
40021/0/40100200/40100204,2026-08-31,499643.72,40021,2026-08-31 23:59:59.999999999
40021/0/40100200/40100204,2026-09-30,499643.72,40021,2026-09-30 23:59:59.999999999
40021/0/40100200/40100204,2026-10-31,499643.72,40021,2026-10-31 23:59:59.999999999
40021/0/40100200/40100204,2026-11-30,499643.72,40021,2026-11-30 23:59:59.999999999
40021/0/40100200/40100204,2026-12-31,499643.72,40021,2026-12-31 23:59:59.999999999
40021/0/40100200/40100204,2027-01-31,499643.72,40021,2027-01-31 23:59:59.999999999
40021/0/40100200/40100204,2027-02-28,499643.72,40021,2027-02-28 23:59:59.999999999
40021/0/40100200/40100204,2027-03-31,499643.72,40021,2027-03-31 23:59:59.999999999
40021/0/40100200/40100204,2027-04-30,499643.72,40021,2027-04-30 23:59:59.999999999
40021/0/40100200/40100204,2027-05-31,499643.72,40021,2027-05-31 23:59:59.999999999
40021/0/40100200/40100204/0,2024-12-31,499643.72,40021,2024-12-31 23:59:59.999999999
40021/0/40100200/40100204/0,2025-01-31,499643.72,40021,2025-01-31 23:59:59.999999999
40021/0/40100200/40100204/0,2025-02-28,499643.72,40021,2025-02-28 23:59:59.999999999
40021/0/40100200/40100204/0,2025-03-31,499643.72,40021,2025-03-31 23:59:59.999999999
40021/0/40100200/40100204/0,2025-04-30,499643.72,40021,2025-04-30 23:59:59.999999999
40021/0/40100200/40100204/0,2025-05-31,499643.72,40021,2025-05-31 23:59:59.999999999
40021/0/40100200/40100204/0,2025-06-30,499643.72,40021,2025-06-30 23:59:59.999999999
40021/0/40100200/40100204/0,2025-07-31,499643.72,40021,2025-07-31 23:59:59.999999999
40021/0/40100200/40100204/0,2025-08-31,499643.72,40021,2025-08-31 23:59:59.999999999
40021/0/40100200/40100204/0,2025-09-30,499643.72,40021,2025-09-30 23:59:59.999999999
40021/0/40100200/40100204/0,2025-10-31,499643.72,40021,2025-10-31 23:59:59.999999999
40021/0/40100200/40100204/0,2025-11-30,499643.72,40021,2025-11-30 23:59:59.999999999
40021/0/40100200/40100204/0,2025-12-31,499643.72,40021,2025-12-31 23:59:59.999999999
40021/0/40100200/40100204/0,2026-01-31,499643.72,40021,2026-01-31 23:59:59.999999999
40021/0/40100200/40100204/0,2026-02-28,499643.72,40021,2026-02-28 23:59:59.999999999
40021/0/40100200/40100204/0,2026-03-31,499643.72,40021,2026-03-31 23:59:59.999999999
40021/0/40100200/40100204/0,2026-04-30,499643.72,40021,2026-04-30 23:59:59.999999999
40021/0/40100200/40100204/0,2026-05-31,499643.72,40021,2026-05-31 23:59:59.999999999
40021/0/40100200/40100204/0,2026-06-30,499643.72,40021,2026-06-30 23:59:59.999999999
40021/0/40100200/40100204/0,2026-07-31,499643.72,40021,2026-07-31 23:59:59.999999999
40021/0/40100200/40100204/0,2026-08-31,499643.72,40021,2026-08-31 23:59:59.999999999
40021/0/40100200/40100204/0,2026-09-30,499643.72,40021,2026-09-30 23:59:59.999999999
40021/0/40100200/40100204/0,2026-10-31,499643.72,40021,2026-10-31 23:59:59.999999999
40021/0/40100200/40100204/0,2026-11-30,499643.72,40021,2026-11-30 23:59:59.999999999
40021/0/40100200/40100204/0,2026-12-31,499643.72,40021,2026-12-31 23:59:59.999999999
40021/0/40100200/40100204/0,2027-01-31,499643.72,40021,2027-01-31 23:59:59.999999999
40021/0/40100200/40100204/0,2027-02-28,499643.72,40021,2027-02-28 23:59:59.999999999
40021/0/40100200/40100204/0,2027-03-31,499643.72,40021,2027-03-31 23:59:59.999999999
40021/0/40100200/40100204/0,2027-04-30,499643.72,40021,2027-04-30 23:59:59.999999999
40021/0/40100200/40100204/0,2027-05-31,499643.72,40021,2027-05-31 23:59:59.999999999
40021/0/40100200/40100205,2024-12-31,-9.8717326e-05,40021,2024-12-31 23:59:59.999999999
40021/0/40100200/40100205,2025-01-31,-3.2385795e-08,40021,2025-01-31 23:59:59.999999999
40021/0/40100200/40100205,2025-02-28,-7.912965e-05,40021,2025-02-28 23:59:59.999999999
40021/0/40100200/40100205,2025-03-31,4.4156466e-05,40021,2025-03-31 23:59:59.999999999
40021/0/40100200/40100205,2025-04-30,3.793927e-06,40021,2025-04-30 23:59:59.999999999
40021/0/40100200/40100205,2025-05-31,5.8022557e-05,40021,2025-05-31 23:59:59.999999999
40021/0/40100200/40100205,2025-06-30,2.1346945e-05,40021,2025-06-30 23:59:59.999999999
40021/0/40100200/40100205,2025-07-31,-3.451361e-05,40021,2025-07-31 23:59:59.999999999
40021/0/40100200/40100205,2025-08-31,2.1841623e-05,40021,2025-08-31 23:59:59.999999999
40021/0/40100200/40100205,2025-09-30,-3.531372e-05,40021,2025-09-30 23:59:59.999999999
40021/0/40100200/40100205,2025-10-31,-7.1939166e-07,40021,2025-10-31 23:59:59.999999999
40021/0/40100200/40100205,2025-11-30,5.5258326e-05,40021,2025-11-30 23:59:59.999999999
40021/0/40100200/40100205,2025-12-31,-5.0739953e-05,40021,2025-12-31 23:59:59.999999999
40021/0/40100200/40100205,2026-01-31,2.315988e-05,40021,2026-01-31 23:59:59.999999999
40021/0/40100200/40100205,2026-02-28,-4.559281e-05,40021,2026-02-28 23:59:59.999999999
40021/0/40100200/40100205,2026-03-31,1.0445215e-05,40021,2026-03-31 23:59:59.999999999
40021/0/40100200/40100205,2026-04-30,-1.9753293e-06,40021,2026-04-30 23:59:59.999999999
40021/0/40100200/40100205,2026-05-31,2.1063943e-05,40021,2026-05-31 23:59:59.999999999
40021/0/40100200/40100205,2026-06-30,8.003347e-06,40021,2026-06-30 23:59:59.999999999
40021/0/40100200/40100205,2026-07-31,-4.671641e-06,40021,2026-07-31 23:59:59.999999999
40021/0/40100200/40100205,2026-08-31,2.1600677e-06,40021,2026-08-31 23:59:59.999999999
40021/0/40100200/40100205,2026-09-30,-6.649397e-06,40021,2026-09-30 23:59:59.999999999
40021/0/40100200/40100205,2026-10-31,-7.096911e-06,40021,2026-10-31 23:59:59.999999999
40021/0/40100200/40100205,2026-11-30,2.2679384e-05,40021,2026-11-30 23:59:59.999999999
40021/0/40100200/40100205,2026-12-31,-1.0512095e-05,40021,2026-12-31 23:59:59.999999999
40021/0/40100200/40100205,2027-01-31,1.1925804e-05,40021,2027-01-31 23:59:59.999999999
40021/0/40100200/40100205,2027-02-28,-9.5776195e-06,40021,2027-02-28 23:59:59.999999999
40021/0/40100200/40100205,2027-03-31,2.2629113e-06,40021,2027-03-31 23:59:59.999999999
40021/0/40100200/40100205,2027-04-30,-4.6160294e-06,40021,2027-04-30 23:59:59.999999999
40021/0/40100200/40100205,2027-05-31,3.7959871e-06,40021,2027-05-31 23:59:59.999999999
40021/0/40100200/40100205/0,2024-12-31,-9.8717326e-05,40021,2024-12-31 23:59:59.999999999
40021/0/40100200/40100205/0,2025-01-31,-3.2385795e-08,40021,2025-01-31 23:59:59.999999999
40021/0/40100200/40100205/0,2025-02-28,-7.912965e-05,40021,2025-02-28 23:59:59.999999999
40021/0/40100200/40100205/0,2025-03-31,4.4156466e-05,40021,2025-03-31 23:59:59.999999999
40021/0/40100200/40100205/0,2025-04-30,3.793927e-06,40021,2025-04-30 23:59:59.999999999
40021/0/40100200/40100205/0,2025-05-31,5.8022557e-05,40021,2025-05-31 23:59:59.999999999
40021/0/40100200/40100205/0,2025-06-30,2.1346945e-05,40021,2025-06-30 23:59:59.999999999
40021/0/40100200/40100205/0,2025-07-31,-3.451361e-05,40021,2025-07-31 23:59:59.999999999
40021/0/40100200/40100205/0,2025-08-31,2.1841623e-05,40021,2025-08-31 23:59:59.999999999
40021/0/40100200/40100205/0,2025-09-30,-3.531372e-05,40021,2025-09-30 23:59:59.999999999
40021/0/40100200/40100205/0,2025-10-31,-7.1939166e-07,40021,2025-10-31 23:59:59.999999999
40021/0/40100200/40100205/0,2025-11-30,5.5258326e-05,40021,2025-11-30 23:59:59.999999999
40021/0/40100200/40100205/0,2025-12-31,-5.0739953e-05,40021,2025-12-31 23:59:59.999999999
40021/0/40100200/40100205/0,2026-01-31,2.315988e-05,40021,2026-01-31 23:59:59.999999999
40021/0/40100200/40100205/0,2026-02-28,-4.559281e-05,40021,2026-02-28 23:59:59.999999999
40021/0/40100200/40100205/0,2026-03-31,1.0445215e-05,40021,2026-03-31 23:59:59.999999999
40021/0/40100200/40100205/0,2026-04-30,-1.9753293e-06,40021,2026-04-30 23:59:59.999999999
40021/0/40100200/40100205/0,2026-05-31,2.1063943e-05,40021,2026-05-31 23:59:59.999999999
40021/0/40100200/40100205/0,2026-06-30,8.003347e-06,40021,2026-06-30 23:59:59.999999999
40021/0/40100200/40100205/0,2026-07-31,-4.671641e-06,40021,2026-07-31 23:59:59.999999999
40021/0/40100200/40100205/0,2026-08-31,2.1600677e-06,40021,2026-08-31 23:59:59.999999999
40021/0/40100200/40100205/0,2026-09-30,-6.649397e-06,40021,2026-09-30 23:59:59.999999999
40021/0/40100200/40100205/0,2026-10-31,-7.096911e-06,40021,2026-10-31 23:59:59.999999999
40021/0/40100200/40100205/0,2026-11-30,2.2679384e-05,40021,2026-11-30 23:59:59.999999999
40021/0/40100200/40100205/0,2026-12-31,-1.0512095e-05,40021,2026-12-31 23:59:59.999999999
40021/0/40100200/40100205/0,2027-01-31,1.1925804e-05,40021,2027-01-31 23:59:59.999999999
40021/0/40100200/40100205/0,2027-02-28,-9.5776195e-06,40021,2027-02-28 23:59:59.999999999
40021/0/40100200/40100205/0,2027-03-31,2.2629113e-06,40021,2027-03-31 23:59:59.999999999
40021/0/40100200/40100205/0,2027-04-30,-4.6160294e-06,40021,2027-04-30 23:59:59.999999999
40021/0/40100200/40100205/0,2027-05-31,3.7959871e-06,40021,2027-05-31 23:59:59.999999999
40021/0/40100207,2024-12-31,90650430000.0,40021,2024-12-31 23:59:59.999999999
40021/0/40100207,2025-01-31,91146396000.0,40021,2025-01-31 23:59:59.999999999
40021/0/40100207,2025-02-28,91369005000.0,40021,2025-02-28 23:59:59.999999999
40021/0/40100207,2025-03-31,91346700000.0,40021,2025-03-31 23:59:59.999999999
40021/0/40100207,2025-04-30,92258976000.0,40021,2025-04-30 23:59:59.999999999
40021/0/40100207,2025-05-31,93006470000.0,40021,2025-05-31 23:59:59.999999999
40021/0/40100207,2025-06-30,93096580000.0,40021,2025-06-30 23:59:59.999999999
40021/0/40100207,2025-07-31,93893100000.0,40021,2025-07-31 23:59:59.999999999
40021/0/40100207,2025-08-31,94400210000.0,40021,2025-08-31 23:59:59.999999999
40021/0/40100207,2025-09-30,95436470000.0,40021,2025-09-30 23:59:59.999999999
40021/0/40100207,2025-10-31,99856065000.0,40021,2025-10-31 23:59:59.999999999
40021/0/40100207,2025-11-30,97523680000.0,40021,2025-11-30 23:59:59.999999999
40021/0/40100207,2025-12-31,97475625000.0,40021,2025-12-31 23:59:59.999999999
40021/0/40100207,2026-01-31,97842720000.0,40021,2026-01-31 23:59:59.999999999
40021/0/40100207,2026-02-28,97974985000.0,40021,2026-02-28 23:59:59.999999999
40021/0/40100207,2026-03-31,97896990000.0,40021,2026-03-31 23:59:59.999999999
40021/0/40100207,2026-04-30,98641240000.0,40021,2026-04-30 23:59:59.999999999
40021/0/40100207,2026-05-31,99244850000.0,40021,2026-05-31 23:59:59.999999999
40021/0/40100207,2026-06-30,99276235000.0,40021,2026-06-30 23:59:59.999999999
40021/0/40100207,2026-07-31,99929350000.0,40021,2026-07-31 23:59:59.999999999
40021/0/40100207,2026-08-31,100332000000.0,40021,2026-08-31 23:59:59.999999999
40021/0/40100207,2026-09-30,101200770000.0,40021,2026-09-30 23:59:59.999999999
40021/0/40100207,2026-10-31,105034695000.0,40021,2026-10-31 23:59:59.999999999
40021/0/40100207,2026-11-30,102958730000.0,40021,2026-11-30 23:59:59.999999999
40021/0/40100207,2026-12-31,102885260000.0,40021,2026-12-31 23:59:59.999999999
40021/0/40100207,2027-01-31,103177404000.0,40021,2027-01-31 23:59:59.999999999
40021/0/40100207,2027-02-28,103265890000.0,40021,2027-02-28 23:59:59.999999999
40021/0/40100207,2027-03-31,103172080000.0,40021,2027-03-31 23:59:59.999999999
40021/0/40100207,2027-04-30,103799955000.0,40021,2027-04-30 23:59:59.999999999
40021/0/40100207,2027-05-31,104306290000.0,40021,2027-05-31 23:59:59.999999999
40021/0/40100207/0,2024-12-31,90650430000.0,40021,2024-12-31 23:59:59.999999999
40021/0/40100207/0,2025-01-31,91146396000.0,40021,2025-01-31 23:59:59.999999999
40021/0/40100207/0,2025-02-28,91369005000.0,40021,2025-02-28 23:59:59.999999999
40021/0/40100207/0,2025-03-31,91346700000.0,40021,2025-03-31 23:59:59.999999999
40021/0/40100207/0,2025-04-30,92258976000.0,40021,2025-04-30 23:59:59.999999999
40021/0/40100207/0,2025-05-31,93006470000.0,40021,2025-05-31 23:59:59.999999999
40021/0/40100207/0,2025-06-30,93096580000.0,40021,2025-06-30 23:59:59.999999999
40021/0/40100207/0,2025-07-31,93893100000.0,40021,2025-07-31 23:59:59.999999999
40021/0/40100207/0,2025-08-31,94400210000.0,40021,2025-08-31 23:59:59.999999999
40021/0/40100207/0,2025-09-30,95436470000.0,40021,2025-09-30 23:59:59.999999999
40021/0/40100207/0,2025-10-31,99856065000.0,40021,2025-10-31 23:59:59.999999999
40021/0/40100207/0,2025-11-30,97523680000.0,40021,2025-11-30 23:59:59.999999999
40021/0/40100207/0,2025-12-31,97475625000.0,40021,2025-12-31 23:59:59.999999999
40021/0/40100207/0,2026-01-31,97842720000.0,40021,2026-01-31 23:59:59.999999999
40021/0/40100207/0,2026-02-28,97974985000.0,40021,2026-02-28 23:59:59.999999999
40021/0/40100207/0,2026-03-31,97896990000.0,40021,2026-03-31 23:59:59.999999999
40021/0/40100207/0,2026-04-30,98641240000.0,40021,2026-04-30 23:59:59.999999999
40021/0/40100207/0,2026-05-31,99244850000.0,40021,2026-05-31 23:59:59.999999999
40021/0/40100207/0,2026-06-30,99276235000.0,40021,2026-06-30 23:59:59.999999999
40021/0/40100207/0,2026-07-31,99929350000.0,40021,2026-07-31 23:59:59.999999999
40021/0/40100207/0,2026-08-31,100332000000.0,40021,2026-08-31 23:59:59.999999999
40021/0/40100207/0,2026-09-30,101200770000.0,40021,2026-09-30 23:59:59.999999999
40021/0/40100207/0,2026-10-31,105034695000.0,40021,2026-10-31 23:59:59.999999999
40021/0/40100207/0,2026-11-30,102958730000.0,40021,2026-11-30 23:59:59.999999999
40021/0/40100207/0,2026-12-31,102885260000.0,40021,2026-12-31 23:59:59.999999999
40021/0/40100207/0,2027-01-31,103177404000.0,40021,2027-01-31 23:59:59.999999999
40021/0/40100207/0,2027-02-28,103265890000.0,40021,2027-02-28 23:59:59.999999999
40021/0/40100207/0,2027-03-31,103172080000.0,40021,2027-03-31 23:59:59.999999999
40021/0/40100207/0,2027-04-30,103799955000.0,40021,2027-04-30 23:59:59.999999999
40021/0/40100207/0,2027-05-31,104306290000.0,40021,2027-05-31 23:59:59.999999999
40021/0/40100207/0/0,2024-12-31,90650430000.0,40021,2024-12-31 23:59:59.999999999
40021/0/40100207/0/0,2025-01-31,91146396000.0,40021,2025-01-31 23:59:59.999999999
40021/0/40100207/0/0,2025-02-28,91369005000.0,40021,2025-02-28 23:59:59.999999999
40021/0/40100207/0/0,2025-03-31,91346700000.0,40021,2025-03-31 23:59:59.999999999
40021/0/40100207/0/0,2025-04-30,92258976000.0,40021,2025-04-30 23:59:59.999999999
40021/0/40100207/0/0,2025-05-31,93006470000.0,40021,2025-05-31 23:59:59.999999999
40021/0/40100207/0/0,2025-06-30,93096580000.0,40021,2025-06-30 23:59:59.999999999
40021/0/40100207/0/0,2025-07-31,93893100000.0,40021,2025-07-31 23:59:59.999999999
40021/0/40100207/0/0,2025-08-31,94400210000.0,40021,2025-08-31 23:59:59.999999999
40021/0/40100207/0/0,2025-09-30,95436470000.0,40021,2025-09-30 23:59:59.999999999
40021/0/40100207/0/0,2025-10-31,99856065000.0,40021,2025-10-31 23:59:59.999999999
40021/0/40100207/0/0,2025-11-30,97523680000.0,40021,2025-11-30 23:59:59.999999999
40021/0/40100207/0/0,2025-12-31,97475625000.0,40021,2025-12-31 23:59:59.999999999
40021/0/40100207/0/0,2026-01-31,97842720000.0,40021,2026-01-31 23:59:59.999999999
40021/0/40100207/0/0,2026-02-28,97974985000.0,40021,2026-02-28 23:59:59.999999999
40021/0/40100207/0/0,2026-03-31,97896990000.0,40021,2026-03-31 23:59:59.999999999
40021/0/40100207/0/0,2026-04-30,98641240000.0,40021,2026-04-30 23:59:59.999999999
40021/0/40100207/0/0,2026-05-31,99244850000.0,40021,2026-05-31 23:59:59.999999999
40021/0/40100207/0/0,2026-06-30,99276235000.0,40021,2026-06-30 23:59:59.999999999
40021/0/40100207/0/0,2026-07-31,99929350000.0,40021,2026-07-31 23:59:59.999999999
40021/0/40100207/0/0,2026-08-31,100332000000.0,40021,2026-08-31 23:59:59.999999999
40021/0/40100207/0/0,2026-09-30,101200770000.0,40021,2026-09-30 23:59:59.999999999
40021/0/40100207/0/0,2026-10-31,105034695000.0,40021,2026-10-31 23:59:59.999999999
40021/0/40100207/0/0,2026-11-30,102958730000.0,40021,2026-11-30 23:59:59.999999999
40021/0/40100207/0/0,2026-12-31,102885260000.0,40021,2026-12-31 23:59:59.999999999
40021/0/40100207/0/0,2027-01-31,103177404000.0,40021,2027-01-31 23:59:59.999999999
40021/0/40100207/0/0,2027-02-28,103265890000.0,40021,2027-02-28 23:59:59.999999999
40021/0/40100207/0/0,2027-03-31,103172080000.0,40021,2027-03-31 23:59:59.999999999
40021/0/40100207/0/0,2027-04-30,103799955000.0,40021,2027-04-30 23:59:59.999999999
40021/0/40100207/0/0,2027-05-31,104306290000.0,40021,2027-05-31 23:59:59.999999999
40021/0/40100208,2024-12-31,123990750000.0,40021,2024-12-31 23:59:59.999999999
40021/0/40100208,2025-01-31,124122070000.0,40021,2025-01-31 23:59:59.999999999
40021/0/40100208,2025-02-28,124083420000.0,40021,2025-02-28 23:59:59.999999999
40021/0/40100208,2025-03-31,124405694000.0,40021,2025-03-31 23:59:59.999999999
40021/0/40100208,2025-04-30,124781710000.0,40021,2025-04-30 23:59:59.999999999
40021/0/40100208,2025-05-31,125173105000.0,40021,2025-05-31 23:59:59.999999999
40021/0/40100208,2025-06-30,125626000000.0,40021,2025-06-30 23:59:59.999999999
40021/0/40100208,2025-07-31,126097410000.0,40021,2025-07-31 23:59:59.999999999
40021/0/40100208,2025-08-31,126579474000.0,40021,2025-08-31 23:59:59.999999999
40021/0/40100208,2025-09-30,127074070000.0,40021,2025-09-30 23:59:59.999999999
40021/0/40100208,2025-10-31,127574245000.0,40021,2025-10-31 23:59:59.999999999
40021/0/40100208,2025-11-30,128078004000.0,40021,2025-11-30 23:59:59.999999999
40021/0/40100208,2025-12-31,128584690000.0,40021,2025-12-31 23:59:59.999999999
40021/0/40100208,2026-01-31,129092960000.0,40021,2026-01-31 23:59:59.999999999
40021/0/40100208,2026-02-28,129602280000.0,40021,2026-02-28 23:59:59.999999999
40021/0/40100208,2026-03-31,130112330000.0,40021,2026-03-31 23:59:59.999999999
40021/0/40100208,2026-04-30,130622830000.0,40021,2026-04-30 23:59:59.999999999
40021/0/40100208,2026-05-31,131133620000.0,40021,2026-05-31 23:59:59.999999999
40021/0/40100208,2026-06-30,131644604000.0,40021,2026-06-30 23:59:59.999999999
40021/0/40100208,2026-07-31,132155710000.0,40021,2026-07-31 23:59:59.999999999
40021/0/40100208,2026-08-31,132666890000.0,40021,2026-08-31 23:59:59.999999999
40021/0/40100208,2026-09-30,133178120000.0,40021,2026-09-30 23:59:59.999999999
40021/0/40100208,2026-10-31,133689390000.0,40021,2026-10-31 23:59:59.999999999
40021/0/40100208,2026-11-30,134200690000.0,40021,2026-11-30 23:59:59.999999999
40021/0/40100208,2026-12-31,134711990000.0,40021,2026-12-31 23:59:59.999999999
40021/0/40100208,2027-01-31,135223304000.0,40021,2027-01-31 23:59:59.999999999
40021/0/40100208,2027-02-28,135734624000.0,40021,2027-02-28 23:59:59.999999999
40021/0/40100208,2027-03-31,136245944000.0,40021,2027-03-31 23:59:59.999999999
40021/0/40100208,2027-04-30,136757270000.0,40021,2027-04-30 23:59:59.999999999
40021/0/40100208,2027-05-31,137268590000.0,40021,2027-05-31 23:59:59.999999999
40021/0/40100208/40100209,2024-12-31,27119182000.0,40021,2024-12-31 23:59:59.999999999
40021/0/40100208/40100209,2025-01-31,27223106000.0,40021,2025-01-31 23:59:59.999999999
40021/0/40100208/40100209,2025-02-28,27309156000.0,40021,2025-02-28 23:59:59.999999999
40021/0/40100208/40100209,2025-03-31,27380406000.0,40021,2025-03-31 23:59:59.999999999
40021/0/40100208/40100209,2025-04-30,27439400000.0,40021,2025-04-30 23:59:59.999999999
40021/0/40100208/40100209,2025-05-31,27488250000.0,40021,2025-05-31 23:59:59.999999999
40021/0/40100208/40100209,2025-06-30,27528696000.0,40021,2025-06-30 23:59:59.999999999
40021/0/40100208/40100209,2025-07-31,27562185000.0,40021,2025-07-31 23:59:59.999999999
40021/0/40100208/40100209,2025-08-31,27589915000.0,40021,2025-08-31 23:59:59.999999999
40021/0/40100208/40100209,2025-09-30,27612875000.0,40021,2025-09-30 23:59:59.999999999
40021/0/40100208/40100209,2025-10-31,27631884000.0,40021,2025-10-31 23:59:59.999999999
40021/0/40100208/40100209,2025-11-30,27647625000.0,40021,2025-11-30 23:59:59.999999999
40021/0/40100208/40100209,2025-12-31,27660659000.0,40021,2025-12-31 23:59:59.999999999
40021/0/40100208/40100209,2026-01-31,27671452000.0,40021,2026-01-31 23:59:59.999999999
40021/0/40100208/40100209,2026-02-28,27680387000.0,40021,2026-02-28 23:59:59.999999999
40021/0/40100208/40100209,2026-03-31,27687786000.0,40021,2026-03-31 23:59:59.999999999
40021/0/40100208/40100209,2026-04-30,27693912000.0,40021,2026-04-30 23:59:59.999999999
40021/0/40100208/40100209,2026-05-31,27698985000.0,40021,2026-05-31 23:59:59.999999999
40021/0/40100208/40100209,2026-06-30,27703183000.0,40021,2026-06-30 23:59:59.999999999
40021/0/40100208/40100209,2026-07-31,27706660000.0,40021,2026-07-31 23:59:59.999999999
40021/0/40100208/40100209,2026-08-31,27709540000.0,40021,2026-08-31 23:59:59.999999999
40021/0/40100208/40100209,2026-09-30,27711926000.0,40021,2026-09-30 23:59:59.999999999
40021/0/40100208/40100209,2026-10-31,27713900000.0,40021,2026-10-31 23:59:59.999999999
40021/0/40100208/40100209,2026-11-30,27715535000.0,40021,2026-11-30 23:59:59.999999999
40021/0/40100208/40100209,2026-12-31,27716889000.0,40021,2026-12-31 23:59:59.999999999
40021/0/40100208/40100209,2027-01-31,27718009000.0,40021,2027-01-31 23:59:59.999999999
40021/0/40100208/40100209,2027-02-28,27718937000.0,40021,2027-02-28 23:59:59.999999999
40021/0/40100208/40100209,2027-03-31,27719705000.0,40021,2027-03-31 23:59:59.999999999
40021/0/40100208/40100209,2027-04-30,27720342000.0,40021,2027-04-30 23:59:59.999999999
40021/0/40100208/40100209,2027-05-31,27720868000.0,40021,2027-05-31 23:59:59.999999999
40021/0/40100208/40100209/0,2024-12-31,27119182000.0,40021,2024-12-31 23:59:59.999999999
40021/0/40100208/40100209/0,2025-01-31,27223106000.0,40021,2025-01-31 23:59:59.999999999
40021/0/40100208/40100209/0,2025-02-28,27309156000.0,40021,2025-02-28 23:59:59.999999999
40021/0/40100208/40100209/0,2025-03-31,27380406000.0,40021,2025-03-31 23:59:59.999999999
40021/0/40100208/40100209/0,2025-04-30,27439400000.0,40021,2025-04-30 23:59:59.999999999
40021/0/40100208/40100209/0,2025-05-31,27488250000.0,40021,2025-05-31 23:59:59.999999999
40021/0/40100208/40100209/0,2025-06-30,27528696000.0,40021,2025-06-30 23:59:59.999999999
40021/0/40100208/40100209/0,2025-07-31,27562185000.0,40021,2025-07-31 23:59:59.999999999
40021/0/40100208/40100209/0,2025-08-31,27589915000.0,40021,2025-08-31 23:59:59.999999999
40021/0/40100208/40100209/0,2025-09-30,27612875000.0,40021,2025-09-30 23:59:59.999999999
40021/0/40100208/40100209/0,2025-10-31,27631884000.0,40021,2025-10-31 23:59:59.999999999
40021/0/40100208/40100209/0,2025-11-30,27647625000.0,40021,2025-11-30 23:59:59.999999999
40021/0/40100208/40100209/0,2025-12-31,27660659000.0,40021,2025-12-31 23:59:59.999999999
40021/0/40100208/40100209/0,2026-01-31,27671452000.0,40021,2026-01-31 23:59:59.999999999
40021/0/40100208/40100209/0,2026-02-28,27680387000.0,40021,2026-02-28 23:59:59.999999999
40021/0/40100208/40100209/0,2026-03-31,27687786000.0,40021,2026-03-31 23:59:59.999999999
40021/0/40100208/40100209/0,2026-04-30,27693912000.0,40021,2026-04-30 23:59:59.999999999
40021/0/40100208/40100209/0,2026-05-31,27698985000.0,40021,2026-05-31 23:59:59.999999999
40021/0/40100208/40100209/0,2026-06-30,27703183000.0,40021,2026-06-30 23:59:59.999999999
40021/0/40100208/40100209/0,2026-07-31,27706660000.0,40021,2026-07-31 23:59:59.999999999
40021/0/40100208/40100209/0,2026-08-31,27709540000.0,40021,2026-08-31 23:59:59.999999999
40021/0/40100208/40100209/0,2026-09-30,27711926000.0,40021,2026-09-30 23:59:59.999999999
40021/0/40100208/40100209/0,2026-10-31,27713900000.0,40021,2026-10-31 23:59:59.999999999
40021/0/40100208/40100209/0,2026-11-30,27715535000.0,40021,2026-11-30 23:59:59.999999999
40021/0/40100208/40100209/0,2026-12-31,27716889000.0,40021,2026-12-31 23:59:59.999999999
40021/0/40100208/40100209/0,2027-01-31,27718009000.0,40021,2027-01-31 23:59:59.999999999
40021/0/40100208/40100209/0,2027-02-28,27718937000.0,40021,2027-02-28 23:59:59.999999999
40021/0/40100208/40100209/0,2027-03-31,27719705000.0,40021,2027-03-31 23:59:59.999999999
40021/0/40100208/40100209/0,2027-04-30,27720342000.0,40021,2027-04-30 23:59:59.999999999
40021/0/40100208/40100209/0,2027-05-31,27720868000.0,40021,2027-05-31 23:59:59.999999999
40021/0/40100208/40100210,2024-12-31,63518323000.0,40021,2024-12-31 23:59:59.999999999
40021/0/40100208/40100210,2025-01-31,63481990000.0,40021,2025-01-31 23:59:59.999999999
40021/0/40100208/40100210,2025-02-28,63122506000.0,40021,2025-02-28 23:59:59.999999999
40021/0/40100208/40100210,2025-03-31,63146807000.0,40021,2025-03-31 23:59:59.999999999
40021/0/40100208/40100210,2025-04-30,63275622000.0,40021,2025-04-30 23:59:59.999999999
40021/0/40100208/40100210,2025-05-31,63355480000.0,40021,2025-05-31 23:59:59.999999999
40021/0/40100208/40100210,2025-06-30,63539780000.0,40021,2025-06-30 23:59:59.999999999
40021/0/40100208/40100210,2025-07-31,63769657000.0,40021,2025-07-31 23:59:59.999999999
40021/0/40100208/40100210,2025-08-31,64000262000.0,40021,2025-08-31 23:59:59.999999999
40021/0/40100208/40100210,2025-09-30,64262865000.0,40021,2025-09-30 23:59:59.999999999
40021/0/40100208/40100210,2025-10-31,64544137000.0,40021,2025-10-31 23:59:59.999999999
40021/0/40100208/40100210,2025-11-30,64830894000.0,40021,2025-11-30 23:59:59.999999999
40021/0/40100208/40100210,2025-12-31,65128694000.0,40021,2025-12-31 23:59:59.999999999
40021/0/40100208/40100210,2026-01-31,65434060000.0,40021,2026-01-31 23:59:59.999999999
40021/0/40100208/40100210,2026-02-28,65742990000.0,40021,2026-02-28 23:59:59.999999999
40021/0/40100208/40100210,2026-03-31,66056106000.0,40021,2026-03-31 23:59:59.999999999
40021/0/40100208/40100210,2026-04-30,66372313000.0,40021,2026-04-30 23:59:59.999999999
40021/0/40100208/40100210,2026-05-31,66690327000.0,40021,2026-05-31 23:59:59.999999999
40021/0/40100208/40100210,2026-06-30,67010023000.0,40021,2026-06-30 23:59:59.999999999
40021/0/40100208/40100210,2026-07-31,67331000000.0,40021,2026-07-31 23:59:59.999999999
40021/0/40100208/40100210,2026-08-31,67652810000.0,40021,2026-08-31 23:59:59.999999999
40021/0/40100208/40100210,2026-09-30,67975320000.0,40021,2026-09-30 23:59:59.999999999
40021/0/40100208/40100210,2026-10-31,68298363000.0,40021,2026-10-31 23:59:59.999999999
40021/0/40100208/40100210,2026-11-30,68621783000.0,40021,2026-11-30 23:59:59.999999999
40021/0/40100208/40100210,2026-12-31,68945490000.0,40021,2026-12-31 23:59:59.999999999
40021/0/40100208/40100210,2027-01-31,69269430000.0,40021,2027-01-31 23:59:59.999999999
40021/0/40100208/40100210,2027-02-28,69593530000.0,40021,2027-02-28 23:59:59.999999999
40021/0/40100208/40100210,2027-03-31,69917760000.0,40021,2027-03-31 23:59:59.999999999
40021/0/40100208/40100210,2027-04-30,70242080000.0,40021,2027-04-30 23:59:59.999999999
40021/0/40100208/40100210,2027-05-31,70566480000.0,40021,2027-05-31 23:59:59.999999999
40021/0/40100208/40100210/0,2024-12-31,63518323000.0,40021,2024-12-31 23:59:59.999999999
40021/0/40100208/40100210/0,2025-01-31,63481990000.0,40021,2025-01-31 23:59:59.999999999
40021/0/40100208/40100210/0,2025-02-28,63122506000.0,40021,2025-02-28 23:59:59.999999999
40021/0/40100208/40100210/0,2025-03-31,63146807000.0,40021,2025-03-31 23:59:59.999999999
40021/0/40100208/40100210/0,2025-04-30,63275622000.0,40021,2025-04-30 23:59:59.999999999
40021/0/40100208/40100210/0,2025-05-31,63355480000.0,40021,2025-05-31 23:59:59.999999999
40021/0/40100208/40100210/0,2025-06-30,63539780000.0,40021,2025-06-30 23:59:59.999999999
40021/0/40100208/40100210/0,2025-07-31,63769657000.0,40021,2025-07-31 23:59:59.999999999
40021/0/40100208/40100210/0,2025-08-31,64000262000.0,40021,2025-08-31 23:59:59.999999999
40021/0/40100208/40100210/0,2025-09-30,64262865000.0,40021,2025-09-30 23:59:59.999999999
40021/0/40100208/40100210/0,2025-10-31,64544137000.0,40021,2025-10-31 23:59:59.999999999
40021/0/40100208/40100210/0,2025-11-30,64830894000.0,40021,2025-11-30 23:59:59.999999999
40021/0/40100208/40100210/0,2025-12-31,65128694000.0,40021,2025-12-31 23:59:59.999999999
40021/0/40100208/40100210/0,2026-01-31,65434060000.0,40021,2026-01-31 23:59:59.999999999
40021/0/40100208/40100210/0,2026-02-28,65742990000.0,40021,2026-02-28 23:59:59.999999999
40021/0/40100208/40100210/0,2026-03-31,66056106000.0,40021,2026-03-31 23:59:59.999999999
40021/0/40100208/40100210/0,2026-04-30,66372313000.0,40021,2026-04-30 23:59:59.999999999
40021/0/40100208/40100210/0,2026-05-31,66690327000.0,40021,2026-05-31 23:59:59.999999999
40021/0/40100208/40100210/0,2026-06-30,67010023000.0,40021,2026-06-30 23:59:59.999999999
40021/0/40100208/40100210/0,2026-07-31,67331000000.0,40021,2026-07-31 23:59:59.999999999
40021/0/40100208/40100210/0,2026-08-31,67652810000.0,40021,2026-08-31 23:59:59.999999999
40021/0/40100208/40100210/0,2026-09-30,67975320000.0,40021,2026-09-30 23:59:59.999999999
40021/0/40100208/40100210/0,2026-10-31,68298363000.0,40021,2026-10-31 23:59:59.999999999
40021/0/40100208/40100210/0,2026-11-30,68621783000.0,40021,2026-11-30 23:59:59.999999999
40021/0/40100208/40100210/0,2026-12-31,68945490000.0,40021,2026-12-31 23:59:59.999999999
40021/0/40100208/40100210/0,2027-01-31,69269430000.0,40021,2027-01-31 23:59:59.999999999
40021/0/40100208/40100210/0,2027-02-28,69593530000.0,40021,2027-02-28 23:59:59.999999999
40021/0/40100208/40100210/0,2027-03-31,69917760000.0,40021,2027-03-31 23:59:59.999999999
40021/0/40100208/40100210/0,2027-04-30,70242080000.0,40021,2027-04-30 23:59:59.999999999
40021/0/40100208/40100210/0,2027-05-31,70566480000.0,40021,2027-05-31 23:59:59.999999999
40021/0/40100208/40100211,2024-12-31,30260183000.0,40021,2024-12-31 23:59:59.999999999
40021/0/40100208/40100211,2025-01-31,29952262000.0,40021,2025-01-31 23:59:59.999999999
40021/0/40100208/40100211,2025-02-28,29659664000.0,40021,2025-02-28 23:59:59.999999999
40021/0/40100208/40100211,2025-03-31,29363990000.0,40021,2025-03-31 23:59:59.999999999
40021/0/40100208/40100211,2025-04-30,29068935000.0,40021,2025-04-30 23:59:59.999999999
40021/0/40100208/40100211,2025-05-31,28773755000.0,40021,2025-05-31 23:59:59.999999999
40021/0/40100208/40100211,2025-06-30,28478601000.0,40021,2025-06-30 23:59:59.999999999
40021/0/40100208/40100211,2025-07-31,28183441000.0,40021,2025-07-31 23:59:59.999999999
40021/0/40100208/40100211,2025-08-31,27888282000.0,40021,2025-08-31 23:59:59.999999999
40021/0/40100208/40100211,2025-09-30,27593122000.0,40021,2025-09-30 23:59:59.999999999
40021/0/40100208/40100211,2025-10-31,27297964000.0,40021,2025-10-31 23:59:59.999999999
40021/0/40100208/40100211,2025-11-30,27002804000.0,40021,2025-11-30 23:59:59.999999999
40021/0/40100208/40100211,2025-12-31,26707644000.0,40021,2025-12-31 23:59:59.999999999
40021/0/40100208/40100211,2026-01-31,26412487000.0,40021,2026-01-31 23:59:59.999999999
40021/0/40100208/40100211,2026-02-28,26117327000.0,40021,2026-02-28 23:59:59.999999999
40021/0/40100208/40100211,2026-03-31,25822170000.0,40021,2026-03-31 23:59:59.999999999
40021/0/40100208/40100211,2026-04-30,25527010000.0,40021,2026-04-30 23:59:59.999999999
40021/0/40100208/40100211,2026-05-31,25231850000.0,40021,2026-05-31 23:59:59.999999999
40021/0/40100208/40100211,2026-06-30,24936692000.0,40021,2026-06-30 23:59:59.999999999
40021/0/40100208/40100211,2026-07-31,24641532000.0,40021,2026-07-31 23:59:59.999999999
40021/0/40100208/40100211,2026-08-31,24346372000.0,40021,2026-08-31 23:59:59.999999999
40021/0/40100208/40100211,2026-09-30,24051214000.0,40021,2026-09-30 23:59:59.999999999
40021/0/40100208/40100211,2026-10-31,23756055000.0,40021,2026-10-31 23:59:59.999999999
40021/0/40100208/40100211,2026-11-30,23460895000.0,40021,2026-11-30 23:59:59.999999999
40021/0/40100208/40100211,2026-12-31,23165737000.0,40021,2026-12-31 23:59:59.999999999
40021/0/40100208/40100211,2027-01-31,22870577000.0,40021,2027-01-31 23:59:59.999999999
40021/0/40100208/40100211,2027-02-28,22575420000.0,40021,2027-02-28 23:59:59.999999999
40021/0/40100208/40100211,2027-03-31,22280260000.0,40021,2027-03-31 23:59:59.999999999
40021/0/40100208/40100211,2027-04-30,21985100000.0,40021,2027-04-30 23:59:59.999999999
40021/0/40100208/40100211,2027-05-31,21689942000.0,40021,2027-05-31 23:59:59.999999999
40021/0/40100208/40100211/40100212,2024-12-31,30260183000.0,40021,2024-12-31 23:59:59.999999999
40021/0/40100208/40100211/40100212,2025-01-31,29952262000.0,40021,2025-01-31 23:59:59.999999999
40021/0/40100208/40100211/40100212,2025-02-28,29659664000.0,40021,2025-02-28 23:59:59.999999999
40021/0/40100208/40100211/40100212,2025-03-31,29363990000.0,40021,2025-03-31 23:59:59.999999999
40021/0/40100208/40100211/40100212,2025-04-30,29068935000.0,40021,2025-04-30 23:59:59.999999999
40021/0/40100208/40100211/40100212,2025-05-31,28773755000.0,40021,2025-05-31 23:59:59.999999999
40021/0/40100208/40100211/40100212,2025-06-30,28478601000.0,40021,2025-06-30 23:59:59.999999999
40021/0/40100208/40100211/40100212,2025-07-31,28183441000.0,40021,2025-07-31 23:59:59.999999999
40021/0/40100208/40100211/40100212,2025-08-31,27888282000.0,40021,2025-08-31 23:59:59.999999999
40021/0/40100208/40100211/40100212,2025-09-30,27593122000.0,40021,2025-09-30 23:59:59.999999999
40021/0/40100208/40100211/40100212,2025-10-31,27297964000.0,40021,2025-10-31 23:59:59.999999999
40021/0/40100208/40100211/40100212,2025-11-30,27002804000.0,40021,2025-11-30 23:59:59.999999999
40021/0/40100208/40100211/40100212,2025-12-31,26707644000.0,40021,2025-12-31 23:59:59.999999999
40021/0/40100208/40100211/40100212,2026-01-31,26412487000.0,40021,2026-01-31 23:59:59.999999999
40021/0/40100208/40100211/40100212,2026-02-28,26117327000.0,40021,2026-02-28 23:59:59.999999999
40021/0/40100208/40100211/40100212,2026-03-31,25822170000.0,40021,2026-03-31 23:59:59.999999999
40021/0/40100208/40100211/40100212,2026-04-30,25527010000.0,40021,2026-04-30 23:59:59.999999999
40021/0/40100208/40100211/40100212,2026-05-31,25231850000.0,40021,2026-05-31 23:59:59.999999999
40021/0/40100208/40100211/40100212,2026-06-30,24936692000.0,40021,2026-06-30 23:59:59.999999999
40021/0/40100208/40100211/40100212,2026-07-31,24641532000.0,40021,2026-07-31 23:59:59.999999999
40021/0/40100208/40100211/40100212,2026-08-31,24346372000.0,40021,2026-08-31 23:59:59.999999999
40021/0/40100208/40100211/40100212,2026-09-30,24051214000.0,40021,2026-09-30 23:59:59.999999999
40021/0/40100208/40100211/40100212,2026-10-31,23756055000.0,40021,2026-10-31 23:59:59.999999999
40021/0/40100208/40100211/40100212,2026-11-30,23460895000.0,40021,2026-11-30 23:59:59.999999999
40021/0/40100208/40100211/40100212,2026-12-31,23165737000.0,40021,2026-12-31 23:59:59.999999999
40021/0/40100208/40100211/40100212,2027-01-31,22870577000.0,40021,2027-01-31 23:59:59.999999999
40021/0/40100208/40100211/40100212,2027-02-28,22575420000.0,40021,2027-02-28 23:59:59.999999999
40021/0/40100208/40100211/40100212,2027-03-31,22280260000.0,40021,2027-03-31 23:59:59.999999999
40021/0/40100208/40100211/40100212,2027-04-30,21985100000.0,40021,2027-04-30 23:59:59.999999999
40021/0/40100208/40100211/40100212,2027-05-31,21689942000.0,40021,2027-05-31 23:59:59.999999999
40021/0/40100208/40100211/40100213,2024-12-31,0.0,40021,2024-12-31 23:59:59.999999999
40021/0/40100208/40100211/40100213,2025-01-31,0.0,40021,2025-01-31 23:59:59.999999999
40021/0/40100208/40100211/40100213,2025-02-28,0.0,40021,2025-02-28 23:59:59.999999999
40021/0/40100208/40100211/40100213,2025-03-31,0.0,40021,2025-03-31 23:59:59.999999999
40021/0/40100208/40100211/40100213,2025-04-30,0.0,40021,2025-04-30 23:59:59.999999999
40021/0/40100208/40100211/40100213,2025-05-31,0.0,40021,2025-05-31 23:59:59.999999999
40021/0/40100208/40100211/40100213,2025-06-30,0.0,40021,2025-06-30 23:59:59.999999999
40021/0/40100208/40100211/40100213,2025-07-31,0.0,40021,2025-07-31 23:59:59.999999999
40021/0/40100208/40100211/40100213,2025-08-31,0.0,40021,2025-08-31 23:59:59.999999999
40021/0/40100208/40100211/40100213,2025-09-30,0.0,40021,2025-09-30 23:59:59.999999999
40021/0/40100208/40100211/40100213,2025-10-31,0.0,40021,2025-10-31 23:59:59.999999999
40021/0/40100208/40100211/40100213,2025-11-30,0.0,40021,2025-11-30 23:59:59.999999999
40021/0/40100208/40100211/40100213,2025-12-31,0.0,40021,2025-12-31 23:59:59.999999999
40021/0/40100208/40100211/40100213,2026-01-31,0.0,40021,2026-01-31 23:59:59.999999999
40021/0/40100208/40100211/40100213,2026-02-28,0.0,40021,2026-02-28 23:59:59.999999999
40021/0/40100208/40100211/40100213,2026-03-31,0.0,40021,2026-03-31 23:59:59.999999999
40021/0/40100208/40100211/40100213,2026-04-30,0.0,40021,2026-04-30 23:59:59.999999999
40021/0/40100208/40100211/40100213,2026-05-31,0.0,40021,2026-05-31 23:59:59.999999999
40021/0/40100208/40100211/40100213,2026-06-30,0.0,40021,2026-06-30 23:59:59.999999999
40021/0/40100208/40100211/40100213,2026-07-31,0.0,40021,2026-07-31 23:59:59.999999999
40021/0/40100208/40100211/40100213,2026-08-31,0.0,40021,2026-08-31 23:59:59.999999999
40021/0/40100208/40100211/40100213,2026-09-30,0.0,40021,2026-09-30 23:59:59.999999999
40021/0/40100208/40100211/40100213,2026-10-31,0.0,40021,2026-10-31 23:59:59.999999999
40021/0/40100208/40100211/40100213,2026-11-30,0.0,40021,2026-11-30 23:59:59.999999999
40021/0/40100208/40100211/40100213,2026-12-31,0.0,40021,2026-12-31 23:59:59.999999999
40021/0/40100208/40100211/40100213,2027-01-31,0.0,40021,2027-01-31 23:59:59.999999999
40021/0/40100208/40100211/40100213,2027-02-28,0.0,40021,2027-02-28 23:59:59.999999999
40021/0/40100208/40100211/40100213,2027-03-31,0.0,40021,2027-03-31 23:59:59.999999999
40021/0/40100208/40100211/40100213,2027-04-30,0.0,40021,2027-04-30 23:59:59.999999999
40021/0/40100208/40100211/40100213,2027-05-31,0.0,40021,2027-05-31 23:59:59.999999999
40021/0/40100208/40100214,2024-12-31,0.0,40021,2024-12-31 23:59:59.999999999
40021/0/40100208/40100214,2025-01-31,0.0,40021,2025-01-31 23:59:59.999999999
40021/0/40100208/40100214,2025-02-28,0.0,40021,2025-02-28 23:59:59.999999999
40021/0/40100208/40100214,2025-03-31,0.0,40021,2025-03-31 23:59:59.999999999
40021/0/40100208/40100214,2025-04-30,0.0,40021,2025-04-30 23:59:59.999999999
40021/0/40100208/40100214,2025-05-31,0.0,40021,2025-05-31 23:59:59.999999999
40021/0/40100208/40100214,2025-06-30,0.0,40021,2025-06-30 23:59:59.999999999
40021/0/40100208/40100214,2025-07-31,0.0,40021,2025-07-31 23:59:59.999999999
40021/0/40100208/40100214,2025-08-31,0.0,40021,2025-08-31 23:59:59.999999999
40021/0/40100208/40100214,2025-09-30,0.0,40021,2025-09-30 23:59:59.999999999
40021/0/40100208/40100214,2025-10-31,0.0,40021,2025-10-31 23:59:59.999999999
40021/0/40100208/40100214,2025-11-30,0.0,40021,2025-11-30 23:59:59.999999999
40021/0/40100208/40100214,2025-12-31,0.0,40021,2025-12-31 23:59:59.999999999
40021/0/40100208/40100214,2026-01-31,0.0,40021,2026-01-31 23:59:59.999999999
40021/0/40100208/40100214,2026-02-28,0.0,40021,2026-02-28 23:59:59.999999999
40021/0/40100208/40100214,2026-03-31,0.0,40021,2026-03-31 23:59:59.999999999
40021/0/40100208/40100214,2026-04-30,0.0,40021,2026-04-30 23:59:59.999999999
40021/0/40100208/40100214,2026-05-31,0.0,40021,2026-05-31 23:59:59.999999999
40021/0/40100208/40100214,2026-06-30,0.0,40021,2026-06-30 23:59:59.999999999
40021/0/40100208/40100214,2026-07-31,0.0,40021,2026-07-31 23:59:59.999999999
40021/0/40100208/40100214,2026-08-31,0.0,40021,2026-08-31 23:59:59.999999999
40021/0/40100208/40100214,2026-09-30,0.0,40021,2026-09-30 23:59:59.999999999
40021/0/40100208/40100214,2026-10-31,0.0,40021,2026-10-31 23:59:59.999999999
40021/0/40100208/40100214,2026-11-30,0.0,40021,2026-11-30 23:59:59.999999999
40021/0/40100208/40100214,2026-12-31,0.0,40021,2026-12-31 23:59:59.999999999
40021/0/40100208/40100214,2027-01-31,0.0,40021,2027-01-31 23:59:59.999999999
40021/0/40100208/40100214,2027-02-28,0.0,40021,2027-02-28 23:59:59.999999999
40021/0/40100208/40100214,2027-03-31,0.0,40021,2027-03-31 23:59:59.999999999
40021/0/40100208/40100214,2027-04-30,0.0,40021,2027-04-30 23:59:59.999999999
40021/0/40100208/40100214,2027-05-31,0.0,40021,2027-05-31 23:59:59.999999999
40021/0/40100208/40100214/0,2024-12-31,0.0,40021,2024-12-31 23:59:59.999999999
40021/0/40100208/40100214/0,2025-01-31,0.0,40021,2025-01-31 23:59:59.999999999
40021/0/40100208/40100214/0,2025-02-28,0.0,40021,2025-02-28 23:59:59.999999999
40021/0/40100208/40100214/0,2025-03-31,0.0,40021,2025-03-31 23:59:59.999999999
40021/0/40100208/40100214/0,2025-04-30,0.0,40021,2025-04-30 23:59:59.999999999
40021/0/40100208/40100214/0,2025-05-31,0.0,40021,2025-05-31 23:59:59.999999999
40021/0/40100208/40100214/0,2025-06-30,0.0,40021,2025-06-30 23:59:59.999999999
40021/0/40100208/40100214/0,2025-07-31,0.0,40021,2025-07-31 23:59:59.999999999
40021/0/40100208/40100214/0,2025-08-31,0.0,40021,2025-08-31 23:59:59.999999999
40021/0/40100208/40100214/0,2025-09-30,0.0,40021,2025-09-30 23:59:59.999999999
40021/0/40100208/40100214/0,2025-10-31,0.0,40021,2025-10-31 23:59:59.999999999
40021/0/40100208/40100214/0,2025-11-30,0.0,40021,2025-11-30 23:59:59.999999999
40021/0/40100208/40100214/0,2025-12-31,0.0,40021,2025-12-31 23:59:59.999999999
40021/0/40100208/40100214/0,2026-01-31,0.0,40021,2026-01-31 23:59:59.999999999
40021/0/40100208/40100214/0,2026-02-28,0.0,40021,2026-02-28 23:59:59.999999999
40021/0/40100208/40100214/0,2026-03-31,0.0,40021,2026-03-31 23:59:59.999999999
40021/0/40100208/40100214/0,2026-04-30,0.0,40021,2026-04-30 23:59:59.999999999
40021/0/40100208/40100214/0,2026-05-31,0.0,40021,2026-05-31 23:59:59.999999999
40021/0/40100208/40100214/0,2026-06-30,0.0,40021,2026-06-30 23:59:59.999999999
40021/0/40100208/40100214/0,2026-07-31,0.0,40021,2026-07-31 23:59:59.999999999
40021/0/40100208/40100214/0,2026-08-31,0.0,40021,2026-08-31 23:59:59.999999999
40021/0/40100208/40100214/0,2026-09-30,0.0,40021,2026-09-30 23:59:59.999999999
40021/0/40100208/40100214/0,2026-10-31,0.0,40021,2026-10-31 23:59:59.999999999
40021/0/40100208/40100214/0,2026-11-30,0.0,40021,2026-11-30 23:59:59.999999999
40021/0/40100208/40100214/0,2026-12-31,0.0,40021,2026-12-31 23:59:59.999999999
40021/0/40100208/40100214/0,2027-01-31,0.0,40021,2027-01-31 23:59:59.999999999
40021/0/40100208/40100214/0,2027-02-28,0.0,40021,2027-02-28 23:59:59.999999999
40021/0/40100208/40100214/0,2027-03-31,0.0,40021,2027-03-31 23:59:59.999999999
40021/0/40100208/40100214/0,2027-04-30,0.0,40021,2027-04-30 23:59:59.999999999
40021/0/40100208/40100214/0,2027-05-31,0.0,40021,2027-05-31 23:59:59.999999999
40021/0/40100208/40100215,2024-12-31,0.0,40021,2024-12-31 23:59:59.999999999
40021/0/40100208/40100215,2025-01-31,0.0,40021,2025-01-31 23:59:59.999999999
40021/0/40100208/40100215,2025-02-28,0.0,40021,2025-02-28 23:59:59.999999999
40021/0/40100208/40100215,2025-03-31,0.0,40021,2025-03-31 23:59:59.999999999
40021/0/40100208/40100215,2025-04-30,0.0,40021,2025-04-30 23:59:59.999999999
40021/0/40100208/40100215,2025-05-31,0.0,40021,2025-05-31 23:59:59.999999999
40021/0/40100208/40100215,2025-06-30,0.0,40021,2025-06-30 23:59:59.999999999
40021/0/40100208/40100215,2025-07-31,0.0,40021,2025-07-31 23:59:59.999999999
40021/0/40100208/40100215,2025-08-31,0.0,40021,2025-08-31 23:59:59.999999999
40021/0/40100208/40100215,2025-09-30,0.0,40021,2025-09-30 23:59:59.999999999
40021/0/40100208/40100215,2025-10-31,0.0,40021,2025-10-31 23:59:59.999999999
40021/0/40100208/40100215,2025-11-30,0.0,40021,2025-11-30 23:59:59.999999999
40021/0/40100208/40100215,2025-12-31,0.0,40021,2025-12-31 23:59:59.999999999
40021/0/40100208/40100215,2026-01-31,0.0,40021,2026-01-31 23:59:59.999999999
40021/0/40100208/40100215,2026-02-28,0.0,40021,2026-02-28 23:59:59.999999999
40021/0/40100208/40100215,2026-03-31,0.0,40021,2026-03-31 23:59:59.999999999
40021/0/40100208/40100215,2026-04-30,0.0,40021,2026-04-30 23:59:59.999999999
40021/0/40100208/40100215,2026-05-31,0.0,40021,2026-05-31 23:59:59.999999999
40021/0/40100208/40100215,2026-06-30,0.0,40021,2026-06-30 23:59:59.999999999
40021/0/40100208/40100215,2026-07-31,0.0,40021,2026-07-31 23:59:59.999999999
40021/0/40100208/40100215,2026-08-31,0.0,40021,2026-08-31 23:59:59.999999999
40021/0/40100208/40100215,2026-09-30,0.0,40021,2026-09-30 23:59:59.999999999
40021/0/40100208/40100215,2026-10-31,0.0,40021,2026-10-31 23:59:59.999999999
40021/0/40100208/40100215,2026-11-30,0.0,40021,2026-11-30 23:59:59.999999999
40021/0/40100208/40100215,2026-12-31,0.0,40021,2026-12-31 23:59:59.999999999
40021/0/40100208/40100215,2027-01-31,0.0,40021,2027-01-31 23:59:59.999999999
40021/0/40100208/40100215,2027-02-28,0.0,40021,2027-02-28 23:59:59.999999999
40021/0/40100208/40100215,2027-03-31,0.0,40021,2027-03-31 23:59:59.999999999
40021/0/40100208/40100215,2027-04-30,0.0,40021,2027-04-30 23:59:59.999999999
40021/0/40100208/40100215,2027-05-31,0.0,40021,2027-05-31 23:59:59.999999999
40021/0/40100208/40100215/0,2024-12-31,0.0,40021,2024-12-31 23:59:59.999999999
40021/0/40100208/40100215/0,2025-01-31,0.0,40021,2025-01-31 23:59:59.999999999
40021/0/40100208/40100215/0,2025-02-28,0.0,40021,2025-02-28 23:59:59.999999999
40021/0/40100208/40100215/0,2025-03-31,0.0,40021,2025-03-31 23:59:59.999999999
40021/0/40100208/40100215/0,2025-04-30,0.0,40021,2025-04-30 23:59:59.999999999
40021/0/40100208/40100215/0,2025-05-31,0.0,40021,2025-05-31 23:59:59.999999999
40021/0/40100208/40100215/0,2025-06-30,0.0,40021,2025-06-30 23:59:59.999999999
40021/0/40100208/40100215/0,2025-07-31,0.0,40021,2025-07-31 23:59:59.999999999
40021/0/40100208/40100215/0,2025-08-31,0.0,40021,2025-08-31 23:59:59.999999999
40021/0/40100208/40100215/0,2025-09-30,0.0,40021,2025-09-30 23:59:59.999999999
40021/0/40100208/40100215/0,2025-10-31,0.0,40021,2025-10-31 23:59:59.999999999
40021/0/40100208/40100215/0,2025-11-30,0.0,40021,2025-11-30 23:59:59.999999999
40021/0/40100208/40100215/0,2025-12-31,0.0,40021,2025-12-31 23:59:59.999999999
40021/0/40100208/40100215/0,2026-01-31,0.0,40021,2026-01-31 23:59:59.999999999
40021/0/40100208/40100215/0,2026-02-28,0.0,40021,2026-02-28 23:59:59.999999999
40021/0/40100208/40100215/0,2026-03-31,0.0,40021,2026-03-31 23:59:59.999999999
40021/0/40100208/40100215/0,2026-04-30,0.0,40021,2026-04-30 23:59:59.999999999
40021/0/40100208/40100215/0,2026-05-31,0.0,40021,2026-05-31 23:59:59.999999999
40021/0/40100208/40100215/0,2026-06-30,0.0,40021,2026-06-30 23:59:59.999999999
40021/0/40100208/40100215/0,2026-07-31,0.0,40021,2026-07-31 23:59:59.999999999
40021/0/40100208/40100215/0,2026-08-31,0.0,40021,2026-08-31 23:59:59.999999999
40021/0/40100208/40100215/0,2026-09-30,0.0,40021,2026-09-30 23:59:59.999999999
40021/0/40100208/40100215/0,2026-10-31,0.0,40021,2026-10-31 23:59:59.999999999
40021/0/40100208/40100215/0,2026-11-30,0.0,40021,2026-11-30 23:59:59.999999999
40021/0/40100208/40100215/0,2026-12-31,0.0,40021,2026-12-31 23:59:59.999999999
40021/0/40100208/40100215/0,2027-01-31,0.0,40021,2027-01-31 23:59:59.999999999
40021/0/40100208/40100215/0,2027-02-28,0.0,40021,2027-02-28 23:59:59.999999999
40021/0/40100208/40100215/0,2027-03-31,0.0,40021,2027-03-31 23:59:59.999999999
40021/0/40100208/40100215/0,2027-04-30,0.0,40021,2027-04-30 23:59:59.999999999
40021/0/40100208/40100215/0,2027-05-31,0.0,40021,2027-05-31 23:59:59.999999999
40021/0/40100208/40100216,2024-12-31,2739554600.0,40021,2024-12-31 23:59:59.999999999
40021/0/40100208/40100216,2025-01-31,2739554600.0,40021,2025-01-31 23:59:59.999999999
40021/0/40100208/40100216,2025-02-28,2739554600.0,40021,2025-02-28 23:59:59.999999999
40021/0/40100208/40100216,2025-03-31,2739554600.0,40021,2025-03-31 23:59:59.999999999
40021/0/40100208/40100216,2025-04-30,2739554600.0,40021,2025-04-30 23:59:59.999999999
40021/0/40100208/40100216,2025-05-31,2739554600.0,40021,2025-05-31 23:59:59.999999999
40021/0/40100208/40100216,2025-06-30,2739554600.0,40021,2025-06-30 23:59:59.999999999
40021/0/40100208/40100216,2025-07-31,2739554600.0,40021,2025-07-31 23:59:59.999999999
40021/0/40100208/40100216,2025-08-31,2739554600.0,40021,2025-08-31 23:59:59.999999999
40021/0/40100208/40100216,2025-09-30,2739554600.0,40021,2025-09-30 23:59:59.999999999
40021/0/40100208/40100216,2025-10-31,2739554600.0,40021,2025-10-31 23:59:59.999999999
40021/0/40100208/40100216,2025-11-30,2739554600.0,40021,2025-11-30 23:59:59.999999999
40021/0/40100208/40100216,2025-12-31,2739554600.0,40021,2025-12-31 23:59:59.999999999
40021/0/40100208/40100216,2026-01-31,2739554600.0,40021,2026-01-31 23:59:59.999999999
40021/0/40100208/40100216,2026-02-28,2739554600.0,40021,2026-02-28 23:59:59.999999999
40021/0/40100208/40100216,2026-03-31,2739554600.0,40021,2026-03-31 23:59:59.999999999
40021/0/40100208/40100216,2026-04-30,2739554600.0,40021,2026-04-30 23:59:59.999999999
40021/0/40100208/40100216,2026-05-31,2739554600.0,40021,2026-05-31 23:59:59.999999999
40021/0/40100208/40100216,2026-06-30,2739554600.0,40021,2026-06-30 23:59:59.999999999
40021/0/40100208/40100216,2026-07-31,2739554600.0,40021,2026-07-31 23:59:59.999999999
40021/0/40100208/40100216,2026-08-31,2739554600.0,40021,2026-08-31 23:59:59.999999999
40021/0/40100208/40100216,2026-09-30,2739554600.0,40021,2026-09-30 23:59:59.999999999
40021/0/40100208/40100216,2026-10-31,2739554600.0,40021,2026-10-31 23:59:59.999999999
40021/0/40100208/40100216,2026-11-30,2739554600.0,40021,2026-11-30 23:59:59.999999999
40021/0/40100208/40100216,2026-12-31,2739554600.0,40021,2026-12-31 23:59:59.999999999
40021/0/40100208/40100216,2027-01-31,2739554600.0,40021,2027-01-31 23:59:59.999999999
40021/0/40100208/40100216,2027-02-28,2739554600.0,40021,2027-02-28 23:59:59.999999999
40021/0/40100208/40100216,2027-03-31,2739554600.0,40021,2027-03-31 23:59:59.999999999
40021/0/40100208/40100216,2027-04-30,2739554600.0,40021,2027-04-30 23:59:59.999999999
40021/0/40100208/40100216,2027-05-31,2739554600.0,40021,2027-05-31 23:59:59.999999999
40021/0/40100208/40100216/0,2024-12-31,2739554600.0,40021,2024-12-31 23:59:59.999999999
40021/0/40100208/40100216/0,2025-01-31,2739554600.0,40021,2025-01-31 23:59:59.999999999
40021/0/40100208/40100216/0,2025-02-28,2739554600.0,40021,2025-02-28 23:59:59.999999999
40021/0/40100208/40100216/0,2025-03-31,2739554600.0,40021,2025-03-31 23:59:59.999999999
40021/0/40100208/40100216/0,2025-04-30,2739554600.0,40021,2025-04-30 23:59:59.999999999
40021/0/40100208/40100216/0,2025-05-31,2739554600.0,40021,2025-05-31 23:59:59.999999999
40021/0/40100208/40100216/0,2025-06-30,2739554600.0,40021,2025-06-30 23:59:59.999999999
40021/0/40100208/40100216/0,2025-07-31,2739554600.0,40021,2025-07-31 23:59:59.999999999
40021/0/40100208/40100216/0,2025-08-31,2739554600.0,40021,2025-08-31 23:59:59.999999999
40021/0/40100208/40100216/0,2025-09-30,2739554600.0,40021,2025-09-30 23:59:59.999999999
40021/0/40100208/40100216/0,2025-10-31,2739554600.0,40021,2025-10-31 23:59:59.999999999
40021/0/40100208/40100216/0,2025-11-30,2739554600.0,40021,2025-11-30 23:59:59.999999999
40021/0/40100208/40100216/0,2025-12-31,2739554600.0,40021,2025-12-31 23:59:59.999999999
40021/0/40100208/40100216/0,2026-01-31,2739554600.0,40021,2026-01-31 23:59:59.999999999
40021/0/40100208/40100216/0,2026-02-28,2739554600.0,40021,2026-02-28 23:59:59.999999999
40021/0/40100208/40100216/0,2026-03-31,2739554600.0,40021,2026-03-31 23:59:59.999999999
40021/0/40100208/40100216/0,2026-04-30,2739554600.0,40021,2026-04-30 23:59:59.999999999
40021/0/40100208/40100216/0,2026-05-31,2739554600.0,40021,2026-05-31 23:59:59.999999999
40021/0/40100208/40100216/0,2026-06-30,2739554600.0,40021,2026-06-30 23:59:59.999999999
40021/0/40100208/40100216/0,2026-07-31,2739554600.0,40021,2026-07-31 23:59:59.999999999
40021/0/40100208/40100216/0,2026-08-31,2739554600.0,40021,2026-08-31 23:59:59.999999999
40021/0/40100208/40100216/0,2026-09-30,2739554600.0,40021,2026-09-30 23:59:59.999999999
40021/0/40100208/40100216/0,2026-10-31,2739554600.0,40021,2026-10-31 23:59:59.999999999
40021/0/40100208/40100216/0,2026-11-30,2739554600.0,40021,2026-11-30 23:59:59.999999999
40021/0/40100208/40100216/0,2026-12-31,2739554600.0,40021,2026-12-31 23:59:59.999999999
40021/0/40100208/40100216/0,2027-01-31,2739554600.0,40021,2027-01-31 23:59:59.999999999
40021/0/40100208/40100216/0,2027-02-28,2739554600.0,40021,2027-02-28 23:59:59.999999999
40021/0/40100208/40100216/0,2027-03-31,2739554600.0,40021,2027-03-31 23:59:59.999999999
40021/0/40100208/40100216/0,2027-04-30,2739554600.0,40021,2027-04-30 23:59:59.999999999
40021/0/40100208/40100216/0,2027-05-31,2739554600.0,40021,2027-05-31 23:59:59.999999999
40021/0/40100218,2024-12-31,304982230000.0,40021,2024-12-31 23:59:59.999999999
40021/0/40100218,2025-01-31,305999700000.0,40021,2025-01-31 23:59:59.999999999
40021/0/40100218,2025-02-28,307099600000.0,40021,2025-02-28 23:59:59.999999999
40021/0/40100218,2025-03-31,307976040000.0,40021,2025-03-31 23:59:59.999999999
40021/0/40100218,2025-04-30,309107650000.0,40021,2025-04-30 23:59:59.999999999
40021/0/40100218,2025-05-31,310121800000.0,40021,2025-05-31 23:59:59.999999999
40021/0/40100218,2025-06-30,311126160000.0,40021,2025-06-30 23:59:59.999999999
40021/0/40100218,2025-07-31,311998050000.0,40021,2025-07-31 23:59:59.999999999
40021/0/40100218,2025-08-31,312829020000.0,40021,2025-08-31 23:59:59.999999999
40021/0/40100218,2025-09-30,313669400000.0,40021,2025-09-30 23:59:59.999999999
40021/0/40100218,2025-10-31,314494650000.0,40021,2025-10-31 23:59:59.999999999
40021/0/40100218,2025-11-30,315408400000.0,40021,2025-11-30 23:59:59.999999999
40021/0/40100218,2025-12-31,315962980000.0,40021,2025-12-31 23:59:59.999999999
40021/0/40100218,2026-01-31,316705140000.0,40021,2026-01-31 23:59:59.999999999
40021/0/40100218,2026-02-28,317440300000.0,40021,2026-02-28 23:59:59.999999999
40021/0/40100218,2026-03-31,318077630000.0,40021,2026-03-31 23:59:59.999999999
40021/0/40100218,2026-04-30,318804820000.0,40021,2026-04-30 23:59:59.999999999
40021/0/40100218,2026-05-31,319463420000.0,40021,2026-05-31 23:59:59.999999999
40021/0/40100218,2026-06-30,320162820000.0,40021,2026-06-30 23:59:59.999999999
40021/0/40100218,2026-07-31,320746060000.0,40021,2026-07-31 23:59:59.999999999
40021/0/40100218,2026-08-31,321359280000.0,40021,2026-08-31 23:59:59.999999999
40021/0/40100218,2026-09-30,321966150000.0,40021,2026-09-30 23:59:59.999999999
40021/0/40100218,2026-10-31,322555900000.0,40021,2026-10-31 23:59:59.999999999
40021/0/40100218,2026-11-30,323162240000.0,40021,2026-11-30 23:59:59.999999999
40021/0/40100218,2026-12-31,323726250000.0,40021,2026-12-31 23:59:59.999999999
40021/0/40100218,2027-01-31,324338200000.0,40021,2027-01-31 23:59:59.999999999
40021/0/40100218,2027-02-28,324958000000.0,40021,2027-02-28 23:59:59.999999999
40021/0/40100218,2027-03-31,325546600000.0,40021,2027-03-31 23:59:59.999999999
40021/0/40100218,2027-04-30,326169000000.0,40021,2027-04-30 23:59:59.999999999
40021/0/40100218,2027-05-31,326773570000.0,40021,2027-05-31 23:59:59.999999999
40021/0/40100218/0,2024-12-31,304982230000.0,40021,2024-12-31 23:59:59.999999999
40021/0/40100218/0,2025-01-31,305999700000.0,40021,2025-01-31 23:59:59.999999999
40021/0/40100218/0,2025-02-28,307099600000.0,40021,2025-02-28 23:59:59.999999999
40021/0/40100218/0,2025-03-31,307976040000.0,40021,2025-03-31 23:59:59.999999999
40021/0/40100218/0,2025-04-30,309107650000.0,40021,2025-04-30 23:59:59.999999999
40021/0/40100218/0,2025-05-31,310121800000.0,40021,2025-05-31 23:59:59.999999999
40021/0/40100218/0,2025-06-30,311126160000.0,40021,2025-06-30 23:59:59.999999999
40021/0/40100218/0,2025-07-31,311998050000.0,40021,2025-07-31 23:59:59.999999999
40021/0/40100218/0,2025-08-31,312829020000.0,40021,2025-08-31 23:59:59.999999999
40021/0/40100218/0,2025-09-30,313669400000.0,40021,2025-09-30 23:59:59.999999999
40021/0/40100218/0,2025-10-31,314494650000.0,40021,2025-10-31 23:59:59.999999999
40021/0/40100218/0,2025-11-30,315408400000.0,40021,2025-11-30 23:59:59.999999999
40021/0/40100218/0,2025-12-31,315962980000.0,40021,2025-12-31 23:59:59.999999999
40021/0/40100218/0,2026-01-31,316705140000.0,40021,2026-01-31 23:59:59.999999999
40021/0/40100218/0,2026-02-28,317440300000.0,40021,2026-02-28 23:59:59.999999999
40021/0/40100218/0,2026-03-31,318077630000.0,40021,2026-03-31 23:59:59.999999999
40021/0/40100218/0,2026-04-30,318804820000.0,40021,2026-04-30 23:59:59.999999999
40021/0/40100218/0,2026-05-31,319463420000.0,40021,2026-05-31 23:59:59.999999999
40021/0/40100218/0,2026-06-30,320162820000.0,40021,2026-06-30 23:59:59.999999999
40021/0/40100218/0,2026-07-31,320746060000.0,40021,2026-07-31 23:59:59.999999999
40021/0/40100218/0,2026-08-31,321359280000.0,40021,2026-08-31 23:59:59.999999999
40021/0/40100218/0,2026-09-30,321966150000.0,40021,2026-09-30 23:59:59.999999999
40021/0/40100218/0,2026-10-31,322555900000.0,40021,2026-10-31 23:59:59.999999999
40021/0/40100218/0,2026-11-30,323162240000.0,40021,2026-11-30 23:59:59.999999999
40021/0/40100218/0,2026-12-31,323726250000.0,40021,2026-12-31 23:59:59.999999999
40021/0/40100218/0,2027-01-31,324338200000.0,40021,2027-01-31 23:59:59.999999999
40021/0/40100218/0,2027-02-28,324958000000.0,40021,2027-02-28 23:59:59.999999999
40021/0/40100218/0,2027-03-31,325546600000.0,40021,2027-03-31 23:59:59.999999999
40021/0/40100218/0,2027-04-30,326169000000.0,40021,2027-04-30 23:59:59.999999999
40021/0/40100218/0,2027-05-31,326773570000.0,40021,2027-05-31 23:59:59.999999999
40021/0/40100218/0/0,2024-12-31,304982230000.0,40021,2024-12-31 23:59:59.999999999
40021/0/40100218/0/0,2025-01-31,305999700000.0,40021,2025-01-31 23:59:59.999999999
40021/0/40100218/0/0,2025-02-28,307099600000.0,40021,2025-02-28 23:59:59.999999999
40021/0/40100218/0/0,2025-03-31,307976040000.0,40021,2025-03-31 23:59:59.999999999
40021/0/40100218/0/0,2025-04-30,309107650000.0,40021,2025-04-30 23:59:59.999999999
40021/0/40100218/0/0,2025-05-31,310121800000.0,40021,2025-05-31 23:59:59.999999999
40021/0/40100218/0/0,2025-06-30,311126160000.0,40021,2025-06-30 23:59:59.999999999
40021/0/40100218/0/0,2025-07-31,311998050000.0,40021,2025-07-31 23:59:59.999999999
40021/0/40100218/0/0,2025-08-31,312829020000.0,40021,2025-08-31 23:59:59.999999999
40021/0/40100218/0/0,2025-09-30,313669400000.0,40021,2025-09-30 23:59:59.999999999
40021/0/40100218/0/0,2025-10-31,314494650000.0,40021,2025-10-31 23:59:59.999999999
40021/0/40100218/0/0,2025-11-30,315408400000.0,40021,2025-11-30 23:59:59.999999999
40021/0/40100218/0/0,2025-12-31,315962980000.0,40021,2025-12-31 23:59:59.999999999
40021/0/40100218/0/0,2026-01-31,316705140000.0,40021,2026-01-31 23:59:59.999999999
40021/0/40100218/0/0,2026-02-28,317440300000.0,40021,2026-02-28 23:59:59.999999999
40021/0/40100218/0/0,2026-03-31,318077630000.0,40021,2026-03-31 23:59:59.999999999
40021/0/40100218/0/0,2026-04-30,318804820000.0,40021,2026-04-30 23:59:59.999999999
40021/0/40100218/0/0,2026-05-31,319463420000.0,40021,2026-05-31 23:59:59.999999999
40021/0/40100218/0/0,2026-06-30,320162820000.0,40021,2026-06-30 23:59:59.999999999
40021/0/40100218/0/0,2026-07-31,320746060000.0,40021,2026-07-31 23:59:59.999999999
40021/0/40100218/0/0,2026-08-31,321359280000.0,40021,2026-08-31 23:59:59.999999999
40021/0/40100218/0/0,2026-09-30,321966150000.0,40021,2026-09-30 23:59:59.999999999
40021/0/40100218/0/0,2026-10-31,322555900000.0,40021,2026-10-31 23:59:59.999999999
40021/0/40100218/0/0,2026-11-30,323162240000.0,40021,2026-11-30 23:59:59.999999999
40021/0/40100218/0/0,2026-12-31,323726250000.0,40021,2026-12-31 23:59:59.999999999
40021/0/40100218/0/0,2027-01-31,324338200000.0,40021,2027-01-31 23:59:59.999999999
40021/0/40100218/0/0,2027-02-28,324958000000.0,40021,2027-02-28 23:59:59.999999999
40021/0/40100218/0/0,2027-03-31,325546600000.0,40021,2027-03-31 23:59:59.999999999
40021/0/40100218/0/0,2027-04-30,326169000000.0,40021,2027-04-30 23:59:59.999999999
40021/0/40100218/0/0,2027-05-31,326773570000.0,40021,2027-05-31 23:59:59.999999999
40021/0/40100219,2024-12-31,0.0,40021,2024-12-31 23:59:59.999999999
40021/0/40100219,2025-01-31,0.0,40021,2025-01-31 23:59:59.999999999
40021/0/40100219,2025-02-28,0.0,40021,2025-02-28 23:59:59.999999999
40021/0/40100219,2025-03-31,0.0,40021,2025-03-31 23:59:59.999999999
40021/0/40100219,2025-04-30,0.0,40021,2025-04-30 23:59:59.999999999
40021/0/40100219,2025-05-31,0.0,40021,2025-05-31 23:59:59.999999999
40021/0/40100219,2025-06-30,0.0,40021,2025-06-30 23:59:59.999999999
40021/0/40100219,2025-07-31,0.0,40021,2025-07-31 23:59:59.999999999
40021/0/40100219,2025-08-31,0.0,40021,2025-08-31 23:59:59.999999999
40021/0/40100219,2025-09-30,0.0,40021,2025-09-30 23:59:59.999999999
40021/0/40100219,2025-10-31,0.0,40021,2025-10-31 23:59:59.999999999
40021/0/40100219,2025-11-30,0.0,40021,2025-11-30 23:59:59.999999999
40021/0/40100219,2025-12-31,0.0,40021,2025-12-31 23:59:59.999999999
40021/0/40100219,2026-01-31,0.0,40021,2026-01-31 23:59:59.999999999
40021/0/40100219,2026-02-28,0.0,40021,2026-02-28 23:59:59.999999999
40021/0/40100219,2026-03-31,0.0,40021,2026-03-31 23:59:59.999999999
40021/0/40100219,2026-04-30,0.0,40021,2026-04-30 23:59:59.999999999
40021/0/40100219,2026-05-31,0.0,40021,2026-05-31 23:59:59.999999999
40021/0/40100219,2026-06-30,0.0,40021,2026-06-30 23:59:59.999999999
40021/0/40100219,2026-07-31,0.0,40021,2026-07-31 23:59:59.999999999
40021/0/40100219,2026-08-31,0.0,40021,2026-08-31 23:59:59.999999999
40021/0/40100219,2026-09-30,0.0,40021,2026-09-30 23:59:59.999999999
40021/0/40100219,2026-10-31,0.0,40021,2026-10-31 23:59:59.999999999
40021/0/40100219,2026-11-30,0.0,40021,2026-11-30 23:59:59.999999999
40021/0/40100219,2026-12-31,0.0,40021,2026-12-31 23:59:59.999999999
40021/0/40100219,2027-01-31,0.0,40021,2027-01-31 23:59:59.999999999
40021/0/40100219,2027-02-28,0.0,40021,2027-02-28 23:59:59.999999999
40021/0/40100219,2027-03-31,0.0,40021,2027-03-31 23:59:59.999999999
40021/0/40100219,2027-04-30,0.0,40021,2027-04-30 23:59:59.999999999
40021/0/40100219,2027-05-31,0.0,40021,2027-05-31 23:59:59.999999999
40021/0/40100219/0,2024-12-31,0.0,40021,2024-12-31 23:59:59.999999999
40021/0/40100219/0,2025-01-31,0.0,40021,2025-01-31 23:59:59.999999999
40021/0/40100219/0,2025-02-28,0.0,40021,2025-02-28 23:59:59.999999999
40021/0/40100219/0,2025-03-31,0.0,40021,2025-03-31 23:59:59.999999999
40021/0/40100219/0,2025-04-30,0.0,40021,2025-04-30 23:59:59.999999999
40021/0/40100219/0,2025-05-31,0.0,40021,2025-05-31 23:59:59.999999999
40021/0/40100219/0,2025-06-30,0.0,40021,2025-06-30 23:59:59.999999999
40021/0/40100219/0,2025-07-31,0.0,40021,2025-07-31 23:59:59.999999999
40021/0/40100219/0,2025-08-31,0.0,40021,2025-08-31 23:59:59.999999999
40021/0/40100219/0,2025-09-30,0.0,40021,2025-09-30 23:59:59.999999999
40021/0/40100219/0,2025-10-31,0.0,40021,2025-10-31 23:59:59.999999999
40021/0/40100219/0,2025-11-30,0.0,40021,2025-11-30 23:59:59.999999999
40021/0/40100219/0,2025-12-31,0.0,40021,2025-12-31 23:59:59.999999999
40021/0/40100219/0,2026-01-31,0.0,40021,2026-01-31 23:59:59.999999999
40021/0/40100219/0,2026-02-28,0.0,40021,2026-02-28 23:59:59.999999999
40021/0/40100219/0,2026-03-31,0.0,40021,2026-03-31 23:59:59.999999999
40021/0/40100219/0,2026-04-30,0.0,40021,2026-04-30 23:59:59.999999999
40021/0/40100219/0,2026-05-31,0.0,40021,2026-05-31 23:59:59.999999999
40021/0/40100219/0,2026-06-30,0.0,40021,2026-06-30 23:59:59.999999999
40021/0/40100219/0,2026-07-31,0.0,40021,2026-07-31 23:59:59.999999999
40021/0/40100219/0,2026-08-31,0.0,40021,2026-08-31 23:59:59.999999999
40021/0/40100219/0,2026-09-30,0.0,40021,2026-09-30 23:59:59.999999999
40021/0/40100219/0,2026-10-31,0.0,40021,2026-10-31 23:59:59.999999999
40021/0/40100219/0,2026-11-30,0.0,40021,2026-11-30 23:59:59.999999999
40021/0/40100219/0,2026-12-31,0.0,40021,2026-12-31 23:59:59.999999999
40021/0/40100219/0,2027-01-31,0.0,40021,2027-01-31 23:59:59.999999999
40021/0/40100219/0,2027-02-28,0.0,40021,2027-02-28 23:59:59.999999999
40021/0/40100219/0,2027-03-31,0.0,40021,2027-03-31 23:59:59.999999999
40021/0/40100219/0,2027-04-30,0.0,40021,2027-04-30 23:59:59.999999999
40021/0/40100219/0,2027-05-31,0.0,40021,2027-05-31 23:59:59.999999999
40021/0/40100219/0/0,2024-12-31,0.0,40021,2024-12-31 23:59:59.999999999
40021/0/40100219/0/0,2025-01-31,0.0,40021,2025-01-31 23:59:59.999999999
40021/0/40100219/0/0,2025-02-28,0.0,40021,2025-02-28 23:59:59.999999999
40021/0/40100219/0/0,2025-03-31,0.0,40021,2025-03-31 23:59:59.999999999
40021/0/40100219/0/0,2025-04-30,0.0,40021,2025-04-30 23:59:59.999999999
40021/0/40100219/0/0,2025-05-31,0.0,40021,2025-05-31 23:59:59.999999999
40021/0/40100219/0/0,2025-06-30,0.0,40021,2025-06-30 23:59:59.999999999
40021/0/40100219/0/0,2025-07-31,0.0,40021,2025-07-31 23:59:59.999999999
40021/0/40100219/0/0,2025-08-31,0.0,40021,2025-08-31 23:59:59.999999999
40021/0/40100219/0/0,2025-09-30,0.0,40021,2025-09-30 23:59:59.999999999
40021/0/40100219/0/0,2025-10-31,0.0,40021,2025-10-31 23:59:59.999999999
40021/0/40100219/0/0,2025-11-30,0.0,40021,2025-11-30 23:59:59.999999999
40021/0/40100219/0/0,2025-12-31,0.0,40021,2025-12-31 23:59:59.999999999
40021/0/40100219/0/0,2026-01-31,0.0,40021,2026-01-31 23:59:59.999999999
40021/0/40100219/0/0,2026-02-28,0.0,40021,2026-02-28 23:59:59.999999999
40021/0/40100219/0/0,2026-03-31,0.0,40021,2026-03-31 23:59:59.999999999
40021/0/40100219/0/0,2026-04-30,0.0,40021,2026-04-30 23:59:59.999999999
40021/0/40100219/0/0,2026-05-31,0.0,40021,2026-05-31 23:59:59.999999999
40021/0/40100219/0/0,2026-06-30,0.0,40021,2026-06-30 23:59:59.999999999
40021/0/40100219/0/0,2026-07-31,0.0,40021,2026-07-31 23:59:59.999999999
40021/0/40100219/0/0,2026-08-31,0.0,40021,2026-08-31 23:59:59.999999999
40021/0/40100219/0/0,2026-09-30,0.0,40021,2026-09-30 23:59:59.999999999
40021/0/40100219/0/0,2026-10-31,0.0,40021,2026-10-31 23:59:59.999999999
40021/0/40100219/0/0,2026-11-30,0.0,40021,2026-11-30 23:59:59.999999999
40021/0/40100219/0/0,2026-12-31,0.0,40021,2026-12-31 23:59:59.999999999
40021/0/40100219/0/0,2027-01-31,0.0,40021,2027-01-31 23:59:59.999999999
40021/0/40100219/0/0,2027-02-28,0.0,40021,2027-02-28 23:59:59.999999999
40021/0/40100219/0/0,2027-03-31,0.0,40021,2027-03-31 23:59:59.999999999
40021/0/40100219/0/0,2027-04-30,0.0,40021,2027-04-30 23:59:59.999999999
40021/0/40100219/0/0,2027-05-31,0.0,40021,2027-05-31 23:59:59.999999999
40021/0/40100220,2024-12-31,2159674600.0,40021,2024-12-31 23:59:59.999999999
40021/0/40100220,2025-01-31,2171883000.0,40021,2025-01-31 23:59:59.999999999
40021/0/40100220,2025-02-28,2186500400.0,40021,2025-02-28 23:59:59.999999999
40021/0/40100220,2025-03-31,2195487200.0,40021,2025-03-31 23:59:59.999999999
40021/0/40100220,2025-04-30,2212363800.0,40021,2025-04-30 23:59:59.999999999
40021/0/40100220,2025-05-31,2217526300.0,40021,2025-05-31 23:59:59.999999999
40021/0/40100220,2025-06-30,2234724000.0,40021,2025-06-30 23:59:59.999999999
40021/0/40100220,2025-07-31,2241244000.0,40021,2025-07-31 23:59:59.999999999
40021/0/40100220,2025-08-31,2257151500.0,40021,2025-08-31 23:59:59.999999999
40021/0/40100220,2025-09-30,2266018800.0,40021,2025-09-30 23:59:59.999999999
40021/0/40100220,2025-10-31,2282759700.0,40021,2025-10-31 23:59:59.999999999
40021/0/40100220,2025-11-30,2289748500.0,40021,2025-11-30 23:59:59.999999999
40021/0/40100220,2025-12-31,2303808500.0,40021,2025-12-31 23:59:59.999999999
40021/0/40100220,2026-01-31,2322090800.0,40021,2026-01-31 23:59:59.999999999
40021/0/40100220,2026-02-28,2340957400.0,40021,2026-02-28 23:59:59.999999999
40021/0/40100220,2026-03-31,2358456000.0,40021,2026-03-31 23:59:59.999999999
40021/0/40100220,2026-04-30,2377872100.0,40021,2026-04-30 23:59:59.999999999
40021/0/40100220,2026-05-31,2394441000.0,40021,2026-05-31 23:59:59.999999999
40021/0/40100220,2026-06-30,2413935000.0,40021,2026-06-30 23:59:59.999999999
40021/0/40100220,2026-07-31,2430834000.0,40021,2026-07-31 23:59:59.999999999
40021/0/40100220,2026-08-31,2450014500.0,40021,2026-08-31 23:59:59.999999999
40021/0/40100220,2026-09-30,2467484000.0,40021,2026-09-30 23:59:59.999999999
40021/0/40100220,2026-10-31,2486867200.0,40021,2026-10-31 23:59:59.999999999
40021/0/40100220,2026-11-30,2503879700.0,40021,2026-11-30 23:59:59.999999999
40021/0/40100220,2026-12-31,2522611500.0,40021,2026-12-31 23:59:59.999999999
40021/0/40100220,2027-01-31,2542369500.0,40021,2027-01-31 23:59:59.999999999
40021/0/40100220,2027-02-28,2562269400.0,40021,2027-02-28 23:59:59.999999999
40021/0/40100220,2027-03-31,2581837000.0,40021,2027-03-31 23:59:59.999999999
40021/0/40100220,2027-04-30,2601870800.0,40021,2027-04-30 23:59:59.999999999
40021/0/40100220,2027-05-31,2621212200.0,40021,2027-05-31 23:59:59.999999999
40021/0/40100220/0,2024-12-31,2159674600.0,40021,2024-12-31 23:59:59.999999999
40021/0/40100220/0,2025-01-31,2171883000.0,40021,2025-01-31 23:59:59.999999999
40021/0/40100220/0,2025-02-28,2186500400.0,40021,2025-02-28 23:59:59.999999999
40021/0/40100220/0,2025-03-31,2195487200.0,40021,2025-03-31 23:59:59.999999999
40021/0/40100220/0,2025-04-30,2212363800.0,40021,2025-04-30 23:59:59.999999999
40021/0/40100220/0,2025-05-31,2217526300.0,40021,2025-05-31 23:59:59.999999999
40021/0/40100220/0,2025-06-30,2234724000.0,40021,2025-06-30 23:59:59.999999999
40021/0/40100220/0,2025-07-31,2241244000.0,40021,2025-07-31 23:59:59.999999999
40021/0/40100220/0,2025-08-31,2257151500.0,40021,2025-08-31 23:59:59.999999999
40021/0/40100220/0,2025-09-30,2266018800.0,40021,2025-09-30 23:59:59.999999999
40021/0/40100220/0,2025-10-31,2282759700.0,40021,2025-10-31 23:59:59.999999999
40021/0/40100220/0,2025-11-30,2289748500.0,40021,2025-11-30 23:59:59.999999999
40021/0/40100220/0,2025-12-31,2303808500.0,40021,2025-12-31 23:59:59.999999999
40021/0/40100220/0,2026-01-31,2322090800.0,40021,2026-01-31 23:59:59.999999999
40021/0/40100220/0,2026-02-28,2340957400.0,40021,2026-02-28 23:59:59.999999999
40021/0/40100220/0,2026-03-31,2358456000.0,40021,2026-03-31 23:59:59.999999999
40021/0/40100220/0,2026-04-30,2377872100.0,40021,2026-04-30 23:59:59.999999999
40021/0/40100220/0,2026-05-31,2394441000.0,40021,2026-05-31 23:59:59.999999999
40021/0/40100220/0,2026-06-30,2413935000.0,40021,2026-06-30 23:59:59.999999999
40021/0/40100220/0,2026-07-31,2430834000.0,40021,2026-07-31 23:59:59.999999999
40021/0/40100220/0,2026-08-31,2450014500.0,40021,2026-08-31 23:59:59.999999999
40021/0/40100220/0,2026-09-30,2467484000.0,40021,2026-09-30 23:59:59.999999999
40021/0/40100220/0,2026-10-31,2486867200.0,40021,2026-10-31 23:59:59.999999999
40021/0/40100220/0,2026-11-30,2503879700.0,40021,2026-11-30 23:59:59.999999999
40021/0/40100220/0,2026-12-31,2522611500.0,40021,2026-12-31 23:59:59.999999999
40021/0/40100220/0,2027-01-31,2542369500.0,40021,2027-01-31 23:59:59.999999999
40021/0/40100220/0,2027-02-28,2562269400.0,40021,2027-02-28 23:59:59.999999999
40021/0/40100220/0,2027-03-31,2581837000.0,40021,2027-03-31 23:59:59.999999999
40021/0/40100220/0,2027-04-30,2601870800.0,40021,2027-04-30 23:59:59.999999999
40021/0/40100220/0,2027-05-31,2621212200.0,40021,2027-05-31 23:59:59.999999999
40021/0/40100220/0/0,2024-12-31,2159674600.0,40021,2024-12-31 23:59:59.999999999
40021/0/40100220/0/0,2025-01-31,2171883000.0,40021,2025-01-31 23:59:59.999999999
40021/0/40100220/0/0,2025-02-28,2186500400.0,40021,2025-02-28 23:59:59.999999999
40021/0/40100220/0/0,2025-03-31,2195487200.0,40021,2025-03-31 23:59:59.999999999
40021/0/40100220/0/0,2025-04-30,2212363800.0,40021,2025-04-30 23:59:59.999999999
40021/0/40100220/0/0,2025-05-31,2217526300.0,40021,2025-05-31 23:59:59.999999999
40021/0/40100220/0/0,2025-06-30,2234724000.0,40021,2025-06-30 23:59:59.999999999
40021/0/40100220/0/0,2025-07-31,2241244000.0,40021,2025-07-31 23:59:59.999999999
40021/0/40100220/0/0,2025-08-31,2257151500.0,40021,2025-08-31 23:59:59.999999999
40021/0/40100220/0/0,2025-09-30,2266018800.0,40021,2025-09-30 23:59:59.999999999
40021/0/40100220/0/0,2025-10-31,2282759700.0,40021,2025-10-31 23:59:59.999999999
40021/0/40100220/0/0,2025-11-30,2289748500.0,40021,2025-11-30 23:59:59.999999999
40021/0/40100220/0/0,2025-12-31,2303808500.0,40021,2025-12-31 23:59:59.999999999
40021/0/40100220/0/0,2026-01-31,2322090800.0,40021,2026-01-31 23:59:59.999999999
40021/0/40100220/0/0,2026-02-28,2340957400.0,40021,2026-02-28 23:59:59.999999999
40021/0/40100220/0/0,2026-03-31,2358456000.0,40021,2026-03-31 23:59:59.999999999
40021/0/40100220/0/0,2026-04-30,2377872100.0,40021,2026-04-30 23:59:59.999999999
40021/0/40100220/0/0,2026-05-31,2394441000.0,40021,2026-05-31 23:59:59.999999999
40021/0/40100220/0/0,2026-06-30,2413935000.0,40021,2026-06-30 23:59:59.999999999
40021/0/40100220/0/0,2026-07-31,2430834000.0,40021,2026-07-31 23:59:59.999999999
40021/0/40100220/0/0,2026-08-31,2450014500.0,40021,2026-08-31 23:59:59.999999999
40021/0/40100220/0/0,2026-09-30,2467484000.0,40021,2026-09-30 23:59:59.999999999
40021/0/40100220/0/0,2026-10-31,2486867200.0,40021,2026-10-31 23:59:59.999999999
40021/0/40100220/0/0,2026-11-30,2503879700.0,40021,2026-11-30 23:59:59.999999999
40021/0/40100220/0/0,2026-12-31,2522611500.0,40021,2026-12-31 23:59:59.999999999
40021/0/40100220/0/0,2027-01-31,2542369500.0,40021,2027-01-31 23:59:59.999999999
40021/0/40100220/0/0,2027-02-28,2562269400.0,40021,2027-02-28 23:59:59.999999999
40021/0/40100220/0/0,2027-03-31,2581837000.0,40021,2027-03-31 23:59:59.999999999
40021/0/40100220/0/0,2027-04-30,2601870800.0,40021,2027-04-30 23:59:59.999999999
40021/0/40100220/0/0,2027-05-31,2621212200.0,40021,2027-05-31 23:59:59.999999999
40021/0/40100221,2024-12-31,0.0,40021,2024-12-31 23:59:59.999999999
40021/0/40100221,2025-01-31,0.0,40021,2025-01-31 23:59:59.999999999
40021/0/40100221,2025-02-28,0.0,40021,2025-02-28 23:59:59.999999999
40021/0/40100221,2025-03-31,0.0,40021,2025-03-31 23:59:59.999999999
40021/0/40100221,2025-04-30,0.0,40021,2025-04-30 23:59:59.999999999
40021/0/40100221,2025-05-31,0.0,40021,2025-05-31 23:59:59.999999999
40021/0/40100221,2025-06-30,0.0,40021,2025-06-30 23:59:59.999999999
40021/0/40100221,2025-07-31,0.0,40021,2025-07-31 23:59:59.999999999
40021/0/40100221,2025-08-31,0.0,40021,2025-08-31 23:59:59.999999999
40021/0/40100221,2025-09-30,0.0,40021,2025-09-30 23:59:59.999999999
40021/0/40100221,2025-10-31,0.0,40021,2025-10-31 23:59:59.999999999
40021/0/40100221,2025-11-30,0.0,40021,2025-11-30 23:59:59.999999999
40021/0/40100221,2025-12-31,0.0,40021,2025-12-31 23:59:59.999999999
40021/0/40100221,2026-01-31,0.0,40021,2026-01-31 23:59:59.999999999
40021/0/40100221,2026-02-28,0.0,40021,2026-02-28 23:59:59.999999999
40021/0/40100221,2026-03-31,0.0,40021,2026-03-31 23:59:59.999999999
40021/0/40100221,2026-04-30,0.0,40021,2026-04-30 23:59:59.999999999
40021/0/40100221,2026-05-31,0.0,40021,2026-05-31 23:59:59.999999999
40021/0/40100221,2026-06-30,0.0,40021,2026-06-30 23:59:59.999999999
40021/0/40100221,2026-07-31,0.0,40021,2026-07-31 23:59:59.999999999
40021/0/40100221,2026-08-31,0.0,40021,2026-08-31 23:59:59.999999999
40021/0/40100221,2026-09-30,0.0,40021,2026-09-30 23:59:59.999999999
40021/0/40100221,2026-10-31,0.0,40021,2026-10-31 23:59:59.999999999
40021/0/40100221,2026-11-30,0.0,40021,2026-11-30 23:59:59.999999999
40021/0/40100221,2026-12-31,0.0,40021,2026-12-31 23:59:59.999999999
40021/0/40100221,2027-01-31,0.0,40021,2027-01-31 23:59:59.999999999
40021/0/40100221,2027-02-28,0.0,40021,2027-02-28 23:59:59.999999999
40021/0/40100221,2027-03-31,0.0,40021,2027-03-31 23:59:59.999999999
40021/0/40100221,2027-04-30,0.0,40021,2027-04-30 23:59:59.999999999
40021/0/40100221,2027-05-31,0.0,40021,2027-05-31 23:59:59.999999999
40021/0/40100221/0,2024-12-31,0.0,40021,2024-12-31 23:59:59.999999999
40021/0/40100221/0,2025-01-31,0.0,40021,2025-01-31 23:59:59.999999999
40021/0/40100221/0,2025-02-28,0.0,40021,2025-02-28 23:59:59.999999999
40021/0/40100221/0,2025-03-31,0.0,40021,2025-03-31 23:59:59.999999999
40021/0/40100221/0,2025-04-30,0.0,40021,2025-04-30 23:59:59.999999999
40021/0/40100221/0,2025-05-31,0.0,40021,2025-05-31 23:59:59.999999999
40021/0/40100221/0,2025-06-30,0.0,40021,2025-06-30 23:59:59.999999999
40021/0/40100221/0,2025-07-31,0.0,40021,2025-07-31 23:59:59.999999999
40021/0/40100221/0,2025-08-31,0.0,40021,2025-08-31 23:59:59.999999999
40021/0/40100221/0,2025-09-30,0.0,40021,2025-09-30 23:59:59.999999999
40021/0/40100221/0,2025-10-31,0.0,40021,2025-10-31 23:59:59.999999999
40021/0/40100221/0,2025-11-30,0.0,40021,2025-11-30 23:59:59.999999999
40021/0/40100221/0,2025-12-31,0.0,40021,2025-12-31 23:59:59.999999999
40021/0/40100221/0,2026-01-31,0.0,40021,2026-01-31 23:59:59.999999999
40021/0/40100221/0,2026-02-28,0.0,40021,2026-02-28 23:59:59.999999999
40021/0/40100221/0,2026-03-31,0.0,40021,2026-03-31 23:59:59.999999999
40021/0/40100221/0,2026-04-30,0.0,40021,2026-04-30 23:59:59.999999999
40021/0/40100221/0,2026-05-31,0.0,40021,2026-05-31 23:59:59.999999999
40021/0/40100221/0,2026-06-30,0.0,40021,2026-06-30 23:59:59.999999999
40021/0/40100221/0,2026-07-31,0.0,40021,2026-07-31 23:59:59.999999999
40021/0/40100221/0,2026-08-31,0.0,40021,2026-08-31 23:59:59.999999999
40021/0/40100221/0,2026-09-30,0.0,40021,2026-09-30 23:59:59.999999999
40021/0/40100221/0,2026-10-31,0.0,40021,2026-10-31 23:59:59.999999999
40021/0/40100221/0,2026-11-30,0.0,40021,2026-11-30 23:59:59.999999999
40021/0/40100221/0,2026-12-31,0.0,40021,2026-12-31 23:59:59.999999999
40021/0/40100221/0,2027-01-31,0.0,40021,2027-01-31 23:59:59.999999999
40021/0/40100221/0,2027-02-28,0.0,40021,2027-02-28 23:59:59.999999999
40021/0/40100221/0,2027-03-31,0.0,40021,2027-03-31 23:59:59.999999999
40021/0/40100221/0,2027-04-30,0.0,40021,2027-04-30 23:59:59.999999999
40021/0/40100221/0,2027-05-31,0.0,40021,2027-05-31 23:59:59.999999999
40021/0/40100221/0/0,2024-12-31,0.0,40021,2024-12-31 23:59:59.999999999
40021/0/40100221/0/0,2025-01-31,0.0,40021,2025-01-31 23:59:59.999999999
40021/0/40100221/0/0,2025-02-28,0.0,40021,2025-02-28 23:59:59.999999999
40021/0/40100221/0/0,2025-03-31,0.0,40021,2025-03-31 23:59:59.999999999
40021/0/40100221/0/0,2025-04-30,0.0,40021,2025-04-30 23:59:59.999999999
40021/0/40100221/0/0,2025-05-31,0.0,40021,2025-05-31 23:59:59.999999999
40021/0/40100221/0/0,2025-06-30,0.0,40021,2025-06-30 23:59:59.999999999
40021/0/40100221/0/0,2025-07-31,0.0,40021,2025-07-31 23:59:59.999999999
40021/0/40100221/0/0,2025-08-31,0.0,40021,2025-08-31 23:59:59.999999999
40021/0/40100221/0/0,2025-09-30,0.0,40021,2025-09-30 23:59:59.999999999
40021/0/40100221/0/0,2025-10-31,0.0,40021,2025-10-31 23:59:59.999999999
40021/0/40100221/0/0,2025-11-30,0.0,40021,2025-11-30 23:59:59.999999999
40021/0/40100221/0/0,2025-12-31,0.0,40021,2025-12-31 23:59:59.999999999
40021/0/40100221/0/0,2026-01-31,0.0,40021,2026-01-31 23:59:59.999999999
40021/0/40100221/0/0,2026-02-28,0.0,40021,2026-02-28 23:59:59.999999999
40021/0/40100221/0/0,2026-03-31,0.0,40021,2026-03-31 23:59:59.999999999
40021/0/40100221/0/0,2026-04-30,0.0,40021,2026-04-30 23:59:59.999999999
40021/0/40100221/0/0,2026-05-31,0.0,40021,2026-05-31 23:59:59.999999999
40021/0/40100221/0/0,2026-06-30,0.0,40021,2026-06-30 23:59:59.999999999
40021/0/40100221/0/0,2026-07-31,0.0,40021,2026-07-31 23:59:59.999999999
40021/0/40100221/0/0,2026-08-31,0.0,40021,2026-08-31 23:59:59.999999999
40021/0/40100221/0/0,2026-09-30,0.0,40021,2026-09-30 23:59:59.999999999
40021/0/40100221/0/0,2026-10-31,0.0,40021,2026-10-31 23:59:59.999999999
40021/0/40100221/0/0,2026-11-30,0.0,40021,2026-11-30 23:59:59.999999999
40021/0/40100221/0/0,2026-12-31,0.0,40021,2026-12-31 23:59:59.999999999
40021/0/40100221/0/0,2027-01-31,0.0,40021,2027-01-31 23:59:59.999999999
40021/0/40100221/0/0,2027-02-28,0.0,40021,2027-02-28 23:59:59.999999999
40021/0/40100221/0/0,2027-03-31,0.0,40021,2027-03-31 23:59:59.999999999
40021/0/40100221/0/0,2027-04-30,0.0,40021,2027-04-30 23:59:59.999999999
40021/0/40100221/0/0,2027-05-31,0.0,40021,2027-05-31 23:59:59.999999999
40021/0/40100222,2024-12-31,0.0,40021,2024-12-31 23:59:59.999999999
40021/0/40100222,2025-01-31,0.0,40021,2025-01-31 23:59:59.999999999
40021/0/40100222,2025-02-28,0.0,40021,2025-02-28 23:59:59.999999999
40021/0/40100222,2025-03-31,0.0,40021,2025-03-31 23:59:59.999999999
40021/0/40100222,2025-04-30,0.0,40021,2025-04-30 23:59:59.999999999
40021/0/40100222,2025-05-31,0.0,40021,2025-05-31 23:59:59.999999999
40021/0/40100222,2025-06-30,0.0,40021,2025-06-30 23:59:59.999999999
40021/0/40100222,2025-07-31,0.0,40021,2025-07-31 23:59:59.999999999
40021/0/40100222,2025-08-31,0.0,40021,2025-08-31 23:59:59.999999999
40021/0/40100222,2025-09-30,0.0,40021,2025-09-30 23:59:59.999999999
40021/0/40100222,2025-10-31,0.0,40021,2025-10-31 23:59:59.999999999
40021/0/40100222,2025-11-30,0.0,40021,2025-11-30 23:59:59.999999999
40021/0/40100222,2025-12-31,0.0,40021,2025-12-31 23:59:59.999999999
40021/0/40100222,2026-01-31,0.0,40021,2026-01-31 23:59:59.999999999
40021/0/40100222,2026-02-28,0.0,40021,2026-02-28 23:59:59.999999999
40021/0/40100222,2026-03-31,0.0,40021,2026-03-31 23:59:59.999999999
40021/0/40100222,2026-04-30,0.0,40021,2026-04-30 23:59:59.999999999
40021/0/40100222,2026-05-31,0.0,40021,2026-05-31 23:59:59.999999999
40021/0/40100222,2026-06-30,0.0,40021,2026-06-30 23:59:59.999999999
40021/0/40100222,2026-07-31,0.0,40021,2026-07-31 23:59:59.999999999
40021/0/40100222,2026-08-31,0.0,40021,2026-08-31 23:59:59.999999999
40021/0/40100222,2026-09-30,0.0,40021,2026-09-30 23:59:59.999999999
40021/0/40100222,2026-10-31,0.0,40021,2026-10-31 23:59:59.999999999
40021/0/40100222,2026-11-30,0.0,40021,2026-11-30 23:59:59.999999999
40021/0/40100222,2026-12-31,0.0,40021,2026-12-31 23:59:59.999999999
40021/0/40100222,2027-01-31,0.0,40021,2027-01-31 23:59:59.999999999
40021/0/40100222,2027-02-28,0.0,40021,2027-02-28 23:59:59.999999999
40021/0/40100222,2027-03-31,0.0,40021,2027-03-31 23:59:59.999999999
40021/0/40100222,2027-04-30,0.0,40021,2027-04-30 23:59:59.999999999
40021/0/40100222,2027-05-31,0.0,40021,2027-05-31 23:59:59.999999999
40021/0/40100222/0,2024-12-31,0.0,40021,2024-12-31 23:59:59.999999999
40021/0/40100222/0,2025-01-31,0.0,40021,2025-01-31 23:59:59.999999999
40021/0/40100222/0,2025-02-28,0.0,40021,2025-02-28 23:59:59.999999999
40021/0/40100222/0,2025-03-31,0.0,40021,2025-03-31 23:59:59.999999999
40021/0/40100222/0,2025-04-30,0.0,40021,2025-04-30 23:59:59.999999999
40021/0/40100222/0,2025-05-31,0.0,40021,2025-05-31 23:59:59.999999999
40021/0/40100222/0,2025-06-30,0.0,40021,2025-06-30 23:59:59.999999999
40021/0/40100222/0,2025-07-31,0.0,40021,2025-07-31 23:59:59.999999999
40021/0/40100222/0,2025-08-31,0.0,40021,2025-08-31 23:59:59.999999999
40021/0/40100222/0,2025-09-30,0.0,40021,2025-09-30 23:59:59.999999999
40021/0/40100222/0,2025-10-31,0.0,40021,2025-10-31 23:59:59.999999999
40021/0/40100222/0,2025-11-30,0.0,40021,2025-11-30 23:59:59.999999999
40021/0/40100222/0,2025-12-31,0.0,40021,2025-12-31 23:59:59.999999999
40021/0/40100222/0,2026-01-31,0.0,40021,2026-01-31 23:59:59.999999999
40021/0/40100222/0,2026-02-28,0.0,40021,2026-02-28 23:59:59.999999999
40021/0/40100222/0,2026-03-31,0.0,40021,2026-03-31 23:59:59.999999999
40021/0/40100222/0,2026-04-30,0.0,40021,2026-04-30 23:59:59.999999999
40021/0/40100222/0,2026-05-31,0.0,40021,2026-05-31 23:59:59.999999999
40021/0/40100222/0,2026-06-30,0.0,40021,2026-06-30 23:59:59.999999999
40021/0/40100222/0,2026-07-31,0.0,40021,2026-07-31 23:59:59.999999999
40021/0/40100222/0,2026-08-31,0.0,40021,2026-08-31 23:59:59.999999999
40021/0/40100222/0,2026-09-30,0.0,40021,2026-09-30 23:59:59.999999999
40021/0/40100222/0,2026-10-31,0.0,40021,2026-10-31 23:59:59.999999999
40021/0/40100222/0,2026-11-30,0.0,40021,2026-11-30 23:59:59.999999999
40021/0/40100222/0,2026-12-31,0.0,40021,2026-12-31 23:59:59.999999999
40021/0/40100222/0,2027-01-31,0.0,40021,2027-01-31 23:59:59.999999999
40021/0/40100222/0,2027-02-28,0.0,40021,2027-02-28 23:59:59.999999999
40021/0/40100222/0,2027-03-31,0.0,40021,2027-03-31 23:59:59.999999999
40021/0/40100222/0,2027-04-30,0.0,40021,2027-04-30 23:59:59.999999999
40021/0/40100222/0,2027-05-31,0.0,40021,2027-05-31 23:59:59.999999999
40021/0/40100222/0/0,2024-12-31,0.0,40021,2024-12-31 23:59:59.999999999
40021/0/40100222/0/0,2025-01-31,0.0,40021,2025-01-31 23:59:59.999999999
40021/0/40100222/0/0,2025-02-28,0.0,40021,2025-02-28 23:59:59.999999999
40021/0/40100222/0/0,2025-03-31,0.0,40021,2025-03-31 23:59:59.999999999
40021/0/40100222/0/0,2025-04-30,0.0,40021,2025-04-30 23:59:59.999999999
40021/0/40100222/0/0,2025-05-31,0.0,40021,2025-05-31 23:59:59.999999999
40021/0/40100222/0/0,2025-06-30,0.0,40021,2025-06-30 23:59:59.999999999
40021/0/40100222/0/0,2025-07-31,0.0,40021,2025-07-31 23:59:59.999999999
40021/0/40100222/0/0,2025-08-31,0.0,40021,2025-08-31 23:59:59.999999999
40021/0/40100222/0/0,2025-09-30,0.0,40021,2025-09-30 23:59:59.999999999
40021/0/40100222/0/0,2025-10-31,0.0,40021,2025-10-31 23:59:59.999999999
40021/0/40100222/0/0,2025-11-30,0.0,40021,2025-11-30 23:59:59.999999999
40021/0/40100222/0/0,2025-12-31,0.0,40021,2025-12-31 23:59:59.999999999
40021/0/40100222/0/0,2026-01-31,0.0,40021,2026-01-31 23:59:59.999999999
40021/0/40100222/0/0,2026-02-28,0.0,40021,2026-02-28 23:59:59.999999999
40021/0/40100222/0/0,2026-03-31,0.0,40021,2026-03-31 23:59:59.999999999
40021/0/40100222/0/0,2026-04-30,0.0,40021,2026-04-30 23:59:59.999999999
40021/0/40100222/0/0,2026-05-31,0.0,40021,2026-05-31 23:59:59.999999999
40021/0/40100222/0/0,2026-06-30,0.0,40021,2026-06-30 23:59:59.999999999
40021/0/40100222/0/0,2026-07-31,0.0,40021,2026-07-31 23:59:59.999999999
40021/0/40100222/0/0,2026-08-31,0.0,40021,2026-08-31 23:59:59.999999999
40021/0/40100222/0/0,2026-09-30,0.0,40021,2026-09-30 23:59:59.999999999
40021/0/40100222/0/0,2026-10-31,0.0,40021,2026-10-31 23:59:59.999999999
40021/0/40100222/0/0,2026-11-30,0.0,40021,2026-11-30 23:59:59.999999999
40021/0/40100222/0/0,2026-12-31,0.0,40021,2026-12-31 23:59:59.999999999
40021/0/40100222/0/0,2027-01-31,0.0,40021,2027-01-31 23:59:59.999999999
40021/0/40100222/0/0,2027-02-28,0.0,40021,2027-02-28 23:59:59.999999999
40021/0/40100222/0/0,2027-03-31,0.0,40021,2027-03-31 23:59:59.999999999
40021/0/40100222/0/0,2027-04-30,0.0,40021,2027-04-30 23:59:59.999999999
40021/0/40100222/0/0,2027-05-31,0.0,40021,2027-05-31 23:59:59.999999999
40021/0/40100223,2024-12-31,1810829.4,40021,2024-12-31 23:59:59.999999999
40021/0/40100223,2025-01-31,1848390.8,40021,2025-01-31 23:59:59.999999999
40021/0/40100223,2025-02-28,1862162.0,40021,2025-02-28 23:59:59.999999999
40021/0/40100223,2025-03-31,1885567.1,40021,2025-03-31 23:59:59.999999999
40021/0/40100223,2025-04-30,1859933.9,40021,2025-04-30 23:59:59.999999999
40021/0/40100223,2025-05-31,1917423.9,40021,2025-05-31 23:59:59.999999999
40021/0/40100223,2025-06-30,1947210.2,40021,2025-06-30 23:59:59.999999999
40021/0/40100223,2025-07-31,1905489.6,40021,2025-07-31 23:59:59.999999999
40021/0/40100223,2025-08-31,1868414.4,40021,2025-08-31 23:59:59.999999999
40021/0/40100223,2025-09-30,1779317.8,40021,2025-09-30 23:59:59.999999999
40021/0/40100223,2025-10-31,1788808.5,40021,2025-10-31 23:59:59.999999999
40021/0/40100223,2025-11-30,1966647.0,40021,2025-11-30 23:59:59.999999999
40021/0/40100223,2025-12-31,1966647.0,40021,2025-12-31 23:59:59.999999999
40021/0/40100223,2026-01-31,1966647.0,40021,2026-01-31 23:59:59.999999999
40021/0/40100223,2026-02-28,1966647.0,40021,2026-02-28 23:59:59.999999999
40021/0/40100223,2026-03-31,1966647.0,40021,2026-03-31 23:59:59.999999999
40021/0/40100223,2026-04-30,1966647.0,40021,2026-04-30 23:59:59.999999999
40021/0/40100223,2026-05-31,1966647.0,40021,2026-05-31 23:59:59.999999999
40021/0/40100223,2026-06-30,1966647.0,40021,2026-06-30 23:59:59.999999999
40021/0/40100223,2026-07-31,1966647.0,40021,2026-07-31 23:59:59.999999999
40021/0/40100223,2026-08-31,1966647.0,40021,2026-08-31 23:59:59.999999999
40021/0/40100223,2026-09-30,1966647.0,40021,2026-09-30 23:59:59.999999999
40021/0/40100223,2026-10-31,1966647.0,40021,2026-10-31 23:59:59.999999999
40021/0/40100223,2026-11-30,1966647.0,40021,2026-11-30 23:59:59.999999999
40021/0/40100223,2026-12-31,1966647.0,40021,2026-12-31 23:59:59.999999999
40021/0/40100223,2027-01-31,1966647.0,40021,2027-01-31 23:59:59.999999999
40021/0/40100223,2027-02-28,1966647.0,40021,2027-02-28 23:59:59.999999999
40021/0/40100223,2027-03-31,1966647.0,40021,2027-03-31 23:59:59.999999999
40021/0/40100223,2027-04-30,1966647.0,40021,2027-04-30 23:59:59.999999999
40021/0/40100223,2027-05-31,1966647.0,40021,2027-05-31 23:59:59.999999999
40021/0/40100223/0,2024-12-31,1810829.4,40021,2024-12-31 23:59:59.999999999
40021/0/40100223/0,2025-01-31,1848390.8,40021,2025-01-31 23:59:59.999999999
40021/0/40100223/0,2025-02-28,1862162.0,40021,2025-02-28 23:59:59.999999999
40021/0/40100223/0,2025-03-31,1885567.1,40021,2025-03-31 23:59:59.999999999
40021/0/40100223/0,2025-04-30,1859933.9,40021,2025-04-30 23:59:59.999999999
40021/0/40100223/0,2025-05-31,1917423.9,40021,2025-05-31 23:59:59.999999999
40021/0/40100223/0,2025-06-30,1947210.2,40021,2025-06-30 23:59:59.999999999
40021/0/40100223/0,2025-07-31,1905489.6,40021,2025-07-31 23:59:59.999999999
40021/0/40100223/0,2025-08-31,1868414.4,40021,2025-08-31 23:59:59.999999999
40021/0/40100223/0,2025-09-30,1779317.8,40021,2025-09-30 23:59:59.999999999
40021/0/40100223/0,2025-10-31,1788808.5,40021,2025-10-31 23:59:59.999999999
40021/0/40100223/0,2025-11-30,1966647.0,40021,2025-11-30 23:59:59.999999999
40021/0/40100223/0,2025-12-31,1966647.0,40021,2025-12-31 23:59:59.999999999
40021/0/40100223/0,2026-01-31,1966647.0,40021,2026-01-31 23:59:59.999999999
40021/0/40100223/0,2026-02-28,1966647.0,40021,2026-02-28 23:59:59.999999999
40021/0/40100223/0,2026-03-31,1966647.0,40021,2026-03-31 23:59:59.999999999
40021/0/40100223/0,2026-04-30,1966647.0,40021,2026-04-30 23:59:59.999999999
40021/0/40100223/0,2026-05-31,1966647.0,40021,2026-05-31 23:59:59.999999999
40021/0/40100223/0,2026-06-30,1966647.0,40021,2026-06-30 23:59:59.999999999
40021/0/40100223/0,2026-07-31,1966647.0,40021,2026-07-31 23:59:59.999999999
40021/0/40100223/0,2026-08-31,1966647.0,40021,2026-08-31 23:59:59.999999999
40021/0/40100223/0,2026-09-30,1966647.0,40021,2026-09-30 23:59:59.999999999
40021/0/40100223/0,2026-10-31,1966647.0,40021,2026-10-31 23:59:59.999999999
40021/0/40100223/0,2026-11-30,1966647.0,40021,2026-11-30 23:59:59.999999999
40021/0/40100223/0,2026-12-31,1966647.0,40021,2026-12-31 23:59:59.999999999
40021/0/40100223/0,2027-01-31,1966647.0,40021,2027-01-31 23:59:59.999999999
40021/0/40100223/0,2027-02-28,1966647.0,40021,2027-02-28 23:59:59.999999999
40021/0/40100223/0,2027-03-31,1966647.0,40021,2027-03-31 23:59:59.999999999
40021/0/40100223/0,2027-04-30,1966647.0,40021,2027-04-30 23:59:59.999999999
40021/0/40100223/0,2027-05-31,1966647.0,40021,2027-05-31 23:59:59.999999999
40021/0/40100223/0/0,2024-12-31,1810829.4,40021,2024-12-31 23:59:59.999999999
40021/0/40100223/0/0,2025-01-31,1848390.8,40021,2025-01-31 23:59:59.999999999
40021/0/40100223/0/0,2025-02-28,1862162.0,40021,2025-02-28 23:59:59.999999999
40021/0/40100223/0/0,2025-03-31,1885567.1,40021,2025-03-31 23:59:59.999999999
40021/0/40100223/0/0,2025-04-30,1859933.9,40021,2025-04-30 23:59:59.999999999
40021/0/40100223/0/0,2025-05-31,1917423.9,40021,2025-05-31 23:59:59.999999999
40021/0/40100223/0/0,2025-06-30,1947210.2,40021,2025-06-30 23:59:59.999999999
40021/0/40100223/0/0,2025-07-31,1905489.6,40021,2025-07-31 23:59:59.999999999
40021/0/40100223/0/0,2025-08-31,1868414.4,40021,2025-08-31 23:59:59.999999999
40021/0/40100223/0/0,2025-09-30,1779317.8,40021,2025-09-30 23:59:59.999999999
40021/0/40100223/0/0,2025-10-31,1788808.5,40021,2025-10-31 23:59:59.999999999
40021/0/40100223/0/0,2025-11-30,1966647.0,40021,2025-11-30 23:59:59.999999999
40021/0/40100223/0/0,2025-12-31,1966647.0,40021,2025-12-31 23:59:59.999999999
40021/0/40100223/0/0,2026-01-31,1966647.0,40021,2026-01-31 23:59:59.999999999
40021/0/40100223/0/0,2026-02-28,1966647.0,40021,2026-02-28 23:59:59.999999999
40021/0/40100223/0/0,2026-03-31,1966647.0,40021,2026-03-31 23:59:59.999999999
40021/0/40100223/0/0,2026-04-30,1966647.0,40021,2026-04-30 23:59:59.999999999
40021/0/40100223/0/0,2026-05-31,1966647.0,40021,2026-05-31 23:59:59.999999999
40021/0/40100223/0/0,2026-06-30,1966647.0,40021,2026-06-30 23:59:59.999999999
40021/0/40100223/0/0,2026-07-31,1966647.0,40021,2026-07-31 23:59:59.999999999
40021/0/40100223/0/0,2026-08-31,1966647.0,40021,2026-08-31 23:59:59.999999999
40021/0/40100223/0/0,2026-09-30,1966647.0,40021,2026-09-30 23:59:59.999999999
40021/0/40100223/0/0,2026-10-31,1966647.0,40021,2026-10-31 23:59:59.999999999
40021/0/40100223/0/0,2026-11-30,1966647.0,40021,2026-11-30 23:59:59.999999999
40021/0/40100223/0/0,2026-12-31,1966647.0,40021,2026-12-31 23:59:59.999999999
40021/0/40100223/0/0,2027-01-31,1966647.0,40021,2027-01-31 23:59:59.999999999
40021/0/40100223/0/0,2027-02-28,1966647.0,40021,2027-02-28 23:59:59.999999999
40021/0/40100223/0/0,2027-03-31,1966647.0,40021,2027-03-31 23:59:59.999999999
40021/0/40100223/0/0,2027-04-30,1966647.0,40021,2027-04-30 23:59:59.999999999
40021/0/40100223/0/0,2027-05-31,1966647.0,40021,2027-05-31 23:59:59.999999999
40072,2024-12-31,4583342500000.0,40072,2024-12-31 23:59:59.999999999
40072,2025-01-31,4623038400000.0,40072,2025-01-31 23:59:59.999999999
40072,2025-02-28,4651309600000.0,40072,2025-02-28 23:59:59.999999999
40072,2025-03-31,4681445000000.0,40072,2025-03-31 23:59:59.999999999
40072,2025-04-30,4711445400000.0,40072,2025-04-30 23:59:59.999999999
40072,2025-05-31,4737416600000.0,40072,2025-05-31 23:59:59.999999999
40072,2025-06-30,4770419000000.0,40072,2025-06-30 23:59:59.999999999
40072,2025-07-31,4799324000000.0,40072,2025-07-31 23:59:59.999999999
40072,2025-08-31,4834435500000.0,40072,2025-08-31 23:59:59.999999999
40072,2025-09-30,4865566700000.0,40072,2025-09-30 23:59:59.999999999
40072,2025-10-31,4889513000000.0,40072,2025-10-31 23:59:59.999999999
40072,2025-11-30,4916794400000.0,40072,2025-11-30 23:59:59.999999999
40072,2025-12-31,4949079500000.0,40072,2025-12-31 23:59:59.999999999
40072,2026-01-31,4980674000000.0,40072,2026-01-31 23:59:59.999999999
40072,2026-02-28,5013542300000.0,40072,2026-02-28 23:59:59.999999999
40072,2026-03-31,5046203000000.0,40072,2026-03-31 23:59:59.999999999
40072,2026-04-30,5078878500000.0,40072,2026-04-30 23:59:59.999999999
40072,2026-05-31,5112003000000.0,40072,2026-05-31 23:59:59.999999999
40072,2026-06-30,5144344000000.0,40072,2026-06-30 23:59:59.999999999
40072,2026-07-31,5177141000000.0,40072,2026-07-31 23:59:59.999999999
40072,2026-08-31,5209247000000.0,40072,2026-08-31 23:59:59.999999999
40072,2026-09-30,5241796300000.0,40072,2026-09-30 23:59:59.999999999
40072,2026-10-31,5275147000000.0,40072,2026-10-31 23:59:59.999999999
40072,2026-11-30,5308125000000.0,40072,2026-11-30 23:59:59.999999999
40072,2026-12-31,5340546000000.0,40072,2026-12-31 23:59:59.999999999
40072,2027-01-31,5373043400000.0,40072,2027-01-31 23:59:59.999999999
40072,2027-02-28,5405399300000.0,40072,2027-02-28 23:59:59.999999999
40072,2027-03-31,5437778300000.0,40072,2027-03-31 23:59:59.999999999
40072,2027-04-30,5470155700000.0,40072,2027-04-30 23:59:59.999999999
40072,2027-05-31,5502483000000.0,40072,2027-05-31 23:59:59.999999999
40072/0,2024-12-31,4583342500000.0,40072,2024-12-31 23:59:59.999999999
40072/0,2025-01-31,4623038400000.0,40072,2025-01-31 23:59:59.999999999
40072/0,2025-02-28,4651309600000.0,40072,2025-02-28 23:59:59.999999999
40072/0,2025-03-31,4681445000000.0,40072,2025-03-31 23:59:59.999999999
40072/0,2025-04-30,4711445400000.0,40072,2025-04-30 23:59:59.999999999
40072/0,2025-05-31,4737416600000.0,40072,2025-05-31 23:59:59.999999999
40072/0,2025-06-30,4770419000000.0,40072,2025-06-30 23:59:59.999999999
40072/0,2025-07-31,4799324000000.0,40072,2025-07-31 23:59:59.999999999
40072/0,2025-08-31,4834435500000.0,40072,2025-08-31 23:59:59.999999999
40072/0,2025-09-30,4865566700000.0,40072,2025-09-30 23:59:59.999999999
40072/0,2025-10-31,4889513000000.0,40072,2025-10-31 23:59:59.999999999
40072/0,2025-11-30,4916794400000.0,40072,2025-11-30 23:59:59.999999999
40072/0,2025-12-31,4949079500000.0,40072,2025-12-31 23:59:59.999999999
40072/0,2026-01-31,4980674000000.0,40072,2026-01-31 23:59:59.999999999
40072/0,2026-02-28,5013542300000.0,40072,2026-02-28 23:59:59.999999999
40072/0,2026-03-31,5046203000000.0,40072,2026-03-31 23:59:59.999999999
40072/0,2026-04-30,5078878500000.0,40072,2026-04-30 23:59:59.999999999
40072/0,2026-05-31,5112003000000.0,40072,2026-05-31 23:59:59.999999999
40072/0,2026-06-30,5144344000000.0,40072,2026-06-30 23:59:59.999999999
40072/0,2026-07-31,5177141000000.0,40072,2026-07-31 23:59:59.999999999
40072/0,2026-08-31,5209247000000.0,40072,2026-08-31 23:59:59.999999999
40072/0,2026-09-30,5241796300000.0,40072,2026-09-30 23:59:59.999999999
40072/0,2026-10-31,5275147000000.0,40072,2026-10-31 23:59:59.999999999
40072/0,2026-11-30,5308125000000.0,40072,2026-11-30 23:59:59.999999999
40072/0,2026-12-31,5340546000000.0,40072,2026-12-31 23:59:59.999999999
40072/0,2027-01-31,5373043400000.0,40072,2027-01-31 23:59:59.999999999
40072/0,2027-02-28,5405399300000.0,40072,2027-02-28 23:59:59.999999999
40072/0,2027-03-31,5437778300000.0,40072,2027-03-31 23:59:59.999999999
40072/0,2027-04-30,5470155700000.0,40072,2027-04-30 23:59:59.999999999
40072/0,2027-05-31,5502483000000.0,40072,2027-05-31 23:59:59.999999999
40072/0/0,2024-12-31,2291370000000.0,40072,2024-12-31 23:59:59.999999999
40072/0/0,2025-01-31,2310318300000.0,40072,2025-01-31 23:59:59.999999999
40072/0/0,2025-02-28,2324658000000.0,40072,2025-02-28 23:59:59.999999999
40072/0/0,2025-03-31,2339750000000.0,40072,2025-03-31 23:59:59.999999999
40072/0/0,2025-04-30,2354787600000.0,40072,2025-04-30 23:59:59.999999999
40072/0/0,2025-05-31,2368199700000.0,40072,2025-05-31 23:59:59.999999999
40072/0/0,2025-06-30,2384448200000.0,40072,2025-06-30 23:59:59.999999999
40072/0/0,2025-07-31,2399043800000.0,40072,2025-07-31 23:59:59.999999999
40072/0/0,2025-08-31,2416142700000.0,40072,2025-08-31 23:59:59.999999999
40072/0/0,2025-09-30,2431636500000.0,40072,2025-09-30 23:59:59.999999999
40072/0/0,2025-10-31,2444232000000.0,40072,2025-10-31 23:59:59.999999999
40072/0/0,2025-11-30,2458172800000.0,40072,2025-11-30 23:59:59.999999999
40072/0/0,2025-12-31,2474158900000.0,40072,2025-12-31 23:59:59.999999999
40072/0/0,2026-01-31,2489920300000.0,40072,2026-01-31 23:59:59.999999999
40072/0/0,2026-02-28,2506096000000.0,40072,2026-02-28 23:59:59.999999999
40072/0/0,2026-03-31,2522204300000.0,40072,2026-03-31 23:59:59.999999999
40072/0/0,2026-04-30,2538317500000.0,40072,2026-04-30 23:59:59.999999999
40072/0/0,2026-05-31,2554576800000.0,40072,2026-05-31 23:59:59.999999999
40072/0/0,2026-06-30,2570581000000.0,40072,2026-06-30 23:59:59.999999999
40072/0/0,2026-07-31,2586733700000.0,40072,2026-07-31 23:59:59.999999999
40072/0/0,2026-08-31,2602661300000.0,40072,2026-08-31 23:59:59.999999999
40072/0/0,2026-09-30,2618733600000.0,40072,2026-09-30 23:59:59.999999999
40072/0/0,2026-10-31,2635066200000.0,40072,2026-10-31 23:59:59.999999999
40072/0/0,2026-11-30,2651277800000.0,40072,2026-11-30 23:59:59.999999999
40072/0/0,2026-12-31,2667305800000.0,40072,2026-12-31 23:59:59.999999999
40072/0/0,2027-01-31,2683353700000.0,40072,2027-01-31 23:59:59.999999999
40072/0/0,2027-02-28,2699364400000.0,40072,2027-02-28 23:59:59.999999999
40072/0/0,2027-03-31,2715381100000.0,40072,2027-03-31 23:59:59.999999999
40072/0/0,2027-04-30,2731397600000.0,40072,2027-04-30 23:59:59.999999999
40072/0/0,2027-05-31,2747401000000.0,40072,2027-05-31 23:59:59.999999999
40072/0/0/0,2024-12-31,2291370000000.0,40072,2024-12-31 23:59:59.999999999
40072/0/0/0,2025-01-31,2310318300000.0,40072,2025-01-31 23:59:59.999999999
40072/0/0/0,2025-02-28,2324658000000.0,40072,2025-02-28 23:59:59.999999999
40072/0/0/0,2025-03-31,2339750000000.0,40072,2025-03-31 23:59:59.999999999
40072/0/0/0,2025-04-30,2354787600000.0,40072,2025-04-30 23:59:59.999999999
40072/0/0/0,2025-05-31,2368199700000.0,40072,2025-05-31 23:59:59.999999999
40072/0/0/0,2025-06-30,2384448200000.0,40072,2025-06-30 23:59:59.999999999
40072/0/0/0,2025-07-31,2399043800000.0,40072,2025-07-31 23:59:59.999999999
40072/0/0/0,2025-08-31,2416142700000.0,40072,2025-08-31 23:59:59.999999999
40072/0/0/0,2025-09-30,2431636500000.0,40072,2025-09-30 23:59:59.999999999
40072/0/0/0,2025-10-31,2444232000000.0,40072,2025-10-31 23:59:59.999999999
40072/0/0/0,2025-11-30,2458172800000.0,40072,2025-11-30 23:59:59.999999999
40072/0/0/0,2025-12-31,2474158900000.0,40072,2025-12-31 23:59:59.999999999
40072/0/0/0,2026-01-31,2489920300000.0,40072,2026-01-31 23:59:59.999999999
40072/0/0/0,2026-02-28,2506096000000.0,40072,2026-02-28 23:59:59.999999999
40072/0/0/0,2026-03-31,2522204300000.0,40072,2026-03-31 23:59:59.999999999
40072/0/0/0,2026-04-30,2538317500000.0,40072,2026-04-30 23:59:59.999999999
40072/0/0/0,2026-05-31,2554576800000.0,40072,2026-05-31 23:59:59.999999999
40072/0/0/0,2026-06-30,2570581000000.0,40072,2026-06-30 23:59:59.999999999
40072/0/0/0,2026-07-31,2586733700000.0,40072,2026-07-31 23:59:59.999999999
40072/0/0/0,2026-08-31,2602661300000.0,40072,2026-08-31 23:59:59.999999999
40072/0/0/0,2026-09-30,2618733600000.0,40072,2026-09-30 23:59:59.999999999
40072/0/0/0,2026-10-31,2635066200000.0,40072,2026-10-31 23:59:59.999999999
40072/0/0/0,2026-11-30,2651277800000.0,40072,2026-11-30 23:59:59.999999999
40072/0/0/0,2026-12-31,2667305800000.0,40072,2026-12-31 23:59:59.999999999
40072/0/0/0,2027-01-31,2683353700000.0,40072,2027-01-31 23:59:59.999999999
40072/0/0/0,2027-02-28,2699364400000.0,40072,2027-02-28 23:59:59.999999999
40072/0/0/0,2027-03-31,2715381100000.0,40072,2027-03-31 23:59:59.999999999
40072/0/0/0,2027-04-30,2731397600000.0,40072,2027-04-30 23:59:59.999999999
40072/0/0/0,2027-05-31,2747401000000.0,40072,2027-05-31 23:59:59.999999999
40072/0/0/0/0,2024-12-31,2291370000000.0,40072,2024-12-31 23:59:59.999999999
40072/0/0/0/0,2025-01-31,2310318300000.0,40072,2025-01-31 23:59:59.999999999
40072/0/0/0/0,2025-02-28,2324658000000.0,40072,2025-02-28 23:59:59.999999999
40072/0/0/0/0,2025-03-31,2339750000000.0,40072,2025-03-31 23:59:59.999999999
40072/0/0/0/0,2025-04-30,2354787600000.0,40072,2025-04-30 23:59:59.999999999
40072/0/0/0/0,2025-05-31,2368199700000.0,40072,2025-05-31 23:59:59.999999999
40072/0/0/0/0,2025-06-30,2384448200000.0,40072,2025-06-30 23:59:59.999999999
40072/0/0/0/0,2025-07-31,2399043800000.0,40072,2025-07-31 23:59:59.999999999
40072/0/0/0/0,2025-08-31,2416142700000.0,40072,2025-08-31 23:59:59.999999999
40072/0/0/0/0,2025-09-30,2431636500000.0,40072,2025-09-30 23:59:59.999999999
40072/0/0/0/0,2025-10-31,2444232000000.0,40072,2025-10-31 23:59:59.999999999
40072/0/0/0/0,2025-11-30,2458172800000.0,40072,2025-11-30 23:59:59.999999999
40072/0/0/0/0,2025-12-31,2474158900000.0,40072,2025-12-31 23:59:59.999999999
40072/0/0/0/0,2026-01-31,2489920300000.0,40072,2026-01-31 23:59:59.999999999
40072/0/0/0/0,2026-02-28,2506096000000.0,40072,2026-02-28 23:59:59.999999999
40072/0/0/0/0,2026-03-31,2522204300000.0,40072,2026-03-31 23:59:59.999999999
40072/0/0/0/0,2026-04-30,2538317500000.0,40072,2026-04-30 23:59:59.999999999
40072/0/0/0/0,2026-05-31,2554576800000.0,40072,2026-05-31 23:59:59.999999999
40072/0/0/0/0,2026-06-30,2570581000000.0,40072,2026-06-30 23:59:59.999999999
40072/0/0/0/0,2026-07-31,2586733700000.0,40072,2026-07-31 23:59:59.999999999
40072/0/0/0/0,2026-08-31,2602661300000.0,40072,2026-08-31 23:59:59.999999999
40072/0/0/0/0,2026-09-30,2618733600000.0,40072,2026-09-30 23:59:59.999999999
40072/0/0/0/0,2026-10-31,2635066200000.0,40072,2026-10-31 23:59:59.999999999
40072/0/0/0/0,2026-11-30,2651277800000.0,40072,2026-11-30 23:59:59.999999999
40072/0/0/0/0,2026-12-31,2667305800000.0,40072,2026-12-31 23:59:59.999999999
40072/0/0/0/0,2027-01-31,2683353700000.0,40072,2027-01-31 23:59:59.999999999
40072/0/0/0/0,2027-02-28,2699364400000.0,40072,2027-02-28 23:59:59.999999999
40072/0/0/0/0,2027-03-31,2715381100000.0,40072,2027-03-31 23:59:59.999999999
40072/0/0/0/0,2027-04-30,2731397600000.0,40072,2027-04-30 23:59:59.999999999
40072/0/0/0/0,2027-05-31,2747401000000.0,40072,2027-05-31 23:59:59.999999999
40072/0/40100187,2024-12-31,907992760000.0,40072,2024-12-31 23:59:59.999999999
40072/0/40100187,2025-01-31,916030800000.0,40072,2025-01-31 23:59:59.999999999
40072/0/40100187,2025-02-28,924068940000.0,40072,2025-02-28 23:59:59.999999999
40072/0/40100187,2025-03-31,932107000000.0,40072,2025-03-31 23:59:59.999999999
40072/0/40100187,2025-04-30,940145100000.0,40072,2025-04-30 23:59:59.999999999
40072/0/40100187,2025-05-31,948183200000.0,40072,2025-05-31 23:59:59.999999999
40072/0/40100187,2025-06-30,956221300000.0,40072,2025-06-30 23:59:59.999999999
40072/0/40100187,2025-07-31,964259350000.0,40072,2025-07-31 23:59:59.999999999
40072/0/40100187,2025-08-31,972297500000.0,40072,2025-08-31 23:59:59.999999999
40072/0/40100187,2025-09-30,980335500000.0,40072,2025-09-30 23:59:59.999999999
40072/0/40100187,2025-10-31,988373650000.0,40072,2025-10-31 23:59:59.999999999
40072/0/40100187,2025-11-30,996411700000.0,40072,2025-11-30 23:59:59.999999999
40072/0/40100187,2025-12-31,1004449800000.0,40072,2025-12-31 23:59:59.999999999
40072/0/40100187,2026-01-31,1012487900000.0,40072,2026-01-31 23:59:59.999999999
40072/0/40100187,2026-02-28,1020526000000.0,40072,2026-02-28 23:59:59.999999999
40072/0/40100187,2026-03-31,1028564060000.0,40072,2026-03-31 23:59:59.999999999
40072/0/40100187,2026-04-30,1036602200000.0,40072,2026-04-30 23:59:59.999999999
40072/0/40100187,2026-05-31,1044640240000.0,40072,2026-05-31 23:59:59.999999999
40072/0/40100187,2026-06-30,1052678360000.0,40072,2026-06-30 23:59:59.999999999
40072/0/40100187,2026-07-31,1060716400000.0,40072,2026-07-31 23:59:59.999999999
40072/0/40100187,2026-08-31,1068754530000.0,40072,2026-08-31 23:59:59.999999999
40072/0/40100187,2026-09-30,1076792600000.0,40072,2026-09-30 23:59:59.999999999
40072/0/40100187,2026-10-31,1084830700000.0,40072,2026-10-31 23:59:59.999999999
40072/0/40100187,2026-11-30,1092868800000.0,40072,2026-11-30 23:59:59.999999999
40072/0/40100187,2026-12-31,1100906900000.0,40072,2026-12-31 23:59:59.999999999
40072/0/40100187,2027-01-31,1108945000000.0,40072,2027-01-31 23:59:59.999999999
40072/0/40100187,2027-02-28,1116983000000.0,40072,2027-02-28 23:59:59.999999999
40072/0/40100187,2027-03-31,1125021100000.0,40072,2027-03-31 23:59:59.999999999
40072/0/40100187,2027-04-30,1133059200000.0,40072,2027-04-30 23:59:59.999999999
40072/0/40100187,2027-05-31,1141097400000.0,40072,2027-05-31 23:59:59.999999999
40072/0/40100187/40100188,2024-12-31,289673540000.0,40072,2024-12-31 23:59:59.999999999
40072/0/40100187/40100188,2025-01-31,290817570000.0,40072,2025-01-31 23:59:59.999999999
40072/0/40100187/40100188,2025-02-28,291961600000.0,40072,2025-02-28 23:59:59.999999999
40072/0/40100187/40100188,2025-03-31,293105630000.0,40072,2025-03-31 23:59:59.999999999
40072/0/40100187/40100188,2025-04-30,294249660000.0,40072,2025-04-30 23:59:59.999999999
40072/0/40100187/40100188,2025-05-31,295393700000.0,40072,2025-05-31 23:59:59.999999999
40072/0/40100187/40100188,2025-06-30,296537720000.0,40072,2025-06-30 23:59:59.999999999
40072/0/40100187/40100188,2025-07-31,297681750000.0,40072,2025-07-31 23:59:59.999999999
40072/0/40100187/40100188,2025-08-31,298825780000.0,40072,2025-08-31 23:59:59.999999999
40072/0/40100187/40100188,2025-09-30,299969800000.0,40072,2025-09-30 23:59:59.999999999
40072/0/40100187/40100188,2025-10-31,301113840000.0,40072,2025-10-31 23:59:59.999999999
40072/0/40100187/40100188,2025-11-30,302257860000.0,40072,2025-11-30 23:59:59.999999999
40072/0/40100187/40100188,2025-12-31,303401900000.0,40072,2025-12-31 23:59:59.999999999
40072/0/40100187/40100188,2026-01-31,304545920000.0,40072,2026-01-31 23:59:59.999999999
40072/0/40100187/40100188,2026-02-28,305689950000.0,40072,2026-02-28 23:59:59.999999999
40072/0/40100187/40100188,2026-03-31,306833980000.0,40072,2026-03-31 23:59:59.999999999
40072/0/40100187/40100188,2026-04-30,307978000000.0,40072,2026-04-30 23:59:59.999999999
40072/0/40100187/40100188,2026-05-31,309122040000.0,40072,2026-05-31 23:59:59.999999999
40072/0/40100187/40100188,2026-06-30,310266070000.0,40072,2026-06-30 23:59:59.999999999
40072/0/40100187/40100188,2026-07-31,311410100000.0,40072,2026-07-31 23:59:59.999999999
40072/0/40100187/40100188,2026-08-31,312554130000.0,40072,2026-08-31 23:59:59.999999999
40072/0/40100187/40100188,2026-09-30,313698160000.0,40072,2026-09-30 23:59:59.999999999
40072/0/40100187/40100188,2026-10-31,314842200000.0,40072,2026-10-31 23:59:59.999999999
40072/0/40100187/40100188,2026-11-30,315986200000.0,40072,2026-11-30 23:59:59.999999999
40072/0/40100187/40100188,2026-12-31,317130240000.0,40072,2026-12-31 23:59:59.999999999
40072/0/40100187/40100188,2027-01-31,318274270000.0,40072,2027-01-31 23:59:59.999999999
40072/0/40100187/40100188,2027-02-28,319418300000.0,40072,2027-02-28 23:59:59.999999999
40072/0/40100187/40100188,2027-03-31,320562330000.0,40072,2027-03-31 23:59:59.999999999
40072/0/40100187/40100188,2027-04-30,321706360000.0,40072,2027-04-30 23:59:59.999999999
40072/0/40100187/40100188,2027-05-31,322850400000.0,40072,2027-05-31 23:59:59.999999999
40072/0/40100187/40100188/0,2024-12-31,289673540000.0,40072,2024-12-31 23:59:59.999999999
40072/0/40100187/40100188/0,2025-01-31,290817570000.0,40072,2025-01-31 23:59:59.999999999
40072/0/40100187/40100188/0,2025-02-28,291961600000.0,40072,2025-02-28 23:59:59.999999999
40072/0/40100187/40100188/0,2025-03-31,293105630000.0,40072,2025-03-31 23:59:59.999999999
40072/0/40100187/40100188/0,2025-04-30,294249660000.0,40072,2025-04-30 23:59:59.999999999
40072/0/40100187/40100188/0,2025-05-31,295393700000.0,40072,2025-05-31 23:59:59.999999999
40072/0/40100187/40100188/0,2025-06-30,296537720000.0,40072,2025-06-30 23:59:59.999999999
40072/0/40100187/40100188/0,2025-07-31,297681750000.0,40072,2025-07-31 23:59:59.999999999
40072/0/40100187/40100188/0,2025-08-31,298825780000.0,40072,2025-08-31 23:59:59.999999999
40072/0/40100187/40100188/0,2025-09-30,299969800000.0,40072,2025-09-30 23:59:59.999999999
40072/0/40100187/40100188/0,2025-10-31,301113840000.0,40072,2025-10-31 23:59:59.999999999
40072/0/40100187/40100188/0,2025-11-30,302257860000.0,40072,2025-11-30 23:59:59.999999999
40072/0/40100187/40100188/0,2025-12-31,303401900000.0,40072,2025-12-31 23:59:59.999999999
40072/0/40100187/40100188/0,2026-01-31,304545920000.0,40072,2026-01-31 23:59:59.999999999
40072/0/40100187/40100188/0,2026-02-28,305689950000.0,40072,2026-02-28 23:59:59.999999999
40072/0/40100187/40100188/0,2026-03-31,306833980000.0,40072,2026-03-31 23:59:59.999999999
40072/0/40100187/40100188/0,2026-04-30,307978000000.0,40072,2026-04-30 23:59:59.999999999
40072/0/40100187/40100188/0,2026-05-31,309122040000.0,40072,2026-05-31 23:59:59.999999999
40072/0/40100187/40100188/0,2026-06-30,310266070000.0,40072,2026-06-30 23:59:59.999999999
40072/0/40100187/40100188/0,2026-07-31,311410100000.0,40072,2026-07-31 23:59:59.999999999
40072/0/40100187/40100188/0,2026-08-31,312554130000.0,40072,2026-08-31 23:59:59.999999999
40072/0/40100187/40100188/0,2026-09-30,313698160000.0,40072,2026-09-30 23:59:59.999999999
40072/0/40100187/40100188/0,2026-10-31,314842200000.0,40072,2026-10-31 23:59:59.999999999
40072/0/40100187/40100188/0,2026-11-30,315986200000.0,40072,2026-11-30 23:59:59.999999999
40072/0/40100187/40100188/0,2026-12-31,317130240000.0,40072,2026-12-31 23:59:59.999999999
40072/0/40100187/40100188/0,2027-01-31,318274270000.0,40072,2027-01-31 23:59:59.999999999
40072/0/40100187/40100188/0,2027-02-28,319418300000.0,40072,2027-02-28 23:59:59.999999999
40072/0/40100187/40100188/0,2027-03-31,320562330000.0,40072,2027-03-31 23:59:59.999999999
40072/0/40100187/40100188/0,2027-04-30,321706360000.0,40072,2027-04-30 23:59:59.999999999
40072/0/40100187/40100188/0,2027-05-31,322850400000.0,40072,2027-05-31 23:59:59.999999999
40072/0/40100187/40100189,2024-12-31,204715100000.0,40072,2024-12-31 23:59:59.999999999
40072/0/40100187/40100189,2025-01-31,204715100000.0,40072,2025-01-31 23:59:59.999999999
40072/0/40100187/40100189,2025-02-28,204715100000.0,40072,2025-02-28 23:59:59.999999999
40072/0/40100187/40100189,2025-03-31,204715100000.0,40072,2025-03-31 23:59:59.999999999
40072/0/40100187/40100189,2025-04-30,204715100000.0,40072,2025-04-30 23:59:59.999999999
40072/0/40100187/40100189,2025-05-31,204715100000.0,40072,2025-05-31 23:59:59.999999999
40072/0/40100187/40100189,2025-06-30,204715100000.0,40072,2025-06-30 23:59:59.999999999
40072/0/40100187/40100189,2025-07-31,204715100000.0,40072,2025-07-31 23:59:59.999999999
40072/0/40100187/40100189,2025-08-31,204715100000.0,40072,2025-08-31 23:59:59.999999999
40072/0/40100187/40100189,2025-09-30,204715100000.0,40072,2025-09-30 23:59:59.999999999
40072/0/40100187/40100189,2025-10-31,204715100000.0,40072,2025-10-31 23:59:59.999999999
40072/0/40100187/40100189,2025-11-30,204715100000.0,40072,2025-11-30 23:59:59.999999999
40072/0/40100187/40100189,2025-12-31,204715100000.0,40072,2025-12-31 23:59:59.999999999
40072/0/40100187/40100189,2026-01-31,204715100000.0,40072,2026-01-31 23:59:59.999999999
40072/0/40100187/40100189,2026-02-28,204715100000.0,40072,2026-02-28 23:59:59.999999999
40072/0/40100187/40100189,2026-03-31,204715100000.0,40072,2026-03-31 23:59:59.999999999
40072/0/40100187/40100189,2026-04-30,204715100000.0,40072,2026-04-30 23:59:59.999999999
40072/0/40100187/40100189,2026-05-31,204715100000.0,40072,2026-05-31 23:59:59.999999999
40072/0/40100187/40100189,2026-06-30,204715100000.0,40072,2026-06-30 23:59:59.999999999
40072/0/40100187/40100189,2026-07-31,204715100000.0,40072,2026-07-31 23:59:59.999999999
40072/0/40100187/40100189,2026-08-31,204715100000.0,40072,2026-08-31 23:59:59.999999999
40072/0/40100187/40100189,2026-09-30,204715100000.0,40072,2026-09-30 23:59:59.999999999
40072/0/40100187/40100189,2026-10-31,204715100000.0,40072,2026-10-31 23:59:59.999999999
40072/0/40100187/40100189,2026-11-30,204715100000.0,40072,2026-11-30 23:59:59.999999999
40072/0/40100187/40100189,2026-12-31,204715100000.0,40072,2026-12-31 23:59:59.999999999
40072/0/40100187/40100189,2027-01-31,204715100000.0,40072,2027-01-31 23:59:59.999999999
40072/0/40100187/40100189,2027-02-28,204715100000.0,40072,2027-02-28 23:59:59.999999999
40072/0/40100187/40100189,2027-03-31,204715100000.0,40072,2027-03-31 23:59:59.999999999
40072/0/40100187/40100189,2027-04-30,204715100000.0,40072,2027-04-30 23:59:59.999999999
40072/0/40100187/40100189,2027-05-31,204715100000.0,40072,2027-05-31 23:59:59.999999999
40072/0/40100187/40100189/0,2024-12-31,204715100000.0,40072,2024-12-31 23:59:59.999999999
40072/0/40100187/40100189/0,2025-01-31,204715100000.0,40072,2025-01-31 23:59:59.999999999
40072/0/40100187/40100189/0,2025-02-28,204715100000.0,40072,2025-02-28 23:59:59.999999999
40072/0/40100187/40100189/0,2025-03-31,204715100000.0,40072,2025-03-31 23:59:59.999999999
40072/0/40100187/40100189/0,2025-04-30,204715100000.0,40072,2025-04-30 23:59:59.999999999
40072/0/40100187/40100189/0,2025-05-31,204715100000.0,40072,2025-05-31 23:59:59.999999999
40072/0/40100187/40100189/0,2025-06-30,204715100000.0,40072,2025-06-30 23:59:59.999999999
40072/0/40100187/40100189/0,2025-07-31,204715100000.0,40072,2025-07-31 23:59:59.999999999
40072/0/40100187/40100189/0,2025-08-31,204715100000.0,40072,2025-08-31 23:59:59.999999999
40072/0/40100187/40100189/0,2025-09-30,204715100000.0,40072,2025-09-30 23:59:59.999999999
40072/0/40100187/40100189/0,2025-10-31,204715100000.0,40072,2025-10-31 23:59:59.999999999
40072/0/40100187/40100189/0,2025-11-30,204715100000.0,40072,2025-11-30 23:59:59.999999999
40072/0/40100187/40100189/0,2025-12-31,204715100000.0,40072,2025-12-31 23:59:59.999999999
40072/0/40100187/40100189/0,2026-01-31,204715100000.0,40072,2026-01-31 23:59:59.999999999
40072/0/40100187/40100189/0,2026-02-28,204715100000.0,40072,2026-02-28 23:59:59.999999999
40072/0/40100187/40100189/0,2026-03-31,204715100000.0,40072,2026-03-31 23:59:59.999999999
40072/0/40100187/40100189/0,2026-04-30,204715100000.0,40072,2026-04-30 23:59:59.999999999
40072/0/40100187/40100189/0,2026-05-31,204715100000.0,40072,2026-05-31 23:59:59.999999999
40072/0/40100187/40100189/0,2026-06-30,204715100000.0,40072,2026-06-30 23:59:59.999999999
40072/0/40100187/40100189/0,2026-07-31,204715100000.0,40072,2026-07-31 23:59:59.999999999
40072/0/40100187/40100189/0,2026-08-31,204715100000.0,40072,2026-08-31 23:59:59.999999999
40072/0/40100187/40100189/0,2026-09-30,204715100000.0,40072,2026-09-30 23:59:59.999999999
40072/0/40100187/40100189/0,2026-10-31,204715100000.0,40072,2026-10-31 23:59:59.999999999
40072/0/40100187/40100189/0,2026-11-30,204715100000.0,40072,2026-11-30 23:59:59.999999999
40072/0/40100187/40100189/0,2026-12-31,204715100000.0,40072,2026-12-31 23:59:59.999999999
40072/0/40100187/40100189/0,2027-01-31,204715100000.0,40072,2027-01-31 23:59:59.999999999
40072/0/40100187/40100189/0,2027-02-28,204715100000.0,40072,2027-02-28 23:59:59.999999999
40072/0/40100187/40100189/0,2027-03-31,204715100000.0,40072,2027-03-31 23:59:59.999999999
40072/0/40100187/40100189/0,2027-04-30,204715100000.0,40072,2027-04-30 23:59:59.999999999
40072/0/40100187/40100189/0,2027-05-31,204715100000.0,40072,2027-05-31 23:59:59.999999999
40072/0/40100187/40100190,2024-12-31,24193751000.0,40072,2024-12-31 23:59:59.999999999
40072/0/40100187/40100190,2025-01-31,24581663000.0,40072,2025-01-31 23:59:59.999999999
40072/0/40100187/40100190,2025-02-28,25039892000.0,40072,2025-02-28 23:59:59.999999999
40072/0/40100187/40100190,2025-03-31,25451997000.0,40072,2025-03-31 23:59:59.999999999
40072/0/40100187/40100190,2025-04-30,26191868000.0,40072,2025-04-30 23:59:59.999999999
40072/0/40100187/40100190,2025-05-31,26990199000.0,40072,2025-05-31 23:59:59.999999999
40072/0/40100187/40100190,2025-06-30,27475872000.0,40072,2025-06-30 23:59:59.999999999
40072/0/40100187/40100190,2025-07-31,28031584000.0,40072,2025-07-31 23:59:59.999999999
40072/0/40100187/40100190,2025-08-31,28469412000.0,40072,2025-08-31 23:59:59.999999999
40072/0/40100187/40100190,2025-09-30,29014920000.0,40072,2025-09-30 23:59:59.999999999
40072/0/40100187/40100190,2025-10-31,29548270000.0,40072,2025-10-31 23:59:59.999999999
40072/0/40100187/40100190,2025-11-30,30091264000.0,40072,2025-11-30 23:59:59.999999999
40072/0/40100187/40100190,2025-12-31,30568817000.0,40072,2025-12-31 23:59:59.999999999
40072/0/40100187/40100190,2026-01-31,31046543000.0,40072,2026-01-31 23:59:59.999999999
40072/0/40100187/40100190,2026-02-28,31524270000.0,40072,2026-02-28 23:59:59.999999999
40072/0/40100187/40100190,2026-03-31,32001997000.0,40072,2026-03-31 23:59:59.999999999
40072/0/40100187/40100190,2026-04-30,32479724000.0,40072,2026-04-30 23:59:59.999999999
40072/0/40100187/40100190,2026-05-31,32957450000.0,40072,2026-05-31 23:59:59.999999999
40072/0/40100187/40100190,2026-06-30,33435175000.0,40072,2026-06-30 23:59:59.999999999
40072/0/40100187/40100190,2026-07-31,33912902000.0,40072,2026-07-31 23:59:59.999999999
40072/0/40100187/40100190,2026-08-31,34390630000.0,40072,2026-08-31 23:59:59.999999999
40072/0/40100187/40100190,2026-09-30,34868355000.0,40072,2026-09-30 23:59:59.999999999
40072/0/40100187/40100190,2026-10-31,35346084000.0,40072,2026-10-31 23:59:59.999999999
40072/0/40100187/40100190,2026-11-30,35823810000.0,40072,2026-11-30 23:59:59.999999999
40072/0/40100187/40100190,2026-12-31,36301533000.0,40072,2026-12-31 23:59:59.999999999
40072/0/40100187/40100190,2027-01-31,36779260000.0,40072,2027-01-31 23:59:59.999999999
40072/0/40100187/40100190,2027-02-28,37256987000.0,40072,2027-02-28 23:59:59.999999999
40072/0/40100187/40100190,2027-03-31,37734715000.0,40072,2027-03-31 23:59:59.999999999
40072/0/40100187/40100190,2027-04-30,38212440000.0,40072,2027-04-30 23:59:59.999999999
40072/0/40100187/40100190,2027-05-31,38690170000.0,40072,2027-05-31 23:59:59.999999999
40072/0/40100187/40100190/0,2024-12-31,24193751000.0,40072,2024-12-31 23:59:59.999999999
40072/0/40100187/40100190/0,2025-01-31,24581663000.0,40072,2025-01-31 23:59:59.999999999
40072/0/40100187/40100190/0,2025-02-28,25039892000.0,40072,2025-02-28 23:59:59.999999999
40072/0/40100187/40100190/0,2025-03-31,25451997000.0,40072,2025-03-31 23:59:59.999999999
40072/0/40100187/40100190/0,2025-04-30,26191868000.0,40072,2025-04-30 23:59:59.999999999
40072/0/40100187/40100190/0,2025-05-31,26990199000.0,40072,2025-05-31 23:59:59.999999999
40072/0/40100187/40100190/0,2025-06-30,27475872000.0,40072,2025-06-30 23:59:59.999999999
40072/0/40100187/40100190/0,2025-07-31,28031584000.0,40072,2025-07-31 23:59:59.999999999
40072/0/40100187/40100190/0,2025-08-31,28469412000.0,40072,2025-08-31 23:59:59.999999999
40072/0/40100187/40100190/0,2025-09-30,29014920000.0,40072,2025-09-30 23:59:59.999999999
40072/0/40100187/40100190/0,2025-10-31,29548270000.0,40072,2025-10-31 23:59:59.999999999
40072/0/40100187/40100190/0,2025-11-30,30091264000.0,40072,2025-11-30 23:59:59.999999999
40072/0/40100187/40100190/0,2025-12-31,30568817000.0,40072,2025-12-31 23:59:59.999999999
40072/0/40100187/40100190/0,2026-01-31,31046543000.0,40072,2026-01-31 23:59:59.999999999
40072/0/40100187/40100190/0,2026-02-28,31524270000.0,40072,2026-02-28 23:59:59.999999999
40072/0/40100187/40100190/0,2026-03-31,32001997000.0,40072,2026-03-31 23:59:59.999999999
40072/0/40100187/40100190/0,2026-04-30,32479724000.0,40072,2026-04-30 23:59:59.999999999
40072/0/40100187/40100190/0,2026-05-31,32957450000.0,40072,2026-05-31 23:59:59.999999999
40072/0/40100187/40100190/0,2026-06-30,33435175000.0,40072,2026-06-30 23:59:59.999999999
40072/0/40100187/40100190/0,2026-07-31,33912902000.0,40072,2026-07-31 23:59:59.999999999
40072/0/40100187/40100190/0,2026-08-31,34390630000.0,40072,2026-08-31 23:59:59.999999999
40072/0/40100187/40100190/0,2026-09-30,34868355000.0,40072,2026-09-30 23:59:59.999999999
40072/0/40100187/40100190/0,2026-10-31,35346084000.0,40072,2026-10-31 23:59:59.999999999
40072/0/40100187/40100190/0,2026-11-30,35823810000.0,40072,2026-11-30 23:59:59.999999999
40072/0/40100187/40100190/0,2026-12-31,36301533000.0,40072,2026-12-31 23:59:59.999999999
40072/0/40100187/40100190/0,2027-01-31,36779260000.0,40072,2027-01-31 23:59:59.999999999
40072/0/40100187/40100190/0,2027-02-28,37256987000.0,40072,2027-02-28 23:59:59.999999999
40072/0/40100187/40100190/0,2027-03-31,37734715000.0,40072,2027-03-31 23:59:59.999999999
40072/0/40100187/40100190/0,2027-04-30,38212440000.0,40072,2027-04-30 23:59:59.999999999
40072/0/40100187/40100190/0,2027-05-31,38690170000.0,40072,2027-05-31 23:59:59.999999999
40072/0/40100187/40100191,2024-12-31,142375070.0,40072,2024-12-31 23:59:59.999999999
40072/0/40100187/40100191,2025-01-31,221448110.0,40072,2025-01-31 23:59:59.999999999
40072/0/40100187/40100191,2025-02-28,221448110.0,40072,2025-02-28 23:59:59.999999999
40072/0/40100187/40100191,2025-03-31,221448110.0,40072,2025-03-31 23:59:59.999999999
40072/0/40100187/40100191,2025-04-30,221448110.0,40072,2025-04-30 23:59:59.999999999
40072/0/40100187/40100191,2025-05-31,221448110.0,40072,2025-05-31 23:59:59.999999999
40072/0/40100187/40100191,2025-06-30,221448110.0,40072,2025-06-30 23:59:59.999999999
40072/0/40100187/40100191,2025-07-31,221448110.0,40072,2025-07-31 23:59:59.999999999
40072/0/40100187/40100191,2025-08-31,221448110.0,40072,2025-08-31 23:59:59.999999999
40072/0/40100187/40100191,2025-09-30,221448110.0,40072,2025-09-30 23:59:59.999999999
40072/0/40100187/40100191,2025-10-31,221448110.0,40072,2025-10-31 23:59:59.999999999
40072/0/40100187/40100191,2025-11-30,221448110.0,40072,2025-11-30 23:59:59.999999999
40072/0/40100187/40100191,2025-12-31,221448110.0,40072,2025-12-31 23:59:59.999999999
40072/0/40100187/40100191,2026-01-31,221448110.0,40072,2026-01-31 23:59:59.999999999
40072/0/40100187/40100191,2026-02-28,221448110.0,40072,2026-02-28 23:59:59.999999999
40072/0/40100187/40100191,2026-03-31,221448110.0,40072,2026-03-31 23:59:59.999999999
40072/0/40100187/40100191,2026-04-30,221448110.0,40072,2026-04-30 23:59:59.999999999
40072/0/40100187/40100191,2026-05-31,221448110.0,40072,2026-05-31 23:59:59.999999999
40072/0/40100187/40100191,2026-06-30,221448110.0,40072,2026-06-30 23:59:59.999999999
40072/0/40100187/40100191,2026-07-31,221448110.0,40072,2026-07-31 23:59:59.999999999
40072/0/40100187/40100191,2026-08-31,221448110.0,40072,2026-08-31 23:59:59.999999999
40072/0/40100187/40100191,2026-09-30,221448110.0,40072,2026-09-30 23:59:59.999999999
40072/0/40100187/40100191,2026-10-31,221448110.0,40072,2026-10-31 23:59:59.999999999
40072/0/40100187/40100191,2026-11-30,221448110.0,40072,2026-11-30 23:59:59.999999999
40072/0/40100187/40100191,2026-12-31,221448110.0,40072,2026-12-31 23:59:59.999999999
40072/0/40100187/40100191,2027-01-31,221448110.0,40072,2027-01-31 23:59:59.999999999
40072/0/40100187/40100191,2027-02-28,221448110.0,40072,2027-02-28 23:59:59.999999999
40072/0/40100187/40100191,2027-03-31,221448110.0,40072,2027-03-31 23:59:59.999999999
40072/0/40100187/40100191,2027-04-30,221448110.0,40072,2027-04-30 23:59:59.999999999
40072/0/40100187/40100191,2027-05-31,221448110.0,40072,2027-05-31 23:59:59.999999999
40072/0/40100187/40100191/0,2024-12-31,142375070.0,40072,2024-12-31 23:59:59.999999999
40072/0/40100187/40100191/0,2025-01-31,221448110.0,40072,2025-01-31 23:59:59.999999999
40072/0/40100187/40100191/0,2025-02-28,221448110.0,40072,2025-02-28 23:59:59.999999999
40072/0/40100187/40100191/0,2025-03-31,221448110.0,40072,2025-03-31 23:59:59.999999999
40072/0/40100187/40100191/0,2025-04-30,221448110.0,40072,2025-04-30 23:59:59.999999999
40072/0/40100187/40100191/0,2025-05-31,221448110.0,40072,2025-05-31 23:59:59.999999999
40072/0/40100187/40100191/0,2025-06-30,221448110.0,40072,2025-06-30 23:59:59.999999999
40072/0/40100187/40100191/0,2025-07-31,221448110.0,40072,2025-07-31 23:59:59.999999999
40072/0/40100187/40100191/0,2025-08-31,221448110.0,40072,2025-08-31 23:59:59.999999999
40072/0/40100187/40100191/0,2025-09-30,221448110.0,40072,2025-09-30 23:59:59.999999999
40072/0/40100187/40100191/0,2025-10-31,221448110.0,40072,2025-10-31 23:59:59.999999999
40072/0/40100187/40100191/0,2025-11-30,221448110.0,40072,2025-11-30 23:59:59.999999999
40072/0/40100187/40100191/0,2025-12-31,221448110.0,40072,2025-12-31 23:59:59.999999999
40072/0/40100187/40100191/0,2026-01-31,221448110.0,40072,2026-01-31 23:59:59.999999999
40072/0/40100187/40100191/0,2026-02-28,221448110.0,40072,2026-02-28 23:59:59.999999999
40072/0/40100187/40100191/0,2026-03-31,221448110.0,40072,2026-03-31 23:59:59.999999999
40072/0/40100187/40100191/0,2026-04-30,221448110.0,40072,2026-04-30 23:59:59.999999999
40072/0/40100187/40100191/0,2026-05-31,221448110.0,40072,2026-05-31 23:59:59.999999999
40072/0/40100187/40100191/0,2026-06-30,221448110.0,40072,2026-06-30 23:59:59.999999999
40072/0/40100187/40100191/0,2026-07-31,221448110.0,40072,2026-07-31 23:59:59.999999999
40072/0/40100187/40100191/0,2026-08-31,221448110.0,40072,2026-08-31 23:59:59.999999999
40072/0/40100187/40100191/0,2026-09-30,221448110.0,40072,2026-09-30 23:59:59.999999999
40072/0/40100187/40100191/0,2026-10-31,221448110.0,40072,2026-10-31 23:59:59.999999999
40072/0/40100187/40100191/0,2026-11-30,221448110.0,40072,2026-11-30 23:59:59.999999999
40072/0/40100187/40100191/0,2026-12-31,221448110.0,40072,2026-12-31 23:59:59.999999999
40072/0/40100187/40100191/0,2027-01-31,221448110.0,40072,2027-01-31 23:59:59.999999999
40072/0/40100187/40100191/0,2027-02-28,221448110.0,40072,2027-02-28 23:59:59.999999999
40072/0/40100187/40100191/0,2027-03-31,221448110.0,40072,2027-03-31 23:59:59.999999999
40072/0/40100187/40100191/0,2027-04-30,221448110.0,40072,2027-04-30 23:59:59.999999999
40072/0/40100187/40100191/0,2027-05-31,221448110.0,40072,2027-05-31 23:59:59.999999999
40072/0/40100187/40100192,2024-12-31,0.0,40072,2024-12-31 23:59:59.999999999
40072/0/40100187/40100192,2025-01-31,0.0,40072,2025-01-31 23:59:59.999999999
40072/0/40100187/40100192,2025-02-28,0.0,40072,2025-02-28 23:59:59.999999999
40072/0/40100187/40100192,2025-03-31,0.0,40072,2025-03-31 23:59:59.999999999
40072/0/40100187/40100192,2025-04-30,0.0,40072,2025-04-30 23:59:59.999999999
40072/0/40100187/40100192,2025-05-31,0.0,40072,2025-05-31 23:59:59.999999999
40072/0/40100187/40100192,2025-06-30,0.0,40072,2025-06-30 23:59:59.999999999
40072/0/40100187/40100192,2025-07-31,0.0,40072,2025-07-31 23:59:59.999999999
40072/0/40100187/40100192,2025-08-31,0.0,40072,2025-08-31 23:59:59.999999999
40072/0/40100187/40100192,2025-09-30,0.0,40072,2025-09-30 23:59:59.999999999
40072/0/40100187/40100192,2025-10-31,0.0,40072,2025-10-31 23:59:59.999999999
40072/0/40100187/40100192,2025-11-30,0.0,40072,2025-11-30 23:59:59.999999999
40072/0/40100187/40100192,2025-12-31,0.0,40072,2025-12-31 23:59:59.999999999
40072/0/40100187/40100192,2026-01-31,0.0,40072,2026-01-31 23:59:59.999999999
40072/0/40100187/40100192,2026-02-28,0.0,40072,2026-02-28 23:59:59.999999999
40072/0/40100187/40100192,2026-03-31,0.0,40072,2026-03-31 23:59:59.999999999
40072/0/40100187/40100192,2026-04-30,0.0,40072,2026-04-30 23:59:59.999999999
40072/0/40100187/40100192,2026-05-31,0.0,40072,2026-05-31 23:59:59.999999999
40072/0/40100187/40100192,2026-06-30,0.0,40072,2026-06-30 23:59:59.999999999
40072/0/40100187/40100192,2026-07-31,0.0,40072,2026-07-31 23:59:59.999999999
40072/0/40100187/40100192,2026-08-31,0.0,40072,2026-08-31 23:59:59.999999999
40072/0/40100187/40100192,2026-09-30,0.0,40072,2026-09-30 23:59:59.999999999
40072/0/40100187/40100192,2026-10-31,0.0,40072,2026-10-31 23:59:59.999999999
40072/0/40100187/40100192,2026-11-30,0.0,40072,2026-11-30 23:59:59.999999999
40072/0/40100187/40100192,2026-12-31,0.0,40072,2026-12-31 23:59:59.999999999
40072/0/40100187/40100192,2027-01-31,0.0,40072,2027-01-31 23:59:59.999999999
40072/0/40100187/40100192,2027-02-28,0.0,40072,2027-02-28 23:59:59.999999999
40072/0/40100187/40100192,2027-03-31,0.0,40072,2027-03-31 23:59:59.999999999
40072/0/40100187/40100192,2027-04-30,0.0,40072,2027-04-30 23:59:59.999999999
40072/0/40100187/40100192,2027-05-31,0.0,40072,2027-05-31 23:59:59.999999999
40072/0/40100187/40100192/0,2024-12-31,0.0,40072,2024-12-31 23:59:59.999999999
40072/0/40100187/40100192/0,2025-01-31,0.0,40072,2025-01-31 23:59:59.999999999
40072/0/40100187/40100192/0,2025-02-28,0.0,40072,2025-02-28 23:59:59.999999999
40072/0/40100187/40100192/0,2025-03-31,0.0,40072,2025-03-31 23:59:59.999999999
40072/0/40100187/40100192/0,2025-04-30,0.0,40072,2025-04-30 23:59:59.999999999
40072/0/40100187/40100192/0,2025-05-31,0.0,40072,2025-05-31 23:59:59.999999999
40072/0/40100187/40100192/0,2025-06-30,0.0,40072,2025-06-30 23:59:59.999999999
40072/0/40100187/40100192/0,2025-07-31,0.0,40072,2025-07-31 23:59:59.999999999
40072/0/40100187/40100192/0,2025-08-31,0.0,40072,2025-08-31 23:59:59.999999999
40072/0/40100187/40100192/0,2025-09-30,0.0,40072,2025-09-30 23:59:59.999999999
40072/0/40100187/40100192/0,2025-10-31,0.0,40072,2025-10-31 23:59:59.999999999
40072/0/40100187/40100192/0,2025-11-30,0.0,40072,2025-11-30 23:59:59.999999999
40072/0/40100187/40100192/0,2025-12-31,0.0,40072,2025-12-31 23:59:59.999999999
40072/0/40100187/40100192/0,2026-01-31,0.0,40072,2026-01-31 23:59:59.999999999
40072/0/40100187/40100192/0,2026-02-28,0.0,40072,2026-02-28 23:59:59.999999999
40072/0/40100187/40100192/0,2026-03-31,0.0,40072,2026-03-31 23:59:59.999999999
40072/0/40100187/40100192/0,2026-04-30,0.0,40072,2026-04-30 23:59:59.999999999
40072/0/40100187/40100192/0,2026-05-31,0.0,40072,2026-05-31 23:59:59.999999999
40072/0/40100187/40100192/0,2026-06-30,0.0,40072,2026-06-30 23:59:59.999999999
40072/0/40100187/40100192/0,2026-07-31,0.0,40072,2026-07-31 23:59:59.999999999
40072/0/40100187/40100192/0,2026-08-31,0.0,40072,2026-08-31 23:59:59.999999999
40072/0/40100187/40100192/0,2026-09-30,0.0,40072,2026-09-30 23:59:59.999999999
40072/0/40100187/40100192/0,2026-10-31,0.0,40072,2026-10-31 23:59:59.999999999
40072/0/40100187/40100192/0,2026-11-30,0.0,40072,2026-11-30 23:59:59.999999999
40072/0/40100187/40100192/0,2026-12-31,0.0,40072,2026-12-31 23:59:59.999999999
40072/0/40100187/40100192/0,2027-01-31,0.0,40072,2027-01-31 23:59:59.999999999
40072/0/40100187/40100192/0,2027-02-28,0.0,40072,2027-02-28 23:59:59.999999999
40072/0/40100187/40100192/0,2027-03-31,0.0,40072,2027-03-31 23:59:59.999999999
40072/0/40100187/40100192/0,2027-04-30,0.0,40072,2027-04-30 23:59:59.999999999
40072/0/40100187/40100192/0,2027-05-31,0.0,40072,2027-05-31 23:59:59.999999999
40072/0/40100187/40100193,2024-12-31,157917940000.0,40072,2024-12-31 23:59:59.999999999
40072/0/40100187/40100193,2025-01-31,158677530000.0,40072,2025-01-31 23:59:59.999999999
40072/0/40100187/40100193,2025-02-28,159437130000.0,40072,2025-02-28 23:59:59.999999999
40072/0/40100187/40100193,2025-03-31,160196720000.0,40072,2025-03-31 23:59:59.999999999
40072/0/40100187/40100193,2025-04-30,160956320000.0,40072,2025-04-30 23:59:59.999999999
40072/0/40100187/40100193,2025-05-31,161715910000.0,40072,2025-05-31 23:59:59.999999999
40072/0/40100187/40100193,2025-06-30,162475500000.0,40072,2025-06-30 23:59:59.999999999
40072/0/40100187/40100193,2025-07-31,163235100000.0,40072,2025-07-31 23:59:59.999999999
40072/0/40100187/40100193,2025-08-31,163994700000.0,40072,2025-08-31 23:59:59.999999999
40072/0/40100187/40100193,2025-09-30,164754300000.0,40072,2025-09-30 23:59:59.999999999
40072/0/40100187/40100193,2025-10-31,165513890000.0,40072,2025-10-31 23:59:59.999999999
40072/0/40100187/40100193,2025-11-30,166273480000.0,40072,2025-11-30 23:59:59.999999999
40072/0/40100187/40100193,2025-12-31,167033080000.0,40072,2025-12-31 23:59:59.999999999
40072/0/40100187/40100193,2026-01-31,167792670000.0,40072,2026-01-31 23:59:59.999999999
40072/0/40100187/40100193,2026-02-28,168552270000.0,40072,2026-02-28 23:59:59.999999999
40072/0/40100187/40100193,2026-03-31,169311860000.0,40072,2026-03-31 23:59:59.999999999
40072/0/40100187/40100193,2026-04-30,170071460000.0,40072,2026-04-30 23:59:59.999999999
40072/0/40100187/40100193,2026-05-31,170831050000.0,40072,2026-05-31 23:59:59.999999999
40072/0/40100187/40100193,2026-06-30,171590650000.0,40072,2026-06-30 23:59:59.999999999
40072/0/40100187/40100193,2026-07-31,172350240000.0,40072,2026-07-31 23:59:59.999999999
40072/0/40100187/40100193,2026-08-31,173109840000.0,40072,2026-08-31 23:59:59.999999999
40072/0/40100187/40100193,2026-09-30,173869450000.0,40072,2026-09-30 23:59:59.999999999
40072/0/40100187/40100193,2026-10-31,174629040000.0,40072,2026-10-31 23:59:59.999999999
40072/0/40100187/40100193,2026-11-30,175388640000.0,40072,2026-11-30 23:59:59.999999999
40072/0/40100187/40100193,2026-12-31,176148230000.0,40072,2026-12-31 23:59:59.999999999
40072/0/40100187/40100193,2027-01-31,176907830000.0,40072,2027-01-31 23:59:59.999999999
40072/0/40100187/40100193,2027-02-28,177667420000.0,40072,2027-02-28 23:59:59.999999999
40072/0/40100187/40100193,2027-03-31,178427020000.0,40072,2027-03-31 23:59:59.999999999
40072/0/40100187/40100193,2027-04-30,179186610000.0,40072,2027-04-30 23:59:59.999999999
40072/0/40100187/40100193,2027-05-31,179946210000.0,40072,2027-05-31 23:59:59.999999999
40072/0/40100187/40100193/0,2024-12-31,157917940000.0,40072,2024-12-31 23:59:59.999999999
40072/0/40100187/40100193/0,2025-01-31,158677530000.0,40072,2025-01-31 23:59:59.999999999
40072/0/40100187/40100193/0,2025-02-28,159437130000.0,40072,2025-02-28 23:59:59.999999999
40072/0/40100187/40100193/0,2025-03-31,160196720000.0,40072,2025-03-31 23:59:59.999999999
40072/0/40100187/40100193/0,2025-04-30,160956320000.0,40072,2025-04-30 23:59:59.999999999
40072/0/40100187/40100193/0,2025-05-31,161715910000.0,40072,2025-05-31 23:59:59.999999999
40072/0/40100187/40100193/0,2025-06-30,162475500000.0,40072,2025-06-30 23:59:59.999999999
40072/0/40100187/40100193/0,2025-07-31,163235100000.0,40072,2025-07-31 23:59:59.999999999
40072/0/40100187/40100193/0,2025-08-31,163994700000.0,40072,2025-08-31 23:59:59.999999999
40072/0/40100187/40100193/0,2025-09-30,164754300000.0,40072,2025-09-30 23:59:59.999999999
40072/0/40100187/40100193/0,2025-10-31,165513890000.0,40072,2025-10-31 23:59:59.999999999
40072/0/40100187/40100193/0,2025-11-30,166273480000.0,40072,2025-11-30 23:59:59.999999999
40072/0/40100187/40100193/0,2025-12-31,167033080000.0,40072,2025-12-31 23:59:59.999999999
40072/0/40100187/40100193/0,2026-01-31,167792670000.0,40072,2026-01-31 23:59:59.999999999
40072/0/40100187/40100193/0,2026-02-28,168552270000.0,40072,2026-02-28 23:59:59.999999999
40072/0/40100187/40100193/0,2026-03-31,169311860000.0,40072,2026-03-31 23:59:59.999999999
40072/0/40100187/40100193/0,2026-04-30,170071460000.0,40072,2026-04-30 23:59:59.999999999
40072/0/40100187/40100193/0,2026-05-31,170831050000.0,40072,2026-05-31 23:59:59.999999999
40072/0/40100187/40100193/0,2026-06-30,171590650000.0,40072,2026-06-30 23:59:59.999999999
40072/0/40100187/40100193/0,2026-07-31,172350240000.0,40072,2026-07-31 23:59:59.999999999
40072/0/40100187/40100193/0,2026-08-31,173109840000.0,40072,2026-08-31 23:59:59.999999999
40072/0/40100187/40100193/0,2026-09-30,173869450000.0,40072,2026-09-30 23:59:59.999999999
40072/0/40100187/40100193/0,2026-10-31,174629040000.0,40072,2026-10-31 23:59:59.999999999
40072/0/40100187/40100193/0,2026-11-30,175388640000.0,40072,2026-11-30 23:59:59.999999999
40072/0/40100187/40100193/0,2026-12-31,176148230000.0,40072,2026-12-31 23:59:59.999999999
40072/0/40100187/40100193/0,2027-01-31,176907830000.0,40072,2027-01-31 23:59:59.999999999
40072/0/40100187/40100193/0,2027-02-28,177667420000.0,40072,2027-02-28 23:59:59.999999999
40072/0/40100187/40100193/0,2027-03-31,178427020000.0,40072,2027-03-31 23:59:59.999999999
40072/0/40100187/40100193/0,2027-04-30,179186610000.0,40072,2027-04-30 23:59:59.999999999
40072/0/40100187/40100193/0,2027-05-31,179946210000.0,40072,2027-05-31 23:59:59.999999999
40072/0/40100187/40100194,2024-12-31,224726580000.0,40072,2024-12-31 23:59:59.999999999
40072/0/40100187/40100194,2025-01-31,226214250000.0,40072,2025-01-31 23:59:59.999999999
40072/0/40100187/40100194,2025-02-28,227701900000.0,40072,2025-02-28 23:59:59.999999999
40072/0/40100187/40100194,2025-03-31,229189570000.0,40072,2025-03-31 23:59:59.999999999
40072/0/40100187/40100194,2025-04-30,230677220000.0,40072,2025-04-30 23:59:59.999999999
40072/0/40100187/40100194,2025-05-31,232164880000.0,40072,2025-05-31 23:59:59.999999999
40072/0/40100187/40100194,2025-06-30,233652540000.0,40072,2025-06-30 23:59:59.999999999
40072/0/40100187/40100194,2025-07-31,235140200000.0,40072,2025-07-31 23:59:59.999999999
40072/0/40100187/40100194,2025-08-31,236627850000.0,40072,2025-08-31 23:59:59.999999999
40072/0/40100187/40100194,2025-09-30,238115500000.0,40072,2025-09-30 23:59:59.999999999
40072/0/40100187/40100194,2025-10-31,239603170000.0,40072,2025-10-31 23:59:59.999999999
40072/0/40100187/40100194,2025-11-30,241090820000.0,40072,2025-11-30 23:59:59.999999999
40072/0/40100187/40100194,2025-12-31,242578490000.0,40072,2025-12-31 23:59:59.999999999
40072/0/40100187/40100194,2026-01-31,244066140000.0,40072,2026-01-31 23:59:59.999999999
40072/0/40100187/40100194,2026-02-28,245553800000.0,40072,2026-02-28 23:59:59.999999999
40072/0/40100187/40100194,2026-03-31,247041460000.0,40072,2026-03-31 23:59:59.999999999
40072/0/40100187/40100194,2026-04-30,248529110000.0,40072,2026-04-30 23:59:59.999999999
40072/0/40100187/40100194,2026-05-31,250016780000.0,40072,2026-05-31 23:59:59.999999999
40072/0/40100187/40100194,2026-06-30,251504430000.0,40072,2026-06-30 23:59:59.999999999
40072/0/40100187/40100194,2026-07-31,252992100000.0,40072,2026-07-31 23:59:59.999999999
40072/0/40100187/40100194,2026-08-31,254479750000.0,40072,2026-08-31 23:59:59.999999999
40072/0/40100187/40100194,2026-09-30,255967410000.0,40072,2026-09-30 23:59:59.999999999
40072/0/40100187/40100194,2026-10-31,257455060000.0,40072,2026-10-31 23:59:59.999999999
40072/0/40100187/40100194,2026-11-30,258942730000.0,40072,2026-11-30 23:59:59.999999999
40072/0/40100187/40100194,2026-12-31,260430380000.0,40072,2026-12-31 23:59:59.999999999
40072/0/40100187/40100194,2027-01-31,261918030000.0,40072,2027-01-31 23:59:59.999999999
40072/0/40100187/40100194,2027-02-28,263405700000.0,40072,2027-02-28 23:59:59.999999999
40072/0/40100187/40100194,2027-03-31,264893350000.0,40072,2027-03-31 23:59:59.999999999
40072/0/40100187/40100194,2027-04-30,266381020000.0,40072,2027-04-30 23:59:59.999999999
40072/0/40100187/40100194,2027-05-31,267868670000.0,40072,2027-05-31 23:59:59.999999999
40072/0/40100187/40100194/0,2024-12-31,224726580000.0,40072,2024-12-31 23:59:59.999999999
40072/0/40100187/40100194/0,2025-01-31,226214250000.0,40072,2025-01-31 23:59:59.999999999
40072/0/40100187/40100194/0,2025-02-28,227701900000.0,40072,2025-02-28 23:59:59.999999999
40072/0/40100187/40100194/0,2025-03-31,229189570000.0,40072,2025-03-31 23:59:59.999999999
40072/0/40100187/40100194/0,2025-04-30,230677220000.0,40072,2025-04-30 23:59:59.999999999
40072/0/40100187/40100194/0,2025-05-31,232164880000.0,40072,2025-05-31 23:59:59.999999999
40072/0/40100187/40100194/0,2025-06-30,233652540000.0,40072,2025-06-30 23:59:59.999999999
40072/0/40100187/40100194/0,2025-07-31,235140200000.0,40072,2025-07-31 23:59:59.999999999
40072/0/40100187/40100194/0,2025-08-31,236627850000.0,40072,2025-08-31 23:59:59.999999999
40072/0/40100187/40100194/0,2025-09-30,238115500000.0,40072,2025-09-30 23:59:59.999999999
40072/0/40100187/40100194/0,2025-10-31,239603170000.0,40072,2025-10-31 23:59:59.999999999
40072/0/40100187/40100194/0,2025-11-30,241090820000.0,40072,2025-11-30 23:59:59.999999999
40072/0/40100187/40100194/0,2025-12-31,242578490000.0,40072,2025-12-31 23:59:59.999999999
40072/0/40100187/40100194/0,2026-01-31,244066140000.0,40072,2026-01-31 23:59:59.999999999
40072/0/40100187/40100194/0,2026-02-28,245553800000.0,40072,2026-02-28 23:59:59.999999999
40072/0/40100187/40100194/0,2026-03-31,247041460000.0,40072,2026-03-31 23:59:59.999999999
40072/0/40100187/40100194/0,2026-04-30,248529110000.0,40072,2026-04-30 23:59:59.999999999
40072/0/40100187/40100194/0,2026-05-31,250016780000.0,40072,2026-05-31 23:59:59.999999999
40072/0/40100187/40100194/0,2026-06-30,251504430000.0,40072,2026-06-30 23:59:59.999999999
40072/0/40100187/40100194/0,2026-07-31,252992100000.0,40072,2026-07-31 23:59:59.999999999
40072/0/40100187/40100194/0,2026-08-31,254479750000.0,40072,2026-08-31 23:59:59.999999999
40072/0/40100187/40100194/0,2026-09-30,255967410000.0,40072,2026-09-30 23:59:59.999999999
40072/0/40100187/40100194/0,2026-10-31,257455060000.0,40072,2026-10-31 23:59:59.999999999
40072/0/40100187/40100194/0,2026-11-30,258942730000.0,40072,2026-11-30 23:59:59.999999999
40072/0/40100187/40100194/0,2026-12-31,260430380000.0,40072,2026-12-31 23:59:59.999999999
40072/0/40100187/40100194/0,2027-01-31,261918030000.0,40072,2027-01-31 23:59:59.999999999
40072/0/40100187/40100194/0,2027-02-28,263405700000.0,40072,2027-02-28 23:59:59.999999999
40072/0/40100187/40100194/0,2027-03-31,264893350000.0,40072,2027-03-31 23:59:59.999999999
40072/0/40100187/40100194/0,2027-04-30,266381020000.0,40072,2027-04-30 23:59:59.999999999
40072/0/40100187/40100194/0,2027-05-31,267868670000.0,40072,2027-05-31 23:59:59.999999999
40072/0/40100187/40100195,2024-12-31,0.0,40072,2024-12-31 23:59:59.999999999
40072/0/40100187/40100195,2025-01-31,0.0,40072,2025-01-31 23:59:59.999999999
40072/0/40100187/40100195,2025-02-28,0.0,40072,2025-02-28 23:59:59.999999999
40072/0/40100187/40100195,2025-03-31,0.0,40072,2025-03-31 23:59:59.999999999
40072/0/40100187/40100195,2025-04-30,0.0,40072,2025-04-30 23:59:59.999999999
40072/0/40100187/40100195,2025-05-31,0.0,40072,2025-05-31 23:59:59.999999999
40072/0/40100187/40100195,2025-06-30,0.0,40072,2025-06-30 23:59:59.999999999
40072/0/40100187/40100195,2025-07-31,0.0,40072,2025-07-31 23:59:59.999999999
40072/0/40100187/40100195,2025-08-31,0.0,40072,2025-08-31 23:59:59.999999999
40072/0/40100187/40100195,2025-09-30,0.0,40072,2025-09-30 23:59:59.999999999
40072/0/40100187/40100195,2025-10-31,0.0,40072,2025-10-31 23:59:59.999999999
40072/0/40100187/40100195,2025-11-30,0.0,40072,2025-11-30 23:59:59.999999999
40072/0/40100187/40100195,2025-12-31,0.0,40072,2025-12-31 23:59:59.999999999
40072/0/40100187/40100195,2026-01-31,0.0,40072,2026-01-31 23:59:59.999999999
40072/0/40100187/40100195,2026-02-28,0.0,40072,2026-02-28 23:59:59.999999999
40072/0/40100187/40100195,2026-03-31,0.0,40072,2026-03-31 23:59:59.999999999
40072/0/40100187/40100195,2026-04-30,0.0,40072,2026-04-30 23:59:59.999999999
40072/0/40100187/40100195,2026-05-31,0.0,40072,2026-05-31 23:59:59.999999999
40072/0/40100187/40100195,2026-06-30,0.0,40072,2026-06-30 23:59:59.999999999
40072/0/40100187/40100195,2026-07-31,0.0,40072,2026-07-31 23:59:59.999999999
40072/0/40100187/40100195,2026-08-31,0.0,40072,2026-08-31 23:59:59.999999999
40072/0/40100187/40100195,2026-09-30,0.0,40072,2026-09-30 23:59:59.999999999
40072/0/40100187/40100195,2026-10-31,0.0,40072,2026-10-31 23:59:59.999999999
40072/0/40100187/40100195,2026-11-30,0.0,40072,2026-11-30 23:59:59.999999999
40072/0/40100187/40100195,2026-12-31,0.0,40072,2026-12-31 23:59:59.999999999
40072/0/40100187/40100195,2027-01-31,0.0,40072,2027-01-31 23:59:59.999999999
40072/0/40100187/40100195,2027-02-28,0.0,40072,2027-02-28 23:59:59.999999999
40072/0/40100187/40100195,2027-03-31,0.0,40072,2027-03-31 23:59:59.999999999
40072/0/40100187/40100195,2027-04-30,0.0,40072,2027-04-30 23:59:59.999999999
40072/0/40100187/40100195,2027-05-31,0.0,40072,2027-05-31 23:59:59.999999999
40072/0/40100187/40100195/0,2024-12-31,0.0,40072,2024-12-31 23:59:59.999999999
40072/0/40100187/40100195/0,2025-01-31,0.0,40072,2025-01-31 23:59:59.999999999
40072/0/40100187/40100195/0,2025-02-28,0.0,40072,2025-02-28 23:59:59.999999999
40072/0/40100187/40100195/0,2025-03-31,0.0,40072,2025-03-31 23:59:59.999999999
40072/0/40100187/40100195/0,2025-04-30,0.0,40072,2025-04-30 23:59:59.999999999
40072/0/40100187/40100195/0,2025-05-31,0.0,40072,2025-05-31 23:59:59.999999999
40072/0/40100187/40100195/0,2025-06-30,0.0,40072,2025-06-30 23:59:59.999999999
40072/0/40100187/40100195/0,2025-07-31,0.0,40072,2025-07-31 23:59:59.999999999
40072/0/40100187/40100195/0,2025-08-31,0.0,40072,2025-08-31 23:59:59.999999999
40072/0/40100187/40100195/0,2025-09-30,0.0,40072,2025-09-30 23:59:59.999999999
40072/0/40100187/40100195/0,2025-10-31,0.0,40072,2025-10-31 23:59:59.999999999
40072/0/40100187/40100195/0,2025-11-30,0.0,40072,2025-11-30 23:59:59.999999999
40072/0/40100187/40100195/0,2025-12-31,0.0,40072,2025-12-31 23:59:59.999999999
40072/0/40100187/40100195/0,2026-01-31,0.0,40072,2026-01-31 23:59:59.999999999
40072/0/40100187/40100195/0,2026-02-28,0.0,40072,2026-02-28 23:59:59.999999999
40072/0/40100187/40100195/0,2026-03-31,0.0,40072,2026-03-31 23:59:59.999999999
40072/0/40100187/40100195/0,2026-04-30,0.0,40072,2026-04-30 23:59:59.999999999
40072/0/40100187/40100195/0,2026-05-31,0.0,40072,2026-05-31 23:59:59.999999999
40072/0/40100187/40100195/0,2026-06-30,0.0,40072,2026-06-30 23:59:59.999999999
40072/0/40100187/40100195/0,2026-07-31,0.0,40072,2026-07-31 23:59:59.999999999
40072/0/40100187/40100195/0,2026-08-31,0.0,40072,2026-08-31 23:59:59.999999999
40072/0/40100187/40100195/0,2026-09-30,0.0,40072,2026-09-30 23:59:59.999999999
40072/0/40100187/40100195/0,2026-10-31,0.0,40072,2026-10-31 23:59:59.999999999
40072/0/40100187/40100195/0,2026-11-30,0.0,40072,2026-11-30 23:59:59.999999999
40072/0/40100187/40100195/0,2026-12-31,0.0,40072,2026-12-31 23:59:59.999999999
40072/0/40100187/40100195/0,2027-01-31,0.0,40072,2027-01-31 23:59:59.999999999
40072/0/40100187/40100195/0,2027-02-28,0.0,40072,2027-02-28 23:59:59.999999999
40072/0/40100187/40100195/0,2027-03-31,0.0,40072,2027-03-31 23:59:59.999999999
40072/0/40100187/40100195/0,2027-04-30,0.0,40072,2027-04-30 23:59:59.999999999
40072/0/40100187/40100195/0,2027-05-31,0.0,40072,2027-05-31 23:59:59.999999999
40072/0/40100196,2024-12-31,117085000000.0,40072,2024-12-31 23:59:59.999999999
40072/0/40100196,2025-01-31,117223610000.0,40072,2025-01-31 23:59:59.999999999
40072/0/40100196,2025-02-28,117662110000.0,40072,2025-02-28 23:59:59.999999999
40072/0/40100196,2025-03-31,118055340000.0,40072,2025-03-31 23:59:59.999999999
40072/0/40100196,2025-04-30,118455400000.0,40072,2025-04-30 23:59:59.999999999
40072/0/40100196,2025-05-31,118854435000.0,40072,2025-05-31 23:59:59.999999999
40072/0/40100196,2025-06-30,119253615000.0,40072,2025-06-30 23:59:59.999999999
40072/0/40100196,2025-07-31,119652780000.0,40072,2025-07-31 23:59:59.999999999
40072/0/40100196,2025-08-31,120051950000.0,40072,2025-08-31 23:59:59.999999999
40072/0/40100196,2025-09-30,120451110000.0,40072,2025-09-30 23:59:59.999999999
40072/0/40100196,2025-10-31,120850280000.0,40072,2025-10-31 23:59:59.999999999
40072/0/40100196,2025-11-30,121249450000.0,40072,2025-11-30 23:59:59.999999999
40072/0/40100196,2025-12-31,121648610000.0,40072,2025-12-31 23:59:59.999999999
40072/0/40100196,2026-01-31,122047775000.0,40072,2026-01-31 23:59:59.999999999
40072/0/40100196,2026-02-28,122446940000.0,40072,2026-02-28 23:59:59.999999999
40072/0/40100196,2026-03-31,122846110000.0,40072,2026-03-31 23:59:59.999999999
40072/0/40100196,2026-04-30,123245270000.0,40072,2026-04-30 23:59:59.999999999
40072/0/40100196,2026-05-31,123644440000.0,40072,2026-05-31 23:59:59.999999999
40072/0/40100196,2026-06-30,124043610000.0,40072,2026-06-30 23:59:59.999999999
40072/0/40100196,2026-07-31,124442770000.0,40072,2026-07-31 23:59:59.999999999
40072/0/40100196,2026-08-31,124841935000.0,40072,2026-08-31 23:59:59.999999999
40072/0/40100196,2026-09-30,125241100000.0,40072,2026-09-30 23:59:59.999999999
40072/0/40100196,2026-10-31,125640270000.0,40072,2026-10-31 23:59:59.999999999
40072/0/40100196,2026-11-30,126039430000.0,40072,2026-11-30 23:59:59.999999999
40072/0/40100196,2026-12-31,126438600000.0,40072,2026-12-31 23:59:59.999999999
40072/0/40100196,2027-01-31,126837760000.0,40072,2027-01-31 23:59:59.999999999
40072/0/40100196,2027-02-28,127236930000.0,40072,2027-02-28 23:59:59.999999999
40072/0/40100196,2027-03-31,127636095000.0,40072,2027-03-31 23:59:59.999999999
40072/0/40100196,2027-04-30,128035260000.0,40072,2027-04-30 23:59:59.999999999
40072/0/40100196,2027-05-31,128434430000.0,40072,2027-05-31 23:59:59.999999999
40072/0/40100196/40100197,2024-12-31,834704600.0,40072,2024-12-31 23:59:59.999999999
40072/0/40100196/40100197,2025-01-31,769929000.0,40072,2025-01-31 23:59:59.999999999
40072/0/40100196/40100197,2025-02-28,719200800.0,40072,2025-02-28 23:59:59.999999999
40072/0/40100196/40100197,2025-03-31,670928700.0,40072,2025-03-31 23:59:59.999999999
40072/0/40100196/40100197,2025-04-30,626469440.0,40072,2025-04-30 23:59:59.999999999
40072/0/40100196/40100197,2025-05-31,586528100.0,40072,2025-05-31 23:59:59.999999999
40072/0/40100196/40100197,2025-06-30,550324400.0,40072,2025-06-30 23:59:59.999999999
40072/0/40100196/40100197,2025-07-31,517431840.0,40072,2025-07-31 23:59:59.999999999
40072/0/40100196/40100197,2025-08-31,487600220.0,40072,2025-08-31 23:59:59.999999999
40072/0/40100196/40100197,2025-09-30,460546460.0,40072,2025-09-30 23:59:59.999999999
40072/0/40100196/40100197,2025-10-31,436004960.0,40072,2025-10-31 23:59:59.999999999
40072/0/40100196/40100197,2025-11-30,413743300.0,40072,2025-11-30 23:59:59.999999999
40072/0/40100196/40100197,2025-12-31,393550370.0,40072,2025-12-31 23:59:59.999999999
40072/0/40100196/40100197,2026-01-31,375233760.0,40072,2026-01-31 23:59:59.999999999
40072/0/40100196/40100197,2026-02-28,358619040.0,40072,2026-02-28 23:59:59.999999999
40072/0/40100196/40100197,2026-03-31,343548130.0,40072,2026-03-31 23:59:59.999999999
40072/0/40100196/40100197,2026-04-30,329877570.0,40072,2026-04-30 23:59:59.999999999
40072/0/40100196/40100197,2026-05-31,317477250.0,40072,2026-05-31 23:59:59.999999999
40072/0/40100196/40100197,2026-06-30,306229120.0,40072,2026-06-30 23:59:59.999999999
40072/0/40100196/40100197,2026-07-31,296026140.0,40072,2026-07-31 23:59:59.999999999
40072/0/40100196/40100197,2026-08-31,286771230.0,40072,2026-08-31 23:59:59.999999999
40072/0/40100196/40100197,2026-09-30,278376220.0,40072,2026-09-30 23:59:59.999999999
40072/0/40100196/40100197,2026-10-31,270761280.0,40072,2026-10-31 23:59:59.999999999
40072/0/40100196/40100197,2026-11-30,263853900.0,40072,2026-11-30 23:59:59.999999999
40072/0/40100196/40100197,2026-12-31,257588340.0,40072,2026-12-31 23:59:59.999999999
40072/0/40100196/40100197,2027-01-31,251904940.0,40072,2027-01-31 23:59:59.999999999
40072/0/40100196/40100197,2027-02-28,246749650.0,40072,2027-02-28 23:59:59.999999999
40072/0/40100196/40100197,2027-03-31,242073360.0,40072,2027-03-31 23:59:59.999999999
40072/0/40100196/40100197,2027-04-30,237831580.0,40072,2027-04-30 23:59:59.999999999
40072/0/40100196/40100197,2027-05-31,233983950.0,40072,2027-05-31 23:59:59.999999999
40072/0/40100196/40100197/0,2024-12-31,834704600.0,40072,2024-12-31 23:59:59.999999999
40072/0/40100196/40100197/0,2025-01-31,769929000.0,40072,2025-01-31 23:59:59.999999999
40072/0/40100196/40100197/0,2025-02-28,719200800.0,40072,2025-02-28 23:59:59.999999999
40072/0/40100196/40100197/0,2025-03-31,670928700.0,40072,2025-03-31 23:59:59.999999999
40072/0/40100196/40100197/0,2025-04-30,626469440.0,40072,2025-04-30 23:59:59.999999999
40072/0/40100196/40100197/0,2025-05-31,586528100.0,40072,2025-05-31 23:59:59.999999999
40072/0/40100196/40100197/0,2025-06-30,550324400.0,40072,2025-06-30 23:59:59.999999999
40072/0/40100196/40100197/0,2025-07-31,517431840.0,40072,2025-07-31 23:59:59.999999999
40072/0/40100196/40100197/0,2025-08-31,487600220.0,40072,2025-08-31 23:59:59.999999999
40072/0/40100196/40100197/0,2025-09-30,460546460.0,40072,2025-09-30 23:59:59.999999999
40072/0/40100196/40100197/0,2025-10-31,436004960.0,40072,2025-10-31 23:59:59.999999999
40072/0/40100196/40100197/0,2025-11-30,413743300.0,40072,2025-11-30 23:59:59.999999999
40072/0/40100196/40100197/0,2025-12-31,393550370.0,40072,2025-12-31 23:59:59.999999999
40072/0/40100196/40100197/0,2026-01-31,375233760.0,40072,2026-01-31 23:59:59.999999999
40072/0/40100196/40100197/0,2026-02-28,358619040.0,40072,2026-02-28 23:59:59.999999999
40072/0/40100196/40100197/0,2026-03-31,343548130.0,40072,2026-03-31 23:59:59.999999999
40072/0/40100196/40100197/0,2026-04-30,329877570.0,40072,2026-04-30 23:59:59.999999999
40072/0/40100196/40100197/0,2026-05-31,317477250.0,40072,2026-05-31 23:59:59.999999999
40072/0/40100196/40100197/0,2026-06-30,306229120.0,40072,2026-06-30 23:59:59.999999999
40072/0/40100196/40100197/0,2026-07-31,296026140.0,40072,2026-07-31 23:59:59.999999999
40072/0/40100196/40100197/0,2026-08-31,286771230.0,40072,2026-08-31 23:59:59.999999999
40072/0/40100196/40100197/0,2026-09-30,278376220.0,40072,2026-09-30 23:59:59.999999999
40072/0/40100196/40100197/0,2026-10-31,270761280.0,40072,2026-10-31 23:59:59.999999999
40072/0/40100196/40100197/0,2026-11-30,263853900.0,40072,2026-11-30 23:59:59.999999999
40072/0/40100196/40100197/0,2026-12-31,257588340.0,40072,2026-12-31 23:59:59.999999999
40072/0/40100196/40100197/0,2027-01-31,251904940.0,40072,2027-01-31 23:59:59.999999999
40072/0/40100196/40100197/0,2027-02-28,246749650.0,40072,2027-02-28 23:59:59.999999999
40072/0/40100196/40100197/0,2027-03-31,242073360.0,40072,2027-03-31 23:59:59.999999999
40072/0/40100196/40100197/0,2027-04-30,237831580.0,40072,2027-04-30 23:59:59.999999999
40072/0/40100196/40100197/0,2027-05-31,233983950.0,40072,2027-05-31 23:59:59.999999999
40072/0/40100196/40100198,2024-12-31,115813474000.0,40072,2024-12-31 23:59:59.999999999
40072/0/40100196/40100198,2025-01-31,116014875000.0,40072,2025-01-31 23:59:59.999999999
40072/0/40100196/40100198,2025-02-28,116408290000.0,40072,2025-02-28 23:59:59.999999999
40072/0/40100196/40100198,2025-03-31,116778180000.0,40072,2025-03-31 23:59:59.999999999
40072/0/40100196/40100198,2025-04-30,117150960000.0,40072,2025-04-30 23:59:59.999999999
40072/0/40100196/40100198,2025-05-31,117523380000.0,40072,2025-05-31 23:59:59.999999999
40072/0/40100196/40100198,2025-06-30,117895850000.0,40072,2025-06-30 23:59:59.999999999
40072/0/40100196/40100198,2025-07-31,118268305000.0,40072,2025-07-31 23:59:59.999999999
40072/0/40100196/40100198,2025-08-31,118640770000.0,40072,2025-08-31 23:59:59.999999999
40072/0/40100196/40100198,2025-09-30,119013230000.0,40072,2025-09-30 23:59:59.999999999
40072/0/40100196/40100198,2025-10-31,119385694000.0,40072,2025-10-31 23:59:59.999999999
40072/0/40100196/40100198,2025-11-30,119758160000.0,40072,2025-11-30 23:59:59.999999999
40072/0/40100196/40100198,2025-12-31,120130620000.0,40072,2025-12-31 23:59:59.999999999
40072/0/40100196/40100198,2026-01-31,120503080000.0,40072,2026-01-31 23:59:59.999999999
40072/0/40100196/40100198,2026-02-28,120875540000.0,40072,2026-02-28 23:59:59.999999999
40072/0/40100196/40100198,2026-03-31,121248010000.0,40072,2026-03-31 23:59:59.999999999
40072/0/40100196/40100198,2026-04-30,121620460000.0,40072,2026-04-30 23:59:59.999999999
40072/0/40100196/40100198,2026-05-31,121992930000.0,40072,2026-05-31 23:59:59.999999999
40072/0/40100196/40100198,2026-06-30,122365390000.0,40072,2026-06-30 23:59:59.999999999
40072/0/40100196/40100198,2026-07-31,122737850000.0,40072,2026-07-31 23:59:59.999999999
40072/0/40100196/40100198,2026-08-31,123110310000.0,40072,2026-08-31 23:59:59.999999999
40072/0/40100196/40100198,2026-09-30,123482776000.0,40072,2026-09-30 23:59:59.999999999
40072/0/40100196/40100198,2026-10-31,123855230000.0,40072,2026-10-31 23:59:59.999999999
40072/0/40100196/40100198,2026-11-30,124227700000.0,40072,2026-11-30 23:59:59.999999999
40072/0/40100196/40100198,2026-12-31,124600160000.0,40072,2026-12-31 23:59:59.999999999
40072/0/40100196/40100198,2027-01-31,124972620000.0,40072,2027-01-31 23:59:59.999999999
40072/0/40100196/40100198,2027-02-28,125345080000.0,40072,2027-02-28 23:59:59.999999999
40072/0/40100196/40100198,2027-03-31,125717545000.0,40072,2027-03-31 23:59:59.999999999
40072/0/40100196/40100198,2027-04-30,126090000000.0,40072,2027-04-30 23:59:59.999999999
40072/0/40100196/40100198,2027-05-31,126462470000.0,40072,2027-05-31 23:59:59.999999999
40072/0/40100196/40100198/0,2024-12-31,115813474000.0,40072,2024-12-31 23:59:59.999999999
40072/0/40100196/40100198/0,2025-01-31,116014875000.0,40072,2025-01-31 23:59:59.999999999
40072/0/40100196/40100198/0,2025-02-28,116408290000.0,40072,2025-02-28 23:59:59.999999999
40072/0/40100196/40100198/0,2025-03-31,116778180000.0,40072,2025-03-31 23:59:59.999999999
40072/0/40100196/40100198/0,2025-04-30,117150960000.0,40072,2025-04-30 23:59:59.999999999
40072/0/40100196/40100198/0,2025-05-31,117523380000.0,40072,2025-05-31 23:59:59.999999999
40072/0/40100196/40100198/0,2025-06-30,117895850000.0,40072,2025-06-30 23:59:59.999999999
40072/0/40100196/40100198/0,2025-07-31,118268305000.0,40072,2025-07-31 23:59:59.999999999
40072/0/40100196/40100198/0,2025-08-31,118640770000.0,40072,2025-08-31 23:59:59.999999999
40072/0/40100196/40100198/0,2025-09-30,119013230000.0,40072,2025-09-30 23:59:59.999999999
40072/0/40100196/40100198/0,2025-10-31,119385694000.0,40072,2025-10-31 23:59:59.999999999
40072/0/40100196/40100198/0,2025-11-30,119758160000.0,40072,2025-11-30 23:59:59.999999999
40072/0/40100196/40100198/0,2025-12-31,120130620000.0,40072,2025-12-31 23:59:59.999999999
40072/0/40100196/40100198/0,2026-01-31,120503080000.0,40072,2026-01-31 23:59:59.999999999
40072/0/40100196/40100198/0,2026-02-28,120875540000.0,40072,2026-02-28 23:59:59.999999999
40072/0/40100196/40100198/0,2026-03-31,121248010000.0,40072,2026-03-31 23:59:59.999999999
40072/0/40100196/40100198/0,2026-04-30,121620460000.0,40072,2026-04-30 23:59:59.999999999
40072/0/40100196/40100198/0,2026-05-31,121992930000.0,40072,2026-05-31 23:59:59.999999999
40072/0/40100196/40100198/0,2026-06-30,122365390000.0,40072,2026-06-30 23:59:59.999999999
40072/0/40100196/40100198/0,2026-07-31,122737850000.0,40072,2026-07-31 23:59:59.999999999
40072/0/40100196/40100198/0,2026-08-31,123110310000.0,40072,2026-08-31 23:59:59.999999999
40072/0/40100196/40100198/0,2026-09-30,123482776000.0,40072,2026-09-30 23:59:59.999999999
40072/0/40100196/40100198/0,2026-10-31,123855230000.0,40072,2026-10-31 23:59:59.999999999
40072/0/40100196/40100198/0,2026-11-30,124227700000.0,40072,2026-11-30 23:59:59.999999999
40072/0/40100196/40100198/0,2026-12-31,124600160000.0,40072,2026-12-31 23:59:59.999999999
40072/0/40100196/40100198/0,2027-01-31,124972620000.0,40072,2027-01-31 23:59:59.999999999
40072/0/40100196/40100198/0,2027-02-28,125345080000.0,40072,2027-02-28 23:59:59.999999999
40072/0/40100196/40100198/0,2027-03-31,125717545000.0,40072,2027-03-31 23:59:59.999999999
40072/0/40100196/40100198/0,2027-04-30,126090000000.0,40072,2027-04-30 23:59:59.999999999
40072/0/40100196/40100198/0,2027-05-31,126462470000.0,40072,2027-05-31 23:59:59.999999999
40072/0/40100196/40100199,2024-12-31,0.0,40072,2024-12-31 23:59:59.999999999
40072/0/40100196/40100199,2025-01-31,0.0,40072,2025-01-31 23:59:59.999999999
40072/0/40100196/40100199,2025-02-28,0.0,40072,2025-02-28 23:59:59.999999999
40072/0/40100196/40100199,2025-03-31,0.0,40072,2025-03-31 23:59:59.999999999
40072/0/40100196/40100199,2025-04-30,0.0,40072,2025-04-30 23:59:59.999999999
40072/0/40100196/40100199,2025-05-31,0.0,40072,2025-05-31 23:59:59.999999999
40072/0/40100196/40100199,2025-06-30,0.0,40072,2025-06-30 23:59:59.999999999
40072/0/40100196/40100199,2025-07-31,0.0,40072,2025-07-31 23:59:59.999999999
40072/0/40100196/40100199,2025-08-31,0.0,40072,2025-08-31 23:59:59.999999999
40072/0/40100196/40100199,2025-09-30,0.0,40072,2025-09-30 23:59:59.999999999
40072/0/40100196/40100199,2025-10-31,0.0,40072,2025-10-31 23:59:59.999999999
40072/0/40100196/40100199,2025-11-30,0.0,40072,2025-11-30 23:59:59.999999999
40072/0/40100196/40100199,2025-12-31,0.0,40072,2025-12-31 23:59:59.999999999
40072/0/40100196/40100199,2026-01-31,0.0,40072,2026-01-31 23:59:59.999999999
40072/0/40100196/40100199,2026-02-28,0.0,40072,2026-02-28 23:59:59.999999999
40072/0/40100196/40100199,2026-03-31,0.0,40072,2026-03-31 23:59:59.999999999
40072/0/40100196/40100199,2026-04-30,0.0,40072,2026-04-30 23:59:59.999999999
40072/0/40100196/40100199,2026-05-31,0.0,40072,2026-05-31 23:59:59.999999999
40072/0/40100196/40100199,2026-06-30,0.0,40072,2026-06-30 23:59:59.999999999
40072/0/40100196/40100199,2026-07-31,0.0,40072,2026-07-31 23:59:59.999999999
40072/0/40100196/40100199,2026-08-31,0.0,40072,2026-08-31 23:59:59.999999999
40072/0/40100196/40100199,2026-09-30,0.0,40072,2026-09-30 23:59:59.999999999
40072/0/40100196/40100199,2026-10-31,0.0,40072,2026-10-31 23:59:59.999999999
40072/0/40100196/40100199,2026-11-30,0.0,40072,2026-11-30 23:59:59.999999999
40072/0/40100196/40100199,2026-12-31,0.0,40072,2026-12-31 23:59:59.999999999
40072/0/40100196/40100199,2027-01-31,0.0,40072,2027-01-31 23:59:59.999999999
40072/0/40100196/40100199,2027-02-28,0.0,40072,2027-02-28 23:59:59.999999999
40072/0/40100196/40100199,2027-03-31,0.0,40072,2027-03-31 23:59:59.999999999
40072/0/40100196/40100199,2027-04-30,0.0,40072,2027-04-30 23:59:59.999999999
40072/0/40100196/40100199,2027-05-31,0.0,40072,2027-05-31 23:59:59.999999999
40072/0/40100196/40100199/0,2024-12-31,0.0,40072,2024-12-31 23:59:59.999999999
40072/0/40100196/40100199/0,2025-01-31,0.0,40072,2025-01-31 23:59:59.999999999
40072/0/40100196/40100199/0,2025-02-28,0.0,40072,2025-02-28 23:59:59.999999999
40072/0/40100196/40100199/0,2025-03-31,0.0,40072,2025-03-31 23:59:59.999999999
40072/0/40100196/40100199/0,2025-04-30,0.0,40072,2025-04-30 23:59:59.999999999
40072/0/40100196/40100199/0,2025-05-31,0.0,40072,2025-05-31 23:59:59.999999999
40072/0/40100196/40100199/0,2025-06-30,0.0,40072,2025-06-30 23:59:59.999999999
40072/0/40100196/40100199/0,2025-07-31,0.0,40072,2025-07-31 23:59:59.999999999
40072/0/40100196/40100199/0,2025-08-31,0.0,40072,2025-08-31 23:59:59.999999999
40072/0/40100196/40100199/0,2025-09-30,0.0,40072,2025-09-30 23:59:59.999999999
40072/0/40100196/40100199/0,2025-10-31,0.0,40072,2025-10-31 23:59:59.999999999
40072/0/40100196/40100199/0,2025-11-30,0.0,40072,2025-11-30 23:59:59.999999999
40072/0/40100196/40100199/0,2025-12-31,0.0,40072,2025-12-31 23:59:59.999999999
40072/0/40100196/40100199/0,2026-01-31,0.0,40072,2026-01-31 23:59:59.999999999
40072/0/40100196/40100199/0,2026-02-28,0.0,40072,2026-02-28 23:59:59.999999999
40072/0/40100196/40100199/0,2026-03-31,0.0,40072,2026-03-31 23:59:59.999999999
40072/0/40100196/40100199/0,2026-04-30,0.0,40072,2026-04-30 23:59:59.999999999
40072/0/40100196/40100199/0,2026-05-31,0.0,40072,2026-05-31 23:59:59.999999999
40072/0/40100196/40100199/0,2026-06-30,0.0,40072,2026-06-30 23:59:59.999999999
40072/0/40100196/40100199/0,2026-07-31,0.0,40072,2026-07-31 23:59:59.999999999
40072/0/40100196/40100199/0,2026-08-31,0.0,40072,2026-08-31 23:59:59.999999999
40072/0/40100196/40100199/0,2026-09-30,0.0,40072,2026-09-30 23:59:59.999999999
40072/0/40100196/40100199/0,2026-10-31,0.0,40072,2026-10-31 23:59:59.999999999
40072/0/40100196/40100199/0,2026-11-30,0.0,40072,2026-11-30 23:59:59.999999999
40072/0/40100196/40100199/0,2026-12-31,0.0,40072,2026-12-31 23:59:59.999999999
40072/0/40100196/40100199/0,2027-01-31,0.0,40072,2027-01-31 23:59:59.999999999
40072/0/40100196/40100199/0,2027-02-28,0.0,40072,2027-02-28 23:59:59.999999999
40072/0/40100196/40100199/0,2027-03-31,0.0,40072,2027-03-31 23:59:59.999999999
40072/0/40100196/40100199/0,2027-04-30,0.0,40072,2027-04-30 23:59:59.999999999
40072/0/40100196/40100199/0,2027-05-31,0.0,40072,2027-05-31 23:59:59.999999999
40072/0/40100200,2024-12-31,305713300000.0,40072,2024-12-31 23:59:59.999999999
40072/0/40100200,2025-01-31,305514200000.0,40072,2025-01-31 23:59:59.999999999
40072/0/40100200,2025-02-28,305853000000.0,40072,2025-02-28 23:59:59.999999999
40072/0/40100200,2025-03-31,306539900000.0,40072,2025-03-31 23:59:59.999999999
40072/0/40100200,2025-04-30,307451900000.0,40072,2025-04-30 23:59:59.999999999
40072/0/40100200,2025-05-31,308509570000.0,40072,2025-05-31 23:59:59.999999999
40072/0/40100200,2025-06-30,309661470000.0,40072,2025-06-30 23:59:59.999999999
40072/0/40100200,2025-07-31,310874340000.0,40072,2025-07-31 23:59:59.999999999
40072/0/40100200,2025-08-31,312126670000.0,40072,2025-08-31 23:59:59.999999999
40072/0/40100200,2025-09-30,313404520000.0,40072,2025-09-30 23:59:59.999999999
40072/0/40100200,2025-10-31,314698860000.0,40072,2025-10-31 23:59:59.999999999
40072/0/40100200,2025-11-30,316003900000.0,40072,2025-11-30 23:59:59.999999999
40072/0/40100200,2025-12-31,317315840000.0,40072,2025-12-31 23:59:59.999999999
40072/0/40100200,2026-01-31,318632260000.0,40072,2026-01-31 23:59:59.999999999
40072/0/40100200,2026-02-28,319951540000.0,40072,2026-02-28 23:59:59.999999999
40072/0/40100200,2026-03-31,321272700000.0,40072,2026-03-31 23:59:59.999999999
40072/0/40100200,2026-04-30,322595100000.0,40072,2026-04-30 23:59:59.999999999
40072/0/40100200,2026-05-31,323918270000.0,40072,2026-05-31 23:59:59.999999999
40072/0/40100200,2026-06-30,325241930000.0,40072,2026-06-30 23:59:59.999999999
40072/0/40100200,2026-07-31,326565950000.0,40072,2026-07-31 23:59:59.999999999
40072/0/40100200,2026-08-31,327890140000.0,40072,2026-08-31 23:59:59.999999999
40072/0/40100200,2026-09-30,329214500000.0,40072,2026-09-30 23:59:59.999999999
40072/0/40100200,2026-10-31,330538940000.0,40072,2026-10-31 23:59:59.999999999
40072/0/40100200,2026-11-30,331863430000.0,40072,2026-11-30 23:59:59.999999999
40072/0/40100200,2026-12-31,333187970000.0,40072,2026-12-31 23:59:59.999999999
40072/0/40100200,2027-01-31,334512520000.0,40072,2027-01-31 23:59:59.999999999
40072/0/40100200,2027-02-28,335837100000.0,40072,2027-02-28 23:59:59.999999999
40072/0/40100200,2027-03-31,337161680000.0,40072,2027-03-31 23:59:59.999999999
40072/0/40100200,2027-04-30,338486260000.0,40072,2027-04-30 23:59:59.999999999
40072/0/40100200,2027-05-31,339810840000.0,40072,2027-05-31 23:59:59.999999999
40072/0/40100200/40100201,2024-12-31,13698091000.0,40072,2024-12-31 23:59:59.999999999
40072/0/40100200/40100201,2025-01-31,13053927000.0,40072,2025-01-31 23:59:59.999999999
40072/0/40100200/40100201,2025-02-28,12440057000.0,40072,2025-02-28 23:59:59.999999999
40072/0/40100200/40100201,2025-03-31,11855054000.0,40072,2025-03-31 23:59:59.999999999
40072/0/40100200/40100201,2025-04-30,11297561000.0,40072,2025-04-30 23:59:59.999999999
40072/0/40100200/40100201,2025-05-31,10766284000.0,40072,2025-05-31 23:59:59.999999999
40072/0/40100200/40100201,2025-06-30,10259992000.0,40072,2025-06-30 23:59:59.999999999
40072/0/40100200/40100201,2025-07-31,9777507000.0,40072,2025-07-31 23:59:59.999999999
40072/0/40100200/40100201,2025-08-31,9317712000.0,40072,2025-08-31 23:59:59.999999999
40072/0/40100200/40100201,2025-09-30,8879540000.0,40072,2025-09-30 23:59:59.999999999
40072/0/40100200/40100201,2025-10-31,8461972500.0,40072,2025-10-31 23:59:59.999999999
40072/0/40100200/40100201,2025-11-30,8064041500.0,40072,2025-11-30 23:59:59.999999999
40072/0/40100200/40100201,2025-12-31,7684824000.0,40072,2025-12-31 23:59:59.999999999
40072/0/40100200/40100201,2026-01-31,7323439000.0,40072,2026-01-31 23:59:59.999999999
40072/0/40100200/40100201,2026-02-28,6979049000.0,40072,2026-02-28 23:59:59.999999999
40072/0/40100200/40100201,2026-03-31,6650853400.0,40072,2026-03-31 23:59:59.999999999
40072/0/40100200/40100201,2026-04-30,6338092000.0,40072,2026-04-30 23:59:59.999999999
40072/0/40100200/40100201,2026-05-31,6040038400.0,40072,2026-05-31 23:59:59.999999999
40072/0/40100200/40100201,2026-06-30,5756001000.0,40072,2026-06-30 23:59:59.999999999
40072/0/40100200/40100201,2026-07-31,5485320700.0,40072,2026-07-31 23:59:59.999999999
40072/0/40100200/40100201,2026-08-31,5227369000.0,40072,2026-08-31 23:59:59.999999999
40072/0/40100200/40100201,2026-09-30,4981548000.0,40072,2026-09-30 23:59:59.999999999
40072/0/40100200/40100201,2026-10-31,4747287000.0,40072,2026-10-31 23:59:59.999999999
40072/0/40100200/40100201,2026-11-30,4524042000.0,40072,2026-11-30 23:59:59.999999999
40072/0/40100200/40100201,2026-12-31,4311295500.0,40072,2026-12-31 23:59:59.999999999
40072/0/40100200/40100201,2027-01-31,4108553500.0,40072,2027-01-31 23:59:59.999999999
40072/0/40100200/40100201,2027-02-28,3915345700.0,40072,2027-02-28 23:59:59.999999999
40072/0/40100200/40100201,2027-03-31,3731223600.0,40072,2027-03-31 23:59:59.999999999
40072/0/40100200/40100201,2027-04-30,3555759900.0,40072,2027-04-30 23:59:59.999999999
40072/0/40100200/40100201,2027-05-31,3388547300.0,40072,2027-05-31 23:59:59.999999999
40072/0/40100200/40100201/0,2024-12-31,13698091000.0,40072,2024-12-31 23:59:59.999999999
40072/0/40100200/40100201/0,2025-01-31,13053927000.0,40072,2025-01-31 23:59:59.999999999
40072/0/40100200/40100201/0,2025-02-28,12440057000.0,40072,2025-02-28 23:59:59.999999999
40072/0/40100200/40100201/0,2025-03-31,11855054000.0,40072,2025-03-31 23:59:59.999999999
40072/0/40100200/40100201/0,2025-04-30,11297561000.0,40072,2025-04-30 23:59:59.999999999
40072/0/40100200/40100201/0,2025-05-31,10766284000.0,40072,2025-05-31 23:59:59.999999999
40072/0/40100200/40100201/0,2025-06-30,10259992000.0,40072,2025-06-30 23:59:59.999999999
40072/0/40100200/40100201/0,2025-07-31,9777507000.0,40072,2025-07-31 23:59:59.999999999
40072/0/40100200/40100201/0,2025-08-31,9317712000.0,40072,2025-08-31 23:59:59.999999999
40072/0/40100200/40100201/0,2025-09-30,8879540000.0,40072,2025-09-30 23:59:59.999999999
40072/0/40100200/40100201/0,2025-10-31,8461972500.0,40072,2025-10-31 23:59:59.999999999
40072/0/40100200/40100201/0,2025-11-30,8064041500.0,40072,2025-11-30 23:59:59.999999999
40072/0/40100200/40100201/0,2025-12-31,7684824000.0,40072,2025-12-31 23:59:59.999999999
40072/0/40100200/40100201/0,2026-01-31,7323439000.0,40072,2026-01-31 23:59:59.999999999
40072/0/40100200/40100201/0,2026-02-28,6979049000.0,40072,2026-02-28 23:59:59.999999999
40072/0/40100200/40100201/0,2026-03-31,6650853400.0,40072,2026-03-31 23:59:59.999999999
40072/0/40100200/40100201/0,2026-04-30,6338092000.0,40072,2026-04-30 23:59:59.999999999
40072/0/40100200/40100201/0,2026-05-31,6040038400.0,40072,2026-05-31 23:59:59.999999999
40072/0/40100200/40100201/0,2026-06-30,5756001000.0,40072,2026-06-30 23:59:59.999999999
40072/0/40100200/40100201/0,2026-07-31,5485320700.0,40072,2026-07-31 23:59:59.999999999
40072/0/40100200/40100201/0,2026-08-31,5227369000.0,40072,2026-08-31 23:59:59.999999999
40072/0/40100200/40100201/0,2026-09-30,4981548000.0,40072,2026-09-30 23:59:59.999999999
40072/0/40100200/40100201/0,2026-10-31,4747287000.0,40072,2026-10-31 23:59:59.999999999
40072/0/40100200/40100201/0,2026-11-30,4524042000.0,40072,2026-11-30 23:59:59.999999999
40072/0/40100200/40100201/0,2026-12-31,4311295500.0,40072,2026-12-31 23:59:59.999999999
40072/0/40100200/40100201/0,2027-01-31,4108553500.0,40072,2027-01-31 23:59:59.999999999
40072/0/40100200/40100201/0,2027-02-28,3915345700.0,40072,2027-02-28 23:59:59.999999999
40072/0/40100200/40100201/0,2027-03-31,3731223600.0,40072,2027-03-31 23:59:59.999999999
40072/0/40100200/40100201/0,2027-04-30,3555759900.0,40072,2027-04-30 23:59:59.999999999
40072/0/40100200/40100201/0,2027-05-31,3388547300.0,40072,2027-05-31 23:59:59.999999999
40072/0/40100200/40100202,2024-12-31,165383470000.0,40072,2024-12-31 23:59:59.999999999
40072/0/40100200/40100202,2025-01-31,165537780000.0,40072,2025-01-31 23:59:59.999999999
40072/0/40100200/40100202,2025-02-28,165514740000.0,40072,2025-02-28 23:59:59.999999999
40072/0/40100200/40100202,2025-03-31,165518180000.0,40072,2025-03-31 23:59:59.999999999
40072/0/40100200/40100202,2025-04-30,165517670000.0,40072,2025-04-30 23:59:59.999999999
40072/0/40100200/40100202,2025-05-31,165517750000.0,40072,2025-05-31 23:59:59.999999999
40072/0/40100200/40100202,2025-06-30,165517740000.0,40072,2025-06-30 23:59:59.999999999
40072/0/40100200/40100202,2025-07-31,165517740000.0,40072,2025-07-31 23:59:59.999999999
40072/0/40100200/40100202,2025-08-31,165517740000.0,40072,2025-08-31 23:59:59.999999999
40072/0/40100200/40100202,2025-09-30,165517740000.0,40072,2025-09-30 23:59:59.999999999
40072/0/40100200/40100202,2025-10-31,165517740000.0,40072,2025-10-31 23:59:59.999999999
40072/0/40100200/40100202,2025-11-30,165517740000.0,40072,2025-11-30 23:59:59.999999999
40072/0/40100200/40100202,2025-12-31,165517740000.0,40072,2025-12-31 23:59:59.999999999
40072/0/40100200/40100202,2026-01-31,165517740000.0,40072,2026-01-31 23:59:59.999999999
40072/0/40100200/40100202,2026-02-28,165517740000.0,40072,2026-02-28 23:59:59.999999999
40072/0/40100200/40100202,2026-03-31,165517740000.0,40072,2026-03-31 23:59:59.999999999
40072/0/40100200/40100202,2026-04-30,165517740000.0,40072,2026-04-30 23:59:59.999999999
40072/0/40100200/40100202,2026-05-31,165517740000.0,40072,2026-05-31 23:59:59.999999999
40072/0/40100200/40100202,2026-06-30,165517740000.0,40072,2026-06-30 23:59:59.999999999
40072/0/40100200/40100202,2026-07-31,165517740000.0,40072,2026-07-31 23:59:59.999999999
40072/0/40100200/40100202,2026-08-31,165517740000.0,40072,2026-08-31 23:59:59.999999999
40072/0/40100200/40100202,2026-09-30,165517740000.0,40072,2026-09-30 23:59:59.999999999
40072/0/40100200/40100202,2026-10-31,165517740000.0,40072,2026-10-31 23:59:59.999999999
40072/0/40100200/40100202,2026-11-30,165517740000.0,40072,2026-11-30 23:59:59.999999999
40072/0/40100200/40100202,2026-12-31,165517740000.0,40072,2026-12-31 23:59:59.999999999
40072/0/40100200/40100202,2027-01-31,165517740000.0,40072,2027-01-31 23:59:59.999999999
40072/0/40100200/40100202,2027-02-28,165517740000.0,40072,2027-02-28 23:59:59.999999999
40072/0/40100200/40100202,2027-03-31,165517740000.0,40072,2027-03-31 23:59:59.999999999
40072/0/40100200/40100202,2027-04-30,165517740000.0,40072,2027-04-30 23:59:59.999999999
40072/0/40100200/40100202,2027-05-31,165517740000.0,40072,2027-05-31 23:59:59.999999999
40072/0/40100200/40100202/0,2024-12-31,165383470000.0,40072,2024-12-31 23:59:59.999999999
40072/0/40100200/40100202/0,2025-01-31,165537780000.0,40072,2025-01-31 23:59:59.999999999
40072/0/40100200/40100202/0,2025-02-28,165514740000.0,40072,2025-02-28 23:59:59.999999999
40072/0/40100200/40100202/0,2025-03-31,165518180000.0,40072,2025-03-31 23:59:59.999999999
40072/0/40100200/40100202/0,2025-04-30,165517670000.0,40072,2025-04-30 23:59:59.999999999
40072/0/40100200/40100202/0,2025-05-31,165517750000.0,40072,2025-05-31 23:59:59.999999999
40072/0/40100200/40100202/0,2025-06-30,165517740000.0,40072,2025-06-30 23:59:59.999999999
40072/0/40100200/40100202/0,2025-07-31,165517740000.0,40072,2025-07-31 23:59:59.999999999
40072/0/40100200/40100202/0,2025-08-31,165517740000.0,40072,2025-08-31 23:59:59.999999999
40072/0/40100200/40100202/0,2025-09-30,165517740000.0,40072,2025-09-30 23:59:59.999999999
40072/0/40100200/40100202/0,2025-10-31,165517740000.0,40072,2025-10-31 23:59:59.999999999
40072/0/40100200/40100202/0,2025-11-30,165517740000.0,40072,2025-11-30 23:59:59.999999999
40072/0/40100200/40100202/0,2025-12-31,165517740000.0,40072,2025-12-31 23:59:59.999999999
40072/0/40100200/40100202/0,2026-01-31,165517740000.0,40072,2026-01-31 23:59:59.999999999
40072/0/40100200/40100202/0,2026-02-28,165517740000.0,40072,2026-02-28 23:59:59.999999999
40072/0/40100200/40100202/0,2026-03-31,165517740000.0,40072,2026-03-31 23:59:59.999999999
40072/0/40100200/40100202/0,2026-04-30,165517740000.0,40072,2026-04-30 23:59:59.999999999
40072/0/40100200/40100202/0,2026-05-31,165517740000.0,40072,2026-05-31 23:59:59.999999999
40072/0/40100200/40100202/0,2026-06-30,165517740000.0,40072,2026-06-30 23:59:59.999999999
40072/0/40100200/40100202/0,2026-07-31,165517740000.0,40072,2026-07-31 23:59:59.999999999
40072/0/40100200/40100202/0,2026-08-31,165517740000.0,40072,2026-08-31 23:59:59.999999999
40072/0/40100200/40100202/0,2026-09-30,165517740000.0,40072,2026-09-30 23:59:59.999999999
40072/0/40100200/40100202/0,2026-10-31,165517740000.0,40072,2026-10-31 23:59:59.999999999
40072/0/40100200/40100202/0,2026-11-30,165517740000.0,40072,2026-11-30 23:59:59.999999999
40072/0/40100200/40100202/0,2026-12-31,165517740000.0,40072,2026-12-31 23:59:59.999999999
40072/0/40100200/40100202/0,2027-01-31,165517740000.0,40072,2027-01-31 23:59:59.999999999
40072/0/40100200/40100202/0,2027-02-28,165517740000.0,40072,2027-02-28 23:59:59.999999999
40072/0/40100200/40100202/0,2027-03-31,165517740000.0,40072,2027-03-31 23:59:59.999999999
40072/0/40100200/40100202/0,2027-04-30,165517740000.0,40072,2027-04-30 23:59:59.999999999
40072/0/40100200/40100202/0,2027-05-31,165517740000.0,40072,2027-05-31 23:59:59.999999999
40072/0/40100200/40100203,2024-12-31,104928444000.0,40072,2024-12-31 23:59:59.999999999
40072/0/40100200/40100203,2025-01-31,103204495000.0,40072,2025-01-31 23:59:59.999999999
40072/0/40100200/40100203,2025-02-28,101915710000.0,40072,2025-02-28 23:59:59.999999999
40072/0/40100200/40100203,2025-03-31,100964040000.0,40072,2025-03-31 23:59:59.999999999
40072/0/40100200/40100203,2025-04-30,100273500000.0,40072,2025-04-30 23:59:59.999999999
40072/0/40100200/40100203,2025-05-31,99785230000.0,40072,2025-05-31 23:59:59.999999999
40072/0/40100200/40100203,2025-06-30,99453660000.0,40072,2025-06-30 23:59:59.999999999
40072/0/40100200/40100203,2025-07-31,99243470000.0,40072,2025-07-31 23:59:59.999999999
40072/0/40100200/40100203,2025-08-31,99127300000.0,40072,2025-08-31 23:59:59.999999999
40072/0/40100200/40100203,2025-09-30,99083960000.0,40072,2025-09-30 23:59:59.999999999
40072/0/40100200/40100203,2025-10-31,99097040000.0,40072,2025-10-31 23:59:59.999999999
40072/0/40100200/40100203,2025-11-30,99153830000.0,40072,2025-11-30 23:59:59.999999999
40072/0/40100200/40100203,2025-12-31,99244474000.0,40072,2025-12-31 23:59:59.999999999
40072/0/40100200/40100203,2026-01-31,99361340000.0,40072,2026-01-31 23:59:59.999999999
40072/0/40100200/40100203,2026-02-28,99498525000.0,40072,2026-02-28 23:59:59.999999999
40072/0/40100200/40100203,2026-03-31,99651445000.0,40072,2026-03-31 23:59:59.999999999
40072/0/40100200/40100203,2026-04-30,99816550000.0,40072,2026-04-30 23:59:59.999999999
40072/0/40100200/40100203,2026-05-31,99991100000.0,40072,2026-05-31 23:59:59.999999999
40072/0/40100200/40100203,2026-06-30,100172960000.0,40072,2026-06-30 23:59:59.999999999
40072/0/40100200/40100203,2026-07-31,100360495000.0,40072,2026-07-31 23:59:59.999999999
40072/0/40100200/40100203,2026-08-31,100552420000.0,40072,2026-08-31 23:59:59.999999999
40072/0/40100200/40100203,2026-09-30,100747740000.0,40072,2026-09-30 23:59:59.999999999
40072/0/40100200/40100203,2026-10-31,100945690000.0,40072,2026-10-31 23:59:59.999999999
40072/0/40100200/40100203,2026-11-30,101145690000.0,40072,2026-11-30 23:59:59.999999999
40072/0/40100200/40100203,2026-12-31,101347260000.0,40072,2026-12-31 23:59:59.999999999
40072/0/40100200/40100203,2027-01-31,101550060000.0,40072,2027-01-31 23:59:59.999999999
40072/0/40100200/40100203,2027-02-28,101753810000.0,40072,2027-02-28 23:59:59.999999999
40072/0/40100200/40100203,2027-03-31,101958290000.0,40072,2027-03-31 23:59:59.999999999
40072/0/40100200/40100203,2027-04-30,102163340000.0,40072,2027-04-30 23:59:59.999999999
40072/0/40100200/40100203,2027-05-31,102368830000.0,40072,2027-05-31 23:59:59.999999999
40072/0/40100200/40100203/0,2024-12-31,104928444000.0,40072,2024-12-31 23:59:59.999999999
40072/0/40100200/40100203/0,2025-01-31,103204495000.0,40072,2025-01-31 23:59:59.999999999
40072/0/40100200/40100203/0,2025-02-28,101915710000.0,40072,2025-02-28 23:59:59.999999999
40072/0/40100200/40100203/0,2025-03-31,100964040000.0,40072,2025-03-31 23:59:59.999999999
40072/0/40100200/40100203/0,2025-04-30,100273500000.0,40072,2025-04-30 23:59:59.999999999
40072/0/40100200/40100203/0,2025-05-31,99785230000.0,40072,2025-05-31 23:59:59.999999999
40072/0/40100200/40100203/0,2025-06-30,99453660000.0,40072,2025-06-30 23:59:59.999999999
40072/0/40100200/40100203/0,2025-07-31,99243470000.0,40072,2025-07-31 23:59:59.999999999
40072/0/40100200/40100203/0,2025-08-31,99127300000.0,40072,2025-08-31 23:59:59.999999999
40072/0/40100200/40100203/0,2025-09-30,99083960000.0,40072,2025-09-30 23:59:59.999999999
40072/0/40100200/40100203/0,2025-10-31,99097040000.0,40072,2025-10-31 23:59:59.999999999
40072/0/40100200/40100203/0,2025-11-30,99153830000.0,40072,2025-11-30 23:59:59.999999999
40072/0/40100200/40100203/0,2025-12-31,99244474000.0,40072,2025-12-31 23:59:59.999999999
40072/0/40100200/40100203/0,2026-01-31,99361340000.0,40072,2026-01-31 23:59:59.999999999
40072/0/40100200/40100203/0,2026-02-28,99498525000.0,40072,2026-02-28 23:59:59.999999999
40072/0/40100200/40100203/0,2026-03-31,99651445000.0,40072,2026-03-31 23:59:59.999999999
40072/0/40100200/40100203/0,2026-04-30,99816550000.0,40072,2026-04-30 23:59:59.999999999
40072/0/40100200/40100203/0,2026-05-31,99991100000.0,40072,2026-05-31 23:59:59.999999999
40072/0/40100200/40100203/0,2026-06-30,100172960000.0,40072,2026-06-30 23:59:59.999999999
40072/0/40100200/40100203/0,2026-07-31,100360495000.0,40072,2026-07-31 23:59:59.999999999
40072/0/40100200/40100203/0,2026-08-31,100552420000.0,40072,2026-08-31 23:59:59.999999999
40072/0/40100200/40100203/0,2026-09-30,100747740000.0,40072,2026-09-30 23:59:59.999999999
40072/0/40100200/40100203/0,2026-10-31,100945690000.0,40072,2026-10-31 23:59:59.999999999
40072/0/40100200/40100203/0,2026-11-30,101145690000.0,40072,2026-11-30 23:59:59.999999999
40072/0/40100200/40100203/0,2026-12-31,101347260000.0,40072,2026-12-31 23:59:59.999999999
40072/0/40100200/40100203/0,2027-01-31,101550060000.0,40072,2027-01-31 23:59:59.999999999
40072/0/40100200/40100203/0,2027-02-28,101753810000.0,40072,2027-02-28 23:59:59.999999999
40072/0/40100200/40100203/0,2027-03-31,101958290000.0,40072,2027-03-31 23:59:59.999999999
40072/0/40100200/40100203/0,2027-04-30,102163340000.0,40072,2027-04-30 23:59:59.999999999
40072/0/40100200/40100203/0,2027-05-31,102368830000.0,40072,2027-05-31 23:59:59.999999999
40072/0/40100200/40100204,2024-12-31,18738356000.0,40072,2024-12-31 23:59:59.999999999
40072/0/40100200/40100204,2025-01-31,18738356000.0,40072,2025-01-31 23:59:59.999999999
40072/0/40100200/40100204,2025-02-28,18738356000.0,40072,2025-02-28 23:59:59.999999999
40072/0/40100200/40100204,2025-03-31,18738356000.0,40072,2025-03-31 23:59:59.999999999
40072/0/40100200/40100204,2025-04-30,18738356000.0,40072,2025-04-30 23:59:59.999999999
40072/0/40100200/40100204,2025-05-31,18738356000.0,40072,2025-05-31 23:59:59.999999999
40072/0/40100200/40100204,2025-06-30,18738356000.0,40072,2025-06-30 23:59:59.999999999
40072/0/40100200/40100204,2025-07-31,18738356000.0,40072,2025-07-31 23:59:59.999999999
40072/0/40100200/40100204,2025-08-31,18738356000.0,40072,2025-08-31 23:59:59.999999999
40072/0/40100200/40100204,2025-09-30,18738356000.0,40072,2025-09-30 23:59:59.999999999
40072/0/40100200/40100204,2025-10-31,18738356000.0,40072,2025-10-31 23:59:59.999999999
40072/0/40100200/40100204,2025-11-30,18738356000.0,40072,2025-11-30 23:59:59.999999999
40072/0/40100200/40100204,2025-12-31,18738356000.0,40072,2025-12-31 23:59:59.999999999
40072/0/40100200/40100204,2026-01-31,18738356000.0,40072,2026-01-31 23:59:59.999999999
40072/0/40100200/40100204,2026-02-28,18738356000.0,40072,2026-02-28 23:59:59.999999999
40072/0/40100200/40100204,2026-03-31,18738356000.0,40072,2026-03-31 23:59:59.999999999
40072/0/40100200/40100204,2026-04-30,18738356000.0,40072,2026-04-30 23:59:59.999999999
40072/0/40100200/40100204,2026-05-31,18738356000.0,40072,2026-05-31 23:59:59.999999999
40072/0/40100200/40100204,2026-06-30,18738356000.0,40072,2026-06-30 23:59:59.999999999
40072/0/40100200/40100204,2026-07-31,18738356000.0,40072,2026-07-31 23:59:59.999999999
40072/0/40100200/40100204,2026-08-31,18738356000.0,40072,2026-08-31 23:59:59.999999999
40072/0/40100200/40100204,2026-09-30,18738356000.0,40072,2026-09-30 23:59:59.999999999
40072/0/40100200/40100204,2026-10-31,18738356000.0,40072,2026-10-31 23:59:59.999999999
40072/0/40100200/40100204,2026-11-30,18738356000.0,40072,2026-11-30 23:59:59.999999999
40072/0/40100200/40100204,2026-12-31,18738356000.0,40072,2026-12-31 23:59:59.999999999
40072/0/40100200/40100204,2027-01-31,18738356000.0,40072,2027-01-31 23:59:59.999999999
40072/0/40100200/40100204,2027-02-28,18738356000.0,40072,2027-02-28 23:59:59.999999999
40072/0/40100200/40100204,2027-03-31,18738356000.0,40072,2027-03-31 23:59:59.999999999
40072/0/40100200/40100204,2027-04-30,18738356000.0,40072,2027-04-30 23:59:59.999999999
40072/0/40100200/40100204,2027-05-31,18738356000.0,40072,2027-05-31 23:59:59.999999999
40072/0/40100200/40100204/0,2024-12-31,18738356000.0,40072,2024-12-31 23:59:59.999999999
40072/0/40100200/40100204/0,2025-01-31,18738356000.0,40072,2025-01-31 23:59:59.999999999
40072/0/40100200/40100204/0,2025-02-28,18738356000.0,40072,2025-02-28 23:59:59.999999999
40072/0/40100200/40100204/0,2025-03-31,18738356000.0,40072,2025-03-31 23:59:59.999999999
40072/0/40100200/40100204/0,2025-04-30,18738356000.0,40072,2025-04-30 23:59:59.999999999
40072/0/40100200/40100204/0,2025-05-31,18738356000.0,40072,2025-05-31 23:59:59.999999999
40072/0/40100200/40100204/0,2025-06-30,18738356000.0,40072,2025-06-30 23:59:59.999999999
40072/0/40100200/40100204/0,2025-07-31,18738356000.0,40072,2025-07-31 23:59:59.999999999
40072/0/40100200/40100204/0,2025-08-31,18738356000.0,40072,2025-08-31 23:59:59.999999999
40072/0/40100200/40100204/0,2025-09-30,18738356000.0,40072,2025-09-30 23:59:59.999999999
40072/0/40100200/40100204/0,2025-10-31,18738356000.0,40072,2025-10-31 23:59:59.999999999
40072/0/40100200/40100204/0,2025-11-30,18738356000.0,40072,2025-11-30 23:59:59.999999999
40072/0/40100200/40100204/0,2025-12-31,18738356000.0,40072,2025-12-31 23:59:59.999999999
40072/0/40100200/40100204/0,2026-01-31,18738356000.0,40072,2026-01-31 23:59:59.999999999
40072/0/40100200/40100204/0,2026-02-28,18738356000.0,40072,2026-02-28 23:59:59.999999999
40072/0/40100200/40100204/0,2026-03-31,18738356000.0,40072,2026-03-31 23:59:59.999999999
40072/0/40100200/40100204/0,2026-04-30,18738356000.0,40072,2026-04-30 23:59:59.999999999
40072/0/40100200/40100204/0,2026-05-31,18738356000.0,40072,2026-05-31 23:59:59.999999999
40072/0/40100200/40100204/0,2026-06-30,18738356000.0,40072,2026-06-30 23:59:59.999999999
40072/0/40100200/40100204/0,2026-07-31,18738356000.0,40072,2026-07-31 23:59:59.999999999
40072/0/40100200/40100204/0,2026-08-31,18738356000.0,40072,2026-08-31 23:59:59.999999999
40072/0/40100200/40100204/0,2026-09-30,18738356000.0,40072,2026-09-30 23:59:59.999999999
40072/0/40100200/40100204/0,2026-10-31,18738356000.0,40072,2026-10-31 23:59:59.999999999
40072/0/40100200/40100204/0,2026-11-30,18738356000.0,40072,2026-11-30 23:59:59.999999999
40072/0/40100200/40100204/0,2026-12-31,18738356000.0,40072,2026-12-31 23:59:59.999999999
40072/0/40100200/40100204/0,2027-01-31,18738356000.0,40072,2027-01-31 23:59:59.999999999
40072/0/40100200/40100204/0,2027-02-28,18738356000.0,40072,2027-02-28 23:59:59.999999999
40072/0/40100200/40100204/0,2027-03-31,18738356000.0,40072,2027-03-31 23:59:59.999999999
40072/0/40100200/40100204/0,2027-04-30,18738356000.0,40072,2027-04-30 23:59:59.999999999
40072/0/40100200/40100204/0,2027-05-31,18738356000.0,40072,2027-05-31 23:59:59.999999999
40072/0/40100200/40100205,2024-12-31,0.3799701,40072,2024-12-31 23:59:59.999999999
40072/0/40100200/40100205,2025-01-31,0.32064533,40072,2025-01-31 23:59:59.999999999
40072/0/40100200/40100205,2025-02-28,0.4779547,40072,2025-02-28 23:59:59.999999999
40072/0/40100200/40100205,2025-03-31,0.5455933,40072,2025-03-31 23:59:59.999999999
40072/0/40100200/40100205,2025-04-30,0.51144564,40072,2025-04-30 23:59:59.999999999
40072/0/40100200/40100205,2025-05-31,0.47774625,40072,2025-05-31 23:59:59.999999999
40072/0/40100200/40100205,2025-06-30,0.41688305,40072,2025-06-30 23:59:59.999999999
40072/0/40100200/40100205,2025-07-31,0.36742392,40072,2025-07-31 23:59:59.999999999
40072/0/40100200/40100205,2025-08-31,0.34819257,40072,2025-08-31 23:59:59.999999999
40072/0/40100200/40100205,2025-09-30,0.3520102,40072,2025-09-30 23:59:59.999999999
40072/0/40100200/40100205,2025-10-31,0.37395796,40072,2025-10-31 23:59:59.999999999
40072/0/40100200/40100205,2025-11-30,0.4010719,40072,2025-11-30 23:59:59.999999999
40072/0/40100200/40100205,2025-12-31,0.47373056,40072,2025-12-31 23:59:59.999999999
40072/0/40100200/40100205,2026-01-31,0.47478855,40072,2026-01-31 23:59:59.999999999
40072/0/40100200/40100205,2026-02-28,0.49368548,40072,2026-02-28 23:59:59.999999999
40072/0/40100200/40100205,2026-03-31,0.49264744,40072,2026-03-31 23:59:59.999999999
40072/0/40100200/40100205,2026-04-30,0.47580916,40072,2026-04-30 23:59:59.999999999
40072/0/40100200/40100205,2026-05-31,0.46193576,40072,2026-05-31 23:59:59.999999999
40072/0/40100200/40100205,2026-06-30,0.44974577,40072,2026-06-30 23:59:59.999999999
40072/0/40100200/40100205,2026-07-31,0.44441566,40072,2026-07-31 23:59:59.999999999
40072/0/40100200/40100205,2026-08-31,0.44656253,40072,2026-08-31 23:59:59.999999999
40072/0/40100200/40100205,2026-09-30,0.45260534,40072,2026-09-30 23:59:59.999999999
40072/0/40100200/40100205,2026-10-31,0.45971486,40072,2026-10-31 23:59:59.999999999
40072/0/40100200/40100205,2026-11-30,0.4650488,40072,2026-11-30 23:59:59.999999999
40072/0/40100200/40100205,2026-12-31,0.46712378,40072,2026-12-31 23:59:59.999999999
40072/0/40100200/40100205,2027-01-31,0.4661584,40072,2027-01-31 23:59:59.999999999
40072/0/40100200/40100205,2027-02-28,0.4633006,40072,2027-02-28 23:59:59.999999999
40072/0/40100200/40100205,2027-03-31,0.46007457,40072,2027-03-31 23:59:59.999999999
40072/0/40100200/40100205,2027-04-30,0.45773062,40072,2027-04-30 23:59:59.999999999
40072/0/40100200/40100205,2027-05-31,0.45685297,40072,2027-05-31 23:59:59.999999999
40072/0/40100200/40100205/0,2024-12-31,0.3799701,40072,2024-12-31 23:59:59.999999999
40072/0/40100200/40100205/0,2025-01-31,0.32064533,40072,2025-01-31 23:59:59.999999999
40072/0/40100200/40100205/0,2025-02-28,0.4779547,40072,2025-02-28 23:59:59.999999999
40072/0/40100200/40100205/0,2025-03-31,0.5455933,40072,2025-03-31 23:59:59.999999999
40072/0/40100200/40100205/0,2025-04-30,0.51144564,40072,2025-04-30 23:59:59.999999999
40072/0/40100200/40100205/0,2025-05-31,0.47774625,40072,2025-05-31 23:59:59.999999999
40072/0/40100200/40100205/0,2025-06-30,0.41688305,40072,2025-06-30 23:59:59.999999999
40072/0/40100200/40100205/0,2025-07-31,0.36742392,40072,2025-07-31 23:59:59.999999999
40072/0/40100200/40100205/0,2025-08-31,0.34819257,40072,2025-08-31 23:59:59.999999999
40072/0/40100200/40100205/0,2025-09-30,0.3520102,40072,2025-09-30 23:59:59.999999999
40072/0/40100200/40100205/0,2025-10-31,0.37395796,40072,2025-10-31 23:59:59.999999999
40072/0/40100200/40100205/0,2025-11-30,0.4010719,40072,2025-11-30 23:59:59.999999999
40072/0/40100200/40100205/0,2025-12-31,0.47373056,40072,2025-12-31 23:59:59.999999999
40072/0/40100200/40100205/0,2026-01-31,0.47478855,40072,2026-01-31 23:59:59.999999999
40072/0/40100200/40100205/0,2026-02-28,0.49368548,40072,2026-02-28 23:59:59.999999999
40072/0/40100200/40100205/0,2026-03-31,0.49264744,40072,2026-03-31 23:59:59.999999999
40072/0/40100200/40100205/0,2026-04-30,0.47580916,40072,2026-04-30 23:59:59.999999999
40072/0/40100200/40100205/0,2026-05-31,0.46193576,40072,2026-05-31 23:59:59.999999999
40072/0/40100200/40100205/0,2026-06-30,0.44974577,40072,2026-06-30 23:59:59.999999999
40072/0/40100200/40100205/0,2026-07-31,0.44441566,40072,2026-07-31 23:59:59.999999999
40072/0/40100200/40100205/0,2026-08-31,0.44656253,40072,2026-08-31 23:59:59.999999999
40072/0/40100200/40100205/0,2026-09-30,0.45260534,40072,2026-09-30 23:59:59.999999999
40072/0/40100200/40100205/0,2026-10-31,0.45971486,40072,2026-10-31 23:59:59.999999999
40072/0/40100200/40100205/0,2026-11-30,0.4650488,40072,2026-11-30 23:59:59.999999999
40072/0/40100200/40100205/0,2026-12-31,0.46712378,40072,2026-12-31 23:59:59.999999999
40072/0/40100200/40100205/0,2027-01-31,0.4661584,40072,2027-01-31 23:59:59.999999999
40072/0/40100200/40100205/0,2027-02-28,0.4633006,40072,2027-02-28 23:59:59.999999999
40072/0/40100200/40100205/0,2027-03-31,0.46007457,40072,2027-03-31 23:59:59.999999999
40072/0/40100200/40100205/0,2027-04-30,0.45773062,40072,2027-04-30 23:59:59.999999999
40072/0/40100200/40100205/0,2027-05-31,0.45685297,40072,2027-05-31 23:59:59.999999999
40072/0/40100207,2024-12-31,131239230000.0,40072,2024-12-31 23:59:59.999999999
40072/0/40100207,2025-01-31,132014260000.0,40072,2025-01-31 23:59:59.999999999
40072/0/40100207,2025-02-28,133020830000.0,40072,2025-02-28 23:59:59.999999999
40072/0/40100207,2025-03-31,134555280000.0,40072,2025-03-31 23:59:59.999999999
40072/0/40100207,2025-04-30,135940320000.0,40072,2025-04-30 23:59:59.999999999
40072/0/40100207,2025-05-31,137302220000.0,40072,2025-05-31 23:59:59.999999999
40072/0/40100207,2025-06-30,138695310000.0,40072,2025-06-30 23:59:59.999999999
40072/0/40100207,2025-07-31,140168330000.0,40072,2025-07-31 23:59:59.999999999
40072/0/40100207,2025-08-31,141862450000.0,40072,2025-08-31 23:59:59.999999999
40072/0/40100207,2025-09-30,143197000000.0,40072,2025-09-30 23:59:59.999999999
40072/0/40100207,2025-10-31,145721070000.0,40072,2025-10-31 23:59:59.999999999
40072/0/40100207,2025-11-30,146318920000.0,40072,2025-11-30 23:59:59.999999999
40072/0/40100207,2025-12-31,147565530000.0,40072,2025-12-31 23:59:59.999999999
40072/0/40100207,2026-01-31,148597080000.0,40072,2026-01-31 23:59:59.999999999
40072/0/40100207,2026-02-28,149777900000.0,40072,2026-02-28 23:59:59.999999999
40072/0/40100207,2026-03-31,151165500000.0,40072,2026-03-31 23:59:59.999999999
40072/0/40100207,2026-04-30,152490400000.0,40072,2026-04-30 23:59:59.999999999
40072/0/40100207,2026-05-31,153743000000.0,40072,2026-05-31 23:59:59.999999999
40072/0/40100207,2026-06-30,155098600000.0,40072,2026-06-30 23:59:59.999999999
40072/0/40100207,2026-07-31,156499410000.0,40072,2026-07-31 23:59:59.999999999
40072/0/40100207,2026-08-31,157952970000.0,40072,2026-08-31 23:59:59.999999999
40072/0/40100207,2026-09-30,159265260000.0,40072,2026-09-30 23:59:59.999999999
40072/0/40100207,2026-10-31,161109700000.0,40072,2026-10-31 23:59:59.999999999
40072/0/40100207,2026-11-30,162106280000.0,40072,2026-11-30 23:59:59.999999999
40072/0/40100207,2026-12-31,163398830000.0,40072,2026-12-31 23:59:59.999999999
40072/0/40100207,2027-01-31,164691380000.0,40072,2027-01-31 23:59:59.999999999
40072/0/40100207,2027-02-28,165983940000.0,40072,2027-02-28 23:59:59.999999999
40072/0/40100207,2027-03-31,167276500000.0,40072,2027-03-31 23:59:59.999999999
40072/0/40100207,2027-04-30,168569040000.0,40072,2027-04-30 23:59:59.999999999
40072/0/40100207,2027-05-31,169861600000.0,40072,2027-05-31 23:59:59.999999999
40072/0/40100207/0,2024-12-31,131239230000.0,40072,2024-12-31 23:59:59.999999999
40072/0/40100207/0,2025-01-31,132014260000.0,40072,2025-01-31 23:59:59.999999999
40072/0/40100207/0,2025-02-28,133020830000.0,40072,2025-02-28 23:59:59.999999999
40072/0/40100207/0,2025-03-31,134555280000.0,40072,2025-03-31 23:59:59.999999999
40072/0/40100207/0,2025-04-30,135940320000.0,40072,2025-04-30 23:59:59.999999999
40072/0/40100207/0,2025-05-31,137302220000.0,40072,2025-05-31 23:59:59.999999999
40072/0/40100207/0,2025-06-30,138695310000.0,40072,2025-06-30 23:59:59.999999999
40072/0/40100207/0,2025-07-31,140168330000.0,40072,2025-07-31 23:59:59.999999999
40072/0/40100207/0,2025-08-31,141862450000.0,40072,2025-08-31 23:59:59.999999999
40072/0/40100207/0,2025-09-30,143197000000.0,40072,2025-09-30 23:59:59.999999999
40072/0/40100207/0,2025-10-31,145721070000.0,40072,2025-10-31 23:59:59.999999999
40072/0/40100207/0,2025-11-30,146318920000.0,40072,2025-11-30 23:59:59.999999999
40072/0/40100207/0,2025-12-31,147565530000.0,40072,2025-12-31 23:59:59.999999999
40072/0/40100207/0,2026-01-31,148597080000.0,40072,2026-01-31 23:59:59.999999999
40072/0/40100207/0,2026-02-28,149777900000.0,40072,2026-02-28 23:59:59.999999999
40072/0/40100207/0,2026-03-31,151165500000.0,40072,2026-03-31 23:59:59.999999999
40072/0/40100207/0,2026-04-30,152490400000.0,40072,2026-04-30 23:59:59.999999999
40072/0/40100207/0,2026-05-31,153743000000.0,40072,2026-05-31 23:59:59.999999999
40072/0/40100207/0,2026-06-30,155098600000.0,40072,2026-06-30 23:59:59.999999999
40072/0/40100207/0,2026-07-31,156499410000.0,40072,2026-07-31 23:59:59.999999999
40072/0/40100207/0,2026-08-31,157952970000.0,40072,2026-08-31 23:59:59.999999999
40072/0/40100207/0,2026-09-30,159265260000.0,40072,2026-09-30 23:59:59.999999999
40072/0/40100207/0,2026-10-31,161109700000.0,40072,2026-10-31 23:59:59.999999999
40072/0/40100207/0,2026-11-30,162106280000.0,40072,2026-11-30 23:59:59.999999999
40072/0/40100207/0,2026-12-31,163398830000.0,40072,2026-12-31 23:59:59.999999999
40072/0/40100207/0,2027-01-31,164691380000.0,40072,2027-01-31 23:59:59.999999999
40072/0/40100207/0,2027-02-28,165983940000.0,40072,2027-02-28 23:59:59.999999999
40072/0/40100207/0,2027-03-31,167276500000.0,40072,2027-03-31 23:59:59.999999999
40072/0/40100207/0,2027-04-30,168569040000.0,40072,2027-04-30 23:59:59.999999999
40072/0/40100207/0,2027-05-31,169861600000.0,40072,2027-05-31 23:59:59.999999999
40072/0/40100207/0/0,2024-12-31,131239230000.0,40072,2024-12-31 23:59:59.999999999
40072/0/40100207/0/0,2025-01-31,132014260000.0,40072,2025-01-31 23:59:59.999999999
40072/0/40100207/0/0,2025-02-28,133020830000.0,40072,2025-02-28 23:59:59.999999999
40072/0/40100207/0/0,2025-03-31,134555280000.0,40072,2025-03-31 23:59:59.999999999
40072/0/40100207/0/0,2025-04-30,135940320000.0,40072,2025-04-30 23:59:59.999999999
40072/0/40100207/0/0,2025-05-31,137302220000.0,40072,2025-05-31 23:59:59.999999999
40072/0/40100207/0/0,2025-06-30,138695310000.0,40072,2025-06-30 23:59:59.999999999
40072/0/40100207/0/0,2025-07-31,140168330000.0,40072,2025-07-31 23:59:59.999999999
40072/0/40100207/0/0,2025-08-31,141862450000.0,40072,2025-08-31 23:59:59.999999999
40072/0/40100207/0/0,2025-09-30,143197000000.0,40072,2025-09-30 23:59:59.999999999
40072/0/40100207/0/0,2025-10-31,145721070000.0,40072,2025-10-31 23:59:59.999999999
40072/0/40100207/0/0,2025-11-30,146318920000.0,40072,2025-11-30 23:59:59.999999999
40072/0/40100207/0/0,2025-12-31,147565530000.0,40072,2025-12-31 23:59:59.999999999
40072/0/40100207/0/0,2026-01-31,148597080000.0,40072,2026-01-31 23:59:59.999999999
40072/0/40100207/0/0,2026-02-28,149777900000.0,40072,2026-02-28 23:59:59.999999999
40072/0/40100207/0/0,2026-03-31,151165500000.0,40072,2026-03-31 23:59:59.999999999
40072/0/40100207/0/0,2026-04-30,152490400000.0,40072,2026-04-30 23:59:59.999999999
40072/0/40100207/0/0,2026-05-31,153743000000.0,40072,2026-05-31 23:59:59.999999999
40072/0/40100207/0/0,2026-06-30,155098600000.0,40072,2026-06-30 23:59:59.999999999
40072/0/40100207/0/0,2026-07-31,156499410000.0,40072,2026-07-31 23:59:59.999999999
40072/0/40100207/0/0,2026-08-31,157952970000.0,40072,2026-08-31 23:59:59.999999999
40072/0/40100207/0/0,2026-09-30,159265260000.0,40072,2026-09-30 23:59:59.999999999
40072/0/40100207/0/0,2026-10-31,161109700000.0,40072,2026-10-31 23:59:59.999999999
40072/0/40100207/0/0,2026-11-30,162106280000.0,40072,2026-11-30 23:59:59.999999999
40072/0/40100207/0/0,2026-12-31,163398830000.0,40072,2026-12-31 23:59:59.999999999
40072/0/40100207/0/0,2027-01-31,164691380000.0,40072,2027-01-31 23:59:59.999999999
40072/0/40100207/0/0,2027-02-28,165983940000.0,40072,2027-02-28 23:59:59.999999999
40072/0/40100207/0/0,2027-03-31,167276500000.0,40072,2027-03-31 23:59:59.999999999
40072/0/40100207/0/0,2027-04-30,168569040000.0,40072,2027-04-30 23:59:59.999999999
40072/0/40100207/0/0,2027-05-31,169861600000.0,40072,2027-05-31 23:59:59.999999999
40072/0/40100208,2024-12-31,278851850000.0,40072,2024-12-31 23:59:59.999999999
40072/0/40100208,2025-01-31,281746960000.0,40072,2025-01-31 23:59:59.999999999
40072/0/40100208,2025-02-28,284663100000.0,40072,2025-02-28 23:59:59.999999999
40072/0/40100208,2025-03-31,287645400000.0,40072,2025-03-31 23:59:59.999999999
40072/0/40100208,2025-04-30,290598160000.0,40072,2025-04-30 23:59:59.999999999
40072/0/40100208,2025-05-31,293618250000.0,40072,2025-05-31 23:59:59.999999999
40072/0/40100208,2025-06-30,296627700000.0,40072,2025-06-30 23:59:59.999999999
40072/0/40100208,2025-07-31,299641630000.0,40072,2025-07-31 23:59:59.999999999
40072/0/40100208,2025-08-31,302518670000.0,40072,2025-08-31 23:59:59.999999999
40072/0/40100208,2025-09-30,305511400000.0,40072,2025-09-30 23:59:59.999999999
40072/0/40100208,2025-10-31,308312150000.0,40072,2025-10-31 23:59:59.999999999
40072/0/40100208,2025-11-30,311070520000.0,40072,2025-11-30 23:59:59.999999999
40072/0/40100208,2025-12-31,313943520000.0,40072,2025-12-31 23:59:59.999999999
40072/0/40100208,2026-01-31,316838670000.0,40072,2026-01-31 23:59:59.999999999
40072/0/40100208,2026-02-28,319735900000.0,40072,2026-02-28 23:59:59.999999999
40072/0/40100208,2026-03-31,322639600000.0,40072,2026-03-31 23:59:59.999999999
40072/0/40100208,2026-04-30,325540380000.0,40072,2026-04-30 23:59:59.999999999
40072/0/40100208,2026-05-31,328447750000.0,40072,2026-05-31 23:59:59.999999999
40072/0/40100208,2026-06-30,331354100000.0,40072,2026-06-30 23:59:59.999999999
40072/0/40100208,2026-07-31,334260900000.0,40072,2026-07-31 23:59:59.999999999
40072/0/40100208,2026-08-31,337154280000.0,40072,2026-08-31 23:59:59.999999999
40072/0/40100208,2026-09-30,340058960000.0,40072,2026-09-30 23:59:59.999999999
40072/0/40100208,2026-10-31,342944900000.0,40072,2026-10-31 23:59:59.999999999
40072/0/40100208,2026-11-30,345826700000.0,40072,2026-11-30 23:59:59.999999999
40072/0/40100208,2026-12-31,348719680000.0,40072,2026-12-31 23:59:59.999999999
40072/0/40100208,2027-01-31,351614830000.0,40072,2027-01-31 23:59:59.999999999
40072/0/40100208,2027-02-28,354510180000.0,40072,2027-02-28 23:59:59.999999999
40072/0/40100208,2027-03-31,357406180000.0,40072,2027-03-31 23:59:59.999999999
40072/0/40100208,2027-04-30,360301900000.0,40072,2027-04-30 23:59:59.999999999
40072/0/40100208,2027-05-31,363198250000.0,40072,2027-05-31 23:59:59.999999999
40072/0/40100208/40100209,2024-12-31,2274859800.0,40072,2024-12-31 23:59:59.999999999
40072/0/40100208/40100209,2025-01-31,2274859800.0,40072,2025-01-31 23:59:59.999999999
40072/0/40100208/40100209,2025-02-28,2274859800.0,40072,2025-02-28 23:59:59.999999999
40072/0/40100208/40100209,2025-03-31,2274859800.0,40072,2025-03-31 23:59:59.999999999
40072/0/40100208/40100209,2025-04-30,2274859800.0,40072,2025-04-30 23:59:59.999999999
40072/0/40100208/40100209,2025-05-31,2274859800.0,40072,2025-05-31 23:59:59.999999999
40072/0/40100208/40100209,2025-06-30,2274859800.0,40072,2025-06-30 23:59:59.999999999
40072/0/40100208/40100209,2025-07-31,2274859800.0,40072,2025-07-31 23:59:59.999999999
40072/0/40100208/40100209,2025-08-31,2274859800.0,40072,2025-08-31 23:59:59.999999999
40072/0/40100208/40100209,2025-09-30,2274859800.0,40072,2025-09-30 23:59:59.999999999
40072/0/40100208/40100209,2025-10-31,2274859800.0,40072,2025-10-31 23:59:59.999999999
40072/0/40100208/40100209,2025-11-30,2274859800.0,40072,2025-11-30 23:59:59.999999999
40072/0/40100208/40100209,2025-12-31,2274859800.0,40072,2025-12-31 23:59:59.999999999
40072/0/40100208/40100209,2026-01-31,2274859800.0,40072,2026-01-31 23:59:59.999999999
40072/0/40100208/40100209,2026-02-28,2274859800.0,40072,2026-02-28 23:59:59.999999999
40072/0/40100208/40100209,2026-03-31,2274859800.0,40072,2026-03-31 23:59:59.999999999
40072/0/40100208/40100209,2026-04-30,2274859800.0,40072,2026-04-30 23:59:59.999999999
40072/0/40100208/40100209,2026-05-31,2274859800.0,40072,2026-05-31 23:59:59.999999999
40072/0/40100208/40100209,2026-06-30,2274859800.0,40072,2026-06-30 23:59:59.999999999
40072/0/40100208/40100209,2026-07-31,2274859800.0,40072,2026-07-31 23:59:59.999999999
40072/0/40100208/40100209,2026-08-31,2274859800.0,40072,2026-08-31 23:59:59.999999999
40072/0/40100208/40100209,2026-09-30,2274859800.0,40072,2026-09-30 23:59:59.999999999
40072/0/40100208/40100209,2026-10-31,2274859800.0,40072,2026-10-31 23:59:59.999999999
40072/0/40100208/40100209,2026-11-30,2274859800.0,40072,2026-11-30 23:59:59.999999999
40072/0/40100208/40100209,2026-12-31,2274859800.0,40072,2026-12-31 23:59:59.999999999
40072/0/40100208/40100209,2027-01-31,2274859800.0,40072,2027-01-31 23:59:59.999999999
40072/0/40100208/40100209,2027-02-28,2274859800.0,40072,2027-02-28 23:59:59.999999999
40072/0/40100208/40100209,2027-03-31,2274859800.0,40072,2027-03-31 23:59:59.999999999
40072/0/40100208/40100209,2027-04-30,2274859800.0,40072,2027-04-30 23:59:59.999999999
40072/0/40100208/40100209,2027-05-31,2274859800.0,40072,2027-05-31 23:59:59.999999999
40072/0/40100208/40100209/0,2024-12-31,2274859800.0,40072,2024-12-31 23:59:59.999999999
40072/0/40100208/40100209/0,2025-01-31,2274859800.0,40072,2025-01-31 23:59:59.999999999
40072/0/40100208/40100209/0,2025-02-28,2274859800.0,40072,2025-02-28 23:59:59.999999999
40072/0/40100208/40100209/0,2025-03-31,2274859800.0,40072,2025-03-31 23:59:59.999999999
40072/0/40100208/40100209/0,2025-04-30,2274859800.0,40072,2025-04-30 23:59:59.999999999
40072/0/40100208/40100209/0,2025-05-31,2274859800.0,40072,2025-05-31 23:59:59.999999999
40072/0/40100208/40100209/0,2025-06-30,2274859800.0,40072,2025-06-30 23:59:59.999999999
40072/0/40100208/40100209/0,2025-07-31,2274859800.0,40072,2025-07-31 23:59:59.999999999
40072/0/40100208/40100209/0,2025-08-31,2274859800.0,40072,2025-08-31 23:59:59.999999999
40072/0/40100208/40100209/0,2025-09-30,2274859800.0,40072,2025-09-30 23:59:59.999999999
40072/0/40100208/40100209/0,2025-10-31,2274859800.0,40072,2025-10-31 23:59:59.999999999
40072/0/40100208/40100209/0,2025-11-30,2274859800.0,40072,2025-11-30 23:59:59.999999999
40072/0/40100208/40100209/0,2025-12-31,2274859800.0,40072,2025-12-31 23:59:59.999999999
40072/0/40100208/40100209/0,2026-01-31,2274859800.0,40072,2026-01-31 23:59:59.999999999
40072/0/40100208/40100209/0,2026-02-28,2274859800.0,40072,2026-02-28 23:59:59.999999999
40072/0/40100208/40100209/0,2026-03-31,2274859800.0,40072,2026-03-31 23:59:59.999999999
40072/0/40100208/40100209/0,2026-04-30,2274859800.0,40072,2026-04-30 23:59:59.999999999
40072/0/40100208/40100209/0,2026-05-31,2274859800.0,40072,2026-05-31 23:59:59.999999999
40072/0/40100208/40100209/0,2026-06-30,2274859800.0,40072,2026-06-30 23:59:59.999999999
40072/0/40100208/40100209/0,2026-07-31,2274859800.0,40072,2026-07-31 23:59:59.999999999
40072/0/40100208/40100209/0,2026-08-31,2274859800.0,40072,2026-08-31 23:59:59.999999999
40072/0/40100208/40100209/0,2026-09-30,2274859800.0,40072,2026-09-30 23:59:59.999999999
40072/0/40100208/40100209/0,2026-10-31,2274859800.0,40072,2026-10-31 23:59:59.999999999
40072/0/40100208/40100209/0,2026-11-30,2274859800.0,40072,2026-11-30 23:59:59.999999999
40072/0/40100208/40100209/0,2026-12-31,2274859800.0,40072,2026-12-31 23:59:59.999999999
40072/0/40100208/40100209/0,2027-01-31,2274859800.0,40072,2027-01-31 23:59:59.999999999
40072/0/40100208/40100209/0,2027-02-28,2274859800.0,40072,2027-02-28 23:59:59.999999999
40072/0/40100208/40100209/0,2027-03-31,2274859800.0,40072,2027-03-31 23:59:59.999999999
40072/0/40100208/40100209/0,2027-04-30,2274859800.0,40072,2027-04-30 23:59:59.999999999
40072/0/40100208/40100209/0,2027-05-31,2274859800.0,40072,2027-05-31 23:59:59.999999999
40072/0/40100208/40100210,2024-12-31,167334410000.0,40072,2024-12-31 23:59:59.999999999
40072/0/40100208/40100210,2025-01-31,168231010000.0,40072,2025-01-31 23:59:59.999999999
40072/0/40100208/40100210,2025-02-28,169216020000.0,40072,2025-02-28 23:59:59.999999999
40072/0/40100208/40100210,2025-03-31,170374790000.0,40072,2025-03-31 23:59:59.999999999
40072/0/40100208/40100210,2025-04-30,171458940000.0,40072,2025-04-30 23:59:59.999999999
40072/0/40100208/40100210,2025-05-31,172666620000.0,40072,2025-05-31 23:59:59.999999999
40072/0/40100208/40100210,2025-06-30,173827740000.0,40072,2025-06-30 23:59:59.999999999
40072/0/40100208/40100210,2025-07-31,174911490000.0,40072,2025-07-31 23:59:59.999999999
40072/0/40100208/40100210,2025-08-31,175820520000.0,40072,2025-08-31 23:59:59.999999999
40072/0/40100208/40100210,2025-09-30,176796730000.0,40072,2025-09-30 23:59:59.999999999
40072/0/40100208/40100210,2025-10-31,177465210000.0,40072,2025-10-31 23:59:59.999999999
40072/0/40100208/40100210,2025-11-30,178091660000.0,40072,2025-11-30 23:59:59.999999999
40072/0/40100208/40100210,2025-12-31,178897960000.0,40072,2025-12-31 23:59:59.999999999
40072/0/40100208/40100210,2026-01-31,179795300000.0,40072,2026-01-31 23:59:59.999999999
40072/0/40100208/40100210,2026-02-28,180709080000.0,40072,2026-02-28 23:59:59.999999999
40072/0/40100208/40100210,2026-03-31,181655200000.0,40072,2026-03-31 23:59:59.999999999
40072/0/40100208/40100210,2026-04-30,182587440000.0,40072,2026-04-30 23:59:59.999999999
40072/0/40100208/40100210,2026-05-31,183542660000.0,40072,2026-05-31 23:59:59.999999999
40072/0/40100208/40100210,2026-06-30,184489210000.0,40072,2026-06-30 23:59:59.999999999
40072/0/40100208/40100210,2026-07-31,185421370000.0,40072,2026-07-31 23:59:59.999999999
40072/0/40100208/40100210,2026-08-31,186321030000.0,40072,2026-08-31 23:59:59.999999999
40072/0/40100208/40100210,2026-09-30,187233170000.0,40072,2026-09-30 23:59:59.999999999
40072/0/40100208/40100210,2026-10-31,188088070000.0,40072,2026-10-31 23:59:59.999999999
40072/0/40100208/40100210,2026-11-30,188935160000.0,40072,2026-11-30 23:59:59.999999999
40072/0/40100208/40100210,2026-12-31,189815700000.0,40072,2026-12-31 23:59:59.999999999
40072/0/40100208/40100210,2027-01-31,190713180000.0,40072,2027-01-31 23:59:59.999999999
40072/0/40100208/40100210,2027-02-28,191613730000.0,40072,2027-02-28 23:59:59.999999999
40072/0/40100208/40100210,2027-03-31,192520290000.0,40072,2027-03-31 23:59:59.999999999
40072/0/40100208/40100210,2027-04-30,193424260000.0,40072,2027-04-30 23:59:59.999999999
40072/0/40100208/40100210,2027-05-31,194332500000.0,40072,2027-05-31 23:59:59.999999999
40072/0/40100208/40100210/0,2024-12-31,167334410000.0,40072,2024-12-31 23:59:59.999999999
40072/0/40100208/40100210/0,2025-01-31,168231010000.0,40072,2025-01-31 23:59:59.999999999
40072/0/40100208/40100210/0,2025-02-28,169216020000.0,40072,2025-02-28 23:59:59.999999999
40072/0/40100208/40100210/0,2025-03-31,170374790000.0,40072,2025-03-31 23:59:59.999999999
40072/0/40100208/40100210/0,2025-04-30,171458940000.0,40072,2025-04-30 23:59:59.999999999
40072/0/40100208/40100210/0,2025-05-31,172666620000.0,40072,2025-05-31 23:59:59.999999999
40072/0/40100208/40100210/0,2025-06-30,173827740000.0,40072,2025-06-30 23:59:59.999999999
40072/0/40100208/40100210/0,2025-07-31,174911490000.0,40072,2025-07-31 23:59:59.999999999
40072/0/40100208/40100210/0,2025-08-31,175820520000.0,40072,2025-08-31 23:59:59.999999999
40072/0/40100208/40100210/0,2025-09-30,176796730000.0,40072,2025-09-30 23:59:59.999999999
40072/0/40100208/40100210/0,2025-10-31,177465210000.0,40072,2025-10-31 23:59:59.999999999
40072/0/40100208/40100210/0,2025-11-30,178091660000.0,40072,2025-11-30 23:59:59.999999999
40072/0/40100208/40100210/0,2025-12-31,178897960000.0,40072,2025-12-31 23:59:59.999999999
40072/0/40100208/40100210/0,2026-01-31,179795300000.0,40072,2026-01-31 23:59:59.999999999
40072/0/40100208/40100210/0,2026-02-28,180709080000.0,40072,2026-02-28 23:59:59.999999999
40072/0/40100208/40100210/0,2026-03-31,181655200000.0,40072,2026-03-31 23:59:59.999999999
40072/0/40100208/40100210/0,2026-04-30,182587440000.0,40072,2026-04-30 23:59:59.999999999
40072/0/40100208/40100210/0,2026-05-31,183542660000.0,40072,2026-05-31 23:59:59.999999999
40072/0/40100208/40100210/0,2026-06-30,184489210000.0,40072,2026-06-30 23:59:59.999999999
40072/0/40100208/40100210/0,2026-07-31,185421370000.0,40072,2026-07-31 23:59:59.999999999
40072/0/40100208/40100210/0,2026-08-31,186321030000.0,40072,2026-08-31 23:59:59.999999999
40072/0/40100208/40100210/0,2026-09-30,187233170000.0,40072,2026-09-30 23:59:59.999999999
40072/0/40100208/40100210/0,2026-10-31,188088070000.0,40072,2026-10-31 23:59:59.999999999
40072/0/40100208/40100210/0,2026-11-30,188935160000.0,40072,2026-11-30 23:59:59.999999999
40072/0/40100208/40100210/0,2026-12-31,189815700000.0,40072,2026-12-31 23:59:59.999999999
40072/0/40100208/40100210/0,2027-01-31,190713180000.0,40072,2027-01-31 23:59:59.999999999
40072/0/40100208/40100210/0,2027-02-28,191613730000.0,40072,2027-02-28 23:59:59.999999999
40072/0/40100208/40100210/0,2027-03-31,192520290000.0,40072,2027-03-31 23:59:59.999999999
40072/0/40100208/40100210/0,2027-04-30,193424260000.0,40072,2027-04-30 23:59:59.999999999
40072/0/40100208/40100210/0,2027-05-31,194332500000.0,40072,2027-05-31 23:59:59.999999999
40072/0/40100208/40100211,2024-12-31,109089650000.0,40072,2024-12-31 23:59:59.999999999
40072/0/40100208/40100211,2025-01-31,111337550000.0,40072,2025-01-31 23:59:59.999999999
40072/0/40100208/40100211,2025-02-28,113549130000.0,40072,2025-02-28 23:59:59.999999999
40072/0/40100208/40100211,2025-03-31,115849540000.0,40072,2025-03-31 23:59:59.999999999
40072/0/40100208/40100211,2025-04-30,118252820000.0,40072,2025-04-30 23:59:59.999999999
40072/0/40100208/40100211,2025-05-31,120436880000.0,40072,2025-05-31 23:59:59.999999999
40072/0/40100208/40100211,2025-06-30,122631270000.0,40072,2025-06-30 23:59:59.999999999
40072/0/40100208/40100211,2025-07-31,125031875000.0,40072,2025-07-31 23:59:59.999999999
40072/0/40100208/40100211,2025-08-31,127210970000.0,40072,2025-08-31 23:59:59.999999999
40072/0/40100208/40100211,2025-09-30,129533700000.0,40072,2025-09-30 23:59:59.999999999
40072/0/40100208/40100211,2025-10-31,131864175000.0,40072,2025-10-31 23:59:59.999999999
40072/0/40100208/40100211,2025-11-30,134094200000.0,40072,2025-11-30 23:59:59.999999999
40072/0/40100208/40100211,2025-12-31,136271140000.0,40072,2025-12-31 23:59:59.999999999
40072/0/40100208/40100211,2026-01-31,138627600000.0,40072,2026-01-31 23:59:59.999999999
40072/0/40100208/40100211,2026-02-28,140945690000.0,40072,2026-02-28 23:59:59.999999999
40072/0/40100208/40100211,2026-03-31,143231370000.0,40072,2026-03-31 23:59:59.999999999
40072/0/40100208/40100211,2026-04-30,145624190000.0,40072,2026-04-30 23:59:59.999999999
40072/0/40100208/40100211,2026-05-31,147947470000.0,40072,2026-05-31 23:59:59.999999999
40072/0/40100208/40100211,2026-06-30,150258930000.0,40072,2026-06-30 23:59:59.999999999
40072/0/40100208/40100211,2026-07-31,152714660000.0,40072,2026-07-31 23:59:59.999999999
40072/0/40100208/40100211,2026-08-31,155071900000.0,40072,2026-08-31 23:59:59.999999999
40072/0/40100208/40100211,2026-09-30,157530780000.0,40072,2026-09-30 23:59:59.999999999
40072/0/40100208/40100211,2026-10-31,159979540000.0,40072,2026-10-31 23:59:59.999999999
40072/0/40100208/40100211,2026-11-30,162392590000.0,40072,2026-11-30 23:59:59.999999999
40072/0/40100208/40100211,2026-12-31,164795500000.0,40072,2026-12-31 23:59:59.999999999
40072/0/40100208/40100211,2027-01-31,167238350000.0,40072,2027-01-31 23:59:59.999999999
40072/0/40100208/40100211,2027-02-28,169688560000.0,40072,2027-02-28 23:59:59.999999999
40072/0/40100208/40100211,2027-03-31,172130960000.0,40072,2027-03-31 23:59:59.999999999
40072/0/40100208/40100211,2027-04-30,174603880000.0,40072,2027-04-30 23:59:59.999999999
40072/0/40100208/40100211,2027-05-31,177045800000.0,40072,2027-05-31 23:59:59.999999999
40072/0/40100208/40100211/40100212,2024-12-31,109089650000.0,40072,2024-12-31 23:59:59.999999999
40072/0/40100208/40100211/40100212,2025-01-31,111337550000.0,40072,2025-01-31 23:59:59.999999999
40072/0/40100208/40100211/40100212,2025-02-28,113549130000.0,40072,2025-02-28 23:59:59.999999999
40072/0/40100208/40100211/40100212,2025-03-31,115849540000.0,40072,2025-03-31 23:59:59.999999999
40072/0/40100208/40100211/40100212,2025-04-30,118252820000.0,40072,2025-04-30 23:59:59.999999999
40072/0/40100208/40100211/40100212,2025-05-31,120436880000.0,40072,2025-05-31 23:59:59.999999999
40072/0/40100208/40100211/40100212,2025-06-30,122631270000.0,40072,2025-06-30 23:59:59.999999999
40072/0/40100208/40100211/40100212,2025-07-31,125031875000.0,40072,2025-07-31 23:59:59.999999999
40072/0/40100208/40100211/40100212,2025-08-31,127210970000.0,40072,2025-08-31 23:59:59.999999999
40072/0/40100208/40100211/40100212,2025-09-30,129533700000.0,40072,2025-09-30 23:59:59.999999999
40072/0/40100208/40100211/40100212,2025-10-31,131864175000.0,40072,2025-10-31 23:59:59.999999999
40072/0/40100208/40100211/40100212,2025-11-30,134094200000.0,40072,2025-11-30 23:59:59.999999999
40072/0/40100208/40100211/40100212,2025-12-31,136271140000.0,40072,2025-12-31 23:59:59.999999999
40072/0/40100208/40100211/40100212,2026-01-31,138627600000.0,40072,2026-01-31 23:59:59.999999999
40072/0/40100208/40100211/40100212,2026-02-28,140945690000.0,40072,2026-02-28 23:59:59.999999999
40072/0/40100208/40100211/40100212,2026-03-31,143231370000.0,40072,2026-03-31 23:59:59.999999999
40072/0/40100208/40100211/40100212,2026-04-30,145624190000.0,40072,2026-04-30 23:59:59.999999999
40072/0/40100208/40100211/40100212,2026-05-31,147947470000.0,40072,2026-05-31 23:59:59.999999999
40072/0/40100208/40100211/40100212,2026-06-30,150258930000.0,40072,2026-06-30 23:59:59.999999999
40072/0/40100208/40100211/40100212,2026-07-31,152714660000.0,40072,2026-07-31 23:59:59.999999999
40072/0/40100208/40100211/40100212,2026-08-31,155071900000.0,40072,2026-08-31 23:59:59.999999999
40072/0/40100208/40100211/40100212,2026-09-30,157530780000.0,40072,2026-09-30 23:59:59.999999999
40072/0/40100208/40100211/40100212,2026-10-31,159979540000.0,40072,2026-10-31 23:59:59.999999999
40072/0/40100208/40100211/40100212,2026-11-30,162392590000.0,40072,2026-11-30 23:59:59.999999999
40072/0/40100208/40100211/40100212,2026-12-31,164795500000.0,40072,2026-12-31 23:59:59.999999999
40072/0/40100208/40100211/40100212,2027-01-31,167238350000.0,40072,2027-01-31 23:59:59.999999999
40072/0/40100208/40100211/40100212,2027-02-28,169688560000.0,40072,2027-02-28 23:59:59.999999999
40072/0/40100208/40100211/40100212,2027-03-31,172130960000.0,40072,2027-03-31 23:59:59.999999999
40072/0/40100208/40100211/40100212,2027-04-30,174603880000.0,40072,2027-04-30 23:59:59.999999999
40072/0/40100208/40100211/40100212,2027-05-31,177045800000.0,40072,2027-05-31 23:59:59.999999999
40072/0/40100208/40100211/40100213,2024-12-31,0.0,40072,2024-12-31 23:59:59.999999999
40072/0/40100208/40100211/40100213,2025-01-31,0.0,40072,2025-01-31 23:59:59.999999999
40072/0/40100208/40100211/40100213,2025-02-28,0.0,40072,2025-02-28 23:59:59.999999999
40072/0/40100208/40100211/40100213,2025-03-31,0.0,40072,2025-03-31 23:59:59.999999999
40072/0/40100208/40100211/40100213,2025-04-30,0.0,40072,2025-04-30 23:59:59.999999999
40072/0/40100208/40100211/40100213,2025-05-31,0.0,40072,2025-05-31 23:59:59.999999999
40072/0/40100208/40100211/40100213,2025-06-30,0.0,40072,2025-06-30 23:59:59.999999999
40072/0/40100208/40100211/40100213,2025-07-31,0.0,40072,2025-07-31 23:59:59.999999999
40072/0/40100208/40100211/40100213,2025-08-31,0.0,40072,2025-08-31 23:59:59.999999999
40072/0/40100208/40100211/40100213,2025-09-30,0.0,40072,2025-09-30 23:59:59.999999999
40072/0/40100208/40100211/40100213,2025-10-31,0.0,40072,2025-10-31 23:59:59.999999999
40072/0/40100208/40100211/40100213,2025-11-30,0.0,40072,2025-11-30 23:59:59.999999999
40072/0/40100208/40100211/40100213,2025-12-31,0.0,40072,2025-12-31 23:59:59.999999999
40072/0/40100208/40100211/40100213,2026-01-31,0.0,40072,2026-01-31 23:59:59.999999999
40072/0/40100208/40100211/40100213,2026-02-28,0.0,40072,2026-02-28 23:59:59.999999999
40072/0/40100208/40100211/40100213,2026-03-31,0.0,40072,2026-03-31 23:59:59.999999999
40072/0/40100208/40100211/40100213,2026-04-30,0.0,40072,2026-04-30 23:59:59.999999999
40072/0/40100208/40100211/40100213,2026-05-31,0.0,40072,2026-05-31 23:59:59.999999999
40072/0/40100208/40100211/40100213,2026-06-30,0.0,40072,2026-06-30 23:59:59.999999999
40072/0/40100208/40100211/40100213,2026-07-31,0.0,40072,2026-07-31 23:59:59.999999999
40072/0/40100208/40100211/40100213,2026-08-31,0.0,40072,2026-08-31 23:59:59.999999999
40072/0/40100208/40100211/40100213,2026-09-30,0.0,40072,2026-09-30 23:59:59.999999999
40072/0/40100208/40100211/40100213,2026-10-31,0.0,40072,2026-10-31 23:59:59.999999999
40072/0/40100208/40100211/40100213,2026-11-30,0.0,40072,2026-11-30 23:59:59.999999999
40072/0/40100208/40100211/40100213,2026-12-31,0.0,40072,2026-12-31 23:59:59.999999999
40072/0/40100208/40100211/40100213,2027-01-31,0.0,40072,2027-01-31 23:59:59.999999999
40072/0/40100208/40100211/40100213,2027-02-28,0.0,40072,2027-02-28 23:59:59.999999999
40072/0/40100208/40100211/40100213,2027-03-31,0.0,40072,2027-03-31 23:59:59.999999999
40072/0/40100208/40100211/40100213,2027-04-30,0.0,40072,2027-04-30 23:59:59.999999999
40072/0/40100208/40100211/40100213,2027-05-31,0.0,40072,2027-05-31 23:59:59.999999999
40072/0/40100208/40100214,2024-12-31,0.0,40072,2024-12-31 23:59:59.999999999
40072/0/40100208/40100214,2025-01-31,0.0,40072,2025-01-31 23:59:59.999999999
40072/0/40100208/40100214,2025-02-28,0.0,40072,2025-02-28 23:59:59.999999999
40072/0/40100208/40100214,2025-03-31,0.0,40072,2025-03-31 23:59:59.999999999
40072/0/40100208/40100214,2025-04-30,0.0,40072,2025-04-30 23:59:59.999999999
40072/0/40100208/40100214,2025-05-31,0.0,40072,2025-05-31 23:59:59.999999999
40072/0/40100208/40100214,2025-06-30,0.0,40072,2025-06-30 23:59:59.999999999
40072/0/40100208/40100214,2025-07-31,0.0,40072,2025-07-31 23:59:59.999999999
40072/0/40100208/40100214,2025-08-31,0.0,40072,2025-08-31 23:59:59.999999999
40072/0/40100208/40100214,2025-09-30,0.0,40072,2025-09-30 23:59:59.999999999
40072/0/40100208/40100214,2025-10-31,0.0,40072,2025-10-31 23:59:59.999999999
40072/0/40100208/40100214,2025-11-30,0.0,40072,2025-11-30 23:59:59.999999999
40072/0/40100208/40100214,2025-12-31,0.0,40072,2025-12-31 23:59:59.999999999
40072/0/40100208/40100214,2026-01-31,0.0,40072,2026-01-31 23:59:59.999999999
40072/0/40100208/40100214,2026-02-28,0.0,40072,2026-02-28 23:59:59.999999999
40072/0/40100208/40100214,2026-03-31,0.0,40072,2026-03-31 23:59:59.999999999
40072/0/40100208/40100214,2026-04-30,0.0,40072,2026-04-30 23:59:59.999999999
40072/0/40100208/40100214,2026-05-31,0.0,40072,2026-05-31 23:59:59.999999999
40072/0/40100208/40100214,2026-06-30,0.0,40072,2026-06-30 23:59:59.999999999
40072/0/40100208/40100214,2026-07-31,0.0,40072,2026-07-31 23:59:59.999999999
40072/0/40100208/40100214,2026-08-31,0.0,40072,2026-08-31 23:59:59.999999999
40072/0/40100208/40100214,2026-09-30,0.0,40072,2026-09-30 23:59:59.999999999
40072/0/40100208/40100214,2026-10-31,0.0,40072,2026-10-31 23:59:59.999999999
40072/0/40100208/40100214,2026-11-30,0.0,40072,2026-11-30 23:59:59.999999999
40072/0/40100208/40100214,2026-12-31,0.0,40072,2026-12-31 23:59:59.999999999
40072/0/40100208/40100214,2027-01-31,0.0,40072,2027-01-31 23:59:59.999999999
40072/0/40100208/40100214,2027-02-28,0.0,40072,2027-02-28 23:59:59.999999999
40072/0/40100208/40100214,2027-03-31,0.0,40072,2027-03-31 23:59:59.999999999
40072/0/40100208/40100214,2027-04-30,0.0,40072,2027-04-30 23:59:59.999999999
40072/0/40100208/40100214,2027-05-31,0.0,40072,2027-05-31 23:59:59.999999999
40072/0/40100208/40100214/0,2024-12-31,0.0,40072,2024-12-31 23:59:59.999999999
40072/0/40100208/40100214/0,2025-01-31,0.0,40072,2025-01-31 23:59:59.999999999
40072/0/40100208/40100214/0,2025-02-28,0.0,40072,2025-02-28 23:59:59.999999999
40072/0/40100208/40100214/0,2025-03-31,0.0,40072,2025-03-31 23:59:59.999999999
40072/0/40100208/40100214/0,2025-04-30,0.0,40072,2025-04-30 23:59:59.999999999
40072/0/40100208/40100214/0,2025-05-31,0.0,40072,2025-05-31 23:59:59.999999999
40072/0/40100208/40100214/0,2025-06-30,0.0,40072,2025-06-30 23:59:59.999999999
40072/0/40100208/40100214/0,2025-07-31,0.0,40072,2025-07-31 23:59:59.999999999
40072/0/40100208/40100214/0,2025-08-31,0.0,40072,2025-08-31 23:59:59.999999999
40072/0/40100208/40100214/0,2025-09-30,0.0,40072,2025-09-30 23:59:59.999999999
40072/0/40100208/40100214/0,2025-10-31,0.0,40072,2025-10-31 23:59:59.999999999
40072/0/40100208/40100214/0,2025-11-30,0.0,40072,2025-11-30 23:59:59.999999999
40072/0/40100208/40100214/0,2025-12-31,0.0,40072,2025-12-31 23:59:59.999999999
40072/0/40100208/40100214/0,2026-01-31,0.0,40072,2026-01-31 23:59:59.999999999
40072/0/40100208/40100214/0,2026-02-28,0.0,40072,2026-02-28 23:59:59.999999999
40072/0/40100208/40100214/0,2026-03-31,0.0,40072,2026-03-31 23:59:59.999999999
40072/0/40100208/40100214/0,2026-04-30,0.0,40072,2026-04-30 23:59:59.999999999
40072/0/40100208/40100214/0,2026-05-31,0.0,40072,2026-05-31 23:59:59.999999999
40072/0/40100208/40100214/0,2026-06-30,0.0,40072,2026-06-30 23:59:59.999999999
40072/0/40100208/40100214/0,2026-07-31,0.0,40072,2026-07-31 23:59:59.999999999
40072/0/40100208/40100214/0,2026-08-31,0.0,40072,2026-08-31 23:59:59.999999999
40072/0/40100208/40100214/0,2026-09-30,0.0,40072,2026-09-30 23:59:59.999999999
40072/0/40100208/40100214/0,2026-10-31,0.0,40072,2026-10-31 23:59:59.999999999
40072/0/40100208/40100214/0,2026-11-30,0.0,40072,2026-11-30 23:59:59.999999999
40072/0/40100208/40100214/0,2026-12-31,0.0,40072,2026-12-31 23:59:59.999999999
40072/0/40100208/40100214/0,2027-01-31,0.0,40072,2027-01-31 23:59:59.999999999
40072/0/40100208/40100214/0,2027-02-28,0.0,40072,2027-02-28 23:59:59.999999999
40072/0/40100208/40100214/0,2027-03-31,0.0,40072,2027-03-31 23:59:59.999999999
40072/0/40100208/40100214/0,2027-04-30,0.0,40072,2027-04-30 23:59:59.999999999
40072/0/40100208/40100214/0,2027-05-31,0.0,40072,2027-05-31 23:59:59.999999999
40072/0/40100208/40100215,2024-12-31,0.0,40072,2024-12-31 23:59:59.999999999
40072/0/40100208/40100215,2025-01-31,0.0,40072,2025-01-31 23:59:59.999999999
40072/0/40100208/40100215,2025-02-28,0.0,40072,2025-02-28 23:59:59.999999999
40072/0/40100208/40100215,2025-03-31,0.0,40072,2025-03-31 23:59:59.999999999
40072/0/40100208/40100215,2025-04-30,0.0,40072,2025-04-30 23:59:59.999999999
40072/0/40100208/40100215,2025-05-31,0.0,40072,2025-05-31 23:59:59.999999999
40072/0/40100208/40100215,2025-06-30,0.0,40072,2025-06-30 23:59:59.999999999
40072/0/40100208/40100215,2025-07-31,0.0,40072,2025-07-31 23:59:59.999999999
40072/0/40100208/40100215,2025-08-31,0.0,40072,2025-08-31 23:59:59.999999999
40072/0/40100208/40100215,2025-09-30,0.0,40072,2025-09-30 23:59:59.999999999
40072/0/40100208/40100215,2025-10-31,0.0,40072,2025-10-31 23:59:59.999999999
40072/0/40100208/40100215,2025-11-30,0.0,40072,2025-11-30 23:59:59.999999999
40072/0/40100208/40100215,2025-12-31,0.0,40072,2025-12-31 23:59:59.999999999
40072/0/40100208/40100215,2026-01-31,0.0,40072,2026-01-31 23:59:59.999999999
40072/0/40100208/40100215,2026-02-28,0.0,40072,2026-02-28 23:59:59.999999999
40072/0/40100208/40100215,2026-03-31,0.0,40072,2026-03-31 23:59:59.999999999
40072/0/40100208/40100215,2026-04-30,0.0,40072,2026-04-30 23:59:59.999999999
40072/0/40100208/40100215,2026-05-31,0.0,40072,2026-05-31 23:59:59.999999999
40072/0/40100208/40100215,2026-06-30,0.0,40072,2026-06-30 23:59:59.999999999
40072/0/40100208/40100215,2026-07-31,0.0,40072,2026-07-31 23:59:59.999999999
40072/0/40100208/40100215,2026-08-31,0.0,40072,2026-08-31 23:59:59.999999999
40072/0/40100208/40100215,2026-09-30,0.0,40072,2026-09-30 23:59:59.999999999
40072/0/40100208/40100215,2026-10-31,0.0,40072,2026-10-31 23:59:59.999999999
40072/0/40100208/40100215,2026-11-30,0.0,40072,2026-11-30 23:59:59.999999999
40072/0/40100208/40100215,2026-12-31,0.0,40072,2026-12-31 23:59:59.999999999
40072/0/40100208/40100215,2027-01-31,0.0,40072,2027-01-31 23:59:59.999999999
40072/0/40100208/40100215,2027-02-28,0.0,40072,2027-02-28 23:59:59.999999999
40072/0/40100208/40100215,2027-03-31,0.0,40072,2027-03-31 23:59:59.999999999
40072/0/40100208/40100215,2027-04-30,0.0,40072,2027-04-30 23:59:59.999999999
40072/0/40100208/40100215,2027-05-31,0.0,40072,2027-05-31 23:59:59.999999999
40072/0/40100208/40100215/0,2024-12-31,0.0,40072,2024-12-31 23:59:59.999999999
40072/0/40100208/40100215/0,2025-01-31,0.0,40072,2025-01-31 23:59:59.999999999
40072/0/40100208/40100215/0,2025-02-28,0.0,40072,2025-02-28 23:59:59.999999999
40072/0/40100208/40100215/0,2025-03-31,0.0,40072,2025-03-31 23:59:59.999999999
40072/0/40100208/40100215/0,2025-04-30,0.0,40072,2025-04-30 23:59:59.999999999
40072/0/40100208/40100215/0,2025-05-31,0.0,40072,2025-05-31 23:59:59.999999999
40072/0/40100208/40100215/0,2025-06-30,0.0,40072,2025-06-30 23:59:59.999999999
40072/0/40100208/40100215/0,2025-07-31,0.0,40072,2025-07-31 23:59:59.999999999
40072/0/40100208/40100215/0,2025-08-31,0.0,40072,2025-08-31 23:59:59.999999999
40072/0/40100208/40100215/0,2025-09-30,0.0,40072,2025-09-30 23:59:59.999999999
40072/0/40100208/40100215/0,2025-10-31,0.0,40072,2025-10-31 23:59:59.999999999
40072/0/40100208/40100215/0,2025-11-30,0.0,40072,2025-11-30 23:59:59.999999999
40072/0/40100208/40100215/0,2025-12-31,0.0,40072,2025-12-31 23:59:59.999999999
40072/0/40100208/40100215/0,2026-01-31,0.0,40072,2026-01-31 23:59:59.999999999
40072/0/40100208/40100215/0,2026-02-28,0.0,40072,2026-02-28 23:59:59.999999999
40072/0/40100208/40100215/0,2026-03-31,0.0,40072,2026-03-31 23:59:59.999999999
40072/0/40100208/40100215/0,2026-04-30,0.0,40072,2026-04-30 23:59:59.999999999
40072/0/40100208/40100215/0,2026-05-31,0.0,40072,2026-05-31 23:59:59.999999999
40072/0/40100208/40100215/0,2026-06-30,0.0,40072,2026-06-30 23:59:59.999999999
40072/0/40100208/40100215/0,2026-07-31,0.0,40072,2026-07-31 23:59:59.999999999
40072/0/40100208/40100215/0,2026-08-31,0.0,40072,2026-08-31 23:59:59.999999999
40072/0/40100208/40100215/0,2026-09-30,0.0,40072,2026-09-30 23:59:59.999999999
40072/0/40100208/40100215/0,2026-10-31,0.0,40072,2026-10-31 23:59:59.999999999
40072/0/40100208/40100215/0,2026-11-30,0.0,40072,2026-11-30 23:59:59.999999999
40072/0/40100208/40100215/0,2026-12-31,0.0,40072,2026-12-31 23:59:59.999999999
40072/0/40100208/40100215/0,2027-01-31,0.0,40072,2027-01-31 23:59:59.999999999
40072/0/40100208/40100215/0,2027-02-28,0.0,40072,2027-02-28 23:59:59.999999999
40072/0/40100208/40100215/0,2027-03-31,0.0,40072,2027-03-31 23:59:59.999999999
40072/0/40100208/40100215/0,2027-04-30,0.0,40072,2027-04-30 23:59:59.999999999
40072/0/40100208/40100215/0,2027-05-31,0.0,40072,2027-05-31 23:59:59.999999999
40072/0/40100208/40100216,2024-12-31,119479464.0,40072,2024-12-31 23:59:59.999999999
40072/0/40100208/40100216,2025-01-31,119479464.0,40072,2025-01-31 23:59:59.999999999
40072/0/40100208/40100216,2025-02-28,119479464.0,40072,2025-02-28 23:59:59.999999999
40072/0/40100208/40100216,2025-03-31,119479464.0,40072,2025-03-31 23:59:59.999999999
40072/0/40100208/40100216,2025-04-30,119479464.0,40072,2025-04-30 23:59:59.999999999
40072/0/40100208/40100216,2025-05-31,119479464.0,40072,2025-05-31 23:59:59.999999999
40072/0/40100208/40100216,2025-06-30,119479464.0,40072,2025-06-30 23:59:59.999999999
40072/0/40100208/40100216,2025-07-31,119479464.0,40072,2025-07-31 23:59:59.999999999
40072/0/40100208/40100216,2025-08-31,119479464.0,40072,2025-08-31 23:59:59.999999999
40072/0/40100208/40100216,2025-09-30,119479464.0,40072,2025-09-30 23:59:59.999999999
40072/0/40100208/40100216,2025-10-31,119479464.0,40072,2025-10-31 23:59:59.999999999
40072/0/40100208/40100216,2025-11-30,119479464.0,40072,2025-11-30 23:59:59.999999999
40072/0/40100208/40100216,2025-12-31,119479464.0,40072,2025-12-31 23:59:59.999999999
40072/0/40100208/40100216,2026-01-31,119479464.0,40072,2026-01-31 23:59:59.999999999
40072/0/40100208/40100216,2026-02-28,119479464.0,40072,2026-02-28 23:59:59.999999999
40072/0/40100208/40100216,2026-03-31,119479464.0,40072,2026-03-31 23:59:59.999999999
40072/0/40100208/40100216,2026-04-30,119479464.0,40072,2026-04-30 23:59:59.999999999
40072/0/40100208/40100216,2026-05-31,119479464.0,40072,2026-05-31 23:59:59.999999999
40072/0/40100208/40100216,2026-06-30,119479464.0,40072,2026-06-30 23:59:59.999999999
40072/0/40100208/40100216,2026-07-31,119479464.0,40072,2026-07-31 23:59:59.999999999
40072/0/40100208/40100216,2026-08-31,119479464.0,40072,2026-08-31 23:59:59.999999999
40072/0/40100208/40100216,2026-09-30,119479464.0,40072,2026-09-30 23:59:59.999999999
40072/0/40100208/40100216,2026-10-31,119479464.0,40072,2026-10-31 23:59:59.999999999
40072/0/40100208/40100216,2026-11-30,119479464.0,40072,2026-11-30 23:59:59.999999999
40072/0/40100208/40100216,2026-12-31,119479464.0,40072,2026-12-31 23:59:59.999999999
40072/0/40100208/40100216,2027-01-31,119479464.0,40072,2027-01-31 23:59:59.999999999
40072/0/40100208/40100216,2027-02-28,119479464.0,40072,2027-02-28 23:59:59.999999999
40072/0/40100208/40100216,2027-03-31,119479464.0,40072,2027-03-31 23:59:59.999999999
40072/0/40100208/40100216,2027-04-30,119479464.0,40072,2027-04-30 23:59:59.999999999
40072/0/40100208/40100216,2027-05-31,119479464.0,40072,2027-05-31 23:59:59.999999999
40072/0/40100208/40100216/0,2024-12-31,119479464.0,40072,2024-12-31 23:59:59.999999999
40072/0/40100208/40100216/0,2025-01-31,119479464.0,40072,2025-01-31 23:59:59.999999999
40072/0/40100208/40100216/0,2025-02-28,119479464.0,40072,2025-02-28 23:59:59.999999999
40072/0/40100208/40100216/0,2025-03-31,119479464.0,40072,2025-03-31 23:59:59.999999999
40072/0/40100208/40100216/0,2025-04-30,119479464.0,40072,2025-04-30 23:59:59.999999999
40072/0/40100208/40100216/0,2025-05-31,119479464.0,40072,2025-05-31 23:59:59.999999999
40072/0/40100208/40100216/0,2025-06-30,119479464.0,40072,2025-06-30 23:59:59.999999999
40072/0/40100208/40100216/0,2025-07-31,119479464.0,40072,2025-07-31 23:59:59.999999999
40072/0/40100208/40100216/0,2025-08-31,119479464.0,40072,2025-08-31 23:59:59.999999999
40072/0/40100208/40100216/0,2025-09-30,119479464.0,40072,2025-09-30 23:59:59.999999999
40072/0/40100208/40100216/0,2025-10-31,119479464.0,40072,2025-10-31 23:59:59.999999999
40072/0/40100208/40100216/0,2025-11-30,119479464.0,40072,2025-11-30 23:59:59.999999999
40072/0/40100208/40100216/0,2025-12-31,119479464.0,40072,2025-12-31 23:59:59.999999999
40072/0/40100208/40100216/0,2026-01-31,119479464.0,40072,2026-01-31 23:59:59.999999999
40072/0/40100208/40100216/0,2026-02-28,119479464.0,40072,2026-02-28 23:59:59.999999999
40072/0/40100208/40100216/0,2026-03-31,119479464.0,40072,2026-03-31 23:59:59.999999999
40072/0/40100208/40100216/0,2026-04-30,119479464.0,40072,2026-04-30 23:59:59.999999999
40072/0/40100208/40100216/0,2026-05-31,119479464.0,40072,2026-05-31 23:59:59.999999999
40072/0/40100208/40100216/0,2026-06-30,119479464.0,40072,2026-06-30 23:59:59.999999999
40072/0/40100208/40100216/0,2026-07-31,119479464.0,40072,2026-07-31 23:59:59.999999999
40072/0/40100208/40100216/0,2026-08-31,119479464.0,40072,2026-08-31 23:59:59.999999999
40072/0/40100208/40100216/0,2026-09-30,119479464.0,40072,2026-09-30 23:59:59.999999999
40072/0/40100208/40100216/0,2026-10-31,119479464.0,40072,2026-10-31 23:59:59.999999999
40072/0/40100208/40100216/0,2026-11-30,119479464.0,40072,2026-11-30 23:59:59.999999999
40072/0/40100208/40100216/0,2026-12-31,119479464.0,40072,2026-12-31 23:59:59.999999999
40072/0/40100208/40100216/0,2027-01-31,119479464.0,40072,2027-01-31 23:59:59.999999999
40072/0/40100208/40100216/0,2027-02-28,119479464.0,40072,2027-02-28 23:59:59.999999999
40072/0/40100208/40100216/0,2027-03-31,119479464.0,40072,2027-03-31 23:59:59.999999999
40072/0/40100208/40100216/0,2027-04-30,119479464.0,40072,2027-04-30 23:59:59.999999999
40072/0/40100208/40100216/0,2027-05-31,119479464.0,40072,2027-05-31 23:59:59.999999999
40072/0/40100218,2024-12-31,547925800000.0,40072,2024-12-31 23:59:59.999999999
40072/0/40100218,2025-01-31,551371400000.0,40072,2025-01-31 23:59:59.999999999
40072/0/40100218,2025-02-28,555229400000.0,40072,2025-02-28 23:59:59.999999999
40072/0/40100218,2025-03-31,558616740000.0,40072,2025-03-31 23:59:59.999999999
40072/0/40100218,2025-04-30,562572900000.0,40072,2025-04-30 23:59:59.999999999
40072/0/40100218,2025-05-31,566515400000.0,40072,2025-05-31 23:59:59.999999999
40072/0/40100218,2025-06-30,570097200000.0,40072,2025-06-30 23:59:59.999999999
40072/0/40100218,2025-07-31,574028840000.0,40072,2025-07-31 23:59:59.999999999
40072/0/40100218,2025-08-31,577401650000.0,40072,2025-08-31 23:59:59.999999999
40072/0/40100218,2025-09-30,580356340000.0,40072,2025-09-30 23:59:59.999999999
40072/0/40100218,2025-10-31,583402650000.0,40072,2025-10-31 23:59:59.999999999
40072/0/40100218,2025-11-30,586232370000.0,40072,2025-11-30 23:59:59.999999999
40072/0/40100218,2025-12-31,587481200000.0,40072,2025-12-31 23:59:59.999999999
40072/0/40100218,2026-01-31,590102000000.0,40072,2026-01-31 23:59:59.999999999
40072/0/40100218,2026-02-28,592896000000.0,40072,2026-02-28 23:59:59.999999999
40072/0/40100218,2026-03-31,596020900000.0,40072,2026-03-31 23:59:59.999999999
40072/0/40100218,2026-04-30,599382700000.0,40072,2026-04-30 23:59:59.999999999
40072/0/40100218,2026-05-31,602572100000.0,40072,2026-05-31 23:59:59.999999999
40072/0/40100218,2026-06-30,605573900000.0,40072,2026-06-30 23:59:59.999999999
40072/0/40100218,2026-07-31,608784800000.0,40072,2026-07-31 23:59:59.999999999
40072/0/40100218,2026-08-31,611740400000.0,40072,2026-08-31 23:59:59.999999999
40072/0/40100218,2026-09-30,614757700000.0,40072,2026-09-30 23:59:59.999999999
40072/0/40100218,2026-10-31,618015950000.0,40072,2026-10-31 23:59:59.999999999
40072/0/40100218,2026-11-30,621016840000.0,40072,2026-11-30 23:59:59.999999999
40072/0/40100218,2026-12-31,622841040000.0,40072,2026-12-31 23:59:59.999999999
40072/0/40100218,2027-01-31,625616900000.0,40072,2027-01-31 23:59:59.999999999
40072/0/40100218,2027-02-28,628600800000.0,40072,2027-02-28 23:59:59.999999999
40072/0/40100218,2027-03-31,631481760000.0,40072,2027-03-31 23:59:59.999999999
40072/0/40100218,2027-04-30,634649250000.0,40072,2027-04-30 23:59:59.999999999
40072/0/40100218,2027-05-31,637767500000.0,40072,2027-05-31 23:59:59.999999999
40072/0/40100218/0,2024-12-31,547925800000.0,40072,2024-12-31 23:59:59.999999999
40072/0/40100218/0,2025-01-31,551371400000.0,40072,2025-01-31 23:59:59.999999999
40072/0/40100218/0,2025-02-28,555229400000.0,40072,2025-02-28 23:59:59.999999999
40072/0/40100218/0,2025-03-31,558616740000.0,40072,2025-03-31 23:59:59.999999999
40072/0/40100218/0,2025-04-30,562572900000.0,40072,2025-04-30 23:59:59.999999999
40072/0/40100218/0,2025-05-31,566515400000.0,40072,2025-05-31 23:59:59.999999999
40072/0/40100218/0,2025-06-30,570097200000.0,40072,2025-06-30 23:59:59.999999999
40072/0/40100218/0,2025-07-31,574028840000.0,40072,2025-07-31 23:59:59.999999999
40072/0/40100218/0,2025-08-31,577401650000.0,40072,2025-08-31 23:59:59.999999999
40072/0/40100218/0,2025-09-30,580356340000.0,40072,2025-09-30 23:59:59.999999999
40072/0/40100218/0,2025-10-31,583402650000.0,40072,2025-10-31 23:59:59.999999999
40072/0/40100218/0,2025-11-30,586232370000.0,40072,2025-11-30 23:59:59.999999999
40072/0/40100218/0,2025-12-31,587481200000.0,40072,2025-12-31 23:59:59.999999999
40072/0/40100218/0,2026-01-31,590102000000.0,40072,2026-01-31 23:59:59.999999999
40072/0/40100218/0,2026-02-28,592896000000.0,40072,2026-02-28 23:59:59.999999999
40072/0/40100218/0,2026-03-31,596020900000.0,40072,2026-03-31 23:59:59.999999999
40072/0/40100218/0,2026-04-30,599382700000.0,40072,2026-04-30 23:59:59.999999999
40072/0/40100218/0,2026-05-31,602572100000.0,40072,2026-05-31 23:59:59.999999999
40072/0/40100218/0,2026-06-30,605573900000.0,40072,2026-06-30 23:59:59.999999999
40072/0/40100218/0,2026-07-31,608784800000.0,40072,2026-07-31 23:59:59.999999999
40072/0/40100218/0,2026-08-31,611740400000.0,40072,2026-08-31 23:59:59.999999999
40072/0/40100218/0,2026-09-30,614757700000.0,40072,2026-09-30 23:59:59.999999999
40072/0/40100218/0,2026-10-31,618015950000.0,40072,2026-10-31 23:59:59.999999999
40072/0/40100218/0,2026-11-30,621016840000.0,40072,2026-11-30 23:59:59.999999999
40072/0/40100218/0,2026-12-31,622841040000.0,40072,2026-12-31 23:59:59.999999999
40072/0/40100218/0,2027-01-31,625616900000.0,40072,2027-01-31 23:59:59.999999999
40072/0/40100218/0,2027-02-28,628600800000.0,40072,2027-02-28 23:59:59.999999999
40072/0/40100218/0,2027-03-31,631481760000.0,40072,2027-03-31 23:59:59.999999999
40072/0/40100218/0,2027-04-30,634649250000.0,40072,2027-04-30 23:59:59.999999999
40072/0/40100218/0,2027-05-31,637767500000.0,40072,2027-05-31 23:59:59.999999999
40072/0/40100218/0/0,2024-12-31,547925800000.0,40072,2024-12-31 23:59:59.999999999
40072/0/40100218/0/0,2025-01-31,551371400000.0,40072,2025-01-31 23:59:59.999999999
40072/0/40100218/0/0,2025-02-28,555229400000.0,40072,2025-02-28 23:59:59.999999999
40072/0/40100218/0/0,2025-03-31,558616740000.0,40072,2025-03-31 23:59:59.999999999
40072/0/40100218/0/0,2025-04-30,562572900000.0,40072,2025-04-30 23:59:59.999999999
40072/0/40100218/0/0,2025-05-31,566515400000.0,40072,2025-05-31 23:59:59.999999999
40072/0/40100218/0/0,2025-06-30,570097200000.0,40072,2025-06-30 23:59:59.999999999
40072/0/40100218/0/0,2025-07-31,574028840000.0,40072,2025-07-31 23:59:59.999999999
40072/0/40100218/0/0,2025-08-31,577401650000.0,40072,2025-08-31 23:59:59.999999999
40072/0/40100218/0/0,2025-09-30,580356340000.0,40072,2025-09-30 23:59:59.999999999
40072/0/40100218/0/0,2025-10-31,583402650000.0,40072,2025-10-31 23:59:59.999999999
40072/0/40100218/0/0,2025-11-30,586232370000.0,40072,2025-11-30 23:59:59.999999999
40072/0/40100218/0/0,2025-12-31,587481200000.0,40072,2025-12-31 23:59:59.999999999
40072/0/40100218/0/0,2026-01-31,590102000000.0,40072,2026-01-31 23:59:59.999999999
40072/0/40100218/0/0,2026-02-28,592896000000.0,40072,2026-02-28 23:59:59.999999999
40072/0/40100218/0/0,2026-03-31,596020900000.0,40072,2026-03-31 23:59:59.999999999
40072/0/40100218/0/0,2026-04-30,599382700000.0,40072,2026-04-30 23:59:59.999999999
40072/0/40100218/0/0,2026-05-31,602572100000.0,40072,2026-05-31 23:59:59.999999999
40072/0/40100218/0/0,2026-06-30,605573900000.0,40072,2026-06-30 23:59:59.999999999
40072/0/40100218/0/0,2026-07-31,608784800000.0,40072,2026-07-31 23:59:59.999999999
40072/0/40100218/0/0,2026-08-31,611740400000.0,40072,2026-08-31 23:59:59.999999999
40072/0/40100218/0/0,2026-09-30,614757700000.0,40072,2026-09-30 23:59:59.999999999
40072/0/40100218/0/0,2026-10-31,618015950000.0,40072,2026-10-31 23:59:59.999999999
40072/0/40100218/0/0,2026-11-30,621016840000.0,40072,2026-11-30 23:59:59.999999999
40072/0/40100218/0/0,2026-12-31,622841040000.0,40072,2026-12-31 23:59:59.999999999
40072/0/40100218/0/0,2027-01-31,625616900000.0,40072,2027-01-31 23:59:59.999999999
40072/0/40100218/0/0,2027-02-28,628600800000.0,40072,2027-02-28 23:59:59.999999999
40072/0/40100218/0/0,2027-03-31,631481760000.0,40072,2027-03-31 23:59:59.999999999
40072/0/40100218/0/0,2027-04-30,634649250000.0,40072,2027-04-30 23:59:59.999999999
40072/0/40100218/0/0,2027-05-31,637767500000.0,40072,2027-05-31 23:59:59.999999999
40072/0/40100219,2024-12-31,2716565.5,40072,2024-12-31 23:59:59.999999999
40072/0/40100219,2025-01-31,2716565.5,40072,2025-01-31 23:59:59.999999999
40072/0/40100219,2025-02-28,2716565.5,40072,2025-02-28 23:59:59.999999999
40072/0/40100219,2025-03-31,2716565.5,40072,2025-03-31 23:59:59.999999999
40072/0/40100219,2025-04-30,2716565.5,40072,2025-04-30 23:59:59.999999999
40072/0/40100219,2025-05-31,2716565.5,40072,2025-05-31 23:59:59.999999999
40072/0/40100219,2025-06-30,2716565.5,40072,2025-06-30 23:59:59.999999999
40072/0/40100219,2025-07-31,2716565.5,40072,2025-07-31 23:59:59.999999999
40072/0/40100219,2025-08-31,2716565.5,40072,2025-08-31 23:59:59.999999999
40072/0/40100219,2025-09-30,2716565.5,40072,2025-09-30 23:59:59.999999999
40072/0/40100219,2025-10-31,2716565.5,40072,2025-10-31 23:59:59.999999999
40072/0/40100219,2025-11-30,2716565.5,40072,2025-11-30 23:59:59.999999999
40072/0/40100219,2025-12-31,2716565.5,40072,2025-12-31 23:59:59.999999999
40072/0/40100219,2026-01-31,2716565.5,40072,2026-01-31 23:59:59.999999999
40072/0/40100219,2026-02-28,2716565.5,40072,2026-02-28 23:59:59.999999999
40072/0/40100219,2026-03-31,2716565.5,40072,2026-03-31 23:59:59.999999999
40072/0/40100219,2026-04-30,2716565.5,40072,2026-04-30 23:59:59.999999999
40072/0/40100219,2026-05-31,2716565.5,40072,2026-05-31 23:59:59.999999999
40072/0/40100219,2026-06-30,2716565.5,40072,2026-06-30 23:59:59.999999999
40072/0/40100219,2026-07-31,2716565.5,40072,2026-07-31 23:59:59.999999999
40072/0/40100219,2026-08-31,2716565.5,40072,2026-08-31 23:59:59.999999999
40072/0/40100219,2026-09-30,2716565.5,40072,2026-09-30 23:59:59.999999999
40072/0/40100219,2026-10-31,2716565.5,40072,2026-10-31 23:59:59.999999999
40072/0/40100219,2026-11-30,2716565.5,40072,2026-11-30 23:59:59.999999999
40072/0/40100219,2026-12-31,2716565.5,40072,2026-12-31 23:59:59.999999999
40072/0/40100219,2027-01-31,2716565.5,40072,2027-01-31 23:59:59.999999999
40072/0/40100219,2027-02-28,2716565.5,40072,2027-02-28 23:59:59.999999999
40072/0/40100219,2027-03-31,2716565.5,40072,2027-03-31 23:59:59.999999999
40072/0/40100219,2027-04-30,2716565.5,40072,2027-04-30 23:59:59.999999999
40072/0/40100219,2027-05-31,2716565.5,40072,2027-05-31 23:59:59.999999999
40072/0/40100219/0,2024-12-31,2716565.5,40072,2024-12-31 23:59:59.999999999
40072/0/40100219/0,2025-01-31,2716565.5,40072,2025-01-31 23:59:59.999999999
40072/0/40100219/0,2025-02-28,2716565.5,40072,2025-02-28 23:59:59.999999999
40072/0/40100219/0,2025-03-31,2716565.5,40072,2025-03-31 23:59:59.999999999
40072/0/40100219/0,2025-04-30,2716565.5,40072,2025-04-30 23:59:59.999999999
40072/0/40100219/0,2025-05-31,2716565.5,40072,2025-05-31 23:59:59.999999999
40072/0/40100219/0,2025-06-30,2716565.5,40072,2025-06-30 23:59:59.999999999
40072/0/40100219/0,2025-07-31,2716565.5,40072,2025-07-31 23:59:59.999999999
40072/0/40100219/0,2025-08-31,2716565.5,40072,2025-08-31 23:59:59.999999999
40072/0/40100219/0,2025-09-30,2716565.5,40072,2025-09-30 23:59:59.999999999
40072/0/40100219/0,2025-10-31,2716565.5,40072,2025-10-31 23:59:59.999999999
40072/0/40100219/0,2025-11-30,2716565.5,40072,2025-11-30 23:59:59.999999999
40072/0/40100219/0,2025-12-31,2716565.5,40072,2025-12-31 23:59:59.999999999
40072/0/40100219/0,2026-01-31,2716565.5,40072,2026-01-31 23:59:59.999999999
40072/0/40100219/0,2026-02-28,2716565.5,40072,2026-02-28 23:59:59.999999999
40072/0/40100219/0,2026-03-31,2716565.5,40072,2026-03-31 23:59:59.999999999
40072/0/40100219/0,2026-04-30,2716565.5,40072,2026-04-30 23:59:59.999999999
40072/0/40100219/0,2026-05-31,2716565.5,40072,2026-05-31 23:59:59.999999999
40072/0/40100219/0,2026-06-30,2716565.5,40072,2026-06-30 23:59:59.999999999
40072/0/40100219/0,2026-07-31,2716565.5,40072,2026-07-31 23:59:59.999999999
40072/0/40100219/0,2026-08-31,2716565.5,40072,2026-08-31 23:59:59.999999999
40072/0/40100219/0,2026-09-30,2716565.5,40072,2026-09-30 23:59:59.999999999
40072/0/40100219/0,2026-10-31,2716565.5,40072,2026-10-31 23:59:59.999999999
40072/0/40100219/0,2026-11-30,2716565.5,40072,2026-11-30 23:59:59.999999999
40072/0/40100219/0,2026-12-31,2716565.5,40072,2026-12-31 23:59:59.999999999
40072/0/40100219/0,2027-01-31,2716565.5,40072,2027-01-31 23:59:59.999999999
40072/0/40100219/0,2027-02-28,2716565.5,40072,2027-02-28 23:59:59.999999999
40072/0/40100219/0,2027-03-31,2716565.5,40072,2027-03-31 23:59:59.999999999
40072/0/40100219/0,2027-04-30,2716565.5,40072,2027-04-30 23:59:59.999999999
40072/0/40100219/0,2027-05-31,2716565.5,40072,2027-05-31 23:59:59.999999999
40072/0/40100219/0/0,2024-12-31,2716565.5,40072,2024-12-31 23:59:59.999999999
40072/0/40100219/0/0,2025-01-31,2716565.5,40072,2025-01-31 23:59:59.999999999
40072/0/40100219/0/0,2025-02-28,2716565.5,40072,2025-02-28 23:59:59.999999999
40072/0/40100219/0/0,2025-03-31,2716565.5,40072,2025-03-31 23:59:59.999999999
40072/0/40100219/0/0,2025-04-30,2716565.5,40072,2025-04-30 23:59:59.999999999
40072/0/40100219/0/0,2025-05-31,2716565.5,40072,2025-05-31 23:59:59.999999999
40072/0/40100219/0/0,2025-06-30,2716565.5,40072,2025-06-30 23:59:59.999999999
40072/0/40100219/0/0,2025-07-31,2716565.5,40072,2025-07-31 23:59:59.999999999
40072/0/40100219/0/0,2025-08-31,2716565.5,40072,2025-08-31 23:59:59.999999999
40072/0/40100219/0/0,2025-09-30,2716565.5,40072,2025-09-30 23:59:59.999999999
40072/0/40100219/0/0,2025-10-31,2716565.5,40072,2025-10-31 23:59:59.999999999
40072/0/40100219/0/0,2025-11-30,2716565.5,40072,2025-11-30 23:59:59.999999999
40072/0/40100219/0/0,2025-12-31,2716565.5,40072,2025-12-31 23:59:59.999999999
40072/0/40100219/0/0,2026-01-31,2716565.5,40072,2026-01-31 23:59:59.999999999
40072/0/40100219/0/0,2026-02-28,2716565.5,40072,2026-02-28 23:59:59.999999999
40072/0/40100219/0/0,2026-03-31,2716565.5,40072,2026-03-31 23:59:59.999999999
40072/0/40100219/0/0,2026-04-30,2716565.5,40072,2026-04-30 23:59:59.999999999
40072/0/40100219/0/0,2026-05-31,2716565.5,40072,2026-05-31 23:59:59.999999999
40072/0/40100219/0/0,2026-06-30,2716565.5,40072,2026-06-30 23:59:59.999999999
40072/0/40100219/0/0,2026-07-31,2716565.5,40072,2026-07-31 23:59:59.999999999
40072/0/40100219/0/0,2026-08-31,2716565.5,40072,2026-08-31 23:59:59.999999999
40072/0/40100219/0/0,2026-09-30,2716565.5,40072,2026-09-30 23:59:59.999999999
40072/0/40100219/0/0,2026-10-31,2716565.5,40072,2026-10-31 23:59:59.999999999
40072/0/40100219/0/0,2026-11-30,2716565.5,40072,2026-11-30 23:59:59.999999999
40072/0/40100219/0/0,2026-12-31,2716565.5,40072,2026-12-31 23:59:59.999999999
40072/0/40100219/0/0,2027-01-31,2716565.5,40072,2027-01-31 23:59:59.999999999
40072/0/40100219/0/0,2027-02-28,2716565.5,40072,2027-02-28 23:59:59.999999999
40072/0/40100219/0/0,2027-03-31,2716565.5,40072,2027-03-31 23:59:59.999999999
40072/0/40100219/0/0,2027-04-30,2716565.5,40072,2027-04-30 23:59:59.999999999
40072/0/40100219/0/0,2027-05-31,2716565.5,40072,2027-05-31 23:59:59.999999999
40072/0/40100220,2024-12-31,3580503800.0,40072,2024-12-31 23:59:59.999999999
40072/0/40100220,2025-01-31,3502350600.0,40072,2025-01-31 23:59:59.999999999
40072/0/40100220,2025-02-28,3500930600.0,40072,2025-02-28 23:59:59.999999999
40072/0/40100220,2025-03-31,3423215400.0,40072,2025-03-31 23:59:59.999999999
40072/0/40100220,2025-04-30,3421359900.0,40072,2025-04-30 23:59:59.999999999
40072/0/40100220,2025-05-31,3344077600.0,40072,2025-05-31 23:59:59.999999999
40072/0/40100220,2025-06-30,3341791700.0,40072,2025-06-30 23:59:59.999999999
40072/0/40100220,2025-07-31,3264937500.0,40072,2025-07-31 23:59:59.999999999
40072/0/40100220,2025-08-31,3262226000.0,40072,2025-08-31 23:59:59.999999999
40072/0/40100220,2025-09-30,3185794800.0,40072,2025-09-30 23:59:59.999999999
40072/0/40100220,2025-10-31,3182662700.0,40072,2025-10-31 23:59:59.999999999
40072/0/40100220,2025-11-30,3106649900.0,40072,2025-11-30 23:59:59.999999999
40072/0/40100220,2025-12-31,3103101700.0,40072,2025-12-31 23:59:59.999999999
40072/0/40100220,2026-01-31,3027502600.0,40072,2026-01-31 23:59:59.999999999
40072/0/40100220,2026-02-28,3023543000.0,40072,2026-02-28 23:59:59.999999999
40072/0/40100220,2026-03-31,2948352800.0,40072,2026-03-31 23:59:59.999999999
40072/0/40100220,2026-04-30,2943986700.0,40072,2026-04-30 23:59:59.999999999
40072/0/40100220,2026-05-31,2869200600.0,40072,2026-05-31 23:59:59.999999999
40072/0/40100220,2026-06-30,2864433000.0,40072,2026-06-30 23:59:59.999999999
40072/0/40100220,2026-07-31,2790046500.0,40072,2026-07-31 23:59:59.999999999
40072/0/40100220,2026-08-31,2784881200.0,40072,2026-08-31 23:59:59.999999999
40072/0/40100220,2026-09-30,2710889700.0,40072,2026-09-30 23:59:59.999999999
40072/0/40100220,2026-10-31,2705331700.0,40072,2026-10-31 23:59:59.999999999
40072/0/40100220,2026-11-30,2631731000.0,40072,2026-11-30 23:59:59.999999999
40072/0/40100220,2026-12-31,2625784600.0,40072,2026-12-31 23:59:59.999999999
40072/0/40100220,2027-01-31,2552569900.0,40072,2027-01-31 23:59:59.999999999
40072/0/40100220,2027-02-28,2546239500.0,40072,2027-02-28 23:59:59.999999999
40072/0/40100220,2027-03-31,2473406700.0,40072,2027-03-31 23:59:59.999999999
40072/0/40100220,2027-04-30,2466696700.0,40072,2027-04-30 23:59:59.999999999
40072/0/40100220,2027-05-31,2394241300.0,40072,2027-05-31 23:59:59.999999999
40072/0/40100220/0,2024-12-31,3580503800.0,40072,2024-12-31 23:59:59.999999999
40072/0/40100220/0,2025-01-31,3502350600.0,40072,2025-01-31 23:59:59.999999999
40072/0/40100220/0,2025-02-28,3500930600.0,40072,2025-02-28 23:59:59.999999999
40072/0/40100220/0,2025-03-31,3423215400.0,40072,2025-03-31 23:59:59.999999999
40072/0/40100220/0,2025-04-30,3421359900.0,40072,2025-04-30 23:59:59.999999999
40072/0/40100220/0,2025-05-31,3344077600.0,40072,2025-05-31 23:59:59.999999999
40072/0/40100220/0,2025-06-30,3341791700.0,40072,2025-06-30 23:59:59.999999999
40072/0/40100220/0,2025-07-31,3264937500.0,40072,2025-07-31 23:59:59.999999999
40072/0/40100220/0,2025-08-31,3262226000.0,40072,2025-08-31 23:59:59.999999999
40072/0/40100220/0,2025-09-30,3185794800.0,40072,2025-09-30 23:59:59.999999999
40072/0/40100220/0,2025-10-31,3182662700.0,40072,2025-10-31 23:59:59.999999999
40072/0/40100220/0,2025-11-30,3106649900.0,40072,2025-11-30 23:59:59.999999999
40072/0/40100220/0,2025-12-31,3103101700.0,40072,2025-12-31 23:59:59.999999999
40072/0/40100220/0,2026-01-31,3027502600.0,40072,2026-01-31 23:59:59.999999999
40072/0/40100220/0,2026-02-28,3023543000.0,40072,2026-02-28 23:59:59.999999999
40072/0/40100220/0,2026-03-31,2948352800.0,40072,2026-03-31 23:59:59.999999999
40072/0/40100220/0,2026-04-30,2943986700.0,40072,2026-04-30 23:59:59.999999999
40072/0/40100220/0,2026-05-31,2869200600.0,40072,2026-05-31 23:59:59.999999999
40072/0/40100220/0,2026-06-30,2864433000.0,40072,2026-06-30 23:59:59.999999999
40072/0/40100220/0,2026-07-31,2790046500.0,40072,2026-07-31 23:59:59.999999999
40072/0/40100220/0,2026-08-31,2784881200.0,40072,2026-08-31 23:59:59.999999999
40072/0/40100220/0,2026-09-30,2710889700.0,40072,2026-09-30 23:59:59.999999999
40072/0/40100220/0,2026-10-31,2705331700.0,40072,2026-10-31 23:59:59.999999999
40072/0/40100220/0,2026-11-30,2631731000.0,40072,2026-11-30 23:59:59.999999999
40072/0/40100220/0,2026-12-31,2625784600.0,40072,2026-12-31 23:59:59.999999999
40072/0/40100220/0,2027-01-31,2552569900.0,40072,2027-01-31 23:59:59.999999999
40072/0/40100220/0,2027-02-28,2546239500.0,40072,2027-02-28 23:59:59.999999999
40072/0/40100220/0,2027-03-31,2473406700.0,40072,2027-03-31 23:59:59.999999999
40072/0/40100220/0,2027-04-30,2466696700.0,40072,2027-04-30 23:59:59.999999999
40072/0/40100220/0,2027-05-31,2394241300.0,40072,2027-05-31 23:59:59.999999999
40072/0/40100220/0/0,2024-12-31,3580503800.0,40072,2024-12-31 23:59:59.999999999
40072/0/40100220/0/0,2025-01-31,3502350600.0,40072,2025-01-31 23:59:59.999999999
40072/0/40100220/0/0,2025-02-28,3500930600.0,40072,2025-02-28 23:59:59.999999999
40072/0/40100220/0/0,2025-03-31,3423215400.0,40072,2025-03-31 23:59:59.999999999
40072/0/40100220/0/0,2025-04-30,3421359900.0,40072,2025-04-30 23:59:59.999999999
40072/0/40100220/0/0,2025-05-31,3344077600.0,40072,2025-05-31 23:59:59.999999999
40072/0/40100220/0/0,2025-06-30,3341791700.0,40072,2025-06-30 23:59:59.999999999
40072/0/40100220/0/0,2025-07-31,3264937500.0,40072,2025-07-31 23:59:59.999999999
40072/0/40100220/0/0,2025-08-31,3262226000.0,40072,2025-08-31 23:59:59.999999999
40072/0/40100220/0/0,2025-09-30,3185794800.0,40072,2025-09-30 23:59:59.999999999
40072/0/40100220/0/0,2025-10-31,3182662700.0,40072,2025-10-31 23:59:59.999999999
40072/0/40100220/0/0,2025-11-30,3106649900.0,40072,2025-11-30 23:59:59.999999999
40072/0/40100220/0/0,2025-12-31,3103101700.0,40072,2025-12-31 23:59:59.999999999
40072/0/40100220/0/0,2026-01-31,3027502600.0,40072,2026-01-31 23:59:59.999999999
40072/0/40100220/0/0,2026-02-28,3023543000.0,40072,2026-02-28 23:59:59.999999999
40072/0/40100220/0/0,2026-03-31,2948352800.0,40072,2026-03-31 23:59:59.999999999
40072/0/40100220/0/0,2026-04-30,2943986700.0,40072,2026-04-30 23:59:59.999999999
40072/0/40100220/0/0,2026-05-31,2869200600.0,40072,2026-05-31 23:59:59.999999999
40072/0/40100220/0/0,2026-06-30,2864433000.0,40072,2026-06-30 23:59:59.999999999
40072/0/40100220/0/0,2026-07-31,2790046500.0,40072,2026-07-31 23:59:59.999999999
40072/0/40100220/0/0,2026-08-31,2784881200.0,40072,2026-08-31 23:59:59.999999999
40072/0/40100220/0/0,2026-09-30,2710889700.0,40072,2026-09-30 23:59:59.999999999
40072/0/40100220/0/0,2026-10-31,2705331700.0,40072,2026-10-31 23:59:59.999999999
40072/0/40100220/0/0,2026-11-30,2631731000.0,40072,2026-11-30 23:59:59.999999999
40072/0/40100220/0/0,2026-12-31,2625784600.0,40072,2026-12-31 23:59:59.999999999
40072/0/40100220/0/0,2027-01-31,2552569900.0,40072,2027-01-31 23:59:59.999999999
40072/0/40100220/0/0,2027-02-28,2546239500.0,40072,2027-02-28 23:59:59.999999999
40072/0/40100220/0/0,2027-03-31,2473406700.0,40072,2027-03-31 23:59:59.999999999
40072/0/40100220/0/0,2027-04-30,2466696700.0,40072,2027-04-30 23:59:59.999999999
40072/0/40100220/0/0,2027-05-31,2394241300.0,40072,2027-05-31 23:59:59.999999999
40072/0/40100221,2024-12-31,0.0,40072,2024-12-31 23:59:59.999999999
40072/0/40100221,2025-01-31,0.0,40072,2025-01-31 23:59:59.999999999
40072/0/40100221,2025-02-28,0.0,40072,2025-02-28 23:59:59.999999999
40072/0/40100221,2025-03-31,0.0,40072,2025-03-31 23:59:59.999999999
40072/0/40100221,2025-04-30,0.0,40072,2025-04-30 23:59:59.999999999
40072/0/40100221,2025-05-31,0.0,40072,2025-05-31 23:59:59.999999999
40072/0/40100221,2025-06-30,0.0,40072,2025-06-30 23:59:59.999999999
40072/0/40100221,2025-07-31,0.0,40072,2025-07-31 23:59:59.999999999
40072/0/40100221,2025-08-31,0.0,40072,2025-08-31 23:59:59.999999999
40072/0/40100221,2025-09-30,0.0,40072,2025-09-30 23:59:59.999999999
40072/0/40100221,2025-10-31,0.0,40072,2025-10-31 23:59:59.999999999
40072/0/40100221,2025-11-30,0.0,40072,2025-11-30 23:59:59.999999999
40072/0/40100221,2025-12-31,0.0,40072,2025-12-31 23:59:59.999999999
40072/0/40100221,2026-01-31,0.0,40072,2026-01-31 23:59:59.999999999
40072/0/40100221,2026-02-28,0.0,40072,2026-02-28 23:59:59.999999999
40072/0/40100221,2026-03-31,0.0,40072,2026-03-31 23:59:59.999999999
40072/0/40100221,2026-04-30,0.0,40072,2026-04-30 23:59:59.999999999
40072/0/40100221,2026-05-31,0.0,40072,2026-05-31 23:59:59.999999999
40072/0/40100221,2026-06-30,0.0,40072,2026-06-30 23:59:59.999999999
40072/0/40100221,2026-07-31,0.0,40072,2026-07-31 23:59:59.999999999
40072/0/40100221,2026-08-31,0.0,40072,2026-08-31 23:59:59.999999999
40072/0/40100221,2026-09-30,0.0,40072,2026-09-30 23:59:59.999999999
40072/0/40100221,2026-10-31,0.0,40072,2026-10-31 23:59:59.999999999
40072/0/40100221,2026-11-30,0.0,40072,2026-11-30 23:59:59.999999999
40072/0/40100221,2026-12-31,0.0,40072,2026-12-31 23:59:59.999999999
40072/0/40100221,2027-01-31,0.0,40072,2027-01-31 23:59:59.999999999
40072/0/40100221,2027-02-28,0.0,40072,2027-02-28 23:59:59.999999999
40072/0/40100221,2027-03-31,0.0,40072,2027-03-31 23:59:59.999999999
40072/0/40100221,2027-04-30,0.0,40072,2027-04-30 23:59:59.999999999
40072/0/40100221,2027-05-31,0.0,40072,2027-05-31 23:59:59.999999999
40072/0/40100221/0,2024-12-31,0.0,40072,2024-12-31 23:59:59.999999999
40072/0/40100221/0,2025-01-31,0.0,40072,2025-01-31 23:59:59.999999999
40072/0/40100221/0,2025-02-28,0.0,40072,2025-02-28 23:59:59.999999999
40072/0/40100221/0,2025-03-31,0.0,40072,2025-03-31 23:59:59.999999999
40072/0/40100221/0,2025-04-30,0.0,40072,2025-04-30 23:59:59.999999999
40072/0/40100221/0,2025-05-31,0.0,40072,2025-05-31 23:59:59.999999999
40072/0/40100221/0,2025-06-30,0.0,40072,2025-06-30 23:59:59.999999999
40072/0/40100221/0,2025-07-31,0.0,40072,2025-07-31 23:59:59.999999999
40072/0/40100221/0,2025-08-31,0.0,40072,2025-08-31 23:59:59.999999999
40072/0/40100221/0,2025-09-30,0.0,40072,2025-09-30 23:59:59.999999999
40072/0/40100221/0,2025-10-31,0.0,40072,2025-10-31 23:59:59.999999999
40072/0/40100221/0,2025-11-30,0.0,40072,2025-11-30 23:59:59.999999999
40072/0/40100221/0,2025-12-31,0.0,40072,2025-12-31 23:59:59.999999999
40072/0/40100221/0,2026-01-31,0.0,40072,2026-01-31 23:59:59.999999999
40072/0/40100221/0,2026-02-28,0.0,40072,2026-02-28 23:59:59.999999999
40072/0/40100221/0,2026-03-31,0.0,40072,2026-03-31 23:59:59.999999999
40072/0/40100221/0,2026-04-30,0.0,40072,2026-04-30 23:59:59.999999999
40072/0/40100221/0,2026-05-31,0.0,40072,2026-05-31 23:59:59.999999999
40072/0/40100221/0,2026-06-30,0.0,40072,2026-06-30 23:59:59.999999999
40072/0/40100221/0,2026-07-31,0.0,40072,2026-07-31 23:59:59.999999999
40072/0/40100221/0,2026-08-31,0.0,40072,2026-08-31 23:59:59.999999999
40072/0/40100221/0,2026-09-30,0.0,40072,2026-09-30 23:59:59.999999999
40072/0/40100221/0,2026-10-31,0.0,40072,2026-10-31 23:59:59.999999999
40072/0/40100221/0,2026-11-30,0.0,40072,2026-11-30 23:59:59.999999999
40072/0/40100221/0,2026-12-31,0.0,40072,2026-12-31 23:59:59.999999999
40072/0/40100221/0,2027-01-31,0.0,40072,2027-01-31 23:59:59.999999999
40072/0/40100221/0,2027-02-28,0.0,40072,2027-02-28 23:59:59.999999999
40072/0/40100221/0,2027-03-31,0.0,40072,2027-03-31 23:59:59.999999999
40072/0/40100221/0,2027-04-30,0.0,40072,2027-04-30 23:59:59.999999999
40072/0/40100221/0,2027-05-31,0.0,40072,2027-05-31 23:59:59.999999999
40072/0/40100221/0/0,2024-12-31,0.0,40072,2024-12-31 23:59:59.999999999
40072/0/40100221/0/0,2025-01-31,0.0,40072,2025-01-31 23:59:59.999999999
40072/0/40100221/0/0,2025-02-28,0.0,40072,2025-02-28 23:59:59.999999999
40072/0/40100221/0/0,2025-03-31,0.0,40072,2025-03-31 23:59:59.999999999
40072/0/40100221/0/0,2025-04-30,0.0,40072,2025-04-30 23:59:59.999999999
40072/0/40100221/0/0,2025-05-31,0.0,40072,2025-05-31 23:59:59.999999999
40072/0/40100221/0/0,2025-06-30,0.0,40072,2025-06-30 23:59:59.999999999
40072/0/40100221/0/0,2025-07-31,0.0,40072,2025-07-31 23:59:59.999999999
40072/0/40100221/0/0,2025-08-31,0.0,40072,2025-08-31 23:59:59.999999999
40072/0/40100221/0/0,2025-09-30,0.0,40072,2025-09-30 23:59:59.999999999
40072/0/40100221/0/0,2025-10-31,0.0,40072,2025-10-31 23:59:59.999999999
40072/0/40100221/0/0,2025-11-30,0.0,40072,2025-11-30 23:59:59.999999999
40072/0/40100221/0/0,2025-12-31,0.0,40072,2025-12-31 23:59:59.999999999
40072/0/40100221/0/0,2026-01-31,0.0,40072,2026-01-31 23:59:59.999999999
40072/0/40100221/0/0,2026-02-28,0.0,40072,2026-02-28 23:59:59.999999999
40072/0/40100221/0/0,2026-03-31,0.0,40072,2026-03-31 23:59:59.999999999
40072/0/40100221/0/0,2026-04-30,0.0,40072,2026-04-30 23:59:59.999999999
40072/0/40100221/0/0,2026-05-31,0.0,40072,2026-05-31 23:59:59.999999999
40072/0/40100221/0/0,2026-06-30,0.0,40072,2026-06-30 23:59:59.999999999
40072/0/40100221/0/0,2026-07-31,0.0,40072,2026-07-31 23:59:59.999999999
40072/0/40100221/0/0,2026-08-31,0.0,40072,2026-08-31 23:59:59.999999999
40072/0/40100221/0/0,2026-09-30,0.0,40072,2026-09-30 23:59:59.999999999
40072/0/40100221/0/0,2026-10-31,0.0,40072,2026-10-31 23:59:59.999999999
40072/0/40100221/0/0,2026-11-30,0.0,40072,2026-11-30 23:59:59.999999999
40072/0/40100221/0/0,2026-12-31,0.0,40072,2026-12-31 23:59:59.999999999
40072/0/40100221/0/0,2027-01-31,0.0,40072,2027-01-31 23:59:59.999999999
40072/0/40100221/0/0,2027-02-28,0.0,40072,2027-02-28 23:59:59.999999999
40072/0/40100221/0/0,2027-03-31,0.0,40072,2027-03-31 23:59:59.999999999
40072/0/40100221/0/0,2027-04-30,0.0,40072,2027-04-30 23:59:59.999999999
40072/0/40100221/0/0,2027-05-31,0.0,40072,2027-05-31 23:59:59.999999999
40072/0/40100222,2024-12-31,0.0,40072,2024-12-31 23:59:59.999999999
40072/0/40100222,2025-01-31,0.0,40072,2025-01-31 23:59:59.999999999
40072/0/40100222,2025-02-28,0.0,40072,2025-02-28 23:59:59.999999999
40072/0/40100222,2025-03-31,0.0,40072,2025-03-31 23:59:59.999999999
40072/0/40100222,2025-04-30,0.0,40072,2025-04-30 23:59:59.999999999
40072/0/40100222,2025-05-31,0.0,40072,2025-05-31 23:59:59.999999999
40072/0/40100222,2025-06-30,0.0,40072,2025-06-30 23:59:59.999999999
40072/0/40100222,2025-07-31,0.0,40072,2025-07-31 23:59:59.999999999
40072/0/40100222,2025-08-31,0.0,40072,2025-08-31 23:59:59.999999999
40072/0/40100222,2025-09-30,0.0,40072,2025-09-30 23:59:59.999999999
40072/0/40100222,2025-10-31,0.0,40072,2025-10-31 23:59:59.999999999
40072/0/40100222,2025-11-30,0.0,40072,2025-11-30 23:59:59.999999999
40072/0/40100222,2025-12-31,0.0,40072,2025-12-31 23:59:59.999999999
40072/0/40100222,2026-01-31,0.0,40072,2026-01-31 23:59:59.999999999
40072/0/40100222,2026-02-28,0.0,40072,2026-02-28 23:59:59.999999999
40072/0/40100222,2026-03-31,0.0,40072,2026-03-31 23:59:59.999999999
40072/0/40100222,2026-04-30,0.0,40072,2026-04-30 23:59:59.999999999
40072/0/40100222,2026-05-31,0.0,40072,2026-05-31 23:59:59.999999999
40072/0/40100222,2026-06-30,0.0,40072,2026-06-30 23:59:59.999999999
40072/0/40100222,2026-07-31,0.0,40072,2026-07-31 23:59:59.999999999
40072/0/40100222,2026-08-31,0.0,40072,2026-08-31 23:59:59.999999999
40072/0/40100222,2026-09-30,0.0,40072,2026-09-30 23:59:59.999999999
40072/0/40100222,2026-10-31,0.0,40072,2026-10-31 23:59:59.999999999
40072/0/40100222,2026-11-30,0.0,40072,2026-11-30 23:59:59.999999999
40072/0/40100222,2026-12-31,0.0,40072,2026-12-31 23:59:59.999999999
40072/0/40100222,2027-01-31,0.0,40072,2027-01-31 23:59:59.999999999
40072/0/40100222,2027-02-28,0.0,40072,2027-02-28 23:59:59.999999999
40072/0/40100222,2027-03-31,0.0,40072,2027-03-31 23:59:59.999999999
40072/0/40100222,2027-04-30,0.0,40072,2027-04-30 23:59:59.999999999
40072/0/40100222,2027-05-31,0.0,40072,2027-05-31 23:59:59.999999999
40072/0/40100222/0,2024-12-31,0.0,40072,2024-12-31 23:59:59.999999999
40072/0/40100222/0,2025-01-31,0.0,40072,2025-01-31 23:59:59.999999999
40072/0/40100222/0,2025-02-28,0.0,40072,2025-02-28 23:59:59.999999999
40072/0/40100222/0,2025-03-31,0.0,40072,2025-03-31 23:59:59.999999999
40072/0/40100222/0,2025-04-30,0.0,40072,2025-04-30 23:59:59.999999999
40072/0/40100222/0,2025-05-31,0.0,40072,2025-05-31 23:59:59.999999999
40072/0/40100222/0,2025-06-30,0.0,40072,2025-06-30 23:59:59.999999999
40072/0/40100222/0,2025-07-31,0.0,40072,2025-07-31 23:59:59.999999999
40072/0/40100222/0,2025-08-31,0.0,40072,2025-08-31 23:59:59.999999999
40072/0/40100222/0,2025-09-30,0.0,40072,2025-09-30 23:59:59.999999999
40072/0/40100222/0,2025-10-31,0.0,40072,2025-10-31 23:59:59.999999999
40072/0/40100222/0,2025-11-30,0.0,40072,2025-11-30 23:59:59.999999999
40072/0/40100222/0,2025-12-31,0.0,40072,2025-12-31 23:59:59.999999999
40072/0/40100222/0,2026-01-31,0.0,40072,2026-01-31 23:59:59.999999999
40072/0/40100222/0,2026-02-28,0.0,40072,2026-02-28 23:59:59.999999999
40072/0/40100222/0,2026-03-31,0.0,40072,2026-03-31 23:59:59.999999999
40072/0/40100222/0,2026-04-30,0.0,40072,2026-04-30 23:59:59.999999999
40072/0/40100222/0,2026-05-31,0.0,40072,2026-05-31 23:59:59.999999999
40072/0/40100222/0,2026-06-30,0.0,40072,2026-06-30 23:59:59.999999999
40072/0/40100222/0,2026-07-31,0.0,40072,2026-07-31 23:59:59.999999999
40072/0/40100222/0,2026-08-31,0.0,40072,2026-08-31 23:59:59.999999999
40072/0/40100222/0,2026-09-30,0.0,40072,2026-09-30 23:59:59.999999999
40072/0/40100222/0,2026-10-31,0.0,40072,2026-10-31 23:59:59.999999999
40072/0/40100222/0,2026-11-30,0.0,40072,2026-11-30 23:59:59.999999999
40072/0/40100222/0,2026-12-31,0.0,40072,2026-12-31 23:59:59.999999999
40072/0/40100222/0,2027-01-31,0.0,40072,2027-01-31 23:59:59.999999999
40072/0/40100222/0,2027-02-28,0.0,40072,2027-02-28 23:59:59.999999999
40072/0/40100222/0,2027-03-31,0.0,40072,2027-03-31 23:59:59.999999999
40072/0/40100222/0,2027-04-30,0.0,40072,2027-04-30 23:59:59.999999999
40072/0/40100222/0,2027-05-31,0.0,40072,2027-05-31 23:59:59.999999999
40072/0/40100222/0/0,2024-12-31,0.0,40072,2024-12-31 23:59:59.999999999
40072/0/40100222/0/0,2025-01-31,0.0,40072,2025-01-31 23:59:59.999999999
40072/0/40100222/0/0,2025-02-28,0.0,40072,2025-02-28 23:59:59.999999999
40072/0/40100222/0/0,2025-03-31,0.0,40072,2025-03-31 23:59:59.999999999
40072/0/40100222/0/0,2025-04-30,0.0,40072,2025-04-30 23:59:59.999999999
40072/0/40100222/0/0,2025-05-31,0.0,40072,2025-05-31 23:59:59.999999999
40072/0/40100222/0/0,2025-06-30,0.0,40072,2025-06-30 23:59:59.999999999
40072/0/40100222/0/0,2025-07-31,0.0,40072,2025-07-31 23:59:59.999999999
40072/0/40100222/0/0,2025-08-31,0.0,40072,2025-08-31 23:59:59.999999999
40072/0/40100222/0/0,2025-09-30,0.0,40072,2025-09-30 23:59:59.999999999
40072/0/40100222/0/0,2025-10-31,0.0,40072,2025-10-31 23:59:59.999999999
40072/0/40100222/0/0,2025-11-30,0.0,40072,2025-11-30 23:59:59.999999999
40072/0/40100222/0/0,2025-12-31,0.0,40072,2025-12-31 23:59:59.999999999
40072/0/40100222/0/0,2026-01-31,0.0,40072,2026-01-31 23:59:59.999999999
40072/0/40100222/0/0,2026-02-28,0.0,40072,2026-02-28 23:59:59.999999999
40072/0/40100222/0/0,2026-03-31,0.0,40072,2026-03-31 23:59:59.999999999
40072/0/40100222/0/0,2026-04-30,0.0,40072,2026-04-30 23:59:59.999999999
40072/0/40100222/0/0,2026-05-31,0.0,40072,2026-05-31 23:59:59.999999999
40072/0/40100222/0/0,2026-06-30,0.0,40072,2026-06-30 23:59:59.999999999
40072/0/40100222/0/0,2026-07-31,0.0,40072,2026-07-31 23:59:59.999999999
40072/0/40100222/0/0,2026-08-31,0.0,40072,2026-08-31 23:59:59.999999999
40072/0/40100222/0/0,2026-09-30,0.0,40072,2026-09-30 23:59:59.999999999
40072/0/40100222/0/0,2026-10-31,0.0,40072,2026-10-31 23:59:59.999999999
40072/0/40100222/0/0,2026-11-30,0.0,40072,2026-11-30 23:59:59.999999999
40072/0/40100222/0/0,2026-12-31,0.0,40072,2026-12-31 23:59:59.999999999
40072/0/40100222/0/0,2027-01-31,0.0,40072,2027-01-31 23:59:59.999999999
40072/0/40100222/0/0,2027-02-28,0.0,40072,2027-02-28 23:59:59.999999999
40072/0/40100222/0/0,2027-03-31,0.0,40072,2027-03-31 23:59:59.999999999
40072/0/40100222/0/0,2027-04-30,0.0,40072,2027-04-30 23:59:59.999999999
40072/0/40100222/0/0,2027-05-31,0.0,40072,2027-05-31 23:59:59.999999999
40072/0/40100223,2024-12-31,0.0,40072,2024-12-31 23:59:59.999999999
40072/0/40100223,2025-01-31,0.0,40072,2025-01-31 23:59:59.999999999
40072/0/40100223,2025-02-28,0.0,40072,2025-02-28 23:59:59.999999999
40072/0/40100223,2025-03-31,0.0,40072,2025-03-31 23:59:59.999999999
40072/0/40100223,2025-04-30,0.0,40072,2025-04-30 23:59:59.999999999
40072/0/40100223,2025-05-31,0.0,40072,2025-05-31 23:59:59.999999999
40072/0/40100223,2025-06-30,0.0,40072,2025-06-30 23:59:59.999999999
40072/0/40100223,2025-07-31,0.0,40072,2025-07-31 23:59:59.999999999
40072/0/40100223,2025-08-31,0.0,40072,2025-08-31 23:59:59.999999999
40072/0/40100223,2025-09-30,0.0,40072,2025-09-30 23:59:59.999999999
40072/0/40100223,2025-10-31,0.0,40072,2025-10-31 23:59:59.999999999
40072/0/40100223,2025-11-30,0.0,40072,2025-11-30 23:59:59.999999999
40072/0/40100223,2025-12-31,0.0,40072,2025-12-31 23:59:59.999999999
40072/0/40100223,2026-01-31,0.0,40072,2026-01-31 23:59:59.999999999
40072/0/40100223,2026-02-28,0.0,40072,2026-02-28 23:59:59.999999999
40072/0/40100223,2026-03-31,0.0,40072,2026-03-31 23:59:59.999999999
40072/0/40100223,2026-04-30,0.0,40072,2026-04-30 23:59:59.999999999
40072/0/40100223,2026-05-31,0.0,40072,2026-05-31 23:59:59.999999999
40072/0/40100223,2026-06-30,0.0,40072,2026-06-30 23:59:59.999999999
40072/0/40100223,2026-07-31,0.0,40072,2026-07-31 23:59:59.999999999
40072/0/40100223,2026-08-31,0.0,40072,2026-08-31 23:59:59.999999999
40072/0/40100223,2026-09-30,0.0,40072,2026-09-30 23:59:59.999999999
40072/0/40100223,2026-10-31,0.0,40072,2026-10-31 23:59:59.999999999
40072/0/40100223,2026-11-30,0.0,40072,2026-11-30 23:59:59.999999999
40072/0/40100223,2026-12-31,0.0,40072,2026-12-31 23:59:59.999999999
40072/0/40100223,2027-01-31,0.0,40072,2027-01-31 23:59:59.999999999
40072/0/40100223,2027-02-28,0.0,40072,2027-02-28 23:59:59.999999999
40072/0/40100223,2027-03-31,0.0,40072,2027-03-31 23:59:59.999999999
40072/0/40100223,2027-04-30,0.0,40072,2027-04-30 23:59:59.999999999
40072/0/40100223,2027-05-31,0.0,40072,2027-05-31 23:59:59.999999999
40072/0/40100223/0,2024-12-31,0.0,40072,2024-12-31 23:59:59.999999999
40072/0/40100223/0,2025-01-31,0.0,40072,2025-01-31 23:59:59.999999999
40072/0/40100223/0,2025-02-28,0.0,40072,2025-02-28 23:59:59.999999999
40072/0/40100223/0,2025-03-31,0.0,40072,2025-03-31 23:59:59.999999999
40072/0/40100223/0,2025-04-30,0.0,40072,2025-04-30 23:59:59.999999999
40072/0/40100223/0,2025-05-31,0.0,40072,2025-05-31 23:59:59.999999999
40072/0/40100223/0,2025-06-30,0.0,40072,2025-06-30 23:59:59.999999999
40072/0/40100223/0,2025-07-31,0.0,40072,2025-07-31 23:59:59.999999999
40072/0/40100223/0,2025-08-31,0.0,40072,2025-08-31 23:59:59.999999999
40072/0/40100223/0,2025-09-30,0.0,40072,2025-09-30 23:59:59.999999999
40072/0/40100223/0,2025-10-31,0.0,40072,2025-10-31 23:59:59.999999999
40072/0/40100223/0,2025-11-30,0.0,40072,2025-11-30 23:59:59.999999999
40072/0/40100223/0,2025-12-31,0.0,40072,2025-12-31 23:59:59.999999999
40072/0/40100223/0,2026-01-31,0.0,40072,2026-01-31 23:59:59.999999999
40072/0/40100223/0,2026-02-28,0.0,40072,2026-02-28 23:59:59.999999999
40072/0/40100223/0,2026-03-31,0.0,40072,2026-03-31 23:59:59.999999999
40072/0/40100223/0,2026-04-30,0.0,40072,2026-04-30 23:59:59.999999999
40072/0/40100223/0,2026-05-31,0.0,40072,2026-05-31 23:59:59.999999999
40072/0/40100223/0,2026-06-30,0.0,40072,2026-06-30 23:59:59.999999999
40072/0/40100223/0,2026-07-31,0.0,40072,2026-07-31 23:59:59.999999999
40072/0/40100223/0,2026-08-31,0.0,40072,2026-08-31 23:59:59.999999999
40072/0/40100223/0,2026-09-30,0.0,40072,2026-09-30 23:59:59.999999999
40072/0/40100223/0,2026-10-31,0.0,40072,2026-10-31 23:59:59.999999999
40072/0/40100223/0,2026-11-30,0.0,40072,2026-11-30 23:59:59.999999999
40072/0/40100223/0,2026-12-31,0.0,40072,2026-12-31 23:59:59.999999999
40072/0/40100223/0,2027-01-31,0.0,40072,2027-01-31 23:59:59.999999999
40072/0/40100223/0,2027-02-28,0.0,40072,2027-02-28 23:59:59.999999999
40072/0/40100223/0,2027-03-31,0.0,40072,2027-03-31 23:59:59.999999999
40072/0/40100223/0,2027-04-30,0.0,40072,2027-04-30 23:59:59.999999999
40072/0/40100223/0,2027-05-31,0.0,40072,2027-05-31 23:59:59.999999999
40072/0/40100223/0/0,2024-12-31,0.0,40072,2024-12-31 23:59:59.999999999
40072/0/40100223/0/0,2025-01-31,0.0,40072,2025-01-31 23:59:59.999999999
40072/0/40100223/0/0,2025-02-28,0.0,40072,2025-02-28 23:59:59.999999999
40072/0/40100223/0/0,2025-03-31,0.0,40072,2025-03-31 23:59:59.999999999
40072/0/40100223/0/0,2025-04-30,0.0,40072,2025-04-30 23:59:59.999999999
40072/0/40100223/0/0,2025-05-31,0.0,40072,2025-05-31 23:59:59.999999999
40072/0/40100223/0/0,2025-06-30,0.0,40072,2025-06-30 23:59:59.999999999
40072/0/40100223/0/0,2025-07-31,0.0,40072,2025-07-31 23:59:59.999999999
40072/0/40100223/0/0,2025-08-31,0.0,40072,2025-08-31 23:59:59.999999999
40072/0/40100223/0/0,2025-09-30,0.0,40072,2025-09-30 23:59:59.999999999
40072/0/40100223/0/0,2025-10-31,0.0,40072,2025-10-31 23:59:59.999999999
40072/0/40100223/0/0,2025-11-30,0.0,40072,2025-11-30 23:59:59.999999999
40072/0/40100223/0/0,2025-12-31,0.0,40072,2025-12-31 23:59:59.999999999
40072/0/40100223/0/0,2026-01-31,0.0,40072,2026-01-31 23:59:59.999999999
40072/0/40100223/0/0,2026-02-28,0.0,40072,2026-02-28 23:59:59.999999999
40072/0/40100223/0/0,2026-03-31,0.0,40072,2026-03-31 23:59:59.999999999
40072/0/40100223/0/0,2026-04-30,0.0,40072,2026-04-30 23:59:59.999999999
40072/0/40100223/0/0,2026-05-31,0.0,40072,2026-05-31 23:59:59.999999999
40072/0/40100223/0/0,2026-06-30,0.0,40072,2026-06-30 23:59:59.999999999
40072/0/40100223/0/0,2026-07-31,0.0,40072,2026-07-31 23:59:59.999999999
40072/0/40100223/0/0,2026-08-31,0.0,40072,2026-08-31 23:59:59.999999999
40072/0/40100223/0/0,2026-09-30,0.0,40072,2026-09-30 23:59:59.999999999
40072/0/40100223/0/0,2026-10-31,0.0,40072,2026-10-31 23:59:59.999999999
40072/0/40100223/0/0,2026-11-30,0.0,40072,2026-11-30 23:59:59.999999999
40072/0/40100223/0/0,2026-12-31,0.0,40072,2026-12-31 23:59:59.999999999
40072/0/40100223/0/0,2027-01-31,0.0,40072,2027-01-31 23:59:59.999999999
40072/0/40100223/0/0,2027-02-28,0.0,40072,2027-02-28 23:59:59.999999999
40072/0/40100223/0/0,2027-03-31,0.0,40072,2027-03-31 23:59:59.999999999
40072/0/40100223/0/0,2027-04-30,0.0,40072,2027-04-30 23:59:59.999999999
40072/0/40100223/0/0,2027-05-31,0.0,40072,2027-05-31 23:59:59.999999999
