timestamp,SOL_close,SOL_open,SOL_high,SOL_low,SOL_close,SOL_volume,SOL_rsi_14h,SOL_atr_raw,BTC_ma_50_raw,BTC_ma_200_raw
1650830400000,99.23,0.3801870853422342,100.69,98.99,99.23,162117.61,39.52227258323414,2.2074330040374783,40429.0408,43052.34195
1650844800000,98.05,0.36972019615115176,99.42,96.18,98.05,410350.25,36.262939727444326,2.2811877894633725,40409.915,43037.188449999994
1650859200000,95.13,0.36007747146330404,98.3,94.32,95.13,397702.54,29.729277390233335,2.4025315187874177,40371.4192,43017.6374
1650873600000,96.75,0.3359294515185231,96.94,94.49,96.75,340350.13,36.55868026877129,2.4059221245883164,40343.4478,43001.42915
1650888000000,96.95,0.34936333292125105,98.25,95.86,96.95,438027.8,37.36797080303521,2.404784829974865,40317.28,42985.774249999995
1650902400000,100.69,0.35101166192772076,100.78,96.8,100.69,478493.72,50.16931087987246,2.517300199262375,40312.504,42976.7052
1650916800000,100.99,0.38167058144805704,101.59,99.8,100.99,252369.36,51.03385899308925,2.4653501850293487,40312.1196,42965.744699999996
1650931200000,101.0,0.38422549140808504,101.98,100.23,101.0,194841.04,51.064336622419646,2.414253743241538,40315.4162,42957.337199999994
1650945600000,100.88,0.3844727407590555,101.53,99.92,100.88,231037.98,50.65687228400175,2.356807047295714,40333.5438,42945.8459
1650960000000,100.51,0.38348374335517366,101.62,99.77,100.51,230779.82,49.349322401841185,2.3206065439174495,40346.621,42934.6167
1650974400000,96.53,0.3803519182428813,101.09,96.37,96.53,485171.21,37.98994375527047,2.4919917907804887,40339.502799999995,42912.0477
1650988800000,96.58,0.34755017101413443,97.77,95.63,96.58,477789.51,38.18245528706432,2.4668495200104537,40324.9326,42888.55575
1651003200000,95.7,0.34779742036510486,97.5,94.61,95.7,278115.58,36.06055771971849,2.497074554295421,40302.0956,42859.118950000004
1651017600000,96.8,0.3407096056372852,97.2,94.89,96.8,211366.84,40.51089278987459,2.4837120861314625,40255.3456,42831.29335
1651032000000,99.52,0.34969299872254506,99.54,96.61,99.52,220983.61,49.812903588390434,2.51558979426493,40221.5778,42806.899750000004
1651046400000,99.22,0.3724399390118267,100.11,98.01,99.22,361814.51,48.9046100544084,2.4859048089602918,40188.0458,42782.1449
1651060800000,98.15,0.36972019615115176,100.79,96.84,98.15,582726.29,45.70363483159391,2.5904830368917,40154.4982,42757.64885
1651075200000,97.42,0.3610664688671859,98.99,96.82,97.42,312355.67,43.60658682412872,2.5604485342565786,40117.9174,42729.01375
1651089600000,98.36,0.3548852350929245,98.89,97.21,98.36,144495.71,46.98012776777498,2.497559353238252,40073.7144,42703.6013
1651104000000,99.14,0.36254996497300856,99.98,97.98,99.14,208564.67,49.67061338420243,2.4620193994355195,40032.211,42678.0869
1651118400000,99.48,0.3690608645485639,100.0,98.45,99.48,214869.98,50.84161791736727,2.3968751566186968,39990.047600000005,42653.44615
1651132800000,99.84,0.3718630238595624,100.55,98.97,99.84,256033.68,52.112106992923955,2.3385269311459322,39955.911,42629.87255000001
1651147200000,97.51,0.3748300160712078,100.07,96.33,97.51,573964.56,44.157543335005506,2.4386321503497936,39917.8702,42604.51225000001
1651161600000,98.76,0.3553797337948655,100.2,96.88,98.76,381281.89,48.683147021098975,2.501586996753381,39875.7456,42582.75865
1651176000000,98.24,0.3660114558865949,99.11,97.3,98.24,214679.26,46.97753502220181,2.4521879255567107,39845.352399999996,42560.44245
1651190400000,97.23,0.3615609675691268,98.68,96.96,97.23,186260.21,43.76993496253085,2.399888788016947,39812.1348,42536.27005
1651204800000,97.81,0.35340173898710175,98.05,96.75,97.81,173677.75,46.04811435525939,2.3213253031585936,39777.173800000004,42511.76440000001
1651219200000,95.61,0.3580994766555404,98.02,95.1,95.61,322554.29,39.5093125082129,2.3640877815044083,39718.293000000005,42481.94705
1651233600000,96.16,0.3398854411340503,97.05,95.22,96.16,383364.46,41.73675098319886,2.325938654254093,39661.2764,42453.301049999995
1651248000000,92.93,0.3445007623521654,96.36,92.35,92.93,458003.85,33.852912010002115,2.446228750378801,39579.1072,42422.11125
1651262400000,93.96,0.31788024889768,94.5,92.62,93.96,212374.31,37.88242870909631,2.405783839637458,39508.3228,42390.8042
1651276800000,94.09,0.3263691432809988,94.95,93.71,94.09,157067.88,38.392541640611,2.32251356537764,39457.074,42359.93275000001
1651291200000,94.03,0.3275229735855276,94.95,93.7,94.03,153408.42,38.23647062878958,2.2459054535649514,39420.4806,42319.04565000001
1651305600000,93.88,0.3269460584332633,94.53,93.56,93.88,143192.42,37.82251812507452,2.1547693497388836,39382.0386,42276.6987
1651320000000,92.25,0.32570981167841095,94.2,91.46,92.25,268620.0,33.56948797808349,2.1965715390432496,39337.178,42234.085300000006
1651334400000,91.58,0.3121935138253595,92.58,90.3,91.58,282941.82,31.977763170591402,2.202530714825875,39294.8038,42190.15675000001
1651348800000,84.63,0.30675402810400954,91.58,81.91,84.63,824306.73,20.904798091145153,2.735921378052598,39258.747800000005,42141.198200000006
1651363200000,88.03,0.24947459512918774,88.43,84.15,88.03,633437.44,33.107881858226605,2.846212708191698,39229.5182,42091.623999999996
1651377600000,88.89,0.2775786046894961,89.85,87.08,88.89,346329.66,35.805744518492546,2.8407689433208625,39194.74,42045.864299999994
1651392000000,88.24,0.28466641941731574,89.92,87.76,88.24,263666.68,34.667673977681446,2.792142590226515,39164.3352,41998.9029
1651406400000,90.03,0.27906210079531873,90.37,87.03,90.03,379710.78,40.29558565856846,2.8312752623531927,39142.1156,41954.630699999994
1651420800000,88.02,0.294061894754193,93.12,87.07,88.02,457102.05,36.49397185899468,3.0611841721851083,39106.2144,41904.18955
1651435200000,89.68,0.2773313553385256,90.48,87.74,89.68,273651.32,41.41017101142351,3.0382424456004586,39079.7284,41859.3313
1651449600000,89.34,0.291012486092224,90.89,88.67,89.34,264547.97,40.714948355097285,2.9797965566289975,39058.10400000001,41814.19435
1651464000000,89.79,0.288292743231549,90.77,89.05,89.79,207570.4,42.10046032993108,2.8898110882983548,39046.9014,41771.4277
1651478400000,86.78,0.2920014834961059,90.0,86.29,86.78,349736.17,36.03422884635853,2.9483960105627576,39021.9454,41726.89425
1651492800000,87.72,0.26711171549841345,88.94,86.25,87.72,535389.1,38.990703712228814,2.9299391526654177,39000.8388,41683.4523
1651507200000,87.26,0.27510611117979145,87.96,85.1,87.26,372006.68,38.06355258105643,2.9249434989036023,38979.9242,41639.66965
1651521600000,87.5,0.2713973709152347,88.49,86.32,87.5,186555.65,38.880153394165106,2.871018963267631,38957.2976,41596.4914
1651536000000,88.65,0.2730456999217043,88.66,86.72,88.65,190310.94,42.77357483275477,2.8045176087485144,38933.6556,41553.73015
1651550400000,88.35,0.2826060081592286,88.81,87.85,88.35,179868.77,42.02155485850155,2.672766350980764,38915.8528,41511.19015
1651564800000,88.48,0.28013351464952396,88.74,87.23,88.48,209574.45,42.493377168315604,2.589711611624995,38902.1788,41468.5624
1651579200000,87.22,0.2812873449540528,88.58,86.74,87.22,330199.88,39.166487421521964,2.53616078222321,38899.6276,41424.390400000004
1651593600000,85.45,0.27082045576297026,87.44,84.82,85.45,442479.62,35.01880166166637,2.5421492977786952,38877.3316,41377.2178
1651608000000,85.86,0.2563151605060369,86.59,84.66,85.86,209932.79,36.69124070413319,2.4984243479373602,38852.3754,41333.5935
1651622400000,86.14,0.25961181851897636,86.78,85.47,86.14,174356.78,37.867333079995646,2.413536894513263,38808.1284,41295.751749999996
1651636800000,87.34,0.2619194791280339,87.53,85.51,87.34,190945.84,42.77392032412705,2.3854271163337444,38773.633200000004,41261.70665
1651651200000,88.45,0.2717270367165286,88.75,87.06,88.45,325204.73,46.94734936243498,2.335753750881334,38742.9734,41233.718250000005
1651665600000,87.19,0.2810400956030823,88.75,86.31,87.19,409010.12,43.104495620410496,2.343199911532667,38710.7474,41203.5058
1651680000000,91.64,0.2705732064119998,92.18,86.5,91.64,882733.82,56.612271391337316,2.58154277499462,38698.5912,41177.4806
1651694400000,92.77,0.30724852680595044,93.06,91.38,92.77,263818.87,59.2574626517084,2.5171468624950046,38721.112400000005,41143.2706
1651708800000,94.32,0.3165615856925042,95.25,92.67,94.32,373487.8,62.62355547926759,2.5216363723167903,38750.3,41110.10925
1651723200000,93.19,0.32933613549264423,94.57,92.81,93.19,235617.13,58.80892325904941,2.467233774294162,38779.8238,41076.636
1651737600000,92.31,0.32002307660609053,93.39,92.08,92.31,241956.04,55.95061710450385,2.384574218987436,38802.8168,41041.1005
1651752000000,84.95,0.31285284542794733,92.99,84.23,84.95,1087642.8,38.914877047119006,2.839961774774047,38758.7554,40992.7264
1651766400000,83.76,0.2521119215395393,86.27,81.32,83.76,1038314.79,36.9556241580016,2.9906787908616153,38704.7316,40941.5922
1651780800000,84.52,0.24230436395104465,85.38,83.05,84.52,334403.36,39.06565261106984,2.9434874486572142,38655.6758,40892.88175
1651795200000,82.84,0.2485680141756294,84.84,82.56,82.84,273958.12,36.18278728874061,2.896095488038842,38607.747,40844.58965
1651809600000,82.41,0.23472205052128406,83.51,81.0,82.41,469483.92,35.46146426929356,2.8685172388932108,38550.4714,40797.39435
1651824000000,81.23,0.2312605596076977,83.65,80.4,81.23,450704.5,33.48848934704574,2.8957660075436955,38479.2468,40746.5823
1651838400000,81.79,0.22153541846952646,83.2,79.98,81.79,862190.73,35.32746297766754,2.9189255784334316,38411.6334,40694.7849
1651852800000,81.97,0.2260683232373182,82.47,81.02,81.97,390999.45,35.94056249227327,2.814002322831044,38338.0742,40643.5287
1651867200000,81.68,0.22755181934314087,82.4,81.33,81.68,159889.09,35.35896728022658,2.6894307283431127,38269.5894,40591.5351
1651881600000,80.5,0.22507932583343634,81.99,80.38,80.5,187958.71,33.01769764947363,2.612328533461462,38186.1582,40538.56865
1651896000000,80.46,0.21543660114558866,80.97,79.12,80.46,342941.47,32.93807936810897,2.557876495357071,38109.7488,40486.139899999995
1651910400000,81.79,0.21510693534429465,82.03,80.24,81.79,276822.59,38.268360967594354,2.503028174260138,38040.2058,40436.392
1651924800000,82.08,0.2260683232373182,82.33,80.9,82.08,337797.01,39.399411601269485,2.4263833046701277,37967.2524,40385.3344
1651939200000,81.44,0.22854081674702273,82.22,81.2,81.44,217718.14,37.75534523560085,2.325927354336547,37909.7888,40333.91575
1651953600000,78.86,0.22318374747599617,81.44,77.03,78.86,543535.33,31.96472598520252,2.4747896861696503,37839.1394,40283.1083
1651968000000,76.94,0.20192030329253718,79.41,75.93,76.94,536930.44,28.465789897580933,2.5465904228718172,37762.1134,40225.8807
1651982400000,77.84,0.18609634483042814,78.6,76.93,77.84,339246.37,32.21160502450806,2.483976821238115,37682.1222,40165.9609
1651996800000,79.09,0.19351382535954179,79.36,77.79,79.09,243515.43,37.13530470097859,2.418692762578249,37604.7196,40106.663
1652011200000,77.14,0.20389829810030077,79.34,76.75,77.14,479963.57,33.09670967656602,2.4309289938226604,37518.871199999994,40044.90265
1652025600000,76.36,0.18774467383689783,78.1,73.69,76.36,866738.9,31.61559284011338,2.5722912085496126,37439.023799999995,39984.424
1652040000000,75.38,0.18131619071166605,76.55,74.67,75.38,270441.69,29.810537734219537,2.5228418365103544,37350.4606,39925.7974
1652054400000,75.24,0.17332179503028805,77.21,73.75,75.24,533201.08,29.55097188809522,2.589781705331043,37252.387,39863.45065
1652068800000,73.94,0.17216796472575926,76.06,73.32,73.94,347822.57,27.184010034360696,2.6005115835216834,37170.2364,39803.579249999995
1652083200000,72.23,0.16128899328305935,75.25,70.68,72.23,734083.75,24.41391677034207,2.741189327555848,37071.8538,39743.111399999994
1652097600000,69.84,0.14736061317839036,73.13,69.22,69.84,1071627.01,21.167288458628022,2.824675804159001,36959.279,39678.43885
1652112000000,65.09,0.12758066510075414,70.36,62.88,65.09,1964641.079,16.477385922332317,3.1571989610047866,36819.3198,39609.067
1652126400000,62.16,0.08884493344871637,68.43,61.7,62.16,1194661.193,14.363347182648639,3.412399035218731,36651.046,39538.606799999994
1652140800000,64.46,0.06428483125231793,66.65,60.13,64.46,2005491.911,22.742675216929854,3.6343705327031075,36507.7396,39473.0467
1652155200000,68.91,0.08324061482671936,73.0,64.09,68.91,1671925.7,35.82618402835388,4.0112012089385995,36370.5682,39415.24325
1652169600000,71.56,0.11991593522067001,72.1,68.44,71.56,1061646.77,42.11307060283822,3.9861154083001282,36229.530999999995,39356.88425
1652184000000,69.46,0.14175629455639346,74.03,67.27,69.46,1386878.58,38.86383282492677,4.184250021992977,36078.3016,39296.257600000004
1652198400000,67.52,0.12444883998846164,71.1,67.17,67.52,715431.83,36.093329649848286,4.166089306136335,35934.326799999995,39234.07405
1652212800000,66.9,0.10837763217538225,67.72,63.23,66.9,1013666.54,35.228983351956174,4.189225784269454,35780.747800000005,39172.500499999995
1652227200000,66.2,0.1033502287056497,68.31,65.01,66.2,802995.1,34.232231452640335,4.125709656821636,35633.5994,39111.585699999996
1652241600000,62.62,0.09749866073268222,68.44,60.67,62.62,1468779.5,29.616961281130955,4.386016109905804,35475.396,39047.4397
1652256000000,61.39,0.0679111550665513,66.41,61.01,61.39,1429999.22,28.209723406212632,4.458443530626818,35335.6262,38987.07565
1652270400000,55.53,0.05793876457740966,63.93,48.0,55.53,4231695.538,22.68057480034406,5.277840421296331,35183.9786,38923.1461
1652284800000,47.9,0.00956030823752424,56.75,47.0,47.9,1653477.67,17.790997304148306,5.597280391203735,35000.0228,38853.513249999996
1652299200000,50.9,-0.0533234433592945,51.01,43.17,50.9,2039175.993,24.667695004008195,5.757474648974896,34815.5744,38780.7929
1652313600000,45.18,-0.028516091811925666,54.29,45.07,45.18,2596284.14,21.051846646409757,6.004797888333832,34629.3476,38709.16945
1652328000000,44.7,-0.0757407178472823,46.76,37.37,44.7,4654030.075,20.77662253378091,6.2465980391671305,34438.6366,38638.8764
1652342400000,43.95,-0.07961429101248606,47.95,41.44,43.95,2349500.85,20.32939811062444,6.2654124649409075,34247.8238,38569.3413
1652356800000,44.67,-0.08587794123707093,49.33,42.68,44.67,1842532.03,22.063784248689373,6.292883003159413,34054.222799999996,38502.042199999996
1652371200000,44.63,-0.07994395681378005,48.07,43.32,44.63,1223532.36,22.03508473096626,6.182677074362312,33846.9998,38433.022450000004
1652385600000,44.64,-0.08002637326410351,45.67,41.5,44.64,969941.01,22.062378683726422,6.038914426193576,33648.1308,38366.86735
1652400000000,50.43,-0.08010878971442699,52.11,43.83,50.43,1768865.76,36.02694788557308,6.198991967179749,33462.5972,38307.22035
1652414400000,49.07,-0.03238966497712943,53.92,48.88,49.07,1941655.15,34.464872118554325,6.116206826666909,33272.2198,38244.306150000004
1652428800000,53.18,-0.04351588577079986,53.28,49.06,53.18,1254138.81,42.5690378331386,5.980763481904987,33090.993200000004,38183.71795
1652443200000,53.08,-0.009642724687847708,56.99,51.91,53.08,1812002.33,42.43154947857141,5.916423233197487,32906.0162,38122.24995
1652457600000,51.49,-0.010466889191082506,54.25,49.7,51.49,1275270.4,40.20790509376276,5.818821573683381,32717.8418,38059.2687
1652472000000,48.92,-0.02348868834219311,51.91,48.24,48.92,666662.05,36.84669495965458,5.665334318420283,32565.3894,37991.9666
1652486400000,51.73,-0.04475213252565211,53.91,48.56,51.73,882937.91,42.506018024955466,5.642810438533119,32430.4672,37923.637200000005
1652500800000,50.74,-0.02175794288539993,53.37,50.55,50.74,629761.16,41.10832517290769,5.441181121495039,32288.0396,37860.00090000001
1652515200000,48.04,-0.029752338566777923,51.57,47.34,48.04,896213.49,37.48785353616727,5.354668184245393,32140.287999999997,37794.816
1652529600000,46.47,-0.05200478015411878,49.18,46.14,46.47,941960.79,35.52841446129733,5.18933474251358,31989.2104,37727.37755
1652544000000,49.37,-0.06502657930522933,50.74,45.81,49.37,1043575.48,41.600442587652594,5.170810832334039,31860.3692,37668.7333
1652558400000,52.43,-0.04112580871141881,52.98,49.32,52.43,705038.38,47.24625954710053,5.062895772881608,31742.017200000002,37616.25945
1652572800000,50.2,-0.01590637491243252,52.83,49.63,50.2,529270.86,43.91435988249835,4.929831789104349,31616.423199999997,37564.94105
1652587200000,51.46,-0.034367659784893076,52.6,49.86,51.46,464114.58,46.222058160121506,4.773415232739753,31492.667599999997,37516.41875
1652601600000,53.45,-0.023900770593810513,53.68,50.81,53.45,535327.16,49.73945790762443,4.6374570018297705,31381.252599999996,37468.890400000004
1652616000000,52.88,-0.007499896979437067,54.77,52.21,52.88,758261.33,48.755786206340694,4.489067215984787,31263.09,37418.0379
1652630400000,55.27,-0.01219763464787569,55.65,52.69,55.27,618783.47,52.9567965091166,4.379848129128731,31151.130400000002,37368.4373
1652644800000,58.83,0.007499896979437126,59.31,55.01,58.83,979801.37,58.42425765004366,4.3741446913338216,31058.4588,37324.186100000006
1652659200000,56.09,0.03684015329459759,58.83,55.31,56.09,716367.84,53.29062402474759,4.313134356238549,30947.396200000003,37279.28675
1652673600000,53.79,0.01434046235628633,56.43,53.18,53.79,866441.59,49.36915056964724,4.237196187935795,30829.8262,37226.8815
1652688000000,53.82,-0.004697737668438623,55.24,52.58,53.82,934484.92,49.42143147619541,4.124539317368953,30739.2404,37176.256
1652702400000,53.29,-0.004368071867144691,55.5,51.89,53.29,1162341.88,48.469220400485284,4.087786508985457,30640.8406,37123.98880000001
1652716800000,54.0,-0.00881856018461285,55.48,52.22,54.0,951345.71,49.86284173308735,4.028658901200781,30536.6498,37073.2591
1652731200000,53.79,-0.0028845757613219715,55.8,53.2,53.79,787239.69,49.436973177271994,3.926611836829296,30446.9716,37016.83825
1652745600000,55.77,-0.004615321218115154,56.13,53.7,55.77,553906.06,53.47197509441779,3.819710991341489,30362.4906,36963.3597
1652760000000,55.78,0.011538303045287827,57.67,55.09,55.78,698826.76,53.49216137620449,3.731160206245668,30289.963800000005,36909.68105
1652774400000,55.67,0.011703135945934822,57.1,55.42,55.67,466134.78,53.218645274740936,3.584648762942406,30225.0902,36854.678400000004
1652788800000,55.17,0.01071413854205297,58.22,54.33,55.17,1091733.24,51.91912774670782,3.6064595655893776,30157.6996,36799.0888
1652803200000,55.19,0.006675732476202268,56.08,53.04,55.19,984709.34,51.96964953991627,3.565998168047279,30097.195200000002,36744.9743
1652817600000,57.02,0.006758148926525737,57.62,55.0,57.02,550756.41,56.476150768371916,3.498426870329616,30059.2632,36697.37885
1652832000000,55.09,0.021840359335723397,57.85,54.88,55.09,451901.08,51.0373544454612,3.4606820938775007,30036.9948,36647.65675
1652846400000,55.42,0.005933984423290879,56.25,54.78,55.42,532799.67,51.89047438980035,3.318490515743393,30033.6736,36597.496100000004
1652860800000,54.2,0.008736143734289383,55.55,53.78,54.2,632262.63,48.524311153478564,3.20788405033315,30017.494200000005,36545.6593
1652875200000,50.4,-0.0013186632051757248,54.31,49.68,50.4,1268324.04,39.852471472792836,3.3094637610236397,29964.998400000004,36489.3871
1652889600000,51.72,-0.03263691432809989,51.99,49.83,51.72,1050681.76,43.62158925235613,3.2273592066648082,29918.084600000006,36434.66985
1652904000000,49.93,-0.02167552643507646,51.76,49.38,49.93,534878.85,39.96431075659703,3.166833549045893,29865.991,36376.18545
1652918400000,50.63,-0.036510487493303656,50.97,48.2,50.63,632481.38,42.01181930802355,3.138488295542615,29823.326,36320.602600000006
1652932800000,51.08,-0.030741335970659717,52.26,50.16,51.08,486840.35,43.34939970908668,3.064310560146714,29786.8266,36263.80375
1652947200000,51.22,-0.027115012156426414,51.56,48.25,51.22,807265.46,43.783851613492935,3.0818598058505207,29752.7114,36209.13415
1652961600000,53.22,-0.025878765401574157,54.09,50.3,53.22,1643641.17,49.716508824584125,3.1324412482897697,29748.2006,36159.112550000005
1652976000000,51.6,-0.009395475336877245,53.58,51.58,51.6,765581.72,45.525552843840735,3.051552587697643,29716.8856,36106.8648
1652990400000,52.2,-0.022746940289281724,52.65,50.71,52.2,458525.86,47.297554652799604,2.9721559742906685,29703.718000000004,36058.14755
1653004800000,51.5,-0.017801953269872637,53.54,51.43,51.5,586870.14,45.4404128283814,2.910573404698478,29719.7742,36007.9727
1653019200000,52.08,-0.023653521242840047,52.36,50.6,52.08,792941.48,47.28728322476266,2.8283895900771583,29742.8302,35957.362850000005
1653033600000,53.16,-0.01879095067375449,53.62,51.81,53.16,726679.89,50.638005906432284,2.755647476500218,29782.988599999997,35908.278900000005
1653048000000,49.41,-0.009807557588494643,53.24,49.29,49.41,1281805.12,40.91324002262403,2.840958371035917,29802.178600000003,35852.61765
1653062400000,50.16,-0.04079614291012488,50.31,47.81,50.16,991087.68,43.26019665666955,2.816604201676209,29818.55,35796.75155
1653076800000,49.43,-0.03461490913586354,50.77,49.33,49.43,432251.36,41.531041396210945,2.718275330127909,29822.1448,35740.5301
1653091200000,50.13,-0.040713726459801355,50.23,48.43,50.13,429028.61,43.84878054538403,2.6526842351187723,29834.4854,35684.9687
1653105600000,50.0,-0.034862158486833945,50.38,49.45,50.0,301282.14,43.503877396124615,2.5296353611817173,29842.354,35633.693999999996
1653120000000,49.44,-0.03593357234103926,50.2,48.93,49.44,290726.62,41.9723244354565,2.4396614068115947,29816.463200000002,35581.06815
1653134400000,50.71,-0.04054889355915442,50.84,48.99,50.71,362114.18,46.56660193919772,2.3975427348964806,29804.09,35534.23125
1653148800000,50.22,-0.030082004368071853,51.21,49.95,50.22,374887.08,45.08348110831999,2.3162896824038746,29780.0146,35486.560099999995
1653163200000,50.31,-0.034202826884246085,50.65,49.45,50.31,211066.31,45.42728332591539,2.2365547050893118,29762.116,35437.5129
1653177600000,50.14,-0.03346107883133475,50.74,49.93,50.14,205163.33,44.856044467362445,2.1346579404400754,29747.703800000003,35380.927
1653192000000,50.27,-0.03477974203651048,50.54,49.69,50.27,238719.84,45.42124648598803,2.0428966589800703,29750.7984,35324.13025
1653206400000,51.49,-0.03370832818230515,52.01,50.19,51.49,635307.26,50.54424026576578,2.0269754690529225,29757.351000000002,35270.1489
1653220800000,51.81,-0.023653521242840047,52.89,51.33,51.81,855856.02,51.82164068100662,1.9936200784062854,29765.5994,35215.95325
1653235200000,51.42,-0.02093377838216507,52.23,51.14,51.42,319079.62,50.12245128306688,1.9290757870915505,29782.8348,35162.1968
1653249600000,52.48,-0.024230436395104443,53.2,51.32,52.48,469592.38,54.4902353722483,1.9255703737278684,29812.352400000003,35106.43715
1653264000000,52.22,-0.01549429266081512,53.19,51.82,52.22,274299.03,53.25827892596184,1.885886775604449,29829.0032,35050.20755000001
1653278400000,53.56,-0.0176371203692257,54.38,51.91,53.56,609323.45,58.46971820759819,1.9276091487755604,29836.4086,34995.0267
1653292800000,54.01,-0.006593316025878742,54.68,52.94,54.01,577319.77,60.07940858583948,1.9142084952915919,29849.917800000003,34940.081549999995
1653307200000,53.86,-0.0028845757613219715,54.64,52.22,53.86,948701.84,59.25495619781359,1.9503364599136213,29860.8686,34885.24895
1653321600000,50.09,-0.00403840606585076,54.44,50.03,50.09,941483.7,43.206755115700616,2.126026712776934,29837.837400000004,34820.24845
1653336000000,49.17,-0.03519182428812787,51.05,48.61,49.17,850527.09,40.33581784394817,2.1484533761500098,29819.750999999997,34759.48555
1653350400000,49.89,-0.04277413771788847,49.98,48.89,49.89,313008.02,43.49991979732492,2.072849563567866,29796.591800000002,34700.015699999996
1653364800000,49.84,-0.03684015329459759,50.32,49.41,49.84,367585.87,43.328078163055515,1.9897888804558757,29758.105000000003,34640.2475
1653379200000,49.55,-0.037334651996538515,49.97,48.68,49.55,463506.87,42.284713772992795,1.939803960423313,29737.5552,34578.258299999994
1653393600000,50.09,-0.03972472905591956,50.61,47.1,50.09,1311624.91,44.94333770005641,2.0519608203930764,29733.3236,34515.8914
1653408000000,49.09,-0.0352742407384514,50.85,48.56,49.09,795689.0,41.16193634531566,2.068963618936428,29722.137000000002,34450.6495
1653422400000,49.67,-0.04343346932047633,50.12,48.74,49.67,394033.98,44.099683390073785,2.01975193186954,29721.6974,34388.24575
1653436800000,50.32,-0.03865331520171424,50.55,49.01,50.32,488938.97,47.27676328832657,1.9854839367360013,29734.1252,34333.14215
1653451200000,48.83,-0.03321382948036429,50.35,48.56,48.83,406476.88,41.4597724665573,1.9715207983977154,29730.674199999998,34279.2494
1653465600000,47.69,-0.04557629702888697,49.38,47.59,47.69,545785.32,37.643463846904844,1.9585550270835927,29711.582599999998,34223.7839
1653480000000,48.25,-0.05505418881608769,48.89,47.57,48.25,788401.17,40.5389214838751,1.9129439537204789,29695.9286,34168.38275
1653494400000,48.31,-0.05035645114764906,49.13,47.81,48.31,684377.21,40.85580181839142,1.8705908141690162,29681.521199999996,34113.45055
1653508800000,47.98,-0.04994436889603166,48.89,47.87,47.98,380939.21,39.60563809346048,1.809834327442658,29669.289399999998,34063.9933
1653523200000,48.18,-0.05266411175670664,48.66,47.86,48.18,385398.32,40.78819538836362,1.7377033040538965,29664.0908,34015.6645
1653537600000,46.42,-0.05085094984958999,48.32,45.57,46.42,852202.37,34.40405060426812,1.8100102109071894,29649.866199999997,33965.7871
1653552000000,43.72,-0.06552107800717025,46.5,43.14,43.72,1659247.7,27.3354913750303,1.9207237672709616,29633.2062,33913.464
1653566400000,45.11,-0.08777351959451105,45.89,41.69,45.11,2229700.46,34.766192149611456,2.0835292124658933,29622.8632,33862.4246
1653580800000,44.05,-0.07623521654922322,46.68,43.9,44.05,1185830.21,32.07268290221444,2.133277125861187,29613.786799999998,33811.30875
1653595200000,43.44,-0.08505377673383607,44.83,43.29,43.44,713607.68,30.6032894256075,2.0909001882996736,29618.113999999998,33758.35225
1653609600000,42.65,-0.08999876375324516,43.95,41.18,42.65,1333049.96,28.765257610848437,2.13940731770684,29612.9832,33704.6757
1653624000000,41.04,-0.09642724687847697,42.91,39.93,41.04,1764082.88,25.41513430607546,2.199449652156351,29618.536600000003,33652.43265
1653638400000,41.59,-0.10977871183088143,42.27,40.52,41.59,1174262.67,28.47952687033863,2.167346105573755,29612.8602,33598.1146
1653652800000,42.15,-0.10532822351341328,43.61,41.27,42.15,1543672.7,31.562690922073543,2.1796785266042007,29606.026599999997,33543.60995
1653667200000,41.86,-0.10071290229529813,42.36,40.42,41.86,1190551.03,30.821692317948845,2.162558631846758,29593.6226,33489.9644
1653681600000,41.17,-0.1030205629043557,42.6,40.56,41.17,542195.56,29.07278885476731,2.1538044438577035,29558.4296,33434.83095
1653696000000,41.32,-0.10862488152635265,42.56,40.33,41.32,936054.28,30.002649379647494,2.1592469835821535,29535.4656,33380.40825
1653710400000,41.71,-0.10738863477150039,42.2,41.09,41.71,496577.97,32.48114429378771,2.0843007704691425,29506.795399999995,33327.5862
1653724800000,41.59,-0.1041743932088845,41.99,41.12,41.59,454961.48,32.104463764127786,1.9975650011499184,29479.8552,33275.45775
1653739200000,42.98,-0.10524580706308975,43.5,41.47,42.98,926852.16,40.685175959223386,1.9998817867820673,29454.484600000003,33228.1292
1653753600000,44.43,-0.09378992046812545,44.76,42.49,44.43,984989.85,48.05955809148217,2.0191759448690623,29426.5996,33179.06685
1653768000000,44.25,-0.08183953517122017,45.08,43.72,44.25,518081.32,47.27382984503424,1.9720919488069864,29424.1682,33129.3397
1653782400000,42.36,-0.08340544772736636,44.41,42.14,42.36,1013068.99,39.89790235814419,1.9933710953207728,29418.023600000004,33073.13145
1653796800000,42.45,-0.09889974038818147,42.66,41.79,42.45,459486.33,40.37498077729767,1.9131303027978603,29414.1704,33016.042799999996
1653811200000,44.07,-0.0982404087855936,44.18,42.28,44.07,952513.78,48.326104842118525,1.9121924240265844,29413.283799999997,32959.4356
1653825600000,44.71,-0.08488894383318908,45.67,44.06,44.71,1138105.75,51.10041380375273,1.8906072508818283,29409.1398,32902.593
1653840000000,44.26,-0.07961429101248606,45.32,44.08,44.26,554492.73,49.1041450807238,1.8441353043902693,29405.908,32845.889899999995
1653854400000,44.98,-0.0833230312770429,45.17,44.16,44.98,511203.52,52.314032841282334,1.784554211219536,29404.2206,32800.4107
1653868800000,45.95,-0.07730663040342854,46.79,44.27,45.95,1025608.6,56.311614550996616,1.8370860532752833,29421.9958,32760.8259
1653883200000,47.07,-0.06931223472205049,47.37,45.54,47.07,953015.34,60.435816587243835,1.8365799066127628,29445.816999999995,32723.44325
1653897600000,46.07,-0.060164008736143706,47.24,45.87,46.07,653371.46,55.40658132246955,1.8032527704261372,29471.8544,32685.0542
1653912000000,45.84,-0.06840565376849217,46.65,44.94,45.84,953112.89,54.28760534732178,1.7965918582528417,29495.7004,32642.660900000003
1653926400000,45.67,-0.07013639922528535,46.36,45.4,45.67,527655.28,53.42871074936335,1.7368352969490675,29510.612200000003,32600.7905
1653940800000,47.22,-0.07170231178143159,48.39,45.46,47.22,1363549.57,59.69069481931964,1.8220613471669913,29548.416400000002,32564.432800000002
1653955200000,47.7,-0.058845345530967985,48.24,46.19,47.7,793168.37,61.420680403307514,1.8383426795122066,29585.1526,32529.005599999997
1653969600000,46.36,-0.05488935591544069,47.83,45.87,46.36,944938.89,54.401358473837576,1.8470324881184776,29610.7492,32490.69585
1653984000000,46.59,-0.06593316025878765,46.93,45.96,46.59,589956.24,55.344683658390686,1.7843873103957293,29642.662800000002,32452.820499999998
1653998400000,46.35,-0.064119998351671,46.78,44.56,46.35,1067426.77,54.08728555695163,1.81550250251032,29674.6932,32416.1881
1654012800000,45.53,-0.06609799315943458,46.83,45.21,45.53,707504.93,49.91463439007306,1.801538038045297,29699.2652,32375.920100000003
1654027200000,45.77,-0.07277372563563686,46.21,45.4,45.77,376541.53,51.1036175273617,1.730713892470633,29727.8154,32337.735250000005
1654041600000,44.78,-0.07071331437754974,46.12,44.67,44.78,457925.08,46.228518327537756,1.7106629001513016,29778.5634,32295.9529
1654056000000,44.59,-0.07903737586022166,45.21,44.34,44.59,528554.04,45.3346669123507,1.650615550140494,29826.029000000002,32254.6547
1654070400000,44.6,-0.08052087196604439,45.29,44.23,44.6,416057.41,45.39451120518928,1.6084287251304588,29872.213799999998,32215.03545
1654084800000,42.93,-0.08043845551572092,45.67,42.81,42.93,1188763.62,37.927222613904455,1.697826673335426,29898.9746,32170.6977
1654099200000,41.29,-0.09411958626941938,43.12,40.77,41.29,1270027.78,32.30683722923996,1.744410482382895,29915.5942,32127.583599999998
1654113600000,40.11,-0.10771830057279433,41.38,39.51,40.11,917369.01,28.97928030755061,1.7533811622126885,29924.064599999998,32081.588449999996
1654128000000,38.85,-0.1174434417109655,40.24,38.7,38.85,1026539.96,25.91040986817093,1.7381396506260678,29930.8346,32038.581349999997
1654142400000,39.68,-0.12774549800140106,40.1,38.13,39.68,875608.57,31.087449754411807,1.7547011041527771,29937.1082,31995.4421
1654156800000,41.04,-0.12090493262455186,41.2,39.48,41.04,765420.82,38.6518002085974,1.7522224538561506,29936.6198,31953.028600000005
1654171200000,40.7,-0.10977871183088143,41.22,39.64,40.7,1367706.94,37.54232109436818,1.7399208500092824,29946.8452,31910.84055
1654185600000,40.45,-0.11258087114187988,41.05,39.91,40.45,566297.94,36.707957398581925,1.697069360722905,29964.5252,31869.405549999996
1654200000000,40.85,-0.114641282399967,41.65,40.39,40.85,552296.04,39.042315124733385,1.6658501206712688,29980.9904,31829.33585
1654214400000,41.15,-0.11126220793670416,41.54,40.43,41.15,518060.51,40.80568826026993,1.6261465406233209,29999.607600000003,31789.6515
1654228800000,40.32,-0.10903696377797005,41.22,40.27,40.32,371027.15,37.56772324167236,1.5778503591502262,30017.6394,31753.716200000003
1654243200000,38.25,-0.11563027980384885,40.47,37.93,38.25,1261230.45,30.967801873442,1.6465753334966386,30016.06,31712.29995
1654257600000,38.05,-0.13269048502081016,38.71,37.63,38.05,1128286.6,30.411882859786047,1.6061056668183071,30011.5108,31669.9798
1654272000000,38.17,-0.13442123047760335,38.59,37.77,38.17,691037.51,31.209810642804854,1.549955262045571,30022.993199999997,31628.128500000003
1654286400000,38.28,-0.133349816623398,38.97,37.92,38.28,467682.42,31.97976109187718,1.5142441718994586,30029.1354,31584.17955
1654300800000,36.3,-0.13252565212016315,38.38,35.71,36.3,1093200.49,26.278250791473354,1.596798159620926,30032.7426,31542.9408
1654315200000,37.34,-0.14884410928421313,37.48,36.22,37.34,550633.45,33.031857747623704,1.572741148219431,30042.7348,31499.103850000003
1654329600000,37.0,-0.1402727984505707,37.9,36.84,37.0,511308.57,31.999768511763534,1.5361167804894713,30055.968399999998,31454.141799999998
1654344000000,37.77,-0.1430749577615692,38.22,36.55,37.77,697210.18,36.814768820959515,1.5456798675973664,30073.2846,31409.028449999998
1654358400000,37.51,-0.1368113075369844,38.21,37.34,37.51,411222.97,35.89063601239913,1.49741701991184,30088.133599999997,31364.661650000002
1654372800000,39.0,-0.13887171879507149,39.5,37.44,39.0,472601.13,44.490253925603284,1.537601518489566,30108.4054,31320.501599999996
1654387200000,38.3,-0.1264268347962253,39.47,37.85,38.3,398854.94,41.6627569600989,1.5434871243117396,30126.1444,31276.51945
1654401600000,38.83,-0.1322784027691927,39.35,37.94,38.83,618300.92,44.53687192384006,1.5339523297180442,30146.4618,31232.121999999996
1654416000000,39.47,-0.128075163802695,39.96,38.74,39.47,994208.23,47.87637345625923,1.5115271633096123,30164.4516,31188.10725
1654430400000,39.82,-0.12280051098199199,39.86,38.76,39.82,517383.49,49.66142578317917,1.4821323659303545,30186.1816,31145.1684
1654444800000,39.65,-0.11983351877034655,40.22,39.21,39.65,443944.0,48.78746856844242,1.4484086255067576,30210.618400000003,31102.56765
1654459200000,38.52,-0.12115218197552233,40.09,38.41,38.52,645819.8,43.32907762830371,1.4649508665419897,30229.2384,31060.531899999998
1654473600000,41.77,-0.13046524086207606,41.97,38.33,41.77,1267471.65,57.91348830408824,1.6203115189318475,30273.862,31028.199450000004
1654488000000,43.05,-0.10376231095726704,43.99,41.52,43.05,1176115.16,62.055305753088376,1.6810035532938585,30319.0908,30996.01855
1654502400000,43.92,-0.09321300531586106,44.87,42.94,43.92,1188437.47,64.60497700620954,1.6987890137728687,30367.3386,30962.933999999997
1654516800000,42.83,-0.08596035768739439,44.14,42.31,42.83,1457032.22,59.23464825565993,1.7081612270748063,30418.0,30927.134499999996
1654531200000,42.23,-0.09502616722297771,42.86,41.53,42.23,917309.95,56.45282208126889,1.6811497108551772,30463.137399999996,30889.4766
1654545600000,42.39,-0.0999711542423868,43.28,41.1,42.39,816891.85,57.03231686037205,1.7167818743655217,30506.2798,30851.4761
1654560000000,39.55,-0.09865249103721101,42.8,38.7,39.55,2177248.28,45.46675975305766,1.8870117404822697,30515.023999999998,30799.9981
1654574400000,39.31,-0.12205876292908066,39.68,38.83,39.31,588584.08,44.64285857574815,1.8129394733049649,30517.3644,30749.473700000002
1654588800000,38.07,-0.12395434128652077,39.67,37.12,38.07,1592419.71,40.55393283767594,1.865586653783182,30500.732999999997,30698.43415
1654603200000,39.14,-0.13425639757695634,39.64,37.66,39.14,1021706.11,45.21678374147989,1.8737590356558123,30485.834,30649.9458
1654617600000,40.44,-0.1254378373923435,41.16,38.63,40.44,988549.55,50.315848595388246,1.9206333902518253,30493.720799999996,30607.7802
1654632000000,39.31,-0.11472369885029053,41.36,38.4,39.31,1308779.1,46.2832360131824,1.994873862376695,30503.5458,30578.858500000002
1654646400000,38.65,-0.12395434128652077,40.96,38.31,38.65,1116643.85,44.061993306632075,2.041668586492645,30491.217999999997,30547.4121
1654660800000,39.25,-0.12955865990851773,39.55,38.28,39.25,615761.2,46.572322036335734,1.9865494017431702,30467.769,30517.456100000003
1654675200000,39.31,-0.1244488399884617,39.74,38.98,39.31,565045.14,46.82929104216629,1.898938730190087,30440.529599999998,30487.20125
1654689600000,39.71,-0.12403675773684424,40.16,38.72,39.71,782040.03,48.604039690549875,1.8661573923193664,30418.5896,30457.725399999996
1654704000000,38.79,-0.12074009972390487,39.87,38.4,38.79,580831.79,44.892526801948556,1.8378604357251258,30386.052399999997,30429.5219
1654718400000,38.83,-0.12840482960398894,39.4,38.68,38.83,327832.29,45.08886097877971,1.7580132617447595,30348.977199999998,30400.524049999996
1654732800000,39.12,-0.12799274735237154,39.23,38.44,39.12,418395.5,46.57497733089553,1.6888694573344194,30322.332799999996,30371.98475
1654747200000,39.54,-0.12552025384266696,39.55,38.88,39.54,281817.49,48.73877819403047,1.6160930675248175,30296.0628,30344.3536
1654761600000,41.22,-0.12205876292908066,41.97,39.31,41.22,2039857.06,56.35368857287119,1.6906578484159016,30269.5062,30316.789899999996
1654776000000,40.34,-0.10829521572505872,41.42,39.82,40.34,867400.37,51.99648452044084,1.6841822878147659,30245.9024,30288.6931
1654790400000,39.66,-0.11554786335352532,41.44,39.55,39.66,617539.51,48.85316057456615,1.698883552970854,30214.0616,30258.4994
1654804800000,39.96,-0.12115218197552233,40.16,39.44,39.96,362317.82,50.28117642637156,1.6289632991872214,30201.4084,30229.236699999998
1654819200000,40.27,-0.11867968846581775,40.9,39.03,40.27,626882.61,51.77938438381908,1.646180206388134,30201.161599999996,30200.426799999997
1654833600000,40.32,-0.11604236205546625,40.83,40.05,40.32,301592.59,52.03046302853432,1.5843101916461244,30206.093600000004,30173.327
1654848000000,39.31,-0.11571269625417231,40.76,38.9,39.31,899781.19,46.73662745275463,1.6040023208142584,30211.9024,30151.028599999998
1654862400000,37.98,-0.12411917418716777,39.7,37.45,37.98,1322634.43,40.843442781632355,1.6501450121846684,30201.6278,30125.3185
1654876800000,37.26,-0.1350805620801912,38.09,37.0,37.26,814115.45,38.04656390078282,1.610134654171478,30177.7548,30096.287399999997
1654891200000,37.17,-0.14084971360283507,38.08,36.8,37.17,399637.07,37.69904663948888,1.586553607444944,30155.3378,30069.957199999997
1654905600000,37.54,-0.14167387810606993,37.72,36.99,37.54,262896.25,40.120536951509585,1.525371206913162,30134.9262,30043.38115
1654920000000,37.7,-0.13862446944410103,37.93,37.11,37.7,573891.52,41.185116759252516,1.4749875492765077,30112.4104,30019.8233
1654934400000,35.47,-0.1372233897886018,37.77,35.13,35.47,1171840.037,32.50981816947332,1.5582027243281857,30076.491400000003,29995.677600000003
1654948800000,33.76,-0.15568467466106234,35.78,33.17,33.76,1371043.11,27.69271831699703,1.6333311011618867,30035.727399999996,29970.08895
1654963200000,34.12,-0.1696954712160547,34.77,33.34,34.12,767699.05,30.04286095798291,1.6188074510788948,30012.4692,29947.453800000003
1654977600000,33.93,-0.16681089545473277,34.69,33.62,33.93,490784.35,29.497932426500313,1.5796069188589736,29990.838400000004,29927.869649999997
1654992000000,32.31,-0.16829439156055548,34.31,31.45,32.31,1266827.044,25.28647305872218,1.6710635675119043,29950.452600000004,29910.9117
1655006400000,33.16,-0.18172827296328345,33.2,31.08,33.16,1024969.73,30.86390736881303,1.7031304555467686,29909.3662,29898.7596
1655020800000,32.74,-0.1747228746857873,33.85,32.29,32.74,892366.23,29.68471892391956,1.6929068515791423,29867.311599999997,29882.833800000004
1655035200000,34.01,-0.17810194914905014,34.5,31.4,34.01,1473466.18,37.46498867412043,1.793413505037775,29835.180800000002,29865.257
1655049600000,32.61,-0.16779989285861457,34.29,32.31,32.61,943873.16,33.115083495782585,1.806741111820791,29790.0412,29844.269350000002
1655064000000,30.61,-0.17925577945357893,32.82,30.56,30.61,1209245.76,28.09638335876687,1.8391167466907345,29724.3558,29820.541999999998
1655078400000,28.85,-0.1958214859685993,31.11,27.62,28.85,2486670.833,24.567809696024753,1.9570369790699675,29641.648600000004,29791.4921
1655092800000,27.57,-0.2103267812255326,29.7,27.21,27.57,1997428.33,22.36766426509442,1.9951057662792555,29540.5996,29760.46455
1655107200000,26.84,-0.22079367041661513,28.5,26.05,26.84,3388160.733,21.201527023485482,2.027598211545023,29419.849200000004,29723.0819
1655121600000,27.92,-0.2268100712902295,28.27,26.11,27.92,2647518.66,27.244882682934744,2.03705548214895,29292.366599999998,29686.36465
1655136000000,28.31,-0.21790909465529315,29.45,27.42,28.31,1634621.4,29.351986067405363,2.036551519138311,29162.357200000002,29644.79
1655150400000,28.6,-0.2146948530926773,29.89,27.0,28.6,1182572.51,30.95332456974201,2.0975121249141457,29012.661,29602.339
1655164800000,28.94,-0.2123871924836197,29.19,25.86,28.94,2478919.87,32.87436797994184,2.185546973134564,28854.221999999998,29566.11745
1655179200000,31.02,-0.20950261672229775,32.32,28.07,31.02,2740207.76,43.272536928928325,2.3330079036249525,28713.388199999998,29534.985350000003
1655193600000,29.1,-0.19235999505501297,31.12,28.66,29.1,1663627.02,37.49820738718124,2.3420787676517416,28528.2594,29502.9274
1655208000000,31.03,-0.2082663699674455,31.41,28.37,31.03,2137691.9,45.38724548928784,2.3919302842480454,28356.011599999998,29475.3623
1655222400000,29.44,-0.19227757860468947,31.2,29.05,29.44,1319798.12,40.81645456180892,2.374649549658899,28172.002999999997,29443.978799999997
1655236800000,29.59,-0.20529937775580004,30.06,27.92,29.59,1097374.6,41.415854164060455,2.357888867540406,27983.902800000003,29409.554500000002
1655251200000,28.8,-0.20414554745127125,30.29,28.64,28.8,1251877.41,39.16604487858078,2.307325377001806,27783.6044,29373.62775
1655265600000,27.66,-0.21065644702682654,28.82,27.35,27.66,1627755.89,36.117068767459614,2.2475164215016767,27570.6008,29332.0936
1655280000000,28.9,-0.22013433881402727,29.24,26.79,28.9,2610493.99,41.45570581714714,2.261979534251557,27402.869000000002,29285.06605
1655294400000,29.51,-0.2097498660732682,30.01,28.62,29.51,1808285.72,43.937746769200025,2.1996952818050173,27239.5486,29241.3059
1655308800000,31.48,-0.2048872955041826,33.0,28.11,31.48,3495987.61,51.14188663244388,2.3918599045332303,27081.7594,29196.125699999997
1655323200000,34.76,-0.18856883834013266,34.86,31.06,34.76,1879043.47,60.29123678130231,2.492441339923714,26935.6104,29157.34435
1655337600000,33.79,-0.16161865908435322,36.0,33.73,33.79,1596979.39,56.897860162399255,2.476552672786306,26758.648600000004,29117.9819
1655352000000,32.61,-0.16953063831540774,34.25,32.45,32.61,1297999.42,52.99060557822275,2.428227481872998,26571.4254,29080.3675
1655366400000,31.28,-0.17925577945357893,33.0,30.73,31.28,2187958.18,48.91344042515318,2.4169255188820697,26391.782000000003,29037.740799999996
1655380800000,31.31,-0.19021716734660235,32.56,30.03,31.31,2438083.51,49.00874405175385,2.4250022675333507,26202.042,28995.9567
1655395200000,30.87,-0.18996991799563193,32.65,30.44,30.87,1778743.27,47.60599330852032,2.4096449627095393,26011.3346,28954.962899999995
1655409600000,30.12,-0.19359624180986523,31.57,29.52,30.12,1118948.89,45.22957592505486,2.3839560368017154,25809.8254,28912.87915
1655424000000,30.03,-0.19977747558412656,31.34,29.26,30.03,1364242.74,44.93967012849459,2.3622448913158784,25614.6902,28868.10215
1655438400000,31.59,-0.20043680718671444,31.97,29.94,31.59,992113.69,50.823483840180806,2.338513113364744,25432.6076,28823.17165
1655452800000,31.58,-0.18766225738657435,32.19,30.96,31.58,880762.09,50.78601895891859,2.2593336052672623,25246.1786,28779.4236
1655467200000,31.21,-0.18774467383689783,32.08,30.83,31.21,1372573.59,49.33685411330719,2.1872383477481723,25049.701800000003,28733.612149999997
1655481600000,31.14,-0.19087649894919026,32.12,30.96,31.14,1073170.51,49.05168104090208,2.113864180051874,24854.0242,28684.982799999998
1655496000000,30.71,-0.19137099765113114,31.74,30.57,30.71,591507.88,47.245134119903206,2.0464453100481683,24657.3556,28637.2595
1655510400000,30.08,-0.19483248856471752,31.32,29.76,30.08,798614.98,44.65048684868118,2.011699216473299,24466.206199999997,28587.26835
1655524800000,28.48,-0.20010714138542052,30.41,28.1,28.48,1352046.71,38.81957900330382,2.0330064152966347,24249.1792,28526.916799999995
1655539200000,30.0,-0.21329377343717804,30.69,27.82,30.0,2099919.56,46.03014738405,2.092791671346875,24031.771200000003,28471.52055
1655553600000,29.81,-0.2007664729880084,30.44,29.52,29.81,761030.7,45.31126486882666,2.009020837679241,23809.797799999997,28418.3199
1655568000000,28.09,-0.20241480199447806,30.64,28.07,28.09,1455901.56,39.32394854209131,2.04909077784501,23570.738600000004,28358.90315
1655582400000,32.02,-0.21642559854947044,32.06,27.15,32.02,2863130.83,54.2117055508126,2.2534414365703666,23361.063800000004,28305.374299999996
1655596800000,30.19,-0.184200766472988,32.35,29.74,30.19,1878464.2,48.27217584863256,2.278909905386769,23147.6852,28249.04625
1655611200000,29.21,-0.19928297688218566,30.61,28.84,29.21,1197854.74,45.4033352789783,2.242559197859143,22931.986199999996,28191.21085
1655625600000,32.4,-0.20727737256356366,33.0,28.68,32.4,2269209.9,54.81655453676121,2.39094782658349,22740.3876,28137.8554
1655640000000,33.47,-0.18090410846004865,33.62,31.54,33.47,1395173.84,57.465604243735285,2.3687372675418117,22550.3504,28084.91995
1655654400000,33.21,-0.17216796472575926,34.28,32.0,33.21,1280599.55,56.5972826594908,2.3623988912888256,22378.151799999996,28033.943
1655668800000,34.19,-0.1743932088844933,35.4,33.04,34.19,1231820.55,59.105553147239696,2.3622275419110528,22221.521,27986.0443
1655683200000,32.27,-0.1662339803024684,34.58,31.81,32.27,1338057.16,52.68194441336892,2.391354146060263,22049.2252,27935.4613
1655697600000,32.33,-0.18205793876457738,32.83,31.73,32.33,645729.14,52.854379980785154,2.299114564198816,21882.463799999998,27883.6698
1655712000000,36.34,-0.1815634400626365,36.9,32.17,36.34,2367987.4,62.650651193018675,2.472749238184615,21747.435,27838.52175
1655726400000,35.29,-0.14859685993324268,36.73,34.46,35.29,1753783.24,59.18291983270149,2.4582671497428565,21611.012000000002,27793.0942
1655740800000,34.45,-0.15725058721720853,35.29,33.94,34.45,1252426.96,56.4891554357194,2.3791052104755095,21463.3204,27744.290350000003
1655755200000,35.24,-0.16409115259405774,35.76,33.78,35.24,860162.9,58.40658867005221,2.350597695441544,21312.9098,27702.234849999997
1655769600000,35.22,-0.157497836568179,35.9,34.2,35.22,952840.99,58.33649953653825,2.3041264314814334,21176.6964,27658.9223
1655784000000,36.83,-0.15774508591914946,37.67,34.74,36.83,1848966.64,62.26243607522759,2.348831686375617,21067.6114,27620.9471
1655798400000,37.15,-0.1445584538673919,38.55,36.71,37.15,1356229.02,63.008537395497136,2.312486565920215,20976.4588,27579.775299999998
1655812800000,37.95,-0.14183871100671694,39.19,36.93,37.95,1437532.08,64.87804534707072,2.3087375254973423,20908.070799999998,27540.7756
1655827200000,36.6,-0.13532781143116165,38.61,36.52,36.6,1083983.16,59.42057794943483,2.293113416533246,20851.255,27497.7178
1655841600000,36.42,-0.14645403222483203,36.84,35.64,36.42,749546.87,58.71142577301114,2.2150338867808714,20800.2946,27449.38815
1655856000000,34.7,-0.1478551118803313,36.73,34.53,34.7,791802.56,52.2896000725354,2.2139600377250948,20742.287800000002,27401.14055
1655870400000,33.86,-0.16203074133597062,35.31,33.72,33.86,1038281.38,49.445169862679954,2.169391463601874,20694.532,27350.0425
1655884800000,35.48,-0.16895372316314336,36.13,33.65,35.48,993272.83,54.57704157033026,2.1915777876303117,20662.099800000004,27301.69885
1655899200000,34.75,-0.15551984176041533,36.87,34.54,34.75,1838703.73,52.01472957780102,2.201465088513861,20606.151400000002,27250.81565
1655913600000,34.4,-0.16161865908435322,35.34,33.95,34.4,1167914.85,50.783678584673986,2.1435032964771565,20568.607,27199.332
1655928000000,34.12,-0.16458565129599867,35.1,33.86,34.12,664731.66,49.76887454325856,2.0789673467287884,20514.7592,27153.50745
1655942400000,35.13,-0.16672847900440924,35.86,33.91,35.13,781697.29,53.38722799813709,2.0697553933910178,20475.1094,27108.118649999997
1655956800000,35.97,-0.15856925042238432,36.66,35.01,35.97,949437.89,56.21232009129561,2.0397728652916594,20441.6178,27064.422749999998
1655971200000,36.91,-0.15164626859521158,37.48,35.71,36.91,1351242.83,59.19287372916717,2.0205033749136834,20425.2776,27021.325800000002
1655985600000,37.22,-0.14373428936415705,37.79,36.1,37.22,1278575.11,60.15609361852751,1.9968959909912771,20417.8574,26975.969450000004
1656000000000,37.57,-0.141344212304776,38.48,36.26,37.57,1620403.14,61.267706766367475,2.0128319916347572,20412.518,26934.07975
1656014400000,38.15,-0.13845963654345403,38.65,37.23,38.15,1021254.19,63.104699539852135,1.9704868493751317,20406.338600000003,26891.868049999997
1656028800000,38.93,-0.1335970659743685,39.6,37.67,38.93,1216791.93,65.47610244938488,1.9675949315626224,20395.1724,26849.91515
1656043200000,38.33,-0.12716858284913668,39.31,37.75,38.33,685720.23,62.1660932299542,1.938481007879578,20361.7724,26807.258449999998
1656057600000,40.28,-0.13203115341822225,40.48,38.08,40.28,1143965.77,67.85387647326063,1.9714466501738936,20340.9306,26766.2886
1656072000000,40.09,-0.11604236205546625,41.36,39.75,40.09,1451286.63,66.80011400871238,1.94562903230433,20323.3306,26723.50055
1656086400000,41.16,-0.11752585816128897,41.16,39.42,41.16,869258.8,69.65789310433095,1.9309412442825917,20327.5118,26680.281000000003
1656100800000,41.91,-0.10870729797667612,42.92,40.89,41.91,1216022.87,71.50912177725387,1.938016869690978,20330.7702,26637.2494
1656115200000,41.41,-0.10260848065273831,42.46,40.7,41.41,756050.35,68.50822886058519,1.9253013789987652,20339.273,26594.07245
1656129600000,42.17,-0.10672930316891253,42.37,40.96,42.17,596190.02,70.53246482193912,1.8884941376417104,20361.4094,26550.143399999997
1656144000000,41.86,-0.10046565294432766,42.64,41.75,41.86,639353.0,68.59562696895443,1.8171731278101597,20380.5462,26505.987899999996
1656158400000,39.86,-0.1030205629043557,42.08,39.73,39.86,1019127.7,57.605108349791166,1.8552321901094342,20377.771200000003,26458.5123
1656172800000,40.36,-0.11950385296905261,40.95,39.75,40.36,513876.82,59.35825712389413,1.8084298908159033,20382.4544,26412.557750000004
1656187200000,42.22,-0.11538303045287839,42.6,40.09,42.22,769613.18,65.13430965873219,1.85854204147191,20399.0042,26368.14605
1656201600000,41.41,-0.10005357069271026,42.49,40.7,41.41,523231.45,61.064234000647545,1.8536461813667735,20417.217,26329.8277
1656216000000,41.32,-0.10672930316891253,41.82,40.79,41.32,462855.0,60.611037487593094,1.7948143112691468,20435.771200000003,26291.26455
1656230400000,42.08,-0.10747105122182386,42.21,40.58,42.08,713191.74,63.101414667981906,1.7830418604642078,20460.7502,26253.307950000002
1656244800000,40.62,-0.10120740099723906,42.49,39.99,40.62,941513.82,55.80235281560663,1.8342531561453357,20502.1008,26212.915749999996
1656259200000,40.69,-0.11332261919479128,40.94,39.59,40.69,603216.28,56.06475705543381,1.799663644992097,20542.893200000002,26172.855050000002
1656273600000,39.39,-0.11274570404252687,41.4,39.14,39.39,780135.55,50.11414034218616,1.8325448132069473,20584.5794,26131.13385
1656288000000,40.15,-0.12337742613425638,40.3,38.91,40.15,694818.78,53.2388666584117,1.800934469406451,20646.6538,26090.032349999998
1656302400000,40.61,-0.11711377590967156,40.86,39.64,40.61,519217.36,55.07316215268189,1.7594391501631332,20694.5024,26048.575549999998
1656316800000,40.33,-0.11332261919479128,41.25,40.27,40.33,535071.63,53.69251438225966,1.7037649251514806,20754.371600000002,26004.107849999997
1656331200000,38.75,-0.11571269625417231,40.46,38.27,38.75,1214240.29,46.59415388922082,1.7384960019263747,20803.3276,25959.3742
1656345600000,38.33,-0.12856966250463592,39.18,37.9,38.33,779286.03,44.89505104926984,1.7057462875030622,20826.585,25916.606
1656360000000,38.52,-0.13203115341822225,39.15,38.3,38.52,430303.31,45.856929317496686,1.644621552681415,20844.9368,25872.172
1656374400000,37.74,-0.1307124902130465,38.97,37.0,37.74,693966.09,42.57162628498146,1.667862870347028,20857.1558,25827.85165
1656388800000,38.61,-0.13689372398730784,38.72,37.55,38.61,441584.21,47.12207479010893,1.6323012367508116,20863.263600000002,25784.537849999997
1656403200000,39.24,-0.12972349280916473,39.71,38.45,39.24,948562.8,50.19936561143639,1.6057082912686107,20883.6164,25740.3427
1656417600000,37.05,-0.12469608933943216,39.9,37.02,37.05,1288771.9,41.219240806826534,1.6967291276065668,20894.0118,25694.7062
1656432000000,35.93,-0.14258045905962827,37.22,35.62,35.93,1429656.36,37.5223798972302,1.689819904206098,20883.0762,25650.98925
1656446400000,35.35,-0.15189351794618206,36.7,35.02,35.35,778794.49,35.7349816010403,1.689118482477091,20872.2072,25605.4302
1656460800000,35.46,-0.1567560885152676,36.12,35.03,35.46,707209.57,36.3542088057138,1.6463243051572987,20876.4102,25559.946199999995
1656475200000,35.35,-0.1557670911113858,35.72,34.45,35.35,879181.09,35.980845664568875,1.6194439976460626,20866.8074,25514.408199999998
1656489600000,34.97,-0.1567560885152676,35.75,34.3,34.97,866492.34,34.656688889622046,1.6073408549570585,20856.6226,25469.832150000002
1656504000000,34.67,-0.15988791362756005,35.16,33.61,34.67,1443762.45,33.60521836290333,1.6032450796029827,20835.906600000002,25425.2896
1656518400000,34.49,-0.1623604071372646,34.69,33.1,34.49,1064399.4,32.95908653232813,1.6022990024884838,20821.1308,25381.84295
1656532800000,34.05,-0.16384390324308734,35.12,33.53,34.05,794233.59,31.371231544710852,1.6014205023107346,20795.747199999998,25338.205749999997
1656547200000,33.01,-0.16730539415667364,34.2,32.53,33.01,688043.07,27.944378560484225,1.606319037859968,20779.5146,25294.1908
1656561600000,31.91,-0.17595912144063955,33.22,31.55,31.91,742426.77,24.85214801617481,1.6108676780128273,20753.7622,25248.221299999997
1656576000000,31.68,-0.18502493097622283,32.14,31.21,31.68,882124.84,24.247959533220552,1.5622342724404825,20729.4318,25199.6321
1656590400000,32.1,-0.18692050933366297,32.31,30.92,32.1,1067756.66,27.70438050996853,1.5499318244090197,20710.319,25150.9234
1656604800000,32.03,-0.1834590184200766,32.88,31.54,32.03,719051.66,27.479334179826978,1.53493669409409,20678.7398,25101.42
1656619200000,33.76,-0.18403593357234102,33.93,31.41,33.76,1237702.46,40.37111533130411,1.605298358801655,20675.982,25056.19
1656633600000,33.66,-0.16977788766637822,35.4,33.47,33.66,1711484.76,39.929259110409006,1.6284913331729653,20668.2504,25009.744700000003
1656648000000,33.13,-0.17068446861993652,33.76,32.34,33.13,1329399.6,37.58154398744357,1.6135990950891816,20660.0728,24962.483600000003
1656662400000,32.34,-0.17488770758643424,33.58,31.82,32.34,913947.55,34.34041994481554,1.6240563025828114,20639.6176,24913.51715
1656676800000,32.33,-0.1815634400626365,33.15,32.03,32.33,978963.22,34.30009498449779,1.5880522809697533,20616.1998,24864.9301
1656691200000,33.24,-0.1815634400626365,33.48,32.25,33.24,672618.89,41.08046974106546,1.562477118043342,20591.2274,24815.8117
1656705600000,32.84,-0.1739811266328759,33.97,32.63,32.84,549342.74,39.16703802368773,1.5465858953259601,20569.7852,24766.1308
1656720000000,32.16,-0.17727778464581528,33.44,32.08,32.16,621647.1,36.08957436900454,1.5332583313741057,20534.202,24716.153250000003
1656734400000,32.42,-0.18296451971813574,32.88,32.1,32.42,277466.16,38.09249894455061,1.479454164847384,20494.5356,24664.4468
1656748800000,32.77,-0.18073927555940164,32.79,31.87,32.77,408929.05,40.78291407735749,1.4394931530725708,20456.9652,24608.6575
1656763200000,32.87,-0.17793711624840314,33.37,32.6,32.87,577373.32,41.56430946406551,1.391672213567387,20423.278599999998,24551.623849999996
1656777600000,33.13,-0.17711295174516833,33.52,32.69,33.13,447114.05,43.64641801832541,1.3515527697411454,20385.3534,24494.66335
1656792000000,33.36,-0.17505254048708122,34.14,32.9,33.36,407970.51,45.49649084411676,1.3435847147596351,20352.726199999997,24437.756999999998
1656806400000,33.07,-0.17307454567931757,33.62,32.7,33.07,302779.75,43.55489379883875,1.3133286637053752,20312.9398,24380.8629
1656820800000,32.87,-0.17538220628837517,33.77,32.32,32.87,613298.37,42.21681004673843,1.3230909020121344,20270.9808,24317.890499999998
1656835200000,32.91,-0.17711295174516833,33.13,32.5,32.91,280477.11,42.596647924662165,1.2735844090112678,20226.7644,24254.4754
1656849600000,32.34,-0.1767832859438744,33.01,32.14,32.34,386594.57,38.69334235723867,1.2447569512247483,20177.5374,24191.84045
1656864000000,33.45,-0.18148102361231297,33.57,32.29,33.45,366907.78,48.57565714808232,1.247274311851552,20140.5762,24130.46625
1656878400000,33.39,-0.1723327976264062,33.68,33.13,33.39,444514.81,48.12408568346243,1.1974690038621552,20107.655,24066.75275
1656892800000,32.64,-0.17274487987802364,33.87,32.63,32.64,437681.36,42.771572784317485,1.2005069321577153,20065.6018,24004.1419
1656907200000,32.78,-0.17909094655293192,33.08,32.45,32.78,263757.71,44.02314293624606,1.1597564370035924,20018.19,23940.7397
1656921600000,34.39,-0.17785469979807966,34.4,32.74,34.39,705894.74,55.95315140679355,1.195488120074764,19985.7952,23881.63565
1656936000000,34.3,-0.16458565129599867,34.98,33.77,34.3,1066495.43,55.24435506690525,1.1965246829265663,19953.8942,23823.23085
1656950400000,34.87,-0.16532739934891005,35.15,34.13,34.87,615437.95,58.80371568248975,1.1839157770032398,19916.322,23764.335
1656964800000,36.71,-0.1605472452301479,36.94,34.73,36.71,975347.94,67.72645964382531,1.257207507217294,19894.534,23711.8056
1656979200000,35.85,-0.14546503482095025,36.99,35.17,35.85,827311.89,61.06875171766586,1.2974069709874871,19875.1216,23662.736900000004
1656993600000,35.92,-0.1525528495487699,36.31,35.59,35.92,549673.41,61.40135208840693,1.2561636159169522,19858.674000000003,23614.786200000002
1657008000000,33.98,-0.15189351794618206,35.94,33.83,33.98,992486.85,48.92600749051374,1.3171519290657412,19825.6554,23563.737549999998
1657022400000,33.87,-0.16796472575926155,34.09,33.03,33.87,1371068.89,48.32644411587631,1.2987839341324743,19788.7906,23511.496150000003
1657036800000,35.71,-0.16895372316314336,36.08,33.62,35.71,1223064.39,57.67072649093528,1.3817279388372976,19770.6638,23462.61885
1657051200000,35.4,-0.15378909630362217,36.48,35.14,35.4,1134866.61,55.83866034271562,1.3787473717774905,19759.0858,23412.43435
1657065600000,35.56,-0.15617917336300327,36.06,34.8,35.56,931711.04,56.60490826651107,1.3702654166505273,19741.0078,23360.72665
1657080000000,35.96,-0.15494292660815095,36.5,35.27,35.96,974541.31,58.54161619765746,1.3602464583183465,19729.401,23309.274650000003
1657094400000,35.62,-0.15172868504553505,36.67,35.6,35.62,798812.0,56.24386863242194,1.3395145684384644,19716.769,23257.142000000003
1657108800000,35.74,-0.15444842790621008,36.5,35.3,35.74,940120.55,56.887048401429794,1.3295492421214312,19702.1584,23205.667599999997
1657123200000,36.28,-0.15345943050232824,36.8,35.68,36.28,1013878.71,59.75395696714765,1.3145814391127573,19688.766799999998,23158.5194
1657137600000,37.04,-0.14909135863518355,37.65,35.93,37.04,639489.29,63.43889288492459,1.3435399077475603,19687.929,23113.81075
1657152000000,37.09,-0.14274529196027527,37.41,36.73,37.09,535810.96,63.67453829822444,1.296144200051306,19692.441,23068.3512
1657166400000,36.82,-0.14233320970865782,37.12,36.39,36.82,419523.07,61.37413756024625,1.2557053286190694,19695.6154,23022.0502
1657180800000,37.26,-0.1446408703177154,37.43,36.64,37.26,419334.28,63.677124681493744,1.2224406622891357,19700.1128,22976.78875
1657195200000,38.29,-0.1409321300531586,38.57,36.75,38.29,1115108.28,68.42335240416938,1.2651234721256261,19716.0066,22932.72615
1657209600000,39.01,-0.1324432356698397,39.29,38.07,39.01,1087693.77,71.2512713089173,1.2619003669737956,19750.16,22893.380050000003
1657224000000,38.46,-0.12650925124654883,39.07,38.14,38.46,514306.92,66.36209293887111,1.2381931979042389,19780.97,22852.21095
1657238400000,38.64,-0.13104215601434044,39.72,38.04,38.64,695427.36,67.15640016782878,1.2697508266253645,19819.1086,22814.586700000003
1657252800000,37.51,-0.12955865990851773,38.8,37.17,37.51,739044.09,57.91126578842383,1.2954829104378383,19852.6012,22774.2547
1657267200000,37.21,-0.13887171879507149,37.65,36.58,37.21,729212.18,55.71820615911795,1.279376988263707,19882.7406,22733.33985
1657281600000,38.58,-0.14142662875509948,38.79,36.46,38.58,1476857.46,62.670438355945,1.3544214891020137,19933.273,22694.9241
1657296000000,38.96,-0.12997074216013513,39.35,37.93,38.96,1143841.01,64.34266690565829,1.3591056684518699,19987.4838,22655.390149999996
1657310400000,38.12,-0.12700374994848967,39.17,38.0,38.12,493610.66,58.142326645676455,1.3455981207053078,20036.499200000002,22613.5028
1657324800000,38.33,-0.13384431532533894,38.83,37.78,38.33,482169.84,59.20083058665572,1.324483969226357,20090.2048,22571.3166
1657339200000,38.61,-0.13219598631886922,38.9,38.23,38.61,280134.37,60.63038910353043,1.2777351142816173,20124.455,22529.99415
1657353600000,38.18,-0.12980590925948818,38.86,38.04,38.18,280679.35,57.30937011907118,1.2450397489757876,20158.7856,22480.9756
1657368000000,38.05,-0.13326740017307456,38.36,37.77,38.05,398584.4,56.305241356338215,1.198251195477517,20198.1414,22432.24625
1657382400000,38.4,-0.13442123047760335,38.95,37.97,38.4,396666.9,58.417669632340434,1.1826618243719804,20246.748799999998,22383.369700000003
1657396800000,38.06,-0.1314542382659579,38.51,37.94,38.06,249839.0,55.605349485335125,1.1389002654882676,20292.766600000003,22333.621750000002
1657411200000,37.38,-0.13433881402727982,38.14,37.06,37.38,356128.94,50.38132946889343,1.134693103667677,20330.8628,22282.743049999997
1657425600000,37.29,-0.1400255490996003,37.54,37.15,37.29,242669.73,49.71559781996739,1.081500739119986,20372.0292,22232.56815
1657440000000,36.93,-0.14060246425186468,37.39,36.65,36.93,320630.28,47.03812974790931,1.0571078291828442,20415.448,22191.25925
1657454400000,36.69,-0.14365187291383358,37.13,36.26,36.69,535537.54,45.28707653127548,1.0437429842412127,20450.907,22147.83245
1657468800000,37.3,-0.1457122841719207,37.3,36.39,37.3,365269.31,50.34651492518444,1.0341899139382686,20485.4136,22104.827649999996
1657483200000,36.71,-0.14060246425186468,37.43,36.52,36.71,361351.8,45.92316717672327,1.0253192057998206,20518.0752,22059.68415
1657497600000,35.81,-0.14546503482095025,36.73,35.35,35.81,532652.44,40.13104959216479,1.0506535482426902,20543.4236,22007.08905
1657512000000,35.19,-0.15296493180038737,35.84,34.78,35.19,415281.93,36.697264628613624,1.051321151939641,20567.1656,21953.661949999998
1657526400000,35.16,-0.1579923352701199,35.66,35.01,35.16,289707.09,36.534369371335785,1.0226553553725237,20591.341,21905.89365
1657540800000,35.19,-0.15832200107141384,35.79,34.49,35.19,664795.68,36.83631371441358,1.0424656871316291,20617.295,21855.271999999997
1657555200000,35.36,-0.15807475172044338,35.68,35.06,35.36,327611.02,38.61844037324958,1.012289566622227,20645.6884,21805.765099999997
1657569600000,33.42,-0.15659125561462067,35.46,33.24,33.42,697919.21,28.67541916308265,1.0985545975777822,20664.025,21753.1993
1657584000000,33.63,-0.17258004697737667,34.0,33.25,33.63,419787.33,30.75378466636029,1.0736578406079407,20673.0284,21702.21025
1657598400000,33.5,-0.170931717970907,34.13,33.27,33.5,510510.72,30.16773537104511,1.058396566278802,20681.331599999998,21649.841350000002
1657612800000,33.93,-0.1718382989244653,34.18,33.14,33.93,518054.07,34.60667066573676,1.057082525830316,20694.738800000003,21597.2434
1657627200000,34.21,-0.16837680801087895,34.61,33.75,34.21,738068.55,37.397225301554215,1.043005202556722,20710.0534,21544.23735
1657641600000,32.95,-0.16606914740182138,34.5,32.71,32.95,677388.97,30.988705716618597,1.0963619738026704,20701.8984,21489.7337
1657656000000,32.68,-0.17653603659290396,33.31,32.6,32.68,339160.76,29.80986207815853,1.0687646899596226,20692.444,21434.86625
1657670400000,33.05,-0.17859644785099105,33.24,32.38,33.05,314766.79,33.540901645123,1.053852926391078,20685.3178,21382.149049999996
1657684800000,33.7,-0.1755470391890221,33.75,32.95,33.7,309592.81,39.613695353895785,1.035720574506001,20674.6886,21330.125649999998
1657699200000,33.97,-0.17018996991799562,34.22,33.62,33.97,470656.16,41.98511603173826,1.004597676327001,20665.306800000002,21278.773200000003
1657713600000,33.22,-0.1681295586599085,34.51,31.82,33.22,2246206.49,37.57135160442561,1.124983556589358,20650.117,21225.79205
1657728000000,33.64,-0.17422837598384636,34.08,33.0,33.64,819271.91,41.29333081871303,1.1217704454044037,20652.7522,21173.95
1657742400000,34.94,-0.17068446861993652,35.08,33.49,34.94,637537.97,51.02604433560675,1.1552154135898032,20667.05,21127.8517
1657756800000,34.58,-0.16005274652820703,35.33,34.52,34.58,802719.47,48.62210191852844,1.1305571697619599,20663.5706,21084.0728
1657771200000,34.35,-0.16301973873985248,34.74,34.19,34.35,492177.73,47.09551434988671,1.0890888004932486,20659.8684,21038.567000000003
1657785600000,33.81,-0.16499773354761607,34.49,33.58,33.81,640461.85,43.631802509539035,1.0762967433151596,20655.601599999998,20990.895500000002
1657800000000,35.16,-0.1694482218650843,35.22,33.61,35.16,984691.09,52.948471005478474,1.1144184045069339,20660.1672,20946.21385
1657814400000,36.36,-0.15815716817076686,37.2,34.83,36.36,1750739.92,59.375965440046656,1.2041028041850104,20670.2136,20905.572549999997
1657828800000,37.15,-0.14826719413194875,37.31,36.35,37.15,543976.96,62.96299049350235,1.186666889600367,20679.0132,20866.48905
1657843200000,37.36,-0.1419211274570404,37.88,36.56,37.36,594022.3,63.87610002233951,1.1961906832003406,20684.6788,20826.571799999998
1657857600000,37.46,-0.14010796554992375,37.54,36.49,37.46,705443.58,64.32711461010612,1.185748491543173,20690.0962,20788.6252
1657872000000,37.71,-0.13920138459636544,38.51,37.45,37.71,857603.59,65.48722813699874,1.176766456432946,20695.878800000002,20754.707749999998
1657886400000,37.69,-0.13714097333827832,38.56,37.36,37.69,820155.48,65.30425875263869,1.1784259952591645,20702.922400000003,20720.43925
1657900800000,38.82,-0.13747063913957225,38.88,37.06,38.82,817189.15,70.34558010815802,1.2242527098835099,20716.0828,20688.98155
1657915200000,37.36,-0.128075163802695,39.1,37.25,37.36,646214.94,58.515261121155106,1.2689489448918307,20714.9148,20652.65965
1657929600000,37.21,-0.14010796554992375,37.53,36.74,37.21,342972.88,57.446341372725485,1.2347383059709856,20693.4254,20619.2261
1657944000000,36.43,-0.14126179585445253,37.26,36.35,36.43,320163.48,52.11510879625618,1.2115427126873435,20671.849400000003,20589.08435
1657958400000,36.75,-0.14769027897968434,36.92,36.4,36.75,247596.19,54.001154635894025,1.1621468046382477,20641.572,20564.56755
1657972800000,37.94,-0.14513536901965632,38.0,36.63,37.94,538673.47,60.26833471137102,1.1769934614498012,20624.4796,20545.2247
1657987200000,39.42,-0.13532781143116165,40.41,37.89,39.42,1809744.1,66.39982709008514,1.2729224999176725,20616.6408,20532.537750000003
1658001600000,39.58,-0.12313017678328592,39.92,38.79,39.58,686075.08,66.99286197937747,1.262713749923553,20601.3024,20522.158050000002
1658016000000,39.89,-0.12172909712778666,40.49,39.28,39.89,595811.25,68.16523749774763,1.2589484820718706,20591.548,20512.68785
1658030400000,40.35,-0.11925660361808216,41.09,39.86,40.35,871874.27,69.87511534458434,1.2568807333524517,20589.0052,20507.58885
1658044800000,39.78,-0.11538303045287839,40.58,39.29,39.78,639596.27,65.20180324479722,1.259246395255848,20585.8886,20504.23325
1658059200000,39.28,-0.12016318457164048,39.9,39.03,39.28,488135.8,61.327133046316575,1.2314430813090014,20576.196,20495.6961
1658073600000,39.01,-0.12436642353813818,39.81,38.29,39.01,771627.21,59.278561050367536,1.25205428978693,20567.7872,20490.85755
1658088000000,38.62,-0.12650925124654883,39.55,38.49,38.62,428906.61,56.350488837572655,1.2383361262307204,20552.8124,20481.44645
1658102400000,40.56,-0.12980590925948818,40.9,38.55,40.56,687433.8,65.48381096769734,1.317740688642812,20545.984800000002,20476.865149999998
1658116800000,42.13,-0.1138171178967322,42.47,40.27,42.13,1226802.58,70.8074026106198,1.3807592108826108,20559.0668,20477.412750000003
1658131200000,41.63,-0.10071290229529813,42.69,41.31,41.63,1040323.54,67.25002955984507,1.3807049815338526,20575.8334,20480.8003
1658145600000,42.31,-0.10491614126179583,42.58,41.21,42.31,1001607.38,69.49468580599746,1.37994033999572,20602.5876,20490.56485
1658160000000,40.04,-0.09931182263979887,42.47,39.69,40.04,1267756.3,55.75633059166735,1.4799446014245972,20608.909200000002,20492.7693
1658174400000,43.52,-0.11793794041290642,44.07,39.78,43.52,1076359.35,66.64324881956898,1.680662844179983,20639.5656,20497.8367
1658188800000,42.99,-0.08933943215065723,46.0,42.8,42.99,1933169.64,64.05796476476702,1.7891869267385556,20659.2258,20499.19425
1658203200000,43.48,-0.09362508756747846,44.15,42.54,43.48,898941.18,65.39456434952459,1.7763878605429446,20677.274,20495.100049999997
1658217600000,45.54,-0.08966909795195123,45.9,43.24,45.54,1113510.05,70.38134055163297,1.8395030133613055,20705.95,20493.9144
1658232000000,46.58,-0.07269130918531339,47.36,45.25,46.58,1973534.93,72.5332943040813,1.8588242266926407,20759.8734,20500.77395
1658246400000,45.42,-0.064119998351671,47.26,45.38,45.42,1233220.73,66.71124456226258,1.8603367819288803,20818.452,20512.56115
1658260800000,44.87,-0.07368030658919518,46.1,44.59,44.87,724275.29,64.08471467115999,1.8353127260768172,20877.6356,20524.1704
1658275200000,45.45,-0.07821321135698686,45.78,44.09,45.45,796772.78,65.62186250153596,1.8249332456427587,20936.1832,20536.97725
1658289600000,44.41,-0.07335064078790125,46.05,44.37,44.41,779234.06,60.61243521113006,1.8145808709539903,21004.5346,20551.8766
1658304000000,45.33,-0.08200436807186716,45.64,43.71,45.33,909870.29,63.28267194482269,1.8228250944572768,21080.259,20568.602450000002
1658318400000,45.35,-0.07442205464210656,46.3,44.86,45.35,1198281.62,63.340855440967594,1.7954804448531854,21169.091800000002,20583.9624
1658332800000,43.21,-0.07433963819178305,45.47,43.12,43.21,1206963.1,53.560743950656295,1.8350889845065292,21246.8214,20597.4041
1658347200000,42.04,-0.09181192566036181,43.56,41.24,42.04,1489319.89,49.097260646475945,1.8697254856132057,21313.5608,20610.202100000002
1658361600000,40.02,-0.10161948324885645,42.47,39.86,40.02,1228066.03,42.51047588956112,1.922602236640834,21381.13,20621.51015
1658376000000,41.05,-0.11810277331355336,41.49,39.64,41.05,909214.72,46.45509353476108,1.9174163625950602,21453.1862,20633.823900000003
1658390400000,41.76,-0.10969629538055797,41.88,40.61,41.76,847448.3,49.05025293997178,1.8711723366954132,21515.833400000003,20644.55585
1658404800000,41.88,-0.10392714385791403,42.44,40.84,41.88,1113425.5,49.49578715567858,1.8518028840743117,21574.5752,20661.47465
1658419200000,43.8,-0.10293814645403224,43.89,41.84,43.8,1206930.4,56.109088283376416,1.8659598209261463,21641.5854,20681.226749999998
1658433600000,43.11,-0.08694935509127619,44.24,42.53,43.11,829014.34,53.40272166311882,1.8548198337171358,21715.5052,20702.2189
1658448000000,42.66,-0.0928009230642436,43.52,42.28,42.66,462434.49,51.65289047738962,1.810904131308769,21780.660200000006,20726.4304
1658462400000,43.05,-0.09642724687847697,43.46,42.08,43.05,555092.34,53.08757822959435,1.780125264786714,21838.3386,20747.1704
1658476800000,44.14,-0.09313058886553753,44.33,42.85,44.14,802035.55,56.934090108346425,1.7586877458733772,21906.0654,20773.66785
1658491200000,41.69,-0.08422961223060121,44.2,41.52,41.69,1224684.26,47.50548855061803,1.8244957640252788,21972.064599999998,20798.5866
1658505600000,40.2,-0.10442164255985495,41.9,40.03,40.2,952575.48,42.85709880293139,1.8277460665949015,22029.027199999997,20813.0554
1658520000000,40.54,-0.11661927720773065,41.09,40.14,40.54,498907.43,44.198871830289306,1.76504991898098,22074.9138,20827.3547
1658534400000,41.08,-0.11389953434705567,41.49,40.1,41.08,399310.95,46.35343015838958,1.7382606390537672,22118.9698,20840.77705
1658548800000,41.33,-0.10936662957926398,41.91,41.0,41.33,378212.05,47.36665809261927,1.6790991648356408,22162.603400000004,20851.75965
1658563200000,39.6,-0.10730621832117687,41.51,39.52,39.6,694018.05,41.52229341810288,1.7013063673473803,22194.917400000002,20862.99485
1658577600000,40.2,-0.12156426422713973,40.49,39.37,40.2,593643.6,44.09848394683975,1.6597844839654248,22222.522,20873.639750000002
1658592000000,39.36,-0.1167016936580541,40.39,38.6,39.36,864559.59,41.351882458002144,1.6690855922536088,22252.577199999996,20880.993300000002
1658606400000,39.97,-0.12362467548522685,40.23,39.17,39.97,492227.25,44.075878037294856,1.6255794785212079,22285.7548,20889.12495
1658620800000,39.61,-0.11859727201549429,40.44,39.47,39.61,401058.39,42.81208474187068,1.57875237291255,22309.075,20900.4202
1658635200000,40.72,-0.1216466806774632,41.18,39.5,40.72,620764.09,47.78358312724303,1.5859843462759393,22346.5062,20911.05875
1658649600000,40.89,-0.11241603824123295,41.43,40.22,40.89,558545.55,48.521687814031495,1.5591283215419438,22384.8988,20921.2767
1658664000000,41.21,-0.1110149585857337,41.32,40.11,41.21,591541.52,49.95569490704836,1.534190584288948,22430.916800000003,20929.9107
1658678400000,40.83,-0.10846004862570566,41.28,40.6,40.83,355249.64,48.23727968966959,1.4731769711254519,22472.591,20938.6006
1658692800000,40.93,-0.11159187373799809,42.1,40.71,40.93,800060.28,48.737024169475355,1.4672357589022054,22505.3242,20944.53805
1658707200000,38.09,-0.11068529278443977,41.09,37.74,38.09,1006633.37,37.626634089158,1.6017189189806194,22518.838400000004,20949.4336
1658721600000,38.57,-0.13417398112663287,38.73,37.78,38.57,463208.5,40.111600850201214,1.5551675676248604,22534.173000000003,20955.627650000002
1658736000000,38.88,-0.1301355750607821,39.27,38.34,38.88,436230.47,41.726327206073,1.5105127413659418,22546.514400000004,20963.7445
1658750400000,38.49,-0.1274982486504306,39.36,38.27,38.49,634220.53,40.255802534181434,1.48047611698266,22555.077999999998,20972.72535
1658764800000,37.95,-0.13079490666337,38.99,37.33,37.95,681494.44,38.24596208540557,1.4932992514838987,22563.745600000002,20979.644699999997
1658779200000,36.65,-0.13524539498083815,38.99,36.56,36.65,1016132.68,33.86277583812354,1.5602064478064774,22566.561800000003,20985.7987
1658793600000,36.21,-0.1458771170725677,36.84,35.51,36.21,1034360.15,32.504938668013594,1.543763130106015,22568.8554,20990.91965
1658808000000,35.65,-0.14958585733712446,36.49,35.46,35.65,468328.81,30.811542354792252,1.5070657636698712,22574.229400000004,20996.314
1658822400000,35.81,-0.15411876210491615,36.24,35.33,35.81,542616.57,31.903116237974814,1.4644182091220235,22570.4334,21000.696150000003
1658836800000,35.0,-0.15280009889974036,36.29,34.92,35.0,1026559.41,29.37633941913232,1.4576740513275932,22540.450999999997,21002.12105
1658851200000,35.02,-0.15964066427658957,35.59,34.67,35.02,619561.77,29.524762003394187,1.4192687619470508,22516.0962,21003.504950000002
1658865600000,36.25,-0.15939341492561912,36.34,34.79,36.25,804751.86,38.13568616413322,1.4286067075222617,22487.673,21008.01875
1658880000000,35.78,-0.14917377508550708,36.38,35.68,35.78,389490.68,36.31003695280467,1.3765633712706717,22476.8518,21008.85275
1658894400000,36.82,-0.15312976470103432,37.2,35.77,36.82,540912.4,42.83173848381286,1.3803802733227666,22455.1474,21010.0389
1658908800000,36.39,-0.14447603741706844,37.06,36.3,36.39,424381.48,40.964016402403715,1.336067396656855,22441.081000000002,21010.671400000003
1658923200000,37.17,-0.14810236123130174,37.46,36.19,37.17,637695.14,45.598174585609875,1.3313482968956514,22436.4006,21013.7571
1658937600000,39.38,-0.14167387810606993,40.34,36.42,39.38,2711060.95,56.11046566958211,1.5162519899745335,22452.383200000004,21021.77755
1658952000000,40.23,-0.12345984258457984,40.55,39.28,40.23,1157135.52,59.362965264422556,1.4986625621192093,22448.710600000002,21032.11895
1658966400000,39.73,-0.11645444430708371,40.55,39.03,39.73,859141.38,56.70111489693188,1.5001866648249798,22443.3398,21041.51815
1658980800000,39.33,-0.12057526682325793,40.0,39.26,39.33,594943.08,54.592133309599824,1.4458876173374813,22433.9094,21049.9552
1658995200000,40.53,-0.1238719248361973,40.86,39.27,40.53,797826.89,59.46332530695379,1.4561813589562325,22427.4628,21059.0247
1659009600000,41.93,-0.11398195079737913,42.12,39.22,41.93,2299399.15,64.27804336584009,1.55931126188793,22434.7506,21070.2119
1659024000000,42.12,-0.1024436477520913,42.97,41.75,42.12,1146752.69,64.887571639599,1.5350747431816492,22436.0648,21082.4821
1659038400000,42.91,-0.10079531874562159,44.15,42.12,42.91,1056278.96,67.37988304192419,1.5704265472401029,22429.4708,21096.8873
1659052800000,43.48,-0.09428441917006632,43.55,42.4,43.48,649746.03,69.0849589330931,1.5403960795800953,22434.5202,21110.420550000003
1659067200000,43.05,-0.0895866815016277,44.42,42.72,43.05,857791.36,66.27073737201671,1.5517963596100888,22448.9194,21122.6809
1659081600000,41.93,-0.09313058886553753,43.3,41.31,41.93,879368.43,59.474903148269156,1.583096619637939,22467.786600000003,21134.15255
1659096000000,42.63,-0.1024436477520913,43.47,41.13,42.63,1066353.92,62.09141805345839,1.6371611468066576,22489.3702,21147.223649999996
1659110400000,41.84,-0.0965920797791239,42.68,41.25,41.84,864013.26,57.57352731022829,1.6223639220347537,22515.152,21158.1563
1659124800000,41.91,-0.10351506160629663,43.1,41.52,41.91,632046.15,57.86607167038391,1.6193379276036999,22537.7802,21170.3945
1659139200000,41.87,-0.10252606420241478,42.49,41.41,41.87,713145.71,57.62156736789962,1.5808137899177217,22549.9192,21182.98325
1659153600000,42.35,-0.1028557300037087,42.49,41.47,42.35,494284.06,59.81580523016882,1.540755662066456,22564.4906,21197.1967
1659168000000,42.41,-0.09889974038818147,43.09,41.84,42.41,564008.02,60.09395086191018,1.5199874004902807,22585.420199999997,21211.122000000003
1659182400000,46.28,-0.09848765813656407,46.31,42.21,46.28,1678535.38,73.05095809764615,1.704274014740975,22613.6264,21226.9514
1659196800000,45.08,-0.06651007541105204,46.65,44.81,45.08,1178932.34,65.90531422717677,1.7139687279737623,22619.827800000003,21240.031899999998
1659211200000,43.84,-0.07656488235051716,45.47,43.41,43.84,759573.79,59.4355714209531,1.738685247404208,22626.8844,21254.4758
1659225600000,43.23,-0.08670210574030572,44.19,43.0,43.23,590459.5,56.4973308886691,1.699493444018193,22649.9072,21268.885950000004
1659240000000,43.84,-0.09172950921003833,44.45,43.22,43.84,492998.51,58.69627795881162,1.6659581980168938,22670.472599999997,21283.73865
1659254400000,44.41,-0.08661968928998226,44.76,43.28,44.41,500791.66,60.695543020041676,1.6526754695871155,22690.322999999997,21299.068849999996
1659268800000,44.13,-0.08200436807186716,44.6,43.62,44.13,385458.01,59.18015059502945,1.6046272217594648,22710.411999999997,21313.546749999998
1659283200000,43.78,-0.08431202868092467,45.21,42.8,43.78,815138.01,57.25580730552085,1.662153848776646,22742.779,21327.785499999998
1659297600000,42.35,-0.08727902089257013,43.91,42.22,42.35,502725.68,50.08934944655323,1.664142859578314,22764.333200000005,21341.2201
1659312000000,43.01,-0.09906457328882841,43.26,42.04,43.01,405658.3,53.01255541556454,1.6324183696084344,22786.3956,21356.82315
1659326400000,42.94,-0.09362508756747846,43.12,42.26,42.94,384347.27,52.66027532492698,1.5772456289221177,22803.8152,21372.02695
1659340800000,42.23,-0.09403716981909585,43.12,41.64,42.23,617506.11,49.09654155238015,1.5702995125705377,22821.7338,21386.751099999998
1659355200000,42.47,-0.10005357069271026,42.96,41.35,42.47,824759.7,50.320418163694846,1.573135261672642,22834.2364,21402.916
1659369600000,41.11,-0.09807557588494661,42.54,40.57,41.11,711960.51,43.881871639099664,1.6014827429817389,22840.155600000002,21417.15995
1659384000000,41.65,-0.10928421312894052,41.89,40.77,41.65,358603.55,46.79293993489933,1.5670911184830432,22848.5742,21433.077599999997
1659398400000,40.24,-0.10475130836114889,42.11,39.97,40.24,591053.67,40.836248657175055,1.60801318144854,22851.628399999998,21446.225
1659412800000,40.53,-0.11637202785676018,40.65,39.93,40.53,331641.69,42.45868661770458,1.54458366848793,22857.790800000002,21460.04895
1659427200000,40.56,-0.11398195079737913,40.82,39.82,40.56,353988.9,42.63394360091259,1.5056848350245065,22878.088,21474.076950000002
1659441600000,41.49,-0.11373470144640867,41.85,39.91,41.49,986145.94,47.92863775019392,1.5367073468084704,22898.431399999998,21491.79495
1659456000000,41.15,-0.10606997156632461,42.45,40.94,41.15,732453.43,46.24805460595848,1.5347996791792942,22918.630599999997,21511.044200000004
1659470400000,39.79,-0.10895454732764658,41.5,39.5,39.79,602957.33,40.179149678980274,1.5680282735236304,22940.4706,21530.263250000004
1659484800000,38.54,-0.12016318457164048,40.11,37.43,38.54,2747485.76,35.56026008249772,1.6474548254147996,22959.921599999998,21549.940150000002
1659499200000,38.33,-0.13038282441175258,39.41,38.18,38.33,1572385.03,34.83573114565411,1.6176366235994564,22993.502800000002,21565.178900000003
1659513600000,39.67,-0.13211356986854575,39.99,38.33,39.67,1148675.61,42.83889339625569,1.6206625790566382,23038.728799999997,21583.53925
1659528000000,40.16,-0.12115218197552233,40.99,39.51,40.16,1460514.84,45.47593097509253,1.6106152519811643,23084.446799999998,21602.4075
1659542400000,40.1,-0.11694894300902457,40.75,39.8,40.1,591913.62,45.20094971082438,1.5634284482682241,23131.8824,21623.762349999997
1659556800000,38.54,-0.11752585816128897,40.28,38.21,38.54,870466.68,38.65612713097946,1.5996121305347797,23173.313600000005,21641.399500000003
1659571200000,39.36,-0.13038282441175258,39.7,38.43,39.36,793903.94,43.3032328416811,1.5760684069251527,23216.917,21659.92735
1659585600000,39.21,-0.12354225903490337,39.74,38.55,39.21,766195.63,42.666495350696394,1.5484920921447851,23250.782000000003,21678.267949999998
1659600000000,38.61,-0.1248609222400791,39.32,38.56,38.61,646278.18,40.1249422016417,1.4921712284201576,23286.945,21697.038500000002
1659614400000,38.88,-0.12980590925948818,39.85,38.33,38.88,1001922.46,41.80489048353104,1.4941589978187182,23318.6314,21716.06285
1659628800000,38.38,-0.12758066510075408,39.0,37.96,38.38,647341.18,39.58964192052271,1.4617190694030955,23343.651599999997,21732.342999999997
1659643200000,38.83,-0.13161907116660485,39.03,38.17,38.83,295455.51,42.54073322232819,1.418739135874303,23365.494,21749.310950000003
1659657600000,40.1,-0.12799274735237154,40.16,38.71,40.1,495236.92,49.96898238974188,1.4209720547404239,23373.528,21768.821200000002
1659672000000,40.08,-0.1174434417109655,40.58,39.68,40.08,492463.04,49.85966564188842,1.383759765116108,23378.2006,21788.487549999998
1659686400000,41.01,-0.11769069106193597,41.07,39.85,41.01,522366.19,54.810325075666505,1.372062639036386,23383.6342,21809.191749999998
1659700800000,40.01,-0.1100259611818519,41.33,39.62,40.01,1033189.8,49.186596719961145,1.3962010219623584,23384.897199999996,21828.434299999997
1659715200000,39.94,-0.11826760621420036,40.15,39.44,39.94,499310.16,48.80907214086795,1.3471866632507614,23381.2634,21847.649449999997
1659729600000,40.55,-0.11892693781678822,40.76,39.74,40.55,468121.8,52.24861635402859,1.3238161873042782,23372.6004,21868.977649999997
1659744000000,40.51,-0.1138171178967322,40.72,40.17,40.51,283927.54,52.00187511646622,1.2685436024968297,23360.188200000004,21887.385100000003
1659758400000,40.42,-0.11406436724770261,40.67,40.25,40.42,198184.99,51.41355756888343,1.2079333451756278,23347.446999999996,21906.835300000002
1659772800000,40.29,-0.11488853175093747,40.88,40.27,40.29,282988.89,50.524398472006716,1.1652238205202257,23332.338400000004,21927.104700000004
1659787200000,40.45,-0.11587752915481932,40.56,40.17,40.45,218219.22,51.63309186562621,1.1098506904830667,23317.5174,21947.512749999998
1659801600000,40.81,-0.114641282399967,40.89,39.85,40.81,348783.59,54.12408384089679,1.104861355448562,23306.8086,21964.4059
1659816000000,40.07,-0.11167429018832156,40.89,39.92,40.07,268547.77,48.584975119380864,1.0952284014879503,23285.678,21980.1696
1659830400000,39.76,-0.11777310751225943,40.26,39.21,39.76,313823.52,46.44078381727412,1.091997801381668,23267.577400000002,21995.97015
1659844800000,39.99,-0.12032801747228747,40.21,39.72,39.99,177520.23,48.26508325952335,1.0489979584258349,23252.421400000003,22009.866349999997
1659859200000,40.13,-0.11851485556517082,40.16,39.69,40.13,215509.38,49.39498417552583,1.007640961395418,23237.164,22023.493850000003
1659873600000,40.33,-0.11719619235999504,40.63,40.09,40.33,297542.2,51.040053426654644,0.9742380355814595,23220.0116,22037.5311
1659888000000,40.56,-0.11554786335352532,40.79,40.25,40.56,250672.51,52.93489194139027,0.9432210330399267,23204.104400000004,22055.734249999998
1659902400000,40.6,-0.1138171178967322,41.57,40.47,40.6,490829.86,53.27358830837437,0.9544195306799319,23177.0102,22074.006300000005
1659916800000,41.93,-0.11340503564511474,42.09,40.55,41.93,591942.11,62.847262264739186,0.9962467070599372,23164.7298,22088.5484
1659931200000,42.68,-0.1024436477520913,42.8,41.86,42.68,536913.95,66.95848039836979,0.9922290851270844,23168.0132,22106.70765
1659945600000,43.41,-0.09634483042815344,43.42,42.42,43.41,704851.16,70.39267675922395,0.9927841504751498,23176.5876,22127.780899999998
1659960000000,42.5,-0.09032842955453908,43.71,42.41,42.5,956924.79,61.773417306594,1.0147281397269252,23182.153200000004,22146.9267
1659974400000,42.5,-0.09774591008365269,42.56,42.01,42.5,468908.18,61.773417306594,0.9815332726035738,23184.6684,22166.043700000002
1659988800000,42.18,-0.09774591008365269,43.14,41.77,42.18,564209.41,58.83536915441539,1.0092808959890327,23185.369,22184.3494
1660003200000,42.44,-0.10046565294432766,42.47,41.52,42.44,362564.48,60.48005031630303,1.00504654627553,23185.030600000002,22201.851450000002
1660017600000,42.56,-0.09832282523591708,42.76,42.23,42.56,313734.05,61.24958193114853,0.9711146501129923,23196.726599999998,22218.419500000004
1660032000000,40.85,-0.09725141138171176,42.59,40.68,40.85,881250.09,47.157868605328254,1.038177889390636,23194.492599999998,22232.336049999998
1660046400000,40.14,-0.11134462438702762,41.44,39.73,40.14,680316.92,42.75905379332661,1.0861651830055905,23189.551599999995,22245.511000000002
1660060800000,40.08,-0.1172786088103185,40.48,39.94,40.08,298343.07,42.39912549357845,1.047153384219477,23186.0722,22258.240950000003
1660075200000,40.33,-0.11777310751225943,40.72,40.05,40.33,296267.13,44.49559617150018,1.0202138567752288,23182.536599999996,22269.5485
1660089600000,39.28,-0.11554786335352532,40.34,39.15,39.28,822647.15,38.2059689298712,1.0323414384341414,23180.7398,22274.804900000003
1660104000000,39.68,-0.1242840070878147,39.81,39.15,39.68,311727.96,41.59306614017937,1.0057456214031315,23174.653000000002,22281.498349999998
1660118400000,40.04,-0.12098734907487534,40.2,39.66,40.04,348259.02,44.53947043693146,0.972478077017194,23180.0698,22286.465299999996
1660132800000,42.08,-0.11793794041290642,42.45,39.84,42.08,1825043.06,57.59414627132058,1.0894439286588231,23202.2558,22297.462600000003
1660147200000,41.31,-0.10120740099723906,42.45,41.22,41.31,644306.62,52.564685855105964,1.099483648040336,23217.3826,22307.73745
1660161600000,42.47,-0.10747105122182386,42.87,41.31,42.47,515811.13,58.45114408257932,1.1323776731803117,23236.873600000003,22317.6951
1660176000000,43.82,-0.09799315943462315,44.14,42.34,43.82,1025582.98,64.04344824118022,1.1800649822388607,23264.337000000003,22330.2575
1660190400000,44.52,-0.08678452219062925,45.08,43.82,44.52,1285701.07,66.55698958717315,1.1857746263646562,23293.2188,22344.44315
1660204800000,44.08,-0.08109778711830878,44.61,43.69,44.08,658492.08,63.54979539584664,1.1667907244814668,23327.151800000003,22359.1769
1660219200000,43.46,-0.08472411093254215,45.32,43.37,43.46,1752381.21,59.47218792783736,1.2227342441613622,23354.226199999997,22372.6217
1660233600000,43.37,-0.08983393085259817,44.01,42.85,43.37,678066.39,58.88157064836676,1.2182532267212647,23370.6058,22386.494300000002
1660248000000,42.77,-0.09049326245518602,43.5,42.38,42.77,408635.71,54.96276075283984,1.2112351390983171,23382.2384,22398.43175
1660262400000,43.4,-0.0954382494745951,43.64,42.21,43.4,501479.74,58.11491994363162,1.2268612005912944,23393.2006,22410.375300000003
1660276800000,43.15,-0.09032842955453908,43.66,42.81,43.15,256655.91,56.427167390768204,1.1999425434062017,23416.053,22422.221100000002
1660291200000,42.31,-0.0923888408126262,43.8,42.12,42.31,584249.25,51.06133328992088,1.23423236173433,23427.597999999998,22434.111149999997
1660305600000,43.2,-0.09931182263979887,43.29,42.29,43.2,564104.42,55.85159671496129,1.2175014787533063,23448.2528,22447.323849999997
1660320000000,44.65,-0.09197675856100875,44.83,42.94,44.65,772130.16,62.322336120241644,1.2655370874137846,23474.104,22461.7025
1660334400000,45.48,-0.08010878971442699,45.49,44.31,45.48,698370.2,65.44446814549092,1.2594272954556571,23503.543999999998,22479.2221
1660348800000,47.42,-0.07310339143693079,47.78,45.27,47.42,1653940.21,71.40818871321596,1.3487539172088243,23550.4498,22498.60205
1660363200000,47.16,-0.0571146000741748,48.38,46.91,47.16,1014539.67,69.67271226902425,1.3574143516939086,23589.432600000004,22517.1503
1660377600000,46.73,-0.05933984423290891,47.76,46.36,46.73,699825.04,66.78196776453645,1.3604561837157723,23614.6444,22536.6264
1660392000000,46.24,-0.06296616804714221,47.13,46.04,46.24,450278.0,63.54640176300864,1.3411378848789315,23641.176,22556.990149999998
1660406400000,46.3,-0.06692215766266944,46.78,46.06,46.3,499817.81,63.7778241877481,1.2967708931018649,23661.0446,22576.61765
1660420800000,46.6,-0.06642765896072858,47.39,46.2,46.6,388248.21,64.9751064501501,1.2891444007374457,23690.107200000002,22596.637349999997
1660435200000,46.74,-0.06403758190134747,47.64,46.05,46.74,510034.07,65.54742155592638,1.310634086399057,23722.851000000002,22616.940099999996
1660449600000,47.74,-0.06280133514649522,48.06,46.54,47.74,556404.74,69.39436992271901,1.3255887945134102,23754.069,22641.48865
1660464000000,46.71,-0.054642106564470286,47.77,46.6,46.71,544910.52,61.746681951061355,1.314475309191024,23781.8858,22664.59945
1660478400000,46.04,-0.06313100094778915,46.72,45.75,46.04,481553.42,57.32136190467096,1.2898699299630938,23808.2592,22688.5672
1660492800000,45.09,-0.06857048666913916,46.1,44.46,45.09,801214.5,51.667068189004446,1.3148792206800157,23830.792199999996,22711.11805
1660507200000,44.87,-0.07640004944987015,45.82,44.75,44.87,582061.91,50.42654514109636,1.2973878477743004,23852.852799999997,22733.2126
1660521600000,46.46,-0.07829562780731034,47.24,44.36,46.46,868257.46,58.23193351776262,1.410431572933279,23886.4982,22760.55585
1660536000000,43.83,-0.06502657930522933,46.65,43.53,43.83,957525.78,45.476948471315104,1.5325436034380446,23907.955,22784.047349999997
1660550400000,43.8,-0.08686693864095273,44.43,43.23,43.8,605282.92,45.35491098551888,1.508790488906756,23929.1426,22806.926349999998
1660564800000,44.51,-0.08703177154159972,44.57,43.3,44.51,608021.26,48.85309817782664,1.4917340254134166,23953.3436,22829.530099999996
1660579200000,43.81,-0.0811802035686323,44.76,43.65,43.81,463712.72,45.74389285119818,1.464467309312458,23972.2248,22850.22335
1660593600000,43.72,-0.08686693864095273,44.14,42.75,43.72,642314.6,45.34430781023311,1.4591482157901396,23993.6584,22873.41645
1660608000000,43.66,-0.08769110314418758,44.2,42.53,43.66,762719.44,45.06170456744914,1.4742090575194156,24012.106399999997,22895.572799999998
1660622400000,43.31,-0.0881856018461285,43.78,42.78,43.31,486551.78,43.36391324902075,1.4403369819823144,24029.9572,22914.733099999998
1660636800000,43.97,-0.09107017760745041,44.31,43.13,43.97,574438.01,47.38933215460926,1.4217414832692918,24044.585199999994,22933.802050000002
1660651200000,43.41,-0.08554827543577699,44.23,42.61,43.41,922115.15,44.49931797720166,1.4359028058929137,24046.457,22953.3548
1660665600000,43.12,-0.09016359665389209,43.59,42.54,43.12,590416.21,43.03565053855595,1.408338319757706,24041.7394,22974.315349999997
1660680000000,43.08,-0.09255367371327314,43.52,42.83,43.08,268495.14,42.82640924500118,1.357028439775013,24039.0066,22991.63655
1660694400000,44.0,-0.0929657559648906,44.09,42.96,44.0,463576.09,48.9717026241164,1.3408121226482266,24040.6032,23008.641099999997
1660708800000,43.14,-0.08530102608480654,44.75,43.0,43.14,632797.38,44.19015997839984,1.3700398281733535,24040.1316,23024.629
1660723200000,42.77,-0.09247125726294966,43.44,42.61,42.77,436677.12,42.27757451851315,1.3314655547323997,24038.4854,23040.3031
1660737600000,41.11,-0.09552066592491858,42.81,40.76,41.11,1270594.51,34.96570249678065,1.3827894436800856,24028.761000000002,23053.0857
1660752000000,40.76,-0.10920179667861704,41.91,40.66,40.76,819618.5,33.64447702052273,1.3733044834172223,24028.983400000005,23065.612199999996
1660766400000,40.54,-0.11216878889026248,41.17,40.18,40.54,584069.4,32.80536701072076,1.3459255917445638,24034.336600000002,23078.364550000002
1660780800000,40.82,-0.11389953434705567,41.05,40.09,40.82,455689.38,35.02643498699331,1.318359478048523,24041.9264,23089.701849999998
1660795200000,40.92,-0.11159187373799809,41.06,40.55,40.92,310688.23,35.842085576082056,1.2606195153307718,24047.211600000002,23102.6227
1660809600000,41.33,-0.11076770923476323,41.42,40.7,41.33,396662.36,39.21152200875963,1.2220038356642882,24060.6252,23116.60485
1660824000000,41.18,-0.10730621832117687,41.67,40.69,41.18,534288.75,38.41661162105257,1.2047178474025537,24070.397399999998,23131.13535
1660838400000,40.78,-0.10862488152635265,41.27,40.37,40.78,400888.81,36.30311398101888,1.1829522868738,24074.816000000003,23144.776300000005
1660852800000,39.52,-0.11200395598961549,41.25,39.31,39.52,741146.45,30.593495959261645,1.2370271235256713,24058.698000000004,23156.0172
1660867200000,38.31,-0.12238842873037459,39.59,37.84,38.31,1304356.63,26.313517435570162,1.2736680432738379,24041.3,23163.90225
1660881600000,36.65,-0.1322784027691927,38.43,35.25,36.65,1433862.85,21.806357136742207,1.4098346116114209,24000.336600000002,23167.453650000003
1660896000000,36.37,-0.14595953352289118,36.67,35.55,36.37,975137.95,21.148343225684243,1.3891321393534626,23943.2072,23168.1723
1660910400000,36.95,-0.14826719413194875,37.22,36.07,36.95,857679.31,26.121419738858947,1.3720512722567866,23883.436800000003,23168.05105
1660924800000,37.15,-0.14340462356286313,37.8,36.74,37.15,754261.06,27.812114947397745,1.3497618956670157,23818.842600000004,23167.4154
1660939200000,35.81,-0.14175629455639346,37.28,35.61,35.81,884311.23,23.87054995631422,1.3726360459765148,23748.6568,23165.7369
1660953600000,36.6,-0.15280009889974036,36.86,35.77,36.6,643499.17,30.15512872379699,1.352447756978192,23687.027400000003,23166.304350000002
1660968000000,37.04,-0.1462891993241851,37.27,36.45,37.04,595323.8,33.450313437483146,1.3144157743368925,23634.484600000003,23168.8498
1660982400000,36.57,-0.1426628755099518,37.13,36.39,36.57,442001.34,31.72835500331631,1.2733860761699718,23578.9556,23168.618
1660996800000,36.5,-0.14653644867515556,36.96,36.19,36.5,446138.4,31.46852830748621,1.237429927872117,23525.7246,23163.885550000003
1661011200000,34.44,-0.1471957802777434,36.6,34.39,34.44,928100.67,24.98431225284054,1.3068992187383943,23472.032000000003,23158.1608
1661025600000,35.28,-0.16417356904438127,35.36,34.21,35.28,818014.1,31.208892824823977,1.2956921316856518,23415.2202,23150.481999999996
1661040000000,35.11,-0.15725058721720853,35.66,35.02,35.11,396072.01,30.65451385207446,1.2488569794223905,23355.843200000003,23148.436
1661054400000,35.45,-0.1586516668727078,35.48,34.51,35.45,557104.31,33.2098922024241,1.2289386237493625,23292.7972,23142.53
1661068800000,36.2,-0.1558495075617093,36.27,35.41,36.2,648025.18,38.58603938387579,1.2025858649101226,23227.354400000004,23140.6342
1661083200000,36.02,-0.14966827378744793,36.31,35.61,36.02,377638.72,37.79964101185072,1.1666868745594,23164.316000000003,23138.9108
1661097600000,36.33,-0.15115176989327064,36.57,35.85,36.33,394028.06,40.065149536763066,1.1347806692337283,23105.838000000003,23136.5984
1661112000000,36.47,-0.14859685993324268,37.09,35.95,36.47,812049.44,41.10837309728437,1.1351534785741764,23045.896999999997,23128.49605
1661126400000,36.12,-0.14736061317839041,36.56,36.05,36.12,394390.26,39.26817988475938,1.0904996586760212,22986.223,23118.560399999995
1661140800000,34.89,-0.15041002184035931,36.34,34.81,34.89,622769.01,33.57930269046176,1.1218925401991626,22919.3498,23107.0659
1661155200000,34.65,-0.16038241232950096,34.94,33.73,34.65,954947.33,32.587273112643516,1.1281859301849368,22852.9236,23096.1252
1661169600000,34.82,-0.1623604071372646,34.88,33.91,34.82,785480.89,34.072998800722246,1.1168869351717274,22783.4666,23086.22165
1661184000000,34.61,-0.16112416038241228,35.03,34.0,34.61,490966.19,33.102461821540885,1.110680725516604,22713.321799999998,23072.86515
1661198400000,35.41,-0.162772489388882,35.58,34.49,35.41,491894.46,40.10200057554894,1.1092035308368462,22650.827600000004,23059.001150000004
1661212800000,35.22,-0.15609675691267974,35.59,35.09,35.22,332505.47,39.0567892148306,1.0656889929199287,22589.929799999998,23046.895149999997
1661227200000,34.97,-0.15774508591914946,35.41,34.24,34.97,467336.34,37.66569927949397,1.0731397791399335,22529.931800000002,23037.305349999995
1661241600000,35.67,-0.15988791362756005,35.74,34.84,35.67,504624.59,43.711088103661844,1.0607726520585097,22461.710799999997,23030.70105
1661256000000,35.7,-0.15395392920426915,36.11,35.17,35.7,668143.35,43.96192317995703,1.0521460340543303,22410.663200000003,23023.4166
1661270400000,35.4,-0.1537066798532987,35.79,35.18,35.4,445743.03,41.948803143000184,1.020564174479021,22360.113800000003,23017.99645
1661284800000,35.68,-0.15617917336300327,35.91,35.31,35.68,318325.58,44.50316637117656,0.9905238763019477,22306.1762,23012.430350000002
1661299200000,34.61,-0.1538715127539457,35.72,34.31,34.61,527606.27,37.67990903442418,1.020486456566094,22251.8056,23002.7784
1661313600000,34.89,-0.16285490583920548,35.35,34.49,34.89,411492.61,40.26108211722993,1.0090231382399444,22196.266200000002,22993.6067
1661328000000,35.39,-0.16046482877982443,35.44,34.87,35.39,277275.09,44.66825485829108,0.977664342651377,22143.376200000002,22986.251800000002
1661342400000,36.05,-0.15642642271397367,36.1,35.17,36.05,532628.82,49.92024094621624,0.9742597467477072,22094.4066,22978.750099999997
1661356800000,35.83,-0.15082210409197672,36.4,35.68,35.83,420766.28,48.27534652515395,0.956098336265728,22047.7976,22969.235099999998
1661371200000,34.89,-0.1527176824494169,36.08,34.88,34.89,418999.34,41.91957747967495,0.9735198836753186,21997.133800000003,22959.6221
1661385600000,35.23,-0.16038241232950096,35.68,34.87,35.23,355560.36,44.752849902419705,0.9618398919842246,21947.907600000002,22954.03545
1661400000000,36.26,-0.15766266946882598,36.28,35.2,36.26,422792.65,52.33814527615975,0.970279899699637,21905.678600000003,22949.32775
1661414400000,36.33,-0.14925619153583053,36.37,35.95,36.33,414338.76,52.81231820705538,0.930974192578234,21859.9516,22943.886550000003
1661428800000,35.74,-0.14867927638356615,36.49,35.38,35.74,574030.32,48.43818194088938,0.9437617502512172,21815.5256,22937.85955
1661443200000,35.79,-0.15354184695265177,35.86,35.4,35.79,337311.85,48.8250096029319,0.9092073395189875,21772.696599999996,22934.747900000002
1661457600000,35.27,-0.15304734825071084,35.99,35.06,35.27,368065.56,45.04049264490833,0.9106925295533455,21736.039399999998,22931.465050000003
1661472000000,35.1,-0.15741542011785553,35.27,34.51,35.1,449028.31,43.844003982088616,0.8999287774423925,21701.582,22927.863400000002
1661486400000,34.69,-0.15873408332303124,35.23,34.41,34.69,429052.05,41.014181921550986,0.8942195790536502,21663.7868,22922.87255
1661500800000,34.25,-0.16219557423661762,34.78,33.89,34.25,473493.42,38.16715111233799,0.8939181805498181,21618.916,22917.1621
1661515200000,33.28,-0.16582189805085093,35.79,33.0,33.28,2262655.12,32.76707875006028,1.029352596224831,21566.253399999998,22907.559500000003
1661529600000,32.92,-0.17365146083158198,33.39,32.56,32.92,772110.76,31.013305879695366,1.0151131250659144,21508.454200000004,22897.493700000003
1661544000000,31.72,-0.1766184530432274,33.16,31.36,31.72,882388.31,26.014999502142473,1.0711764732754918,21444.2296,22884.46355
1661558400000,31.88,-0.18659084353236904,32.03,31.52,31.88,480018.35,27.688423755498363,1.0310924394700998,21381.3956,22871.977449999995
1661572800000,32.23,-0.18535459677751676,32.25,31.14,32.23,504050.25,31.346540405857738,1.036728693793664,21323.016600000003,22860.4403
1661587200000,31.99,-0.18238760456587136,32.25,31.77,31.99,423181.53,30.217683809499462,0.996962358522688,21271.8598,22852.1576
1661601600000,31.35,-0.18444801582395845,32.05,31.05,31.35,662274.63,27.385489284114712,0.9971793329139242,21233.289399999998,22842.23275
1661616000000,31.33,-0.1895578357440145,31.44,30.86,31.33,632173.63,27.299380115299414,0.9673808091343583,21204.2912,22832.6165
1661630400000,31.53,-0.18980508509498495,31.67,31.04,31.53,323695.76,29.680542892732873,0.9432821799104758,21176.176,22823.325549999998
1661644800000,31.41,-0.18815675608851523,31.79,31.17,31.41,317037.56,29.065417756409545,0.9201905956311559,21149.3944,22813.827599999997
1661659200000,31.79,-0.18914575349239707,31.86,31.26,31.79,235008.92,33.74792192591208,0.8973198388003588,21133.839,22807.556199999995
1661673600000,31.77,-0.18601392838010467,32.05,31.51,31.77,419154.25,33.622123161795926,0.8717969931717614,21111.731600000003,22802.023400000002
1661688000000,31.85,-0.18609634483042814,31.92,31.22,31.85,318423.02,34.67113199793954,0.8595257793737786,21086.0272,22796.799249999996
1661702400000,31.7,-0.18551942967816373,32.21,31.66,31.7,353596.07,33.5989525377349,0.8374167951327944,21060.8292,22791.21695
1661716800000,30.44,-0.18675567643301602,31.9,30.19,30.44,601867.51,26.2543975283661,0.8997441669090233,21025.952600000004,22785.260949999996
1661731200000,30.69,-0.19722256562409857,30.97,30.0,30.69,648880.24,29.54521931575266,0.9047624407012359,21003.548199999997,22780.023800000003
1661745600000,30.58,-0.19516215436601145,30.79,30.11,30.58,467361.64,28.93342499361428,0.8887079806511476,20978.687,22773.235500000003
1661760000000,30.7,-0.1959863188692463,30.78,30.34,30.7,418793.83,30.621214040826544,0.8566574106046373,20951.0144,22766.97665
1661774400000,31.79,-0.19499732146536447,32.29,30.64,31.79,1239070.08,43.700578614266576,0.9133247384185916,20931.2324,22761.55125
1661788800000,31.53,-0.18601392838010467,31.94,31.42,31.53,575240.31,41.682024984326794,0.8852301142458351,20902.7176,22756.04335
1661803200000,32.42,-0.18823917253883873,32.64,31.48,32.42,409554.61,50.16734913295331,0.9048565346568468,20880.0282,22749.8177
1661817600000,32.32,-0.18082169200972512,32.52,31.86,32.32,383522.78,49.29938421208072,0.887366782181358,20855.2552,22737.316399999996
1661832000000,32.75,-0.1815634400626365,33.06,32.29,32.75,440084.51,53.06014654518063,0.8789834405969755,20833.626200000002,22724.72495
1661846400000,32.75,-0.1781843655993736,33.16,32.6,32.75,360418.57,53.06014654518063,0.8561989091257626,20813.405,22711.076699999998
1661860800000,31.21,-0.17810194914905014,32.87,30.92,31.21,903152.92,40.56292319764936,0.934327558473922,20786.5754,22695.232399999997
1661875200000,31.55,-0.19079408249886676,32.03,30.64,31.55,937248.03,43.71488897221675,0.966875590011499,20760.5452,22679.395800000002
1661889600000,31.47,-0.18799192318786828,32.12,31.28,31.47,442418.56,43.13525718265241,0.9578130478678203,20728.769,22659.72625
1661904000000,32.45,-0.18865125479045616,32.65,31.45,32.45,510057.16,51.6012473120333,0.9751121158772617,20715.6814,22642.7693
1661918400000,32.31,-0.1804920262084312,32.88,32.19,32.31,364257.95,50.44580991221222,0.9547469647431719,20692.8466,22624.845100000002
1661932800000,32.58,-0.18181068941360695,32.81,31.93,32.58,428983.95,52.64795230558042,0.9494078958329455,20674.3586,22606.854750000002
1661947200000,31.93,-0.17950302880454938,32.95,31.57,31.93,615228.19,47.20890070872671,0.980164474702021,20651.0644,22587.8416
1661961600000,32.11,-0.18494251452589933,32.36,31.44,32.11,424232.65,48.786758262219536,0.9758670122233051,20626.509,22570.38165
1661976000000,31.5,-0.18337660196975314,32.49,31.18,31.5,363035.39,43.988453837226196,0.9997336542073548,20598.016,22550.57805
1661990400000,31.24,-0.1884864218898092,31.77,30.98,31.24,437810.43,42.088355868189744,0.9847526789068295,20568.0352,22531.21725
1662004800000,31.08,-0.19062924959821978,31.55,30.83,31.08,231577.71,40.91704315553117,0.9658417732706275,20535.366,22511.826800000003
1662019200000,31.45,-0.19186549635307207,31.58,30.86,31.45,408090.56,44.74649945945446,0.9482816466084397,20511.566000000003,22493.190099999996
1662033600000,30.76,-0.18873367124077964,31.5,30.44,30.76,576103.73,39.59275722327991,0.956261528993551,20480.8608,22472.699249999998
1662048000000,31.07,-0.19450282276342354,31.09,30.48,31.07,346308.88,42.78134626662137,0.9315285626368688,20449.516,22452.27575
1662062400000,31.61,-0.19194791280339554,31.79,31.0,31.61,304276.25,47.93669468580112,0.9214193795913781,20419.7762,22430.287549999997
1662076800000,31.57,-0.18749742448592738,31.81,31.11,31.57,268884.12,47.59461356493275,0.9056037096205652,20388.7648,22411.46935
1662091200000,31.63,-0.1878270902872213,31.96,31.43,31.63,230890.89,48.191834710508225,0.8787748732190963,20363.628,22393.808000000005
1662105600000,31.58,-0.18741500803560388,31.7,31.25,31.58,240608.28,47.70395020169689,0.8481480965605893,20336.0656,22375.57505
1662120000000,32.28,-0.1878270902872213,32.38,31.46,32.28,840180.22,54.629162382487515,0.8532803753776902,20308.3168,22358.788800000002
1662134400000,31.06,-0.1819755223142539,32.34,30.76,31.06,565151.95,43.7541467113,0.9051889199935695,20272.1192,22339.335600000002
1662148800000,31.23,-0.19203032925371905,31.28,30.89,31.23,181478.75,45.38564248415821,0.8683897114226004,20239.854000000003,22320.220050000004
1662163200000,30.95,-0.19062924959821978,31.27,30.87,30.95,145472.77,43.16479410208843,0.8349333034638431,20205.7438,22300.489100000003
1662177600000,31.04,-0.19293691020727735,31.29,30.8,31.04,166799.24,44.1114506024945,0.8102952103592828,20170.8756,22283.10065
1662192000000,31.04,-0.192195162154366,31.22,30.89,31.04,115209.66,44.1114506024945,0.7759884096193339,20135.8074,22265.21635
1662206400000,31.12,-0.1921127457040425,31.27,31.01,31.12,109934.32,45.05490466590075,0.7391320946465242,20102.2084,22247.470849999998
1662220800000,30.99,-0.1915358305517781,31.21,30.8,30.99,145446.22,43.76209649045465,0.7156226593146295,20072.612999999998,22229.8819
1662235200000,31.12,-0.1926896608563069,31.22,30.91,31.12,90551.99,45.44782928083657,0.6866496122207274,20053.629399999998,22212.40775
1662249600000,31.43,-0.19161824700210162,31.73,31.07,31.43,180087.11,49.3469629778387,0.6847460684906755,20036.1958,22196.50375
1662264000000,31.1,-0.1889809205917501,31.54,31.08,31.1,132355.86,45.6097272270485,0.6686927778841988,20024.0228,22178.325699999998
1662278400000,31.86,-0.19170066345242506,31.87,31.02,31.86,228413.35,54.210547153140915,0.6816432937496133,20016.975,22163.314099999996
1662292800000,31.82,-0.18535459677751676,32.0,31.45,31.82,262914.07,53.72897841775024,0.6722402013389266,20007.328,22147.8246
1662307200000,31.74,-0.1858490954794577,31.95,31.63,31.74,245254.17,52.720267372787745,0.6470801869575747,20000.7576,22132.825
1662321600000,32.16,-0.1863435941813986,32.2,31.74,32.16,253936.19,57.257226616725546,0.6337173164606054,20001.216399999998,22117.929
1662336000000,32.1,-0.18288210326781223,32.5,32.06,32.1,212906.62,56.42423205443878,0.6198803652848477,19998.5546,22102.5975
1662350400000,31.68,-0.18337660196975314,32.19,31.47,31.68,233035.97,50.847680422254044,0.6270317677645013,19992.8026,22086.40855
1662364800000,31.28,-0.18692050933366297,31.75,31.15,31.28,250722.25,46.16780118855243,0.6251009272098942,19987.03,22070.604699999996
1662379200000,31.85,-0.19021716734660235,31.93,31.18,31.85,304231.49,52.830152369383825,0.6340222895520445,19982.989400000002,22054.92785
1662393600000,31.72,-0.18543701322784026,32.02,31.7,31.72,208616.7,51.27162071353026,0.611592126012613,19976.462799999998,22036.4569
1662408000000,32.18,-0.18659084353236904,32.44,31.72,32.18,335782.69,56.195951091742046,0.6193355455831406,19971.959000000003,22018.6773
1662422400000,32.73,-0.18288210326781223,33.56,32.16,32.73,828215.19,61.239581087233404,0.6750972923272024,19968.284,22000.317349999998
1662436800000,32.97,-0.17826678204969712,33.24,32.51,32.97,437460.61,63.229179909729005,0.6790189143038311,19975.2876,21985.754449999997
1662451200000,33.24,-0.17628878724193348,33.32,32.75,33.24,322972.73,65.38203964438031,0.6712318489964145,19976.291400000002,21969.8674
1662465600000,33.79,-0.17406354308319938,33.9,32.41,33.79,796962.1,69.32225099527223,0.7297152883538136,19974.7186,21954.21965
1662480000000,31.01,-0.16953063831540774,33.84,30.73,31.01,1604935.39,42.8030834480172,0.8997356248999699,19954.705,21933.91665
1662494400000,30.88,-0.19235999505501297,31.33,30.44,30.88,672515.66,41.99406507003715,0.8990402231214005,19925.2716,21913.211300000003
1662508800000,30.88,-0.19351382535954176,31.21,30.31,30.88,442787.16,41.99406507003715,0.8991087786127292,19898.2156,21894.68435
1662523200000,31.1,-0.19351382535954176,31.18,30.7,31.1,255089.91,44.06890846093631,0.8691724372832486,19868.5096,21875.571599999996
1662537600000,31.15,-0.19170066345242506,31.33,30.95,31.15,215618.6,44.55432278737045,0.8342315489058736,19837.8342,21853.392949999998
1662552000000,31.5,-0.1912061647504842,31.59,30.85,31.5,496792.34,47.959086146271346,0.8275007239840253,19806.578,21831.819300000003
1662566400000,31.95,-0.1884040054394857,32.37,31.41,31.95,512594.12,52.03714439917579,0.8369649579851661,19778.3496,21809.75555
1662580800000,32.69,-0.1846128487246054,32.94,31.96,32.69,593123.38,57.8820750958101,0.8478960324147969,19769.081599999998,21791.2785
1662595200000,32.45,-0.17851403140066754,32.84,32.24,32.45,300488.53,55.518986163386145,0.8301891729565972,19754.5056,21772.706350000004
1662609600000,32.37,-0.18065685910907817,32.78,31.97,32.37,421378.19,54.71708224918015,0.8287470891739833,19741.7056,21752.002550000005
1662624000000,32.89,-0.18123377426134257,33.3,32.34,32.89,509035.92,58.87507706604736,0.838122297090127,19719.871199999998,21732.690049999997
1662638400000,33.4,-0.17686570239419788,33.98,32.16,33.4,1091421.73,62.51092554193849,0.9082564187265465,19699.7256,21712.91475
1662652800000,33.47,-0.17274487987802364,33.48,32.89,33.47,434107.04,62.99451774943575,0.8855238173889358,19680.4776,21693.88955
1662667200000,33.61,-0.17216796472575926,33.82,33.33,33.61,305939.13,63.99487153377949,0.8572721161468692,19664.060400000002,21674.477349999997
1662681600000,34.74,-0.170931717970907,34.84,33.59,34.74,631151.38,70.84547222133595,0.8853241078506642,19658.5036,21658.3054
1662696000000,35.38,-0.1617010755346767,35.54,34.66,35.38,809370.99,73.87707506223367,0.8849438144327598,19670.1384,21646.69315
1662710400000,35.37,-0.1565088391642972,35.96,35.12,35.37,712874.96,73.74803592167764,0.8817335419732772,19688.4334,21636.43125
1662724800000,34.97,-0.15642642271397367,35.93,34.82,34.97,666100.41,68.58742693246886,0.8980382889751859,19715.856,21627.68545
1662739200000,34.8,-0.15988791362756005,35.18,34.43,34.8,504251.4,66.4589089830578,0.8874641254769583,19740.2082,21618.951149999997
1662753600000,34.67,-0.16120657683273582,35.19,34.26,34.67,424554.86,64.80273760933036,0.8905024022286041,19771.7586,21610.636000000002
1662768000000,34.69,-0.16219557423661762,35.0,34.29,34.69,346526.29,64.94746237571007,0.8776093734979896,19800.3864,21601.34625
1662782400000,34.36,-0.16211315778629415,35.17,34.27,34.36,422635.34,60.525253840023545,0.8792087039624189,19823.4346,21591.893649999998
1662796800000,34.74,-0.16483290064696912,34.85,34.34,34.74,279138.67,63.59884785266069,0.8528366536793889,19845.996600000002,21581.78605
1662811200000,34.5,-0.16161865908435322,34.94,34.3,34.5,293934.84,60.400120045381406,0.8376340355594325,19868.159,21568.844450000004
1662825600000,34.92,-0.16367907034244034,35.02,34.29,34.92,296147.83,63.82870436756709,0.8299458901623306,19897.9248,21555.90935
1662840000000,35.03,-0.16021757942885398,35.41,34.61,35.03,339247.99,64.69095789450935,0.8278068980078782,19923.7746,21544.19415
1662854400000,34.76,-0.15922858202497217,35.31,34.7,34.76,295020.71,60.85625351806411,0.8122492624358869,19956.4144,21532.2721
1662868800000,34.62,-0.16153624263402974,34.94,34.04,34.62,288787.24,58.906409744101154,0.8185171722618948,19989.607,21521.27955
1662883200000,34.77,-0.16260765648823503,34.84,34.44,34.77,161671.82,60.37145368899918,0.7886230885289027,20023.8738,21510.199900000003
1662897600000,35.24,-0.16145382618370624,35.25,34.53,35.24,275111.99,64.62686373830303,0.7837214393482668,20060.4244,21499.025100000003
1662912000000,35.27,-0.15758025301850245,36.0,35.15,35.27,501684.33,64.88605536869665,0.7884556222519621,20096.808999999997,21490.795449999998
1662926400000,34.99,-0.15725058721720853,35.55,34.31,34.99,477660.1,60.43505349261199,0.8207087920911073,20137.8874,21484.554799999998
1662940800000,34.91,-0.15964066427658957,36.3,34.4,34.91,821668.19,59.18582818854531,0.8978010212274566,20176.8248,21477.57005
1662955200000,35.46,-0.1602999958791775,35.5,34.58,35.46,349687.87,64.60303346620644,0.8993866625683528,20224.0596,21472.788499999995
1662969600000,37.71,-0.15568467466106234,38.15,35.31,37.71,2036882.3,77.66397914065902,1.0380019009563273,20274.858799999998,21470.033499999998
1662984000000,37.14,-0.13730580623892524,38.39,36.83,37.14,990861.28,70.56085457690308,1.075287479459447,20324.500799999998,21465.78765
1662998400000,37.64,-0.1419211274570404,37.86,36.8,37.64,637309.64,72.9020916592405,1.0741955166409152,20376.0066,21462.298300000002
1663012800000,37.44,-0.13780030494086618,37.82,37.18,37.44,350433.35,70.48732108376413,1.043181551166564,20428.1234,21454.2915
1663027200000,38.79,-0.1394486339473359,38.92,36.7,38.79,830636.9,76.21445618082086,1.1272400117975236,20475.101199999997,21447.25465
1663041600000,38.54,-0.12840482960398894,39.01,38.14,38.54,748524.19,73.37479440351902,1.1088657252405576,20520.557,21438.84985
1663056000000,38.46,-0.13038282441175258,38.98,38.15,38.46,498748.19,72.4446079958921,1.088946744866232,20573.3136,21429.841650000002
1663070400000,34.73,-0.13104215601434044,38.86,34.41,34.73,2846704.27,44.26689741619265,1.329021977375787,20594.909,21411.8311
1663084800000,34.09,-0.1617010755346767,35.32,33.3,34.09,906152.74,41.29870598529862,1.378377550420374,20606.5416,21390.452149999997
1663099200000,33.0,-0.1671405612560267,34.35,32.93,33.0,570949.15,36.775905733744075,1.3813505825332046,20612.921199999997,21369.6016
1663113600000,33.6,-0.17604153789096302,33.82,32.67,33.6,602777.01,40.63020930339357,1.3648255409236898,20625.2092,21350.10775
1663128000000,33.17,-0.17109655087155393,33.92,32.81,33.17,442467.9,38.80443715458312,1.3466237165719976,20634.1502,21331.65525
1663142400000,33.23,-0.17464045823546376,33.67,32.97,33.23,480697.9,39.2148889980741,1.3004363082454267,20642.857,21312.73145
1663156800000,33.53,-0.17406354308319938,33.71,32.94,33.53,657263.1,41.33366913073472,1.2625480005136107,20648.317000000003,21293.82045
1663171200000,33.49,-0.17159104957349486,33.62,32.72,33.49,511095.84,41.12782058924433,1.2366517147626384,20648.9926,21275.21605
1663185600000,34.12,-0.17200313182511226,34.35,33.26,34.12,476182.47,45.713473029152105,1.226176592279593,20657.1594,21256.4463
1663200000000,33.06,-0.16681089545473277,34.14,32.85,33.06,506685.18,40.05958199441035,1.2307354071167649,20681.143,21235.6764
1663214400000,34.7,-0.1755470391890221,34.84,32.76,34.7,1012855.83,50.30126280537184,1.291397163751282,20709.4154,21214.67915
1663228800000,33.92,-0.16194832488564714,34.81,33.69,33.92,483900.49,46.253358987348626,1.2791545091976193,20737.4654,21191.438249999996
1663243200000,32.99,-0.16845922446120243,34.07,32.42,32.99,945839.54,41.92161906993944,1.3056434728263606,20756.204,21167.26445
1663257600000,33.42,-0.17620637079161003,33.68,32.82,33.42,365436.46,44.50929296547281,1.2738117961959061,20777.0594,21143.9967
1663272000000,33.07,-0.17258004697737667,33.8,32.76,33.07,381600.73,42.836310556781555,1.257110953610484,20793.67,21119.942800000004
1663286400000,32.86,-0.17538220628837517,33.26,32.5,32.86,453151.28,41.820607065273975,1.221603028352592,20808.7178,21096.67385
1663300800000,32.82,-0.1771953681954918,33.11,32.8,32.82,146818.53,41.61818242491396,1.1564885263274072,20817.643,21073.16245
1663315200000,33.07,-0.17744261754646226,33.14,32.34,33.07,270974.43,43.46019278170804,1.1310250601611636,20830.6314,21049.65145
1663329600000,32.27,-0.17538220628837517,33.12,31.83,32.27,658611.81,39.198177584493315,1.1423804130067947,20840.423,21023.59105
1663344000000,32.11,-0.18205793876457738,32.27,31.5,32.11,468420.15,38.387354311417226,1.115781812077738,20846.5782,20998.86315
1663358400000,32.25,-0.18337660196975314,32.39,32.06,32.25,182246.36,39.565337698554536,1.059654539786471,20857.628,20975.25695
1663372800000,32.67,-0.18222277166522435,32.97,32.23,32.67,270797.36,43.08119331730249,1.036822072658866,20868.279,20953.26125
1663387200000,32.85,-0.17867886430131452,33.07,32.53,32.85,210116.76,44.56953068654868,1.0013347817546612,20878.7254,20930.945499999998
1663401600000,32.63,-0.17727778464581528,32.99,32.62,32.63,126056.74,43.08659395412092,0.9562394402007571,20875.9152,20905.65965
1663416000000,33.3,-0.17917336300325545,33.32,32.53,33.3,253627.58,48.68617756871874,0.9443651944721315,20862.5468,20885.341099999998
1663430400000,33.26,-0.1735690443812585,33.63,33.1,33.26,306477.64,48.38013761460716,0.9147676805812651,20843.976599999998,20865.13975
1663444800000,33.68,-0.1738162937322289,33.89,33.18,33.68,247827.03,51.805775317871365,0.9001414176826035,20820.9132,20844.577849999998
1663459200000,33.42,-0.1703548028186426,33.88,33.23,33.42,266398.45,49.61089719573018,0.8822741735624179,20795.0874,20824.6668
1663473600000,33.83,-0.17266246342770017,33.87,33.39,33.83,151150.56,52.99302291941061,0.853540304022245,20768.9486,20804.45855
1663488000000,33.34,-0.1692009725141138,33.99,32.97,33.34,351762.37,48.77912478969329,0.8654302823063705,20741.3456,20783.65605
1663502400000,32.9,-0.17323937857996452,33.49,32.75,32.9,257117.92,45.296019094758336,0.8564709764273442,20711.9608,20762.39455
1663516800000,32.41,-0.17694811884452136,32.99,32.07,32.41,560632.55,41.72299297373861,0.8610087638253912,20680.775999999998,20740.83375
1663531200000,31.1,-0.1809865249103721,32.44,30.86,31.1,712006.54,34.00102400702477,0.912365280695006,20644.7124,20718.4083
1663545600000,30.9,-0.19170066345242506,31.77,30.5,30.9,645158.63,32.99694090211632,0.9379106177882198,20588.668999999998,20692.64175
1663560000000,31.11,-0.19334899245889478,31.65,30.84,31.11,587500.17,35.16205547719861,0.9287741450890612,20525.077,20665.711750000002
1663574400000,31.26,-0.19161824700210162,31.47,30.62,31.26,421708.18,36.7346219332859,0.9231474204398423,20467.926,20639.1028
1663588800000,31.92,-0.19038200024724933,32.53,31.18,31.92,855726.76,43.255968987622985,0.953636890408425,20417.305999999997,20615.57315
1663603200000,32.81,-0.18494251452589933,32.98,31.68,32.81,560876.43,50.644195403500845,0.9783771125221088,20375.341399999998,20594.4139
1663617600000,32.62,-0.17752503399678574,33.08,32.56,32.62,432502.17,49.17226096187476,0.9456358901991007,20333.2186,20575.1395
1663632000000,32.44,-0.17909094655293192,32.88,31.94,32.44,366760.63,47.756167727088396,0.9452333266134507,20288.1426,20555.58525
1663646400000,32.32,-0.18057444265875464,32.75,32.1,32.32,333602.74,46.78876637657195,0.9241452318553469,20238.7638,20535.6616
1663660800000,32.19,-0.1815634400626365,32.53,31.9,32.19,341588.15,45.70852400611935,0.9031348581513938,20190.016200000002,20514.5925
1663675200000,32.51,-0.18271727036716529,32.56,31.57,32.51,618614.53,48.83967639795964,0.9093395111405801,20130.9054,20493.71195
1663689600000,31.84,-0.17999752750649026,32.53,31.45,31.84,565219.78,43.219364231489536,0.9215295460591102,20064.517000000003,20471.00645
1663704000000,31.41,-0.18560184612848724,31.99,31.29,31.41,333005.82,40.03511483523529,0.9057060070548879,19999.727000000003,20448.12005
1663718400000,31.84,-0.18906333704207356,31.99,31.32,31.84,219414.58,44.44320593326531,0.8888698636938244,19931.6288,20426.501500000002
1663732800000,31.76,-0.18560184612848724,32.04,31.42,31.76,227435.63,43.79812341513502,0.8696648734299796,19862.6704,20405.2846
1663747200000,32.04,-0.1862611777310751,32.1,31.43,32.04,286244.59,46.71340551789384,0.8554030967564097,19801.3574,20387.269
1663761600000,31.51,-0.18387110067169407,32.34,31.23,31.51,469283.33,42.24634875507078,0.8735885898452377,19739.719,20373.69545
1663776000000,31.55,-0.1884040054394857,33.48,30.78,31.55,2453011.44,42.69176472262987,1.0040465477134346,19669.2848,20361.36105
1663790400000,30.65,-0.18799192318786828,31.68,30.01,30.65,890149.51,35.969860881265504,1.0516146514481892,19621.9166,20346.45105
1663804800000,31.02,-0.1954094037169819,31.14,30.59,31.02,410694.42,40.14249851862313,1.0157850334876044,19590.0528,20333.2547
1663819200000,31.74,-0.19235999505501297,31.76,31.02,31.74,363387.83,47.334764092365035,0.9960861025242043,19565.2672,20323.7542
1663833600000,32.35,-0.1864260106317221,32.45,31.7,32.35,548624.65,52.538018038213494,0.9785085237724757,19543.4026,20314.20155
1663848000000,31.91,-0.18131619071166605,32.49,31.59,31.91,664155.47,48.7933033479741,0.9729007720744418,19518.262600000002,20302.59975
1663862400000,32.46,-0.18502493097622283,32.87,31.56,32.46,617967.58,53.27638060421963,0.9969792883548388,19499.9794,20292.987399999998
1663876800000,32.43,-0.1804920262084312,32.77,32.07,32.43,370495.95,53.00379702271271,0.9757664820437791,19484.4362,20283.498349999998
1663891200000,33.0,-0.18073927555940164,33.23,32.16,33.0,455824.1,57.45754662450251,0.9824974476120806,19473.286399999997,20275.52965
1663905600000,32.58,-0.17595912144063955,33.3,32.54,32.58,384925.94,53.43890141949905,0.9666047727826461,19453.2176,20265.945649999998
1663920000000,31.75,-0.17950302880454938,32.68,31.53,31.75,499613.28,46.5151634462696,0.9797044318695998,19430.0002,20254.215650000002
1663934400000,31.59,-0.1863435941813986,32.28,31.2,31.59,680980.21,45.29679907780596,0.9868684010217714,19400.1528,20241.51805
1663948800000,31.93,-0.18774467383689783,31.95,31.25,31.93,508841.02,48.39034933087919,0.9663778009487877,19373.337199999998,20227.93395
1663963200000,33.66,-0.18477768162525238,33.98,31.93,33.66,950892.18,60.599770104706366,1.0437793865953027,19364.3882,20217.2825
1663977600000,33.98,-0.17051963571928955,34.49,33.41,33.98,712944.48,62.372950281463154,1.046366573267067,19351.1794,20205.33205
1663992000000,33.73,-0.16796472575926155,34.03,33.49,33.73,400362.38,60.097409730977056,1.0101975323194192,19337.0846,20192.7397
1664006400000,34.48,-0.17002513701734867,34.79,33.55,34.48,563735.92,64.30472418488755,1.0266119942966037,19323.2218,20180.92355
1664020800000,33.72,-0.16384390324308734,34.59,33.56,33.72,561161.22,57.66906864566949,1.0268539947039892,19310.9226,20171.055650000002
1664035200000,34.06,-0.17010755346767215,34.17,33.26,34.06,340422.15,59.67389709195576,1.0185072807965616,19295.6322,20160.328599999997
1664049600000,33.38,-0.16730539415667364,34.09,33.14,33.38,523688.2,54.15015058711547,1.0136139035968075,19280.8174,20147.92875
1664064000000,33.69,-0.17282729632834712,33.7,33.36,33.69,147632.97,56.14322492231238,0.9654986247684644,19269.512600000002,20137.91085
1664078400000,33.97,-0.17027238636831907,34.05,33.62,33.97,259301.31,57.92239559145741,0.9272487229992884,19255.4084,20126.40215
1664092800000,33.64,-0.1681295586599085,33.99,33.46,33.64,271934.26,55.08602518770515,0.8988738142136251,19240.068600000002,20115.79595
1664107200000,33.22,-0.17084930152058347,33.8,32.81,33.22,379936.83,51.62132536145006,0.90538282748408,19223.0016,20104.21295
1664121600000,32.73,-0.17422837598384636,33.37,32.57,32.73,368229.5,47.84078444221825,0.8978554826637885,19205.107,20091.508700000002
1664136000000,32.34,-0.17826678204969712,32.73,31.87,32.34,411474.46,45.01502309641938,0.8951515196163747,19181.9878,20078.17225
1664150400000,32.52,-0.1815634400626365,32.71,32.04,32.52,433011.17,46.58324414254229,0.8790692682152053,19159.171400000003,20064.904150000002
1664164800000,32.47,-0.1800799439568138,32.61,31.87,32.47,436384.5,46.18916313282058,0.8691357490569762,19135.1226,20051.814449999998
1664179200000,32.54,-0.18040960975810771,33.32,32.13,32.54,576789.7,46.866857688908595,0.8920546241243349,19112.6484,20039.8775
1664193600000,33.11,-0.17975027815551986,33.43,32.26,33.11,618872.32,52.15126418490174,0.9119078652583111,19093.854600000002,20028.855649999998
1664208000000,33.74,-0.1751349569374047,33.95,32.69,33.74,642861.64,57.21605925741416,0.9367715891684322,19079.4516,20017.674899999998
1664222400000,33.88,-0.16994272056702514,33.94,33.32,33.88,576223.6,58.27307145205833,0.9141450470849726,19067.7154,20005.721749999997
1664236800000,34.73,-0.16870647381217288,34.97,33.73,34.73,1021918.74,64.07614093948874,0.9374204008646175,19075.1788,19997.67905
1664251200000,34.52,-0.16178349198500022,35.04,34.48,34.52,539647.92,61.78978882258267,0.9104618008028593,19090.53,19991.75735
1664265600000,34.66,-0.16351423744179333,34.96,34.33,34.66,353214.13,62.744196934006936,0.8904288150312267,19119.5766,19985.558999999997
1664280000000,34.37,-0.16244282358758808,35.41,34.31,34.37,773833.04,59.43262464902507,0.9053981853861387,19147.956400000003,19976.281199999998
1664294400000,32.61,-0.16466806774632212,34.57,32.08,32.61,1388829.49,44.18936654207765,1.0185840292871289,19155.8108,19963.0676
1664308800000,32.69,-0.1793381959039024,32.94,32.35,32.69,333671.31,44.881377940434945,0.987970884338048,19155.783600000002,19950.63765
1664323200000,32.34,-0.17867886430131452,32.94,31.65,32.34,545903.68,42.40414229780246,1.009544392599616,19140.4006,19936.3399
1664337600000,32.32,-0.18148102361231297,32.6,31.87,32.32,416235.09,42.260598834818,0.9895769359853576,19125.2898,19922.4521
1664352000000,32.49,-0.1815634400626365,32.85,31.84,32.49,569756.48,43.99599188971817,0.9910357262721179,19117.1146,19909.4684
1664366400000,33.12,-0.1802447768574607,33.16,32.39,33.12,616648.12,49.99420913832731,0.9752474601098234,19119.7118,19899.64285
1664380800000,33.58,-0.1749701240367577,33.76,32.79,33.58,614952.8,53.878473003537906,0.9748726415305502,19126.2564,19891.4276
1664395200000,33.22,-0.1711789673218774,33.81,33.11,33.22,327610.33,50.567974934067365,0.9552388814212254,19129.7508,19884.586300000003
1664409600000,33.74,-0.1741459595335229,33.92,32.96,33.74,315206.78,54.8804658523663,0.9555789613197093,19140.0342,19878.90145
1664424000000,33.36,-0.16994272056702514,33.96,33.13,33.36,256492.56,51.354612964402115,0.9466090355111586,19149.7284,19874.49475
1664438400000,33.75,-0.17315696212964105,33.94,33.21,33.75,266899.3,54.5798431938413,0.9311369615460757,19158.5658,19870.79405
1664452800000,34.11,-0.16977788766637822,34.21,32.65,34.11,929333.01,57.38831666963297,0.9760557500070705,19165.3864,19865.87705
1664467200000,33.82,-0.16681089545473277,34.42,33.4,33.82,685501.94,54.46663801990176,0.9791946250065656,19170.1752,19861.84785
1664481600000,33.93,-0.1692833889644373,34.12,33.62,33.93,281947.62,55.394276842767304,0.9449664375060965,19178.182,19859.9186
1664496000000,34.1,-0.16829439156055548,34.36,33.73,34.1,624647.94,56.857124842325206,0.9224688348270897,19186.123799999998,19856.8192
1664510400000,34.23,-0.16705814480570316,34.35,33.87,34.23,265022.83,57.9916734649952,0.8908639180537266,19208.3236,19854.48795
1664524800000,33.96,-0.16590431450117443,34.64,33.89,33.96,536907.63,54.77013770362209,0.8808022096213175,19223.241599999998,19851.7165
1664539200000,34.65,-0.16821197511023198,35.22,33.31,34.65,1583706.42,60.768135163888125,0.9543163375055089,19239.676,19850.21345
1664553600000,33.72,-0.1623604071372646,34.85,33.64,33.72,692623.96,50.95919449300043,0.9725794562551154,19244.5502,19847.4062
1664568000000,33.25,-0.17010755346767215,33.88,32.62,33.25,561381.64,46.84391813894497,0.9931094950940361,19253.2646,19844.4091
1664582400000,33.08,-0.1739811266328759,33.25,32.7,33.08,235029.51,45.41530566258176,0.9614588168730334,19255.3618,19841.62055
1664596800000,33.01,-0.17538220628837517,33.09,32.78,33.01,288123.39,44.80931857982052,0.9149260442392454,19253.526,19840.3917
1664611200000,33.02,-0.17595912144063955,33.18,32.81,33.02,236235.18,44.92238220771648,0.8760027553650135,19251.8744,19837.6112
1664625600000,32.99,-0.17587670499031602,33.1,32.81,32.99,182661.47,44.6270159053392,0.8341454156960839,19254.028000000002,19834.780899999998
1664640000000,32.65,-0.17620637079161003,33.0,32.34,32.65,362381.73,41.311780114528545,0.8217064574320777,19262.0966,19831.9862
1664654400000,32.44,-0.178926113652285,32.69,32.4,32.44,154403.96,39.36655850548894,0.7837274247583579,19274.078400000002,19827.22955
1664668800000,32.84,-0.18065685910907817,32.96,32.42,32.84,163695.73,44.70715193177911,0.7663183229899037,19284.1436,19823.29045
1664683200000,32.83,-0.17736020109613876,33.0,32.74,32.83,146321.39,44.601384895803555,0.7301527284906246,19284.0506,19818.288099999998
1664697600000,32.54,-0.17752503399678574,32.89,32.1,32.54,259297.44,41.53274026505019,0.734427533598437,19285.4608,19812.88345
1664712000000,32.42,-0.1798326946058433,32.61,32.22,32.42,178898.78,40.29724374371019,0.7098255669128344,19288.3968,19806.432350000003
1664726400000,32.73,-0.18090410846004865,32.84,32.36,32.73,263005.45,44.86053918297644,0.6934094549904893,19292.5768,19800.7165
1664740800000,32.06,-0.17826678204969712,32.77,31.9,32.06,461630.45,38.08510467847635,0.7060230653483118,19291.23,19797.2193
1664755200000,32.32,-0.18378868422137054,32.51,31.73,32.32,248944.86,41.76105306244751,0.7113071321091465,19292.529800000004,19793.32475
1664769600000,32.26,-0.1815634400626365,32.46,31.97,32.26,211692.47,41.153831586152634,0.6954994798156362,19298.0744,19790.2551
1664784000000,32.5,-0.1821403552149009,32.51,32.12,32.5,155411.96,44.622431729831014,0.6736780884002337,19301.9092,19784.4678
1664798400000,32.83,-0.1800799439568138,33.14,32.42,32.83,516024.81,49.067876438172526,0.6769867963716455,19306.665800000002,19779.85695
1664812800000,32.95,-0.17736020109613876,33.23,32.67,32.95,438136.08,50.62020138087325,0.6686305966308134,19315.1346,19775.989950000003
1664827200000,32.89,-0.17637120369225695,33.27,32.72,32.89,320260.02,49.80286678480735,0.6601569825857556,19327.9414,19773.432200000003
1664841600000,33.1,-0.17686570239419788,33.16,32.84,33.1,151899.32,52.6825834900239,0.6358600552582011,19341.596999999998,19770.2807
1664856000000,33.73,-0.1751349569374047,33.79,32.98,33.73,356923.51,60.08125388113308,0.6482986227397582,19364.8096,19769.87065
1664870400000,33.67,-0.17002513701734867,33.88,33.4,33.67,272621.68,59.132928385793726,0.6362772925440615,19386.2218,19769.450800000002
1664884800000,34.17,-0.17051963571928955,34.39,33.55,34.17,490822.25,64.20355646155019,0.6508289145052002,19409.9922,19770.471
1664899200000,34.1,-0.1663988132031153,34.25,33.79,34.1,422465.15,63.02456458988147,0.6371982777548288,19436.8616,19771.2014
1664913600000,34.09,-0.16689331190505624,34.4,33.92,34.09,255008.97,62.84701363424294,0.6259698293437694,19461.3484,19773.97755
1664928000000,34.08,-0.16697572835537972,34.37,33.89,34.08,232849.55,62.65692030001746,0.6155434129620714,19481.089600000003,19775.5683
1664942400000,34.12,-0.1671405612560267,34.32,33.93,34.12,201298.08,63.137222932607905,0.5994331691790664,19501.0648,19776.0439
1664956800000,33.52,-0.16681089545473277,34.14,33.44,33.52,333133.59,52.27590890436251,0.6066165142377048,19499.6326,19775.396
1664971200000,33.68,-0.1717558824741418,33.7,33.18,33.68,397074.5,54.522612688442074,0.6004296203635834,19495.9918,19774.848299999998
1664985600000,33.87,-0.17043721926896607,34.28,33.62,33.87,339087.79,57.10506587529248,0.6046846474804706,19493.796,19774.9916
1665000000000,34.04,-0.16887130671281989,34.15,33.66,34.04,274107.3,59.33035932896714,0.5964928869461514,19499.206599999998,19774.00365
1665014400000,34.32,-0.16747022705732062,34.5,34.03,34.32,301019.94,62.757369740775374,0.5874576807357119,19524.7686,19776.229949999997
1665028800000,34.05,-0.16516256644826305,34.46,33.89,34.05,251092.82,57.707632696017136,0.5862107035403039,19547.5546,19777.5628
1665043200000,34.14,-0.16738781060699717,34.17,33.84,34.14,188058.22,58.89493895304363,0.5679099390017106,19577.546,19779.29045
1665057600000,33.83,-0.16656364610376231,34.32,33.57,33.83,501877.33,53.340250798180364,0.5809163719301598,19602.1164,19780.2623
1665072000000,33.64,-0.1692009725141138,34.04,33.58,33.64,289327.0,50.214275798374025,0.5722794882208627,19623.220199999996,19781.3216
1665086400000,33.36,-0.17084930152058347,33.8,33.23,33.36,268375.91,45.94136833974842,0.5721166676336582,19632.6778,19782.2602
1665100800000,33.62,-0.17315696212964105,33.76,33.33,33.62,184398.27,50.18066860481593,0.5619654770883968,19641.381,19783.619599999998
1665115200000,33.33,-0.170931717970907,33.74,33.14,33.33,243638.05,45.86071316590003,0.56468222872494,19651.6846,19784.1001
1665129600000,33.35,-0.17332179503028805,33.47,33.15,33.35,234345.03,46.20467010836261,0.5472049266731586,19661.512600000002,19785.230649999998
1665144000000,32.91,-0.17315696212964105,33.39,32.43,32.91,895836.03,40.15975788229948,0.5766902890536473,19665.8714,19784.9569
1665158400000,32.96,-0.17686570239419788,33.06,32.61,32.96,254880.71,41.10273523572613,0.5676409826926727,19665.797,19782.99955
1665172800000,32.98,-0.17637120369225695,33.15,32.83,32.98,150019.73,41.49984413400314,0.5499523410717676,19670.6218,19781.7005
1665187200000,32.83,-0.17620637079161003,33.08,32.77,32.83,146536.84,39.356570195323535,0.5328128881380696,19672.61,19779.81095
1665201600000,33.0,-0.17744261754646226,33.02,32.72,33.0,88005.55,42.95249201562694,0.5161833961282077,19670.7786,19777.309149999997
1665216000000,32.96,-0.17604153789096302,33.0,32.84,32.96,80818.4,42.31667265113854,0.4907417249761927,19673.5004,19775.55565
1665230400000,32.83,-0.17645362014258043,32.98,32.68,32.83,114403.69,40.23224102626662,0.47711731604932156,19671.831000000002,19774.24505
1665244800000,32.72,-0.17744261754646226,32.99,32.66,32.72,157250.82,38.50395545512416,0.46660893633151324,19672.4658,19773.07545
1665259200000,32.58,-0.1783491985000206,32.82,32.35,32.58,198544.29,36.36293766885128,0.4668511551649765,19665.7048,19770.8923
1665273600000,32.51,-0.17958544525487286,32.64,32.44,32.51,86685.99,35.30583751792763,0.4477903583674784,19663.566,19769.182
1665288000000,32.72,-0.18016236040713726,32.77,32.47,32.72,84022.42,40.86030223191516,0.4372339041983731,19663.273,19767.2376
1665302400000,32.83,-0.1783491985000206,32.95,32.6,32.83,159585.54,43.592259456163085,0.4310029110413466,19664.319000000003,19765.6293
1665316800000,33.11,-0.17744261754646226,33.14,32.8,33.11,185919.58,49.93243515040342,0.424502703109822,19668.8376,19763.7792
1665331200000,32.96,-0.17521737338772816,33.12,32.85,32.96,145418.67,46.89171391817269,0.41346679574483447,19671.976000000002,19761.53235
1665345600000,32.92,-0.17637120369225695,32.99,32.6,32.92,221603.54,46.085753035455035,0.41179059604877494,19674.1374,19759.6356
1665360000000,33.04,-0.17670086949355088,33.46,32.84,33.04,226215.42,48.922084362170494,0.4266626963310051,19677.8742,19762.7785
1665374400000,32.9,-0.1757118720896691,33.11,32.77,32.9,133408.16,45.88894107471033,0.4204725037359331,19679.9002,19765.8867
1665388800000,32.7,-0.17686570239419788,32.91,32.36,32.7,306745.24,41.89302516025517,0.4297244677547948,19680.316000000003,19768.81555
1665403200000,32.6,-0.17843161495034407,32.91,32.41,32.6,302608.96,40.01671584027463,0.43474414862945227,19679.9912,19771.158499999998
1665417600000,32.46,-0.1793381959039024,32.65,32.27,32.46,284008.44,37.4854478011939,0.43083385229877674,19680.3744,19773.518500000002
1665432000000,31.96,-0.1804920262084312,32.57,31.88,31.96,301694.18,30.15021695756255,0.44934571999172135,19680.133,19774.821099999997
1665446400000,31.36,-0.1846952651749289,31.96,31.07,31.36,490325.17,24.064700145211688,0.4808210257065984,19675.8152,19775.0829
1665460800000,31.56,-0.1895578357440145,31.61,31.28,31.56,200180.27,29.194907820954427,0.4700480952989841,19676.3612,19774.039200000003
1665475200000,31.55,-0.18799192318786828,31.64,31.27,31.55,164835.2,29.089085813853487,0.4629018027776282,19676.069,19773.7156
1665489600000,31.57,-0.1879095067375448,31.74,31.07,31.57,384356.48,29.638398063237716,0.47769453115065463,19675.0664,19773.5953
1665504000000,31.16,-0.1878270902872213,31.89,31.13,31.16,322338.21,25.3099174863559,0.49785920749703655,19670.143200000002,19772.0358
1665518400000,30.8,-0.1912885812008077,31.39,30.42,30.8,361631.64,22.23880626193848,0.5315835498186767,19664.6248,19771.08175
1665532800000,30.94,-0.1941731569621296,31.12,30.67,30.94,158516.74,25.99934937786425,0.5257561534030569,19654.7718,19769.5635
1665547200000,31.25,-0.19301932665760083,31.43,30.93,31.25,197471.63,33.65076691879521,0.5239164281599814,19644.4384,19768.526700000002
1665561600000,31.24,-0.19038200024724933,31.55,31.15,31.24,124533.27,33.53032791507036,0.5150652547199829,19634.7654,19764.34615
1665576000000,31.28,-0.1905468331478963,31.35,30.91,31.28,293723.7,34.5395708336828,0.5097034508114128,19618.1516,19756.87395
1665590400000,31.11,-0.19013475089627888,31.29,30.85,31.11,173321.74,32.29525242646582,0.5047246328963116,19602.1152,19747.87125
1665604800000,31.16,-0.19161824700210162,31.28,31.09,31.16,100644.88,33.660604981616416,0.4822443019751466,19583.231799999998,19737.31495
1665619200000,30.76,-0.1912885812008077,31.21,30.52,30.76,154036.33,28.67807079639644,0.4970839946912077,19560.6132,19726.30265
1665633600000,29.72,-0.1944204063131001,30.77,29.31,29.72,630174.55,20.27487358181301,0.5658637093561215,19533.9626,19714.528550000003
1665648000000,28.8,-0.20299171714674247,29.96,28.25,28.8,927862.2,15.850301117998853,0.6475877301163985,19505.23,19701.7792
1665662400000,29.67,-0.21065644702682654,30.1,27.87,29.67,1706284.4,31.151450665613524,0.7606171779652272,19479.8702,19690.152799999996
1665676800000,30.59,-0.20348621584868337,30.93,29.6,30.59,707567.04,42.96242677348483,0.8012873795391394,19466.7204,19680.576950000002
1665691200000,30.49,-0.1959039024189228,30.9,30.49,30.49,276724.19,42.1166768835018,0.7733382810006295,19454.189,19671.3558
1665705600000,31.65,-0.19681048337248114,31.89,30.38,31.65,502145.95,53.541743163654075,0.8259569752148703,19448.1366,19662.544550000002
1665720000000,31.33,-0.18716775868463345,31.98,31.21,31.33,308252.79,50.576045896274415,0.8219600484138081,19437.8184,19652.5146
1665734400000,31.21,-0.18980508509498495,31.52,31.15,31.21,266840.59,49.46945426614979,0.7896771878128218,19422.6296,19642.78375
1665748800000,30.82,-0.19071166604854328,31.8,30.81,30.82,627450.93,45.95059654925296,0.8039859601119062,19405.4328,19631.51925
1665763200000,30.2,-0.19409074051180614,30.9,29.97,30.2,406445.48,40.96221375358401,0.8129869629610557,19383.892000000003,19619.295
1665777600000,30.0,-0.1990357275312152,30.3,29.62,30.0,272967.93,39.473546102271094,0.803487894178123,19367.2306,19606.96385
1665792000000,30.11,-0.2007664729880084,30.2,29.88,30.11,163766.09,40.74897879387172,0.7689530445939715,19351.038,19594.87885
1665806400000,30.05,-0.19985989203445007,30.19,29.85,30.05,123832.66,40.25074918755302,0.7383135414086878,19335.220400000002,19581.59345
1665820800000,29.99,-0.20035439073639097,30.06,29.55,29.99,226016.33,39.7276424917571,0.722005431308067,19318.9294,19569.14575
1665835200000,29.92,-0.20084888943833187,30.1,29.72,29.92,191944.52,39.08936952695055,0.6975764719289196,19302.9284,19553.8173
1665849600000,29.86,-0.20142580459059625,30.08,29.76,29.86,108930.33,38.518131953266185,0.6706067239339966,19284.9938,19537.7644
1665864000000,29.59,-0.20192030329253718,29.86,29.42,29.59,194753.66,35.970691265050064,0.6541348150815681,19274.828599999997,19522.53885
1665878400000,29.79,-0.20414554745127125,29.94,29.56,29.79,105500.25,39.179471466221635,0.6345537568614563,19268.110800000002,19506.025599999997
1665892800000,29.76,-0.20249721844480156,29.92,29.68,29.76,100305.3,38.864845872359275,0.6063713456570667,19260.195200000002,19489.71845
1665907200000,29.95,-0.20274446779577202,30.04,29.76,29.95,142375.36,42.0394183027911,0.5830591066815618,19252.9934,19474.284
1665921600000,29.96,-0.20117855523962583,30.05,29.82,29.96,117069.82,42.20950944293402,0.5578405990614502,19246.164399999998,19458.711
1665936000000,30.38,-0.20109613878930233,30.4,29.82,30.38,192169.67,48.98142115636348,0.5594234134142037,19242.988,19442.97425
1665950400000,30.17,-0.1975522314253925,30.53,29.88,30.17,277529.0,46.07426720531577,0.5658931695989036,19238.49,19435.1403
1665964800000,30.01,-0.19944780978283264,30.26,29.84,30.01,153880.8,43.93468236837134,0.5554722289132678,19232.857,19429.6543
1665979200000,30.31,-0.2006840565376849,30.37,29.95,30.31,182302.35,48.741148651565275,0.5457956411337487,19230.4094,19425.26435
1665993600000,30.53,-0.19812914657765687,30.77,30.17,30.53,240827.79,51.99153890887489,0.5496673810527665,19232.2294,19420.93705
1666008000000,30.93,-0.1963984011208637,31.21,30.42,30.93,589200.9,57.29400040027975,0.5668339966918545,19234.773999999998,19417.39355
1666022400000,30.8,-0.19310174310792433,30.99,30.56,30.8,247512.99,55.161619467145684,0.5570601397852935,19235.943799999997,19413.901
1666036800000,31.21,-0.19425557341245311,31.29,30.76,31.21,280705.13,60.19354632736078,0.5551272726577723,19236.225599999998,19410.75635
1666051200000,31.11,-0.19071166604854328,31.48,30.91,31.11,250086.91,58.4700178843619,0.5561896103250743,19237.8044,19408.7353
1666065600000,31.12,-0.19161824700210162,31.25,30.92,31.12,248323.72,58.59768464429469,0.5400332095875688,19242.3224,19405.92635
1666080000000,30.84,-0.1915358305517781,31.14,30.41,30.84,341279.6,53.626726623597115,0.5536022660455997,19244.5344,19403.62635
1666094400000,30.32,-0.19384349116083568,31.02,30.13,30.32,454146.78,45.84797669898652,0.5776306756137711,19243.7896,19399.48025
1666108800000,30.08,-0.19821156302798038,30.5,29.73,30.08,442159.78,42.76473952239699,0.5913713416413587,19241.4814,19394.81955
1666123200000,30.15,-0.20002472493509704,30.48,30.03,30.15,230284.35,43.948717955161904,0.581273388666976,19242.6498,19392.76995
1666137600000,30.03,-0.1996126426834796,30.26,29.89,30.03,229614.61,42.33206259408287,0.5661824323336206,19244.050600000002,19390.266300000003
1666152000000,30.06,-0.20051922363703792,30.07,29.76,30.06,217823.9,42.89758575806364,0.5478836871669334,19245.7754,19387.847449999997
1666166400000,29.93,-0.2002719742860675,30.18,29.77,29.93,235405.78,41.020336341574236,0.5380348523692953,19248.8974,19385.127800000002
1666180800000,29.99,-0.20134338814027278,30.02,29.56,29.99,338640.65,42.27590040152205,0.5324609343429171,19252.544,19382.764450000002
1666195200000,29.76,-0.20084888943833187,30.01,29.52,29.76,256137.73,38.86075580697606,0.5294280104612803,19254.122199999998,19379.5883
1666209600000,28.86,-0.2028268842460955,29.85,28.61,28.86,436105.09,28.991468347781733,0.580183152571189,19253.6496,19376.90195
1666224000000,28.91,-0.21016194832488563,29.01,28.42,28.91,359669.33,30.054259683345563,0.5808843559589612,19254.506400000002,19374.01785
1666238400000,29.25,-0.2096674496229447,29.37,28.89,29.25,361462.28,36.963397660856494,0.5736783305333211,19256.2252,19370.731050000002
1666252800000,29.33,-0.20694770676226973,29.47,29.16,29.33,183359.2,38.502667038082386,0.5548441640666552,19259.4124,19367.34685
1666267200000,29.14,-0.20620595870935837,29.44,28.96,29.14,405047.17,36.23932480355545,0.5494981523476083,19262.2302,19364.4029
1666281600000,28.26,-0.20785428771582806,29.15,28.05,28.26,681234.5,28.022850837014474,0.5888197128942075,19261.2142,19360.6709
1666296000000,28.01,-0.21518935179461818,28.41,27.98,28.01,388543.39,26.205104407192408,0.5774754476874785,19259.3062,19356.0638
1666310400000,28.13,-0.2171673466023818,28.24,27.51,28.13,472778.05,28.599245319304785,0.5883700585669441,19257.598,19351.2766
1666324800000,27.92,-0.2161783491985,28.21,27.84,27.92,230034.68,26.951360650901236,0.5727721972407339,19255.0446,19345.8478
1666339200000,27.48,-0.21799151110561665,27.95,27.23,27.48,487795.32,23.850464974826593,0.5832884688663957,19252.1744,19340.574399999998
1666353600000,27.58,-0.22145300201920304,27.72,26.84,27.58,1087917.27,25.93613144520694,0.604482149661653,19255.4336,19336.1498
1666368000000,28.19,-0.22071125396629165,28.26,27.57,28.19,678106.99,37.230033538564584,0.6105905675429637,19264.154,19332.4813
1666382400000,28.1,-0.21568385049655908,28.28,27.87,28.1,252246.65,36.34932672796326,0.5962626698613234,19268.2696,19329.23
1666396800000,27.82,-0.21642559854947044,28.17,27.66,27.82,212895.26,33.67995170389116,0.5901010505855145,19263.8952,19326.35675
1666411200000,27.77,-0.2188156756088515,27.89,27.48,27.77,183724.71,33.210932156389845,0.5772366898294063,19259.664200000003,19325.09375
1666425600000,27.99,-0.21914534141014544,28.02,27.72,27.99,183071.32,37.34531235862374,0.557434069127306,19246.9004,19327.1024
1666440000000,28.0,-0.21741459595335227,28.22,27.83,28.0,306959.45,37.534593177207825,0.5454744927610699,19238.7664,19330.93695
1666454400000,27.82,-0.2173321795030288,28.08,27.64,27.82,260547.0,35.45812178536188,0.5379406004209933,19230.518,19333.43175
1666468800000,28.01,-0.218733259158528,28.19,27.75,28.01,186184.89,39.27681327459956,0.5309448432480653,19227.4332,19334.05105
1666483200000,28.36,-0.2171673466023818,28.58,27.91,28.36,319133.41,45.6554530027265,0.540877354444632,19228.021399999998,19332.465
1666497600000,28.42,-0.21436518729138332,28.58,28.21,28.42,244944.2,46.68929888419219,0.5286718291271582,19227.7302,19330.59175
1666512000000,27.96,-0.21378827213911894,28.53,27.93,27.96,272502.94,40.3513445693427,0.5337666984752184,19226.746,19329.5297
1666526400000,27.94,-0.21757942885399922,28.16,27.73,27.94,247332.64,40.09648852383253,0.5263547914412742,19227.153000000002,19328.69075
1666540800000,28.81,-0.2177442617546462,29.03,27.89,28.81,565266.57,53.77375932669888,0.5701865920526118,19233.803,19330.09245
1666555200000,29.28,-0.21049161412617956,29.44,28.73,29.28,501644.24,59.194175262694436,0.5801732640488539,19242.652,19331.75395
1666569600000,28.62,-0.20670045741129928,29.5,28.57,28.62,528853.41,50.27844997015067,0.6051608880453644,19248.448,19333.74715
1666584000000,28.54,-0.21222235958297275,28.78,28.35,28.54,370438.68,49.30897978708401,0.5926493960421241,19253.5082,19335.98415
1666598400000,29.13,-0.21279927473523713,29.2,28.47,29.13,305031.76,56.04102254540354,0.6024601534676867,19259.5122,19337.99645
1666612800000,28.45,-0.20793670416615156,29.19,28.18,28.45,685230.09,48.110570787050534,0.6315701425057092,19262.8652,19339.76715
1666627200000,28.41,-0.21362343923847196,28.59,28.16,28.41,428319.73,47.68311396947784,0.6171722751838729,19266.836,19340.65365
1666641600000,28.3,-0.21387068858944244,28.57,28.23,28.3,207990.85,46.46059972714278,0.5973742555278819,19270.2606,19341.3464
1666656000000,28.47,-0.2146948530926773,28.53,28.09,28.47,238429.47,48.651671231246134,0.5861332372758905,19269.5932,19343.05135
1666670400000,28.44,-0.21329377343717804,28.6,28.34,28.44,163162.55,48.27620302286381,0.5628380060418985,19270.4686,19347.278299999998
1666684800000,28.22,-0.21370585568879547,28.45,28.05,28.22,226370.99,45.50288033259841,0.5512067198960485,19272.7836,19350.337000000003
1666699200000,29.69,-0.21543660114558866,29.79,28.1,29.69,836074.33,61.44191703425433,0.6325490970463307,19281.8416,19354.40795
1666713600000,31.5,-0.2033213829480364,32.31,29.69,31.5,2203260.83,72.21687416447112,0.7745098758287358,19298.1528,19359.6246
1666728000000,30.86,-0.1883215889891622,31.58,30.71,30.86,722340.7,65.27129552682734,0.7813305989838258,19309.0504,19365.090500000002
1666742400000,31.11,-0.19359624180986523,31.36,30.8,31.11,712746.58,66.62174426108346,0.765521270484981,19323.537,19369.7904
1666756800000,31.34,-0.19161824700210162,31.53,30.98,31.34,429728.02,67.85999328257405,0.7501268940217681,19339.435,19374.50605
1666771200000,31.25,-0.18972266864466145,31.91,31.11,31.25,587882.36,66.81546380692009,0.7536892587344991,19360.6332,19380.572
1666785600000,31.42,-0.19046441669757283,32.17,30.63,31.42,1162754.19,67.82296148341473,0.8098543116820351,19384.268,19388.68895
1666800000000,31.27,-0.18906333704207356,31.67,30.94,31.27,532895.22,65.92118136059673,0.8041504322761756,19408.267,19398.193049999998
1666814400000,31.29,-0.19029958379692585,31.6,30.99,31.29,483678.37,66.05784293302479,0.790282544256449,19436.1986,19408.4917
1666828800000,31.44,-0.19013475089627888,31.63,31.06,31.44,366486.44,67.12273005829212,0.7745480768095597,19466.981,19418.2305
1666843200000,31.65,-0.1888985041414266,32.36,31.39,31.65,811465.27,68.6076423106213,0.7885089284660197,19494.6326,19425.33105
1666857600000,31.37,-0.18725017513495693,31.85,31.19,31.37,375601.38,64.42922898864708,0.7793297192898755,19521.4568,19432.83565
1666872000000,31.3,-0.1895578357440145,32.1,31.18,31.3,903302.28,63.38982790064052,0.7893775964834558,19548.3564,19440.6654
1666886400000,31.42,-0.18996991799563193,31.61,31.1,31.42,335172.24,64.44865289314325,0.7694220538774946,19576.9314,19448.5552
1666900800000,30.58,-0.1889809205917501,31.5,30.41,30.58,816294.74,52.91244733357018,0.7923204786005308,19597.505,19454.41005
1666915200000,30.68,-0.1958214859685993,30.86,30.38,30.68,279504.7,53.96879501389782,0.7700118729862072,19618.7094,19460.3576
1666929600000,30.22,-0.19524457081633492,30.72,30.11,30.22,252086.84,48.570955969818634,0.7585824534871923,19637.8302,19466.155150000002
1666944000000,30.42,-0.19895331108089173,30.64,30.21,30.42,304438.94,50.871687291712746,0.7351122782381072,19660.4632,19471.7555
1666958400000,31.1,-0.19738739852474552,31.32,30.12,31.1,756696.99,57.78639047162801,0.7683185440782424,19687.2362,19478.688
1666972800000,32.01,-0.19178307990274857,32.28,31.03,32.01,871295.16,64.90512171528063,0.802724362358368,19715.2586,19486.144350000002
1666987200000,32.07,-0.184200766472988,32.54,31.98,32.07,553449.94,65.32038063711293,0.7853869079041987,19742.0294,19494.15985
1667001600000,32.89,-0.18378868422137054,33.0,31.85,32.89,455111.0,70.4640542045434,0.8114307001967559,19775.8384,19503.35375
1667016000000,33.29,-0.17686570239419788,33.3,32.53,33.29,509931.66,72.59904313869573,0.8084713644684159,19810.4454,19513.178200000002
1667030400000,32.97,-0.17373387728190545,33.84,32.86,32.97,802075.04,68.34293141861004,0.8207234098635293,19843.3878,19522.3307
1667044800000,33.15,-0.17620637079161003,33.4,32.74,33.15,536452.51,69.42861784164097,0.8092431663018483,19881.2972,19532.39145
1667059200000,32.93,-0.17480529113611076,33.73,32.77,32.93,746023.35,66.42992270071841,0.8200115115660015,19919.1234,19542.19315
1667073600000,32.87,-0.17653603659290396,33.14,32.6,32.87,267080.53,65.59778305909252,0.8000106893112869,19951.9518,19550.6741
1667088000000,33.0,-0.17711295174516833,33.26,32.72,33.0,199401.75,66.57475884283993,0.7814384972176235,19983.6774,19558.537750000003
1667102400000,33.42,-0.17595912144063955,33.53,32.74,33.42,325807.45,69.58042746310731,0.7820500331306502,20017.407,19566.6529
1667116800000,32.69,-0.17266246342770017,33.54,32.38,32.69,468800.96,59.55618285366476,0.8090464593356036,20049.779400000003,19570.0069
1667131200000,32.22,-0.17859644785099105,32.72,32.12,32.22,325744.71,54.14737388755969,0.7941145693830606,20080.0418,19572.4717
1667145600000,32.34,-0.18255243746651828,32.49,32.0,32.34,187636.33,55.264482312422,0.7723921001414135,20109.418400000002,19574.562850000002
1667160000000,32.94,-0.1813986071619895,33.15,31.93,32.94,455120.56,60.45253577354041,0.8043640929884553,20137.255,19578.2616
1667174400000,32.82,-0.1766184530432274,33.38,32.41,32.82,428147.03,58.9793198173152,0.8161952292035661,20163.8998,19585.453999999998
1667188800000,33.41,-0.17752503399678574,33.49,32.82,33.41,435604.75,63.66748401107679,0.805752712831883,20190.7458,19592.7916
1667203200000,34.03,-0.17258004697737667,34.39,33.13,34.03,674822.75,67.8284681289727,0.8381989476296055,20221.4048,19602.71605
1667217600000,33.01,-0.1675526435076441,34.17,32.63,33.01,875478.82,56.38719745048345,0.8883275942274907,20246.188000000002,19610.816300000002
1667232000000,32.55,-0.17604153789096302,33.24,32.54,32.55,335492.06,52.11758116653888,0.8748756232112417,20270.5868,19617.89775
1667246400000,32.56,-0.17975027815551986,32.77,32.2,32.56,332939.66,52.20231211678272,0.8530987929818673,20296.5988,19622.9125
1667260800000,32.61,-0.17958544525487286,33.0,32.5,32.61,299685.43,52.65344971685746,0.8278774506260197,20316.2536,19627.59175
1667275200000,33.03,-0.17925577945357893,33.23,32.57,33.03,298206.46,56.37798290853622,0.8158862041527323,20336.8358,19633.5252
1667289600000,32.9,-0.17579428853999254,33.39,32.83,32.9,416808.58,54.9374255452574,0.797608618141823,20359.4522,19638.60165
1667304000000,32.48,-0.1767832859438744,33.14,32.27,32.48,449419.71,50.45212918692141,0.8027794311316926,20381.8842,19644.023100000002
1667318400000,32.22,-0.18040960975810771,32.59,32.16,32.22,352744.37,47.847813213136256,0.7761523289080008,20402.4406,19648.96515
1667332800000,32.2,-0.18247002101619483,32.44,32.15,32.2,198865.97,47.6440787774317,0.7414271625574292,20426.073800000002,19654.939
1667347200000,32.26,-0.18263485391684176,32.38,31.93,32.26,297246.16,48.35454009031016,0.7206109366604702,20449.616,19660.51385
1667361600000,31.73,-0.1821403552149009,32.42,31.53,31.73,262962.88,42.826214431443304,0.7327101554704366,20471.4544,19664.6645
1667376000000,31.3,-0.18659084353236904,31.96,31.11,31.3,305883.32,38.9367212975388,0.7410880015082626,20493.240599999997,19669.83055
1667390400000,31.33,-0.1900523344459554,31.56,31.13,31.33,264540.41,39.35057561275748,0.7188674299719581,20515.2862,19674.01895
1667404800000,30.91,-0.18988750154530842,32.95,30.83,30.91,1540435.33,35.7023865625313,0.8189483278311043,20534.2572,19678.0909
1667419200000,30.8,-0.1932665760085713,31.03,30.24,30.8,752761.03,34.792596549444255,0.8168805901288828,20542.324399999998,19680.07005
1667433600000,31.64,-0.19409074051180614,31.81,30.61,31.64,474173.07,46.09012677821744,0.8442462622625341,20543.0742,19684.255599999997
1667448000000,31.64,-0.18716775868463345,32.25,31.59,31.64,521452.92,46.090126778217446,0.8310858149580673,20547.5346,19688.658
1667462400000,31.26,-0.18716775868463345,32.06,31.13,31.26,370131.33,42.249664149748966,0.8381511138896343,20545.124,19692.23095
1667476800000,31.2,-0.19038200024724933,31.57,30.86,31.2,485842.0,41.65940726119188,0.8289974628975176,20543.2012,19696.92485
1667491200000,31.31,-0.1909589153995137,31.44,31.16,31.31,209752.85,43.22542898653944,0.7897833584048379,20536.2956,19701.6773
1667505600000,30.85,-0.18996991799563193,31.43,30.62,30.85,241514.29,38.56361908643401,0.7912274042330637,20523.518799999998,19706.06165
1667520000000,31.94,-0.1936786582601887,31.94,30.66,31.94,343677.18,51.82264334705538,0.8261397325021307,20514.683800000003,19711.33985
1667534400000,32.39,-0.18477768162525238,32.58,31.68,32.39,471661.59,56.04065568762111,0.8314154658948355,20511.4832,19717.8429
1667548800000,32.31,-0.18106894136069557,32.77,32.15,32.31,401674.7,55.116785578412774,0.8163143611880619,20507.5458,19724.08105
1667563200000,33.13,-0.18172827296328345,34.0,31.87,33.13,1628402.92,62.026995190027066,0.9101490496746288,20510.1194,19731.848250000003
1667577600000,33.5,-0.17505254048708122,33.53,32.7,33.5,853309.39,64.6701444332748,0.9044241175550124,20519.8334,19741.428799999998
1667592000000,33.74,-0.17192071537478879,34.2,33.38,33.74,408044.82,66.30833131523471,0.8983938234439401,20531.542,19751.451699999998
1667606400000,34.7,-0.17002513701734867,35.04,33.66,34.7,734857.69,71.91753793109123,0.9327942646265159,20547.8424,19762.371600000002
1667620800000,35.24,-0.16211315778629415,35.6,34.51,35.24,586297.44,74.49025616186677,0.9440232457246223,20569.6286,19774.0097
1667635200000,35.42,-0.15766266946882598,35.55,34.8,35.42,485063.26,75.30247653433129,0.9301644424585778,20591.865,19785.1914
1667649600000,37.24,-0.15609675691267974,38.08,34.39,37.24,2117180.92,81.66068167651197,1.1272955537115363,20616.249200000002,19795.69885
1667664000000,37.09,-0.14109696295380555,38.79,35.77,37.09,2860405.24,79.83642162967962,1.2624887284464263,20639.3966,19806.127350000002
1667678400000,36.9,-0.14225079325833434,37.32,36.46,36.9,682278.97,77.47548107279384,1.2337395335573957,20655.6922,19815.9446
1667692800000,36.01,-0.14389912226480406,37.06,35.63,36.01,695528.9,67.41816686790528,1.2477581383032958,20668.1856,19824.4071
1667707200000,36.16,-0.15123418634359417,36.23,35.53,36.16,462434.07,68.168173715554,1.2086325569959173,20680.2386,19832.234149999997
1667721600000,35.75,-0.1499155231384184,36.41,35.57,35.75,525314.25,63.84228430813743,1.1823016600676373,20690.2548,19840.5182
1667736000000,35.05,-0.15337701405200477,36.0,34.96,35.05,619567.77,57.17156453289667,1.1721372557770917,20699.631400000002,19846.88365
1667750400000,34.19,-0.1590637491243252,35.4,33.71,34.19,1204661.69,50.22782043971246,1.2091274517930135,20709.543599999997,19853.16115
1667764800000,32.62,-0.16631639675279183,34.18,32.31,32.62,1214567.37,40.54617084532149,1.2570469195220837,20709.1886,19857.19055
1667779200000,32.44,-0.17925577945357893,33.13,32.12,32.44,1154992.4,39.60363555781809,1.2394007109847924,20710.7258,19860.6592
1667793600000,30.78,-0.18057444265875464,32.57,30.7,30.78,1378203.07,32.17531208706639,1.2844435173430215,20707.247199999998,19862.148800000003
1667808000000,31.62,-0.1943379898627766,31.93,30.62,31.62,1393003.72,38.46506229802267,1.2862689803899485,20706.4064,19864.86695
1667822400000,32.82,-0.18749742448592738,32.85,30.87,32.82,2014952.62,46.14810470566153,1.3358211960763808,20704.6884,19867.558800000003
1667836800000,32.38,-0.17752503399678574,32.87,31.86,32.38,1178455.54,43.979797541760036,1.3125482534994963,20706.2418,19871.6592
1667851200000,29.62,-0.18115135781101904,32.47,28.0,29.62,2691330.29,33.383763972803834,1.538080521106675,20704.5304,19874.606350000002
1667865600000,26.5,-0.2038982981003008,29.7,26.0,26.5,3150564.19,25.812742956197212,1.6925033410276267,20694.5538,19874.7523
1667880000000,27.96,-0.22961223060122798,28.68,25.0,27.96,4766524.4,33.42185196940538,1.8344673880970819,20677.9422,19872.9455
1667894400000,28.0,-0.21766184530432273,29.09,27.78,28.0,2580096.64,33.62272227860997,1.797005431804433,20661.601599999998,19869.66225
1667908800000,27.72,-0.2171673466023818,28.51,26.65,27.72,2518673.67,32.87501312750565,1.8015050438184024,20641.088,19866.17495
1667923200000,23.77,-0.21963984011208634,31.72,19.8,23.77,11909662.889,24.573023788960086,2.5242546835456596,20591.61,19856.23205
1667937600000,24.38,-0.25211192153953926,24.73,22.63,24.38,3231322.23,27.613161579227352,2.493950777578113,20554.523999999998,19848.9182
1667952000000,22.1,-0.24708451806980672,24.38,21.21,22.1,2357501.32,23.758583786144214,2.5422400077511043,20513.3632,19840.4335
1667966400000,19.29,-0.2657930522932377,22.17,19.12,19.29,4995851.811,20.044785941179725,2.578508578626025,20468.3628,19831.83375
1667980800000,20.05,-0.28903449128446035,20.48,16.24,20.05,8122742.536,23.526557756656317,2.6971865372955945,20415.073,19821.01475
1667995200000,16.07,-0.28277084105987554,20.77,15.73,16.07,5364086.02,18.887908387735322,2.8645303560601945,20345.4044,19806.955149999998
1668009600000,13.84,-0.3154901718382989,17.84,12.54,13.84,8213011.129,16.879718271928837,3.0384924734844665,20270.6414,19790.88385
1668024000000,14.08,-0.33386904026043596,14.87,12.37,14.08,5911828.26,17.89153062168404,3.000028725378433,20180.2176,19772.609650000002
1668038400000,15.28,-0.3319734619029958,16.05,13.19,15.28,6015387.12,22.942367238318013,2.9900266735656875,20098.5804,19757.161
1668052800000,15.34,-0.3220010714138542,16.06,14.53,15.34,3283068.17,23.196762827532282,2.8857390540252816,20023.95,19743.27105
1668067200000,14.15,-0.3215889891622367,15.34,13.14,14.15,5377360.28,21.668811895112754,2.836757693023476,19941.494599999998,19727.735
1668081600000,17.67,-0.33131413030040796,18.55,14.0,17.67,9163169.14,35.2542507498374,2.959132143521799,19884.143,19718.0056
1668096000000,17.28,-0.30246837268718835,18.87,16.24,17.28,4575888.02,34.53948869384796,2.935622704698814,19824.628800000002,19707.612650000003
1668110400000,17.66,-0.30551778134915725,18.5,16.9,17.66,2863406.52,35.90310032417483,2.840221082934613,19768.4712,19698.179
1668124800000,16.39,-0.3025507891375118,18.15,15.81,16.39,3003478.34,33.39901152919735,2.80449100558214,19704.74,19686.15945
1668139200000,17.22,-0.3130176783285944,17.69,16.16,17.22,2208973.03,36.515356399622725,2.7134559337548443,19649.7848,19676.090050000003
1668153600000,18.13,-0.3060946965014217,18.31,17.07,18.13,2391622.73,39.83909732962946,2.608209081343784,19590.5862,19666.01065
1668168000000,16.46,-0.2985947995219846,18.28,15.1,16.46,5046514.99,36.10344160506049,2.6490512898192278,19521.9498,19653.3272
1668182400000,16.22,-0.3123583467260065,16.65,15.79,16.22,2260156.65,35.5869918353694,2.521261911974997,19456.3204,19640.2313
1668196800000,16.45,-0.3144187579840936,16.5,15.37,16.45,2041577.41,36.52409980392653,2.42188606111964,19392.754200000003,19627.904
1668211200000,15.81,-0.3123583467260065,16.53,15.67,15.81,1124481.62,34.998292373904434,2.310322771039666,19325.6524,19615.096400000002
1668225600000,15.49,-0.3176329995467095,15.93,14.75,15.49,1817137.06,34.22834543180521,2.2295854302511184,19257.936400000002,19602.0114
1668240000000,15.31,-0.3203527424073845,15.7,15.04,15.31,1147866.67,33.778195080608725,2.1174721852331815,19188.839,19589.08105
1668254400000,14.82,-0.3218362385132072,15.5,14.79,14.82,1261953.55,32.52422575698239,2.0169384577165257,19115.3226,19576.698500000002
1668268800000,15.16,-0.32587464457905796,15.26,14.76,15.16,776156.64,34.345529157688404,1.908585710736774,19041.9798,19564.497000000003
1668283200000,14.58,-0.32315490171838296,15.17,14.47,14.58,830670.6,32.72289753912523,1.8222581599698615,18961.4474,19552.2123
1668297600000,14.55,-0.3278526393868216,14.74,14.04,14.55,1222011.94,32.63700844724525,1.742096862829157,18877.568600000002,19540.727349999997
1668312000000,13.95,-0.32809988873779206,14.67,13.5,13.95,1793481.86,30.89067057121366,1.701232801198503,18790.098,19528.94295
1668326400000,13.78,-0.3330448757572011,13.99,13.33,13.78,1180164.05,30.39442772990455,1.6268590296843242,18694.3904,19517.0154
1668340800000,14.06,-0.33444595541270034,14.43,13.61,14.06,1306750.21,32.32285274326357,1.5692262418497296,18598.317800000004,19504.49885
1668355200000,13.99,-0.3322207112539663,14.19,13.63,13.99,877310.81,32.0835400571697,1.4971386531461772,18501.3172,19491.50345
1668369600000,13.18,-0.3327976264062306,14.02,13.02,13.18,1252685.95,29.37345607969516,1.4616287493500217,18401.929799999998,19477.4147
1668384000000,13.0,-0.33939094243210943,13.34,12.07,13.0,2111257.26,28.791438634261297,1.4479409815393058,18298.1034,19463.1174
1668398400000,14.54,-0.34079202208760867,14.98,12.46,14.54,3618340.02,39.78457486316321,1.5245166257150695,18208.6116,19451.941300000002
1668412800000,14.22,-0.32818230518811553,15.01,14.19,14.22,1937458.4,38.45605494937834,1.4741940095925645,18118.93,19440.44665
1668427200000,13.72,-0.3307372151481435,14.97,13.5,13.72,2232685.47,36.41017198178898,1.4738944374788099,18026.957,19427.8638
1668441600000,13.74,-0.33494045411464124,14.24,13.25,13.74,1363411.59,36.55556857860259,1.4393305490874664,17927.019600000003,19413.581749999998
1668456000000,14.0,-0.3346932047636708,14.23,13.59,14.0,1149029.21,38.52347278092538,1.382235509866933,17834.5868,19400.992449999998
1668470400000,14.2,-0.33263279350558367,14.47,13.82,14.2,1540066.64,40.06355101683518,1.3299329734478664,17747.158,19389.42185
1668484800000,14.48,-0.3310668809494375,14.7,13.91,14.48,886363.24,42.24495500450175,1.2913663324873046,17665.939,19377.86735
1668499200000,14.53,-0.3286768038900564,14.91,14.45,14.53,1007658.1,42.646378323427726,1.2319830230239257,17583.295,19366.32965
1668513600000,14.35,-0.32818230518811553,15.1,14.05,14.35,2461508.0,41.52736757790316,1.2189842356650737,17510.3208,19356.23835
1668528000000,14.34,-0.3298306341945852,14.62,14.05,14.34,1151648.87,41.46227710456429,1.172628218831854,17432.827,19346.766200000002
1668542400000,14.32,-0.3297482177442617,14.44,14.15,14.32,619411.49,41.322772942874636,1.1095833460581501,17355.539399999998,19336.4761
1668556800000,14.51,-0.3299954670952322,14.6,14.1,14.51,657226.37,43.27537584099505,1.066041678482568,17277.989,19324.47635
1668571200000,14.34,-0.328429554539086,14.57,14.27,14.34,387600.34,41.930883403742286,1.011324415733813,17202.6602,19311.724150000002
1668585600000,14.17,-0.3298306341945852,14.64,14.08,14.17,830595.7,40.57337255961236,0.9790869574671122,17133.845,19296.1794
1668600000000,13.77,-0.33131413030040796,14.2,13.67,13.77,976441.57,37.49724455272566,0.9470093176480326,17066.540999999997,19280.126150000004
1668614400000,14.12,-0.33452837186302387,14.22,13.64,14.12,771825.6,41.664847790211326,0.9207943663874589,17003.6978,19264.929300000003
1668628800000,14.27,-0.3316437961017019,14.42,14.1,14.27,493722.9,43.406500853772364,0.877880483074069,16946.533600000002,19251.45015
1668643200000,14.25,-0.3304075493468496,14.5,14.19,14.25,567541.38,43.22121098932638,0.8373175914259212,16911.924400000004,19238.24015
1668657600000,14.27,-0.3305723822474966,14.43,14.06,14.27,527256.73,43.48103290828911,0.8039377634669268,16873.2178,19225.415
1668672000000,14.22,-0.3304899657971731,14.34,14.07,14.22,408761.0,42.951861533342566,0.7657993517907177,16838.8458,19212.385449999998
1668686400000,13.52,-0.33081963159846706,14.23,12.93,13.52,3575623.04,36.292584184789774,0.8039565409485236,16804.7656,19199.22005
1668700800000,13.45,-0.33658878312111096,13.76,13.32,13.45,1016422.57,35.69657042196815,0.7779596451664862,16780.8152,19186.4862
1668715200000,13.65,-0.33724811472369887,13.81,13.4,13.65,493673.27,38.78957409553722,0.7516768133688801,16772.3448,19174.309250000002
1668729600000,13.72,-0.3355173692669057,13.89,13.55,13.72,480753.17,39.879560729259026,0.7222713266996744,16773.7516,19163.0733
1668744000000,13.62,-0.3350228705649647,13.74,13.55,13.62,409495.67,38.81616469537864,0.6842519462211262,16790.1974,19151.45185
1668758400000,13.57,-0.3357646186178761,13.73,13.47,13.57,418796.81,38.266724225911446,0.65394823577676,16797.803200000002,19139.5841
1668772800000,13.37,-0.3361767008694935,13.65,13.25,13.37,602775.01,36.06750368971477,0.63580907607842,16796.6984,19127.39685
1668787200000,13.17,-0.33782502987596325,13.41,13.0,13.17,729169.18,33.96533263812165,0.6196798563585328,16801.8744,19114.955250000003
1668801600000,13.27,-0.33955577533275644,13.3,13.12,13.27,308505.34,35.97469521085854,0.5882741523329235,16784.8022,19102.66505
1668816000000,12.88,-0.3385667779288746,13.28,12.65,12.88,517751.37,31.898076447295423,0.5912545700234288,16768.2638,19088.9316
1668830400000,12.85,-0.34186343594181395,13.02,12.71,12.85,438007.01,31.60142195331386,0.5711649578788981,16748.227,19075.61325
1668844800000,12.85,-0.34202826884246096,13.0,12.8,12.85,357826.35,31.601421953313846,0.5446531751732625,16740.4698,19063.06265
1668859200000,12.72,-0.3421106852927844,12.89,12.58,12.72,804885.83,30.19035965471447,0.5278922340894581,16725.501200000002,19049.863
1668873600000,12.79,-0.3431820991469897,12.9,12.66,12.79,426585.6,31.9523046866217,0.5073285030830682,16711.033799999997,19035.711750000002
1668888000000,12.84,-0.34252276754440186,12.98,12.76,12.84,375092.06,33.2482780516019,0.4868050385771348,16707.622000000003,19021.5392
1668902400000,12.92,-0.34219310174310785,12.94,12.7,12.92,343988.74,35.36921024368394,0.46917610725019665,16704.238400000002,19007.30495
1668916800000,13.06,-0.34153377014052,13.58,12.92,13.06,912773.91,39.02069516650236,0.482806385303754,16697.2902,18993.17015
1668931200000,12.55,-0.34029752338566777,13.09,12.55,12.55,676754.45,31.94112245605494,0.48689164349634295,16689.649,18978.057549999998
1668945600000,13.0,-0.3445007623521654,13.16,12.47,13.0,1322186.48,41.949133422441285,0.5013993832466042,16684.819199999998,18962.6356
1668960000000,12.76,-0.34087443853793215,13.03,12.67,12.76,499004.92,38.682080108604644,0.49129942730041815,16679.236800000002,18947.75665
1668974400000,12.27,-0.3428524333456958,12.8,12.1,12.27,1035357.53,33.02663183232701,0.506206611064674,16666.1266,18932.28275
1668988800000,11.75,-0.34697325586187,12.29,11.56,11.75,1289966.679,28.29828544189388,0.5221918531314829,16649.7752,18916.57045
1669003200000,11.72,-0.3511764948283677,12.01,11.65,11.72,624418.54,28.04879050725917,0.5106067207649484,16634.3282,18900.1319
1669017600000,11.81,-0.3514237441793382,11.9,11.54,11.81,701364.85,30.041518056479617,0.4998490978531665,16617.7246,18884.14585
1669032000000,11.92,-0.35059957967610333,12.17,11.73,11.92,692115.91,32.50208422262074,0.495574162292226,16604.8338,18868.707550000003
1669046400000,11.42,-0.3497754151728685,12.08,11.27,11.42,804191.81,27.728139332785616,0.5180331506999242,16586.108799999998,18851.31825
1669060800000,11.83,-0.3538962376890427,12.01,11.4,11.83,809119.47,36.02603540687763,0.5246022113642153,16570.1188,18833.89255
1669075200000,11.61,-0.35051716322577986,12.08,11.57,11.61,506063.67,33.78452828885224,0.5235591962667713,16555.983200000002,18816.968699999998
1669089600000,11.51,-0.35241274158321995,11.7,11.32,11.51,463750.54,32.78596939867096,0.5133049679620018,16544.5946,18800.15095
1669104000000,11.04,-0.3531544896361314,11.52,11.0,11.04,744493.62,28.519400558409686,0.5137831845361445,16536.7564,18783.679900000003
1669118400000,12.06,-0.3571104792516586,12.09,10.94,12.06,2010281.87,45.18959708810579,0.5592272427835627,16525.0868,18769.1567
1669132800000,11.84,-0.34862158486833966,12.18,11.66,11.84,951420.86,42.86746191298833,0.5564252968704511,16513.4584,18753.95815
1669147200000,12.44,-0.35051716322577986,12.5,11.83,12.44,819340.99,50.35947679123261,0.5645377756654189,16506.0804,18738.82635
1669161600000,13.08,-0.34557217620637076,13.44,12.4,13.08,1593649.05,56.858183632341834,0.5984993631178889,16512.6472,18726.44
1669176000000,13.13,-0.34029752338566777,13.27,12.82,13.13,945981.3,57.328192817911024,0.5878922657523253,16511.9348,18714.1496
1669190400000,13.34,-0.33972060823340333,13.48,12.94,13.34,1322384.64,59.33217053070743,0.5844713896271594,16507.189000000002,18701.8196
1669204800000,13.08,-0.33815469567725714,13.37,12.71,13.08,997254.12,55.835906977308596,0.5898662903680764,16498.838600000003,18688.81585
1669219200000,14.06,-0.34013269048502076,14.5,12.99,14.06,1772751.94,64.36064709007005,0.6555901267703567,16492.6726,18676.4542
1669233600000,14.36,-0.33213829480364276,14.48,13.85,14.36,1240861.37,66.49285301151713,0.6537622605724741,16484.9942,18663.628500000003
1669248000000,14.61,-0.32966580129393824,14.96,13.98,14.61,1304787.0,68.20022002817369,0.6770649562458688,16482.0602,18651.242749999998
1669262400000,14.42,-0.3275229735855277,14.63,14.18,14.42,688211.66,65.46980443295936,0.6608460307997354,16476.526800000003,18638.540399999998
1669276800000,14.09,-0.32925371904232087,14.5,13.84,14.09,834645.73,60.908726219876776,0.6607856000283256,16468.569199999998,18625.64485
1669291200000,14.44,-0.3318086290023488,14.55,13.99,14.44,777070.26,63.79005691575925,0.653586628597731,16463.2376,18612.6175
1669305600000,14.44,-0.3290064696913504,14.79,14.32,14.44,700397.46,63.79005691575925,0.6404732979836073,16460.627800000002,18599.61125
1669320000000,14.59,-0.32908888614167386,14.68,14.3,14.59,420183.58,65.069754935602,0.6218680624133496,16463.9728,18586.42775
1669334400000,14.2,-0.3276878064861746,14.61,13.97,14.2,708215.93,59.21057340075207,0.623163200812396,16462.5442,18572.935849999998
1669348800000,14.24,-0.33098446449911395,14.26,13.91,14.24,353220.11,59.61226005395694,0.6036515436115105,16458.5222,18559.222400000002
1669363200000,14.31,-0.3305723822474966,14.48,13.98,14.31,518154.54,60.348171824185215,0.596247861924974,16458.6314,18545.892649999998
1669377600000,14.15,-0.3300778835455557,14.43,14.04,14.15,464052.35,57.7576209806732,0.5815158717874759,16456.6534,18532.6458
1669392000000,14.23,-0.33139654675073144,14.23,13.95,14.23,382103.64,58.71196918374247,0.5599790238026563,16455.216,18519.50295
1669406400000,14.03,-0.33081963159846706,14.31,14.01,14.03,393768.71,55.3455668218228,0.541409093531038,16454.9246,18506.162949999998
1669420800000,14.37,-0.33238554415461324,14.58,13.99,14.37,606534.42,59.58771989393196,0.5448798725645353,16455.0292,18491.79275
1669435200000,14.48,-0.32958338484361477,14.5,14.23,14.48,280775.13,60.88248637641824,0.5252455959527828,16452.853,18476.8595
1669449600000,14.75,-0.3287592203403799,14.98,14.34,14.75,685572.37,63.936699421769454,0.5334423390990126,16447.359600000003,18462.8012
1669464000000,14.42,-0.3265339761816458,14.76,14.35,14.42,537541.19,57.978314821013754,0.5246250291633688,16442.7148,18448.7535
1669478400000,14.24,-0.32908888614167386,14.44,14.07,14.24,453898.11,54.96918538529641,0.5135803842231281,16437.4858,18434.0775
1669492800000,14.17,-0.3307372151481435,14.24,13.97,14.17,347506.56,53.799777603357114,0.49618178535004753,16432.72,18419.860549999998
1669507200000,14.27,-0.33123171385008443,14.31,14.06,14.27,196670.96,55.26394589325364,0.4785973721107584,16430.137,18405.7805
1669521600000,14.31,-0.3304899657971731,14.45,14.21,14.31,331020.32,55.86645062477713,0.46155470267427556,16427.387600000002,18391.9468
1669536000000,14.35,-0.3299954670952322,14.38,14.21,14.35,308343.89,56.49741169927844,0.4407293667689701,16425.8318,18377.99125
1669550400000,14.41,-0.3297482177442617,14.43,14.16,14.41,497854.74,57.479406020119875,0.42853441199975795,16425.3312,18364.3289
1669564800000,14.31,-0.32925371904232087,14.43,14.21,14.31,314695.94,55.241247763385374,0.413639096856918,16422.9138,18350.5952
1669579200000,14.12,-0.33016029999587915,14.44,14.05,14.12,414741.23,51.164746067193214,0.41195058993856665,16418.376399999997,18333.9967
1669593600000,13.1,-0.3317262125520254,14.17,12.78,13.1,1695674.89,35.86396245964835,0.4818112620858119,16409.3942,18313.522100000002
1669608000000,13.43,-0.3400502740346973,13.54,13.05,13.43,611188.17,41.915952107002205,0.4823961719368252,16399.821799999998,18294.23205
1669622400000,13.47,-0.3373305311740223,13.56,13.27,13.47,439739.8,42.62270381290784,0.46865358822705205,16390.4878,18274.04265
1669636800000,13.23,-0.33708328182305186,13.53,13.09,13.23,611750.58,39.51587365277695,0.46660690335369115,16378.955,18253.050150000003
1669651200000,13.35,-0.3388964437301685,13.76,13.0,13.35,1089451.06,41.80017240332482,0.4875635531141418,16372.9424,18231.134850000002
1669665600000,13.32,-0.3379074463262867,13.43,13.27,13.32,270877.94,41.37942577735961,0.4641661564631317,16365.59,18207.9661
1669680000000,13.47,-0.33815469567725714,13.58,13.14,13.47,517271.43,44.39329509651464,0.46244000243005084,16359.5872,18185.5867
1669694400000,13.73,-0.3370008653727284,13.9,13.45,13.73,538930.83,49.26262414328689,0.46155143082790445,16363.248800000001,18164.0453
1669708800000,13.64,-0.3347756212139943,13.96,13.6,13.64,432829.49,47.70535756635434,0.45429775719733995,16371.7266,18142.75685
1669723200000,13.44,-0.3355173692669057,13.67,13.33,13.44,450215.65,44.35019818997282,0.4461336316832442,16378.8016,18121.17415
1669737600000,13.42,-0.33716569827337534,13.46,13.28,13.42,353643.23,44.016810733976875,0.42712408656301254,16385.6444,18100.192750000002
1669752000000,13.34,-0.33741294762434576,13.47,13.27,13.34,312745.78,42.636182725278964,0.41090093752279744,16391.886000000002,18079.589949999998
1669766400000,13.5,-0.3379898627766102,13.93,13.33,13.5,790849.05,46.266291207973964,0.4244080134140261,16414.331400000003,18060.66825
1669780800000,13.7,-0.3367536160217579,13.74,13.5,13.7,450113.18,50.4844047041592,0.41123601245588143,16436.389199999998,18043.6136
1669795200000,13.71,-0.3350228705649647,13.8,13.65,13.71,323399.78,50.69282320517794,0.39257629728046134,16457.0192,18026.54615
1669809600000,13.53,-0.33494045411464124,13.73,13.47,13.53,545748.63,46.86867978063122,0.3831065617604284,16479.123600000003,18010.474299999998
1669824000000,13.64,-0.3365063666707874,13.85,13.21,13.64,835400.3,49.38172276393421,0.40145609306325486,16505.423,17994.919850000002
1669838400000,14.16,-0.3355173692669057,14.32,13.61,14.16,654451.94,59.20491227420356,0.42349494355873674,16523.8698,17978.3151
1669852800000,13.92,-0.33123171385008443,14.19,13.81,13.92,516665.3,53.99652187079261,0.4203881618759698,16543.5218,17961.02395
1669867200000,13.81,-0.3332097086578481,14.0,13.81,13.81,295307.78,51.74944657786707,0.40393186459911473,16560.3872,17943.415800000002
1669881600000,13.82,-0.3341162896114064,13.93,13.74,13.82,289582.23,51.9452319864427,0.38865101712774935,16570.7056,17925.1568
1669896000000,13.62,-0.3341162896114064,13.95,13.46,13.62,754215.84,47.7702888107586,0.39589023019005287,16578.5822,17906.1838
1669910400000,13.52,-0.33568220216755257,13.65,13.5,13.52,331101.19,45.788681025288916,0.3783266423193349,16585.9028,17887.448350000002
1669924800000,13.51,-0.33658878312111096,13.57,13.4,13.51,380963.58,45.585039261707664,0.3634461678679538,16596.908,17867.71855
1669939200000,13.44,-0.33667119957143443,13.68,13.33,13.44,448577.9,44.10629847627642,0.3624857273059571,16605.482200000002,17848.0439
1669953600000,13.53,-0.33724811472369887,13.56,13.33,13.53,198752.17,46.50889286175744,0.3530224610698173,16612.536399999997,17828.77465
1669968000000,13.61,-0.33658878312111096,13.68,13.49,13.61,446116.88,48.62296024036704,0.34137799956483034,16618.2334,17809.881749999997
1669982400000,13.54,-0.3358470350681996,13.84,13.37,13.54,923939.63,46.87717271945302,0.35056528531019965,16624.5342,17790.322200000002
1669996800000,13.69,-0.3365063666707874,13.7,13.45,13.69,415308.51,50.941962259721606,0.3433820506451854,16632.8322,17771.40805
1670011200000,13.71,-0.3351877034656117,13.79,13.66,13.71,432313.62,51.47510670966144,0.3281404755991007,16643.5248,17753.488250000002
1670025600000,13.63,-0.3350228705649647,13.77,13.56,13.63,316364.23,49.17309798813488,0.3197018701991649,16652.3944,17735.35525
1670040000000,13.56,-0.33559978571722915,13.69,13.51,13.56,371197.97,47.184698556395276,0.30972316518493886,16659.7056,17717.0404
1670054400000,13.5,-0.336259117319817,13.6,13.44,13.5,314706.15,45.48684673406868,0.29902865338601464,16668.865199999997,17699.1772
1670068800000,13.58,-0.3368360324720814,13.59,13.48,13.58,238984.91,48.16505685405638,0.285526606715585,16678.861800000002,17681.2514
1670083200000,13.52,-0.3361767008694935,13.64,13.48,13.52,341532.27,46.326737310676386,0.27656042052161467,16687.297,17662.365700000002
1670097600000,13.29,-0.33658878312111096,13.53,13.2,13.29,376073.85,40.0209716838617,0.28037753334149934,16694.741,17644.784050000002
1670112000000,13.42,-0.3384843614785511,13.54,13.27,13.42,292250.57,44.61016527949851,0.2796362809599636,16703.4696,17627.72365
1670126400000,13.46,-0.33741294762434576,13.52,13.41,13.46,182301.59,45.97976833991328,0.2675194037485376,16712.9546,17610.2519
1670140800000,13.38,-0.33708328182305186,13.48,13.34,13.38,171736.09,43.654829036709316,0.2584108749093564,16719.4116,17592.58225
1670155200000,13.48,-0.33782502987596325,13.51,13.35,13.48,387213.2,47.2456814395197,0.25138152670154523,16728.334199999998,17574.734099999998
1670169600000,13.55,-0.33691844892240486,13.57,13.44,13.55,348026.24,49.6639403273277,0.24271141765143492,16738.438599999998,17557.5478
1670184000000,13.71,-0.336423950220464,13.75,13.53,13.71,396591.06,54.76780409006916,0.2410891735334753,16750.2954,17540.8563
1670198400000,13.91,-0.3350228705649647,14.17,13.66,13.91,1050138.96,60.20024435509973,0.26029708970965565,16764.4644,17524.58345
1670212800000,13.93,-0.3334569580088185,14.04,13.84,13.93,535585.24,60.708440350974236,0.2559901547303945,16781.5716,17508.735
1670227200000,13.98,-0.3332097086578481,14.09,13.93,13.98,578589.48,62.01429754892809,0.2491337151067949,16797.237399999998,17492.685849999998
1670241600000,13.75,-0.3327976264062306,14.0,13.66,13.75,516445.58,53.24754889796331,0.25562416402773813,16807.6562,17475.99725
1670256000000,13.68,-0.33461078831334734,14.01,13.58,13.68,649831.71,50.88961939414895,0.2680795808828997,16815.171,17458.47385
1670270400000,13.82,-0.3352701199159352,14.0,13.65,13.82,631898.92,55.16579334787558,0.27393103939126395,16823.0124,17441.26045
1670284800000,14.16,-0.3341162896114064,14.29,13.81,14.16,713044.75,63.48198971014876,0.2886502508633164,16831.982200000002,17425.02645
1670299200000,14.15,-0.33123171385008443,14.38,14.02,14.15,794620.39,63.11120018934517,0.29374666151593676,16843.43,17409.273100000002
1670313600000,14.02,-0.3314789632010549,14.19,13.89,14.02,469923.4,58.34057129132201,0.2941933285505126,16859.5436,17392.639450000002
1670328000000,13.98,-0.3325503770552602,14.12,13.9,13.98,480046.39,56.914973365971626,0.28889380508261875,16874.8078,17376.050349999998
1670342400000,14.01,-0.3327976264062306,14.1,13.93,14.01,364885.65,57.74886704679222,0.28040139043386025,16889.9606,17360.2518
1670356800000,14.3,-0.3325503770552602,14.31,14.01,14.3,457564.13,64.83428122823742,0.281801291117156,16908.814599999998,17344.4535
1670371200000,14.05,-0.33016029999587915,14.34,14.04,14.05,352263.28,56.100186768236014,0.2831011988945021,16924.8202,17328.266
1670385600000,13.62,-0.33230312770428977,14.08,13.57,13.62,623101.86,44.896957455936764,0.29930825611632333,16935.8226,17311.04205
1670400000000,13.62,-0.3357646186178761,13.73,13.39,13.62,711114.73,44.896957455936764,0.3022148092508717,16945.9352,17293.399550000002
1670414400000,13.68,-0.3358470350681996,13.73,13.58,13.68,392833.67,46.62197524702028,0.29134232287580947,16953.418599999997,17274.529150000002
1670428800000,13.58,-0.3352701199159352,13.74,13.53,13.58,248443.9,44.14169671237042,0.28553215695610884,16959.7804,17255.8155
1670443200000,13.49,-0.3361767008694935,13.62,13.46,13.49,319573.22,41.97723074006065,0.2765655743163867,16968.6436,17235.8052
1670457600000,13.45,-0.3368360324720814,13.54,13.32,13.45,430899.14,41.01463755324748,0.2725251761509304,16976.7988,17214.434100000002
1670472000000,13.51,-0.33716569827337534,13.55,13.27,13.51,469654.74,43.121579029505014,0.27305909214014973,16984.459199999998,17192.81925
1670486400000,13.5,-0.3367536160217579,13.59,13.39,13.5,392925.77,42.84687765492918,0.26784058555871043,16984.5746,17169.8513
1670500800000,13.57,-0.3368360324720814,13.62,13.43,13.57,326431.81,45.46577253003383,0.26228054373308823,16985.239,17147.5162
1670515200000,13.73,-0.3361767008694935,13.77,13.54,13.73,328560.24,50.993406140414436,0.25997479060929624,16992.685,17126.75115
1670529600000,13.69,-0.3347756212139943,13.77,13.62,13.69,269899.32,49.638790861779476,0.25211944842291795,16999.854199999998,17106.37555
1670544000000,13.75,-0.3351877034656117,13.79,13.62,13.75,284231.05,51.71096576677868,0.24625377353556668,17002.6504,17085.7333
1670558400000,13.7,-0.3347756212139943,13.75,13.64,13.7,175010.4,49.86947929729344,0.23652136114016903,17003.6162,17065.2961
1670572800000,13.86,-0.3351052870152882,14.02,13.64,13.86,746052.13,55.349102970464024,0.24676983534444258,17005.4254,17045.333899999998
1670587200000,13.87,-0.333704207359789,13.93,13.68,13.87,629147.17,55.67520980955943,0.2470005613912681,17007.6512,17025.26895
1670601600000,13.62,-0.333704207359789,13.89,13.55,13.62,504241.49,46.526589041822916,0.25364337843474893,17008.455199999997,17004.7069
1670616000000,13.59,-0.3358470350681996,13.63,13.51,13.59,259259.72,45.55912448814731,0.24409742283226693,17011.473,16984.1442
1670630400000,13.62,-0.33609428441917005,13.66,13.55,13.62,133110.77,46.751534537263574,0.23451903548710495,17015.3386,16963.8971
1670644800000,13.62,-0.3357646186178761,13.73,13.61,13.62,190259.39,46.751534537263574,0.22633910438088325,17018.8724,16945.1395
1670659200000,13.59,-0.3357646186178761,13.64,13.55,13.59,156301.7,45.593366555502655,0.2166005969251059,17024.203999999998,16926.41345
1670673600000,13.64,-0.3360118679688465,13.67,13.56,13.64,199769.55,47.90952075821588,0.20898626857331257,17029.241599999998,16909.27325
1670688000000,13.64,-0.33559978571722915,13.7,13.61,13.64,132791.41,47.909520758215876,0.20048724938950452,17032.819199999998,16891.48495
1670702400000,13.58,-0.3355173692669057,13.69,13.54,13.58,137885.29,45.229792100399806,0.19688101729025423,17036.5902,16873.29765
1670716800000,13.64,-0.33609428441917005,13.65,13.53,13.64,102010.68,48.34147733812011,0.19138951605523613,17039.9222,16854.82815
1670731200000,13.64,-0.3355173692669057,13.67,13.61,13.64,81456.55,48.34147733812011,0.18200455062271928,17041.685,16837.7769
1670745600000,13.63,-0.33559978571722915,13.66,13.62,13.63,88423.68,47.816372508635695,0.17186136843538224,17044.6158,16822.87075
1670760000000,13.66,-0.33568220216755257,13.77,13.62,13.66,280869.78,49.58561163365237,0.17029984211856927,17048.395999999997,16809.65385
1670774400000,13.73,-0.3354349528165822,13.8,13.64,13.73,190547.28,53.54347215906883,0.16956413911010007,17053.076,16797.0458
1670788800000,13.42,-0.33485803766431776,13.73,13.39,13.42,466926.59,38.95725516476958,0.18173812917366436,17055.5472,16784.8662
1670803200000,12.96,-0.33741294762434576,13.5,12.82,12.96,684509.85,27.14170238086598,0.21732826280411688,17054.8586,16778.17785
1670817600000,12.98,-0.3411216878889026,13.04,12.93,12.98,229553.35,28.16188395778319,0.2096619583181085,17055.6334,16770.061400000002
1670832000000,13.17,-0.3410392714385791,13.25,12.96,13.17,342916.86,37.16346823725727,0.21540038986681495,17056.213,16763.436100000003
1670846400000,13.1,-0.3394733588824329,13.2,13.01,13.1,422720.69,35.40336677247818,0.21358607630489956,17056.5014,16757.286549999997
1670860800000,13.23,-0.3399678575843738,13.25,13.1,13.23,585908.32,40.99266712334221,0.2090442137116925,17058.393,16753.41225
1670875200000,13.31,-0.3388964437301685,13.39,13.2,13.31,378408.01,44.19280769681952,0.20768391273228598,17061.992000000002,16753.881
1670889600000,13.09,-0.3383195285779041,13.39,13.06,13.09,314835.95,38.07712920550733,0.21642077610855126,17063.328800000003,16755.71965
1670904000000,12.96,-0.3402151069353443,13.18,12.76,12.96,485780.25,34.995302864683,0.2309621492436547,17064.518200000002,16761.93145
1670918400000,13.35,-0.3412041043392261,13.36,12.92,13.35,557708.69,48.469779460816085,0.24589342429767935,17069.4732,16767.30665
1670932800000,13.72,-0.3379898627766102,14.15,13.18,13.72,1921238.52,57.47566625683643,0.29761532256213086,17078.2534,16772.310849999998
1670947200000,13.79,-0.33485803766431776,13.84,13.57,13.79,410533.64,58.9378019369601,0.29564279952197864,17086.8604,16779.0273
1670961600000,13.89,-0.33436353896237686,13.9,13.72,13.89,273857.44,61.00077148133161,0.287382599556123,17100.676,16780.1305
1670976000000,13.96,-0.3334569580088185,14.0,13.82,13.96,322080.9,62.42390292883166,0.2797124138735428,17117.7766,16781.7608
1670990400000,13.9,-0.3330448757572011,14.04,13.81,13.9,241258.08,60.38972043490761,0.2761615271682896,17134.5698,16782.7851
1671004800000,13.97,-0.3334569580088185,14.02,13.9,13.97,285151.87,61.947664234511436,0.2650071323705546,17150.9908,16786.58915
1671019200000,14.48,-0.33288004285655415,14.55,13.95,14.48,1034140.62,70.92141444677728,0.28893519434408654,17172.204,16789.8779
1671033600000,14.3,-0.3286768038900564,14.96,14.15,14.3,2475560.8,65.08728791042611,0.32615410903379466,17188.384,16792.088900000002
1671048000000,14.12,-0.33016029999587915,14.48,14.07,14.12,726398.86,59.7904692930816,0.3321431012456665,17204.741599999998,16796.7483
1671062400000,14.38,-0.3316437961017019,14.52,13.86,14.38,795916.19,64.30868537238877,0.35556145115669036,17219.914200000003,16801.15025
1671076800000,14.14,-0.32950096839329124,14.4,14.13,14.14,321837.34,57.84705885267834,0.3494499189312124,17231.964,16804.255950000002
1671091200000,14.1,-0.33139654675073144,14.2,14.02,14.1,359044.34,56.82229354819627,0.3373463532932686,17245.87,16808.320399999997
1671105600000,14.0,-0.3318086290023488,14.16,13.86,14.0,579269.97,54.23555854785081,0.3346787566294638,17259.1904,16811.35555
1671120000000,14.11,-0.33271520995590714,14.13,13.87,14.11,327657.82,56.5772408021322,0.3293445597273593,17272.1696,16814.2322
1671134400000,14.04,-0.3317262125520254,14.2,13.92,14.04,327655.59,54.66049979138698,0.32581994831826216,17282.5468,16816.3352
1671148800000,14.04,-0.3322207112539663,14.17,13.88,14.04,275922.43,54.66049979138698,0.3232613805812434,17294.7474,16819.0074
1671163200000,14.09,-0.33230312770428977,14.11,13.91,14.09,181300.5,55.89821068326673,0.31445699625401163,17308.081599999998,16822.46375
1671177600000,13.5,-0.3318910454526723,14.1,13.35,13.5,889284.58,41.50126146879153,0.3455672108072965,17311.937,16823.0262
1671192000000,13.01,-0.3367536160217579,13.5,12.95,13.01,826641.11,33.73107413707007,0.36016955289248964,17314.8728,16824.01295
1671206400000,13.01,-0.34079202208760867,13.11,12.63,13.01,1040221.64,33.73107413707007,0.368728870543026,17315.1486,16825.04085
1671220800000,12.25,-0.34079202208760867,13.11,12.0,12.25,1309462.97,25.23292032930732,0.4216768083613812,17309.443,16825.2975
1671235200000,12.26,-0.3470556723121935,12.38,11.92,12.26,718844.63,25.498887641359644,0.42441417919271124,17297.9476,16825.90875
1671249600000,12.46,-0.34697325586187,12.6,12.18,12.46,525323.08,30.80081195785924,0.42409888067894613,17288.376399999997,16827.9872
1671264000000,12.31,-0.3453249268554003,12.5,12.25,12.31,455539.67,29.126614342171777,0.41166324634473567,17278.4876,16830.82935
1671278400000,12.31,-0.3466435900605761,12.37,12.21,12.31,268002.46,29.126614342171777,0.39368730017725445,17268.254200000003,16830.206749999998
1671292800000,12.26,-0.34656117361025257,12.34,12.14,12.26,247215.79,28.527166633197297,0.37985249302173624,17257.258,16829.9159
1671307200000,12.51,-0.34697325586187,12.55,12.24,12.51,250954.82,35.657560349996274,0.3748630292344694,17249.1584,16830.819300000003
1671321600000,12.49,-0.3449952610541064,12.55,12.37,12.49,156460.98,35.353694435922165,0.3609442414320074,17241.1254,16833.233350000002
1671336000000,12.43,-0.34507767750442986,12.6,12.41,12.43,338082.87,34.40642006867448,0.3487339384725782,17233.5708,16833.8902
1671350400000,12.39,-0.34557217620637076,12.48,12.25,12.39,201210.74,33.757040279321046,0.34025294286739405,17224.896200000003,16833.33165
1671364800000,12.31,-0.3459018420076647,12.45,12.29,12.31,128086.23,32.43837943943987,0.3273777326625802,17215.4918,16832.5277
1671379200000,12.44,-0.34656117361025257,12.54,12.29,12.44,237139.13,36.7614162274879,0.3218507517581101,17207.136000000002,16832.3737
1671393600000,12.38,-0.34540734330572376,12.6,12.34,12.38,297613.54,35.62829470008907,0.3174328409182451,17197.7462,16831.1296
1671408000000,12.23,-0.3459842584579882,12.59,12.16,12.23,429193.79,32.89818042110355,0.32547335228122753,17187.8596,16830.2431
1671422400000,12.24,-0.34713808876251695,12.34,12.18,12.24,231928.98,33.26531965669608,0.3136538271182827,17179.754399999998,16829.3514
1671436800000,12.28,-0.3472205052128404,12.36,12.21,12.28,243717.28,34.801972050655124,0.30196426803840526,17171.3714,16828.17375
1671451200000,12.17,-0.34680842296122305,12.34,12.15,12.17,338470.57,32.58022070677053,0.2939668203213763,17161.1354,16827.395699999997
1671465600000,12.02,-0.34771500391478133,12.23,11.92,12.02,695590.11,29.787609322324357,0.295112047441278,17148.901599999997,16826.6349
1671480000000,11.94,-0.3489512506696337,12.15,11.66,11.94,446151.86,28.38994019858528,0.3090326154811867,17134.6088,16826.6708
1671494400000,12.19,-0.3496105822722215,12.32,11.84,12.19,359728.61,38.1556430417792,0.3212445715182448,17125.605,16827.5226
1671508800000,12.34,-0.3474677545638109,12.45,12.19,12.34,234037.82,43.163932527010054,0.31686995926694156,17119.960600000002,16828.222950000003
1671523200000,12.38,-0.3462315078089586,12.44,12.31,12.38,169877.22,44.45569393740308,0.3035221050335885,17117.8662,16829.6633
1671537600000,12.35,-0.3459842584579882,12.49,12.19,12.35,441786.15,43.654326802723546,0.30327052610261795,17117.764000000003,16831.197949999998
1671552000000,12.24,-0.3463139242592821,12.35,12.12,12.24,277219.47,40.75347904418107,0.29803691709528807,17115.9976,16832.72405
1671566400000,12.26,-0.34713808876251695,12.33,12.2,12.26,216607.1,41.51445022931386,0.2860342801599104,17113.6926,16834.5183
1671580800000,12.08,-0.34697325586187,12.29,12.06,12.08,260918.12,36.9184879324606,0.2820318315770595,17109.570200000002,16835.601000000002
1671595200000,12.03,-0.3484567519676927,12.11,11.92,12.03,239155.41,35.73502821972167,0.2754581293215552,17101.6972,16836.2191
1671609600000,12.11,-0.34886883421931014,12.15,11.97,12.11,221212.33,39.09889957692174,0.2686396915128727,17096.2192,16836.33655
1671624000000,12.07,-0.3482095026167223,12.13,11.93,12.07,336527.52,38.027101509832,0.2637368564048104,17090.1384,16836.916699999998
1671638400000,11.96,-0.3485391684180162,12.07,11.93,11.96,178531.7,35.17174872453667,0.2548985095187526,17076.3698,16836.9483
1671652800000,12.14,-0.3494457493715745,12.22,11.9,12.14,313429.58,42.74749693545166,0.2595486159816988,17057.8044,16837.58735
1671667200000,12.12,-0.3479622532657518,12.19,12.08,12.12,143874.58,42.15799752768056,0.24886657198300602,17040.0432,16838.569499999998
1671681600000,12.07,-0.3480446697160753,12.15,11.98,12.07,150129.97,40.64880328538694,0.2432332454127913,17021.086600000002,16839.2016
1671696000000,12.12,-0.34862158486833966,12.17,12.04,12.12,205526.86,42.85198832431261,0.23514515645473483,17002.148999999998,16840.2321
1671710400000,11.77,-0.3482095026167223,12.15,11.72,11.77,482153.82,33.48239514701733,0.2490633595651109,16978.7596,16840.41825
1671724800000,11.84,-0.35109407837804424,11.88,11.69,11.84,251415.19,36.474077081224635,0.24484454816760307,16955.5036,16840.3476
1671739200000,11.82,-0.35035233032513285,12.1,11.67,11.82,572306.67,35.976212880182985,0.2580699375842028,16930.6956,16841.176499999998
1671753600000,12.02,-0.3506819961264268,12.11,11.72,12.02,379335.57,44.18142835222449,0.2674935134710454,16911.4022,16842.180999999997
1671768000000,11.89,-0.34886883421931014,12.04,11.84,11.89,273430.71,40.54416281545986,0.26267254822311353,16892.2994,16842.917650000003
1671782400000,11.89,-0.3499402480735155,11.98,11.8,11.89,234649.35,40.54416281545986,0.25676736620717683,16874.5886,16843.7378
1671796800000,11.85,-0.3501050809741624,11.97,11.77,11.85,444341.84,39.387052557170755,0.2527125543352357,16857.4028,16844.2841
1671811200000,11.86,-0.35043474677545633,11.88,11.79,11.86,150053.85,39.84923374328089,0.2410902290255761,16839.892000000003,16845.88115
1671825600000,11.78,-0.3502699138748094,11.88,11.75,11.78,165571.0,37.39277631680389,0.23315521266660647,16826.881,16846.871
1671840000000,11.78,-0.35084682902707376,11.79,11.71,11.78,152556.5,37.39277631680389,0.22221555461899162,16814.849000000002,16848.13525
1671854400000,11.37,-0.35092924547739723,11.79,11.07,11.37,1085251.89,27.36595776856423,0.2577715864319207,16804.6874,16850.9754
1671868800000,11.33,-0.3543907363909836,11.38,11.2,11.33,367259.38,26.61609699984737,0.25221647311535506,16792.6604,16854.7287
1671883200000,11.37,-0.3547204021922776,11.4,11.27,11.37,192156.83,28.719513699729987,0.24348672503568689,16779.3204,16858.7118
1671897600000,11.56,-0.3542259034903366,11.57,11.34,11.56,293690.3,37.83443071866982,0.24252338753313785,16775.6504,16862.50765
1671912000000,11.45,-0.35282482383483743,11.61,11.35,11.45,195963.24,35.040735370534705,0.24377171699505656,16772.926,16866.036
1671926400000,11.47,-0.35364898833807223,11.5,11.4,11.47,98390.16,35.966543059473565,0.2335023086382668,16772.2726,16871.5818
1671940800000,11.48,-0.3534841554374253,11.56,11.4,11.48,143708.7,36.45420759203874,0.22825214373553346,16776.0696,16876.7852
1671955200000,11.4,-0.3533193225367783,11.51,11.37,11.4,129036.17,34.209617162742305,0.2219484191829954,16778.9628,16881.65365
1671969600000,11.34,-0.35406107058968966,11.44,11.24,11.34,240136.93,32.58890760191764,0.22038067495563854,16779.913800000002,16886.817000000003
1671984000000,11.39,-0.3544731528413071,11.4,11.27,11.39,164934.4,35.33812273774582,0.21392491245880726,16781.6308,16892.04795
1671998400000,11.38,-0.35406107058968966,11.45,11.32,11.38,140211.28,35.03041576880928,0.20793027585460666,16784.2678,16895.002
1672012800000,11.43,-0.35414348704001314,11.49,11.25,11.43,245991.33,37.94018803711366,0.2102209704364205,16788.319,16898.63105
1672027200000,11.32,-0.35381382123871924,11.45,11.27,11.32,171761.81,34.30055631928015,0.20806232969096186,16789.661600000003,16901.7146
1672041600000,11.35,-0.3547204021922776,11.37,11.27,11.35,200666.4,36.10094248669159,0.20034359185589312,16792.122000000003,16903.102049999998
1672056000000,11.19,-0.3544731528413071,11.38,11.12,11.19,362855.53,31.19158330778133,0.2046047638661866,16793.295599999998,16904.2304
1672070400000,11.19,-0.35579181604648286,11.25,11.06,11.19,374932.22,31.19158330778133,0.20356156644717324,16795.8886,16905.506550000002
1672084800000,11.32,-0.35579181604648286,11.35,11.16,11.32,257018.53,39.00742847743306,0.20259288312951798,16800.5996,16907.967950000002
1672099200000,11.28,-0.3546379857419541,11.44,11.26,11.28,254123.24,37.592492382304,0.20097910576312383,16803.1134,16909.9839
1672113600000,11.23,-0.35505006799357147,11.3,11.2,11.23,153115.62,35.8423219686955,0.19376631249432938,16805.733,16911.3143
1672128000000,11.14,-0.3554621502451889,11.24,11.11,11.14,297611.11,32.87539168313798,0.18921157588759163,16808.751600000003,16911.91595
1672142400000,10.77,-0.3562038982981003,11.17,10.71,10.77,1119555.29,24.05837900480259,0.20855360618133503,16810.3026,16912.79535
1672156800000,11.02,-0.3593357234103927,11.03,10.71,11.02,863491.06,36.458620346228564,0.21651406288266814,16809.428399999997,16913.38855
1672171200000,11.09,-0.3571928957019821,11.16,10.97,11.09,364301.27,39.44040288175401,0.21462020124819178,16810.174,16914.1298
1672185600000,10.78,-0.3565335640993942,11.12,10.68,10.78,444632.05,32.227714472687836,0.23071875830189234,16812.0722,16914.496
1672200000000,10.14,-0.3591708905097457,10.79,9.65,10.14,2435352.651,22.9119142414238,0.29566741842318567,16816.2378,16914.73705
1672214400000,10.03,-0.36436312688012523,10.2,9.84,10.03,822708.03,21.748288958757712,0.3002626028215295,16815.2726,16915.7047
1672228800000,9.95,-0.36543454073433057,10.37,9.87,9.95,1593250.94,20.916298050106377,0.3145295597628488,16810.7864,16916.289
1672243200000,9.79,-0.3660114558865949,10.1,9.77,9.79,715275.41,19.3240649309691,0.3156345912083596,16806.419800000003,16916.6104
1672257600000,9.76,-0.3674125355420942,9.91,9.39,9.76,1350986.1,19.03152750625941,0.3302321204077625,16798.9894,16916.78195
1672272000000,9.76,-0.36757736844274114,9.89,9.52,9.76,769197.77,19.03152750625941,0.33307268323577954,16792.15,16916.957550000003
1672286400000,9.62,-0.36757736844274114,9.79,9.56,9.62,409955.86,17.59030062068095,0.32571034871893806,16785.3662,16917.1287
1672300800000,9.46,-0.3688136151975934,9.65,9.26,9.46,1071282.63,16.090590504570145,0.3303024666675854,16780.5982,16916.99325
1672315200000,9.39,-0.37004986195244566,9.52,9.31,9.39,1027285.93,15.469199942327606,0.3217094333341864,16776.6066,16917.1575
1672329600000,8.79,-0.3707091935550335,9.45,8.68,8.79,1972099.38,11.403959548360064,0.35373018809603024,16771.2852,16917.31795
1672344000000,9.64,-0.3756541805744426,10.89,8.0,9.64,6844167.96,36.75921499549291,0.5348923175177424,16766.732,16917.921000000002
1672358400000,9.52,-0.36856636584662295,10.26,9.38,9.52,3802836.04,35.22647033922054,0.559542866266475,16763.5896,16918.47425
1672372800000,9.12,-0.3695553632505048,9.74,9.09,9.12,2206230.19,30.64020958943837,0.566004090104584,16756.5948,16918.55605
1672387200000,9.12,-0.37276960481312066,9.24,9.0,9.12,1097494.97,30.64020958943837,0.5427180836685422,16749.4642,16918.401299999998
1672401600000,9.58,-0.3728520212634442,10.0,9.11,9.58,2455437.44,40.90213013483945,0.567523934835075,16744.032,16918.3627
1672416000000,9.85,-0.3690608645485639,10.07,9.5,9.85,1665272.2,45.95637164474128,0.5677007966325697,16737.8434,16918.235
1672430400000,9.9,-0.36683562038982975,10.07,9.7,9.9,1359808.67,46.86267743409473,0.5535793111588148,16737.2622,16918.401
1672444800000,9.74,-0.3663411216878889,10.06,9.74,9.74,821136.94,44.30237133893866,0.5368950746474709,16735.068799999997,16918.38635
1672459200000,9.83,-0.3676597848930646,9.87,9.66,9.83,328807.16,46.086672426295124,0.5135454264583658,16729.942000000003,16919.067900000002
1672473600000,9.85,-0.36700045329047676,9.93,9.74,9.85,447060.78,46.496860351888465,0.49043503885419676,16724.7204,16921.01255
1672488000000,10.15,-0.36683562038982975,10.2,9.85,10.15,1058661.18,52.35284165681493,0.4804039646503256,16719.5622,16922.852750000002
1672502400000,10.07,-0.3642807104298018,10.19,9.93,10.07,557205.36,50.757427532350064,0.46466082431815947,16714.0846,16924.637000000002
1672516800000,9.97,-0.36502245848271314,10.12,9.86,9.97,408563.23,48.75725651535869,0.4500421940097195,16708.289399999998,16926.6177
1672531200000,9.97,-0.365846622985948,10.09,9.91,9.97,388499.09,48.75725651535869,0.4307534658661681,16702.0544,16928.15915
1672545600000,9.8,-0.365846622985948,9.99,9.69,9.8,402695.1,45.24222089285462,0.4214139325900133,16697.008199999997,16929.72555
1672560000000,9.93,-0.36724770264144724,9.98,9.7,9.93,419399.11,48.3110139122356,0.41131293740501246,16691.3284,16931.07055
1672574400000,9.87,-0.3661762887872419,9.97,9.8,9.87,341447.69,47.001746526400595,0.3940762990189401,16685.537800000002,16931.54765
1672588800000,9.97,-0.3667532039395063,10.06,9.85,9.97,425262.92,49.4601306648933,0.38092799194615873,16681.1112,16932.074849999997
1672603200000,9.99,-0.365846622985948,10.06,9.94,9.99,310208.72,49.96007256621003,0.36229027823571885,16676.719200000003,16933.191199999997
1672617600000,9.99,-0.365681790085301,10.02,9.81,9.99,377527.05,49.96007256621003,0.3514124012188817,16673.086199999998,16934.3681
1672632000000,11.09,-0.3655993736349775,12.0,9.94,11.09,2826907.79,69.31915572401329,0.4734543725603902,16670.789399999998,16935.76185
1672646400000,11.01,-0.3565335640993942,11.38,10.88,11.01,1977405.48,67.28052087276399,0.4753504888060766,16668.8488,16935.21115
1672660800000,11.11,-0.3571928957019821,11.23,11.01,11.11,1079344.45,68.52654181131655,0.4571111681770712,16667.1026,16934.46355
1672675200000,11.26,-0.3563687311987473,11.49,11.08,11.26,679438.82,70.35048970074405,0.4537460847358519,16665.4236,16933.75475
1672689600000,11.28,-0.3552149008942185,11.44,11.19,11.28,687641.34,70.59517617534688,0.4391927929690053,16663.0192,16932.7909
1672704000000,11.22,-0.35505006799357147,11.34,11.0,11.22,850728.24,68.76182454581456,0.4321075934712192,16660.974000000002,16930.935699999998
1672718400000,11.95,-0.35554456669551243,12.05,11.21,11.95,2408167.3,76.69267100630383,0.4612427653661321,16658.9266,16928.766200000002
1672732800000,11.84,-0.349528165821898,12.02,11.7,11.84,1034071.37,73.65802216152157,0.45115399641140846,16655.4634,16926.61645
1672747200000,13.09,-0.35043474677545633,13.29,11.79,13.09,4609920.88,82.252157087721,0.5260715680963078,16652.1292,16924.6501
1672761600000,12.94,-0.34013269048502076,13.91,12.7,12.94,4501379.9,78.92455153786824,0.5749235989465716,16647.715799999998,16922.3546
1672776000000,13.37,-0.3414513536901965,13.49,12.93,13.37,1582223.67,81.2645259566873,0.5738576275932452,16645.0292,16920.84215
1672790400000,13.57,-0.33782502987596325,14.05,13.23,13.57,3728337.78,82.25157843657968,0.5914392256222991,16645.449600000004,16920.39325
1672804800000,14.16,-0.33609428441917005,14.24,13.29,14.16,2354917.4,84.79625622595034,0.6170507095064206,16644.4506,16919.853600000002
1672819200000,13.65,-0.33131413030040796,14.16,13.55,13.65,1518830.4,74.81136191221182,0.6165470873988191,16643.6274,16919.5202
1672833600000,13.36,-0.3355173692669057,13.75,13.17,13.36,1955157.35,69.7797330162974,0.6139365811560464,16643.3246,16919.01135
1672848000000,13.2,-0.3379074463262867,13.64,13.08,13.2,1705764.95,67.09834586733584,0.6100839682163289,16643.523800000003,16918.23855
1672862400000,13.43,-0.33914369308113895,13.65,12.83,13.43,1349727.61,68.94567729453198,0.6250779704865911,16644.5354,16917.79565
1672876800000,13.21,-0.3373305311740223,13.45,13.05,13.21,1047660.49,65.17608087465041,0.6090009725946917,16647.2746,16916.99915
1672891200000,13.25,-0.3390612766308155,13.49,13.12,13.25,941313.14,65.54494192127447,0.5919294745522138,16649.6202,16915.65365
1672905600000,13.26,-0.3388964437301685,13.32,12.95,13.26,815817.18,65.64291936287142,0.5760773692270558,16653.2792,16914.7172
1672920000000,13.29,-0.3387316108295216,13.4,13.04,13.29,854574.8,65.95568829325839,0.5606432714251233,16657.1948,16914.10935
1672934400000,13.4,-0.3384019450282276,13.49,13.06,13.4,611099.6,67.1370161835427,0.5513116091804716,16660.8922,16913.71145
1672948800000,13.43,-0.33757778052499277,13.89,13.36,13.43,1563888.55,67.46856113919907,0.5497893513818666,16665.9588,16913.06325
1672963200000,13.19,-0.3373305311740223,13.58,13.14,13.19,1032034.54,62.073271810154814,0.5419472548545904,16670.7116,16912.46405
1672977600000,13.12,-0.33930852598178596,13.25,13.02,13.12,728416.96,60.55231963842889,0.5196653080792626,16675.6466,16912.00835
1672992000000,13.0,-0.33988544113405034,13.26,12.87,13.0,770658.03,57.93175142940825,0.5104035003593153,16679.244400000003,16910.90125
1673006400000,13.19,-0.34087443853793215,13.21,12.69,13.19,1268487.45,60.82279830958253,0.5110889646193643,16684.9334,16910.1234
1673020800000,13.37,-0.3392261095314624,13.44,13.07,13.37,904369.53,63.3896908420809,0.5010111814322668,16691.7576,16910.079749999997
1673035200000,13.5,-0.33782502987596325,13.6,13.16,13.5,700681.97,65.16488964119526,0.49665323990139054,16698.4386,16909.6836
1673049600000,13.32,-0.33667119957143443,13.51,13.29,13.32,540831.69,60.77095590665391,0.4768922941941484,16705.2398,16909.01825
1673064000000,13.29,-0.33815469567725714,13.33,13.21,13.29,346715.77,60.04427313542107,0.4513999874659949,16711.5322,16908.2302
1673078400000,13.15,-0.3384843614785511,13.32,13.13,13.15,293595.23,56.640450224516535,0.43272855978985236,16717.9166,16906.8373
1673092800000,13.27,-0.3396381917830799,13.29,13.14,13.27,258247.39,58.79654049900261,0.41253366266200564,16727.2264,16904.96975
1673107200000,13.22,-0.3386491943791981,13.28,13.18,13.22,181694.42,57.513254193953784,0.3902098296147195,16736.182,16903.137450000002
1673121600000,13.1,-0.3390612766308155,13.25,13.01,13.1,283866.41,54.44209358489011,0.37948055607081094,16743.9482,16902.435699999998
1673136000000,13.37,-0.3400502740346973,13.42,12.85,13.37,1186390.59,59.66150445585471,0.3930890877800387,16752.3212,16902.522549999998
1673150400000,13.33,-0.33782502987596325,13.44,13.25,13.33,310874.33,58.590561597726804,0.37858272436717877,16759.247,16902.459649999997
1673164800000,13.51,-0.33815469567725714,13.78,13.28,13.51,946006.74,61.904489763905815,0.3872553869123803,16766.7462,16902.07735
1673179200000,13.88,-0.33667119957143443,13.94,13.43,13.88,1081292.72,67.63769062363619,0.3960228592757817,16775.452999999998,16902.07365
1673193600000,13.55,-0.3336217909094655,13.91,13.47,13.55,831911.06,59.09540694963536,0.3991640836132258,16782.655,16901.7904
1673208000000,14.45,-0.33634153377014053,14.89,13.53,14.45,1939120.68,70.16300824977387,0.4677952204979955,16793.4096,16902.5032
1673222400000,16.05,-0.3288416367907034,17.02,14.28,16.05,6412686.47,80.34475124568829,0.6300955618909958,16805.9468,16903.63355
1673236800000,16.35,-0.3157374211892694,16.53,15.9,16.35,2622272.61,81.61179711831258,0.6300887360416391,16819.0684,16904.18115
1673251200000,16.38,-0.3132649276795648,16.83,16.09,16.38,2101674.21,81.73857199963518,0.6379395406100933,16833.1862,16905.25065
1673265600000,17.13,-0.3131000947789178,17.5,16.09,17.13,3650009.46,84.59753674121849,0.6930867162808009,16848.0322,16907.77795
1673280000000,16.28,-0.30675402810400954,17.38,16.23,16.28,2994832.88,71.02587563774895,0.7257233794036007,16862.7728,16910.27995
1673294400000,16.25,-0.3138418428318292,16.68,16.02,16.25,1700483.94,70.59540972748275,0.7210288523033436,16875.1634,16911.98385
1673308800000,15.97,-0.3140890921827997,16.6,15.57,15.97,1686378.45,66.54183309027331,0.7430982199959619,16887.2162,16913.9338
1673323200000,15.89,-0.3163143363415337,16.31,15.86,15.89,1317257.52,65.38660601401315,0.7221626328533931,16898.945200000002,16915.7666
1673337600000,16.03,-0.31697366794412163,16.35,15.82,16.03,1327246.31,66.48322938670518,0.7084367305067223,16910.764199999998,16917.85945
1673352000000,16.25,-0.3159022540899163,16.49,15.82,16.25,1807411.82,68.18881113819985,0.705691249756242,16922.8926,16920.3702
1673366400000,16.39,-0.3141715086331232,16.48,16.03,16.39,1078973.07,69.26080643879733,0.6874275890593674,16936.8474,16923.27935
1673380800000,16.2,-0.31293526187827087,16.73,16.14,16.2,1272150.6,66.00970142070759,0.6804684755551269,16950.9674,16925.895650000002
1673395200000,16.01,-0.31450117443441705,16.33,15.87,16.01,930647.66,62.83342095765524,0.6647207273011891,16964.539,16926.718249999998
1673409600000,16.1,-0.31606708699056324,16.16,15.85,16.1,687569.86,63.723863086316264,0.6393835324939614,16980.0146,16927.831000000002
1673424000000,16.03,-0.3153253389376519,16.14,15.95,16.03,481227.0,62.47024136555296,0.6072847087443929,16994.933399999998,16929.00645
1673438400000,15.41,-0.3159022540899163,16.03,15.3,15.41,1709694.78,52.59998628949256,0.616050086691222,17006.9872,16929.60895
1673452800000,16.0,-0.3210120740099724,16.13,15.28,16.0,1284491.23,59.2054373513377,0.632760794784706,17023.5724,16931.1532
1673467200000,16.36,-0.31606708699056324,16.67,15.74,16.36,1567986.14,62.62766876810493,0.6539921665857985,17048.898800000003,16934.962000000003
1673481600000,16.42,-0.3131000947789178,17.0,16.14,16.42,2043462.85,63.182039448796075,0.66870701182967,17080.525,16940.372049999998
1673496000000,16.25,-0.31260559607697697,16.51,16.16,16.25,797506.16,60.44613482164846,0.645942225270408,17109.785799999998,16945.42035
1673510400000,16.07,-0.3140890921827997,16.26,15.89,16.07,774811.87,57.601981502931146,0.6262320663225218,17136.5614,16950.69895
1673524800000,15.96,-0.3155725882886224,16.5,15.54,15.96,2602482.96,55.87183736541686,0.6500726330137703,17160.905,16955.36175
1673539200000,16.54,-0.3164791692421807,16.8,15.9,16.54,2183261.0,62.301509335716915,0.667924587798501,17201.905,16963.945450000003
1673553600000,16.59,-0.31169901512341863,16.71,16.31,16.59,1207146.12,62.80464873865486,0.6487871172414653,17241.7564,16972.14005
1673568000000,16.7,-0.31128693287180115,16.85,16.29,16.7,858437.67,63.944741899269786,0.6424451802956465,17282.4366,16980.6429
1673582400000,16.9,-0.3103803519182428,17.35,16.69,16.9,2787515.8,65.98614835119821,0.6436990959888146,17321.914399999998,16989.1267
1673596800000,16.67,-0.30873202291177315,17.1,16.54,16.67,1095518.76,61.66236824985467,0.6377205891324709,17363.7792,16997.9634
1673611200000,16.81,-0.3105451848188898,16.88,16.46,16.81,917366.33,63.24127381554236,0.6221691184801514,17412.5302,17008.36495
1673625600000,17.18,-0.30939135451436106,17.21,16.52,17.18,1241486.79,67.09794227326758,0.627014181445855,17463.098400000003,17019.33785
1673640000000,18.29,-0.30650677875303906,18.65,17.0,18.29,4029559.05,75.42728789526915,0.7000845970568653,17524.8398,17033.2203
1673654400000,21.92,-0.2972761363168088,22.84,18.2,21.92,7544541.95,87.00936615044273,0.9815071258385178,17606.9074,17052.169299999998
1673668800000,23.57,-0.26727654839906045,24.74,21.78,23.57,6245906.89,89.44473408623668,1.1228280454214807,17688.2176,17071.23085
1673683200000,22.36,-0.253760250546009,23.93,21.31,22.36,4226735.84,77.90986191993713,1.2297688993199465,17765.981,17090.244649999997
1673697600000,22.33,-0.2636502245848271,23.6,21.8,22.33,3411762.3,77.64251316816397,1.2704996922256646,17845.8346,17109.55865
1673712000000,23.06,-0.26389747393579754,23.43,22.15,23.06,2508499.01,79.48709989779712,1.271178285638117,17926.7438,17128.53395
1673726400000,24.24,-0.25804590596283017,24.75,22.49,24.24,2059786.07,82.06321119122792,1.3418084080925374,18009.0258,17148.254500000003
1673740800000,23.06,-0.24832076482465898,25.0,22.52,23.06,3810772.7,72.28676470082166,1.4231078075144992,18084.6094,17166.63385
1673755200000,22.62,-0.25788107306218316,23.17,22.13,22.62,1125468.06,68.98647671733065,1.3957429641206065,18160.310199999996,17184.26315
1673769600000,22.9,-0.2615073968764165,23.08,21.98,22.9,1394822.01,69.92739968759088,1.3746184666834202,18235.7056,17202.11245
1673784000000,23.69,-0.25936456916800593,23.88,22.71,23.69,2115135.31,72.46563441475834,1.3600028619203186,18314.9094,17220.828
1673798400000,23.36,-0.2527712531421271,23.8,22.97,23.36,1659059.81,69.81481629248212,1.3221455146402958,18393.9464,17237.9556
1673812800000,22.89,-0.2555734124531256,23.4,22.58,22.89,1152770.66,66.10582217315152,1.2862779778802746,18472.568,17253.5484
1673827200000,23.22,-0.25928215271768246,24.19,22.45,23.22,1895827.16,67.41479249934372,1.3186866937459694,18555.2006,17270.2225
1673841600000,24.25,-0.25656240985700746,25.0,23.03,24.25,2320343.7,71.15871821836302,1.3652090727641144,18638.5138,17286.89515
1673856000000,23.38,-0.248155931924012,24.27,22.85,23.38,1784203.56,64.42537995817442,1.3691227104238204,18715.9846,17302.074549999998
1673870400000,23.08,-0.2552437466518317,23.54,22.3,23.08,1657162.79,62.23838726507074,1.3598996596792616,18796.7926,17318.01535
1673884800000,23.55,-0.25779865661185974,23.8,22.85,23.55,1376360.38,64.28396001928036,1.3306211125593141,18884.415599999997,17335.43355
1673899200000,23.58,-0.25392508344665593,24.24,23.31,23.58,1009470.69,64.4164617669114,1.3020053188050775,18968.12,17351.052649999998
1673913600000,23.19,-0.2536778340956855,23.84,22.79,23.19,1156501.5,61.23597927588842,1.2840049388904293,19052.0664,17367.711
1673928000000,23.41,-0.25689207565830136,23.8,23.14,23.41,870853.48,62.36482057698331,1.2394331575411128,19132.1828,17384.3635
1673942400000,23.74,-0.2549964973008612,23.94,23.35,23.74,848175.95,64.05569035894294,1.1930450748596046,19212.637799999997,17401.81445
1673956800000,23.27,-0.2522767544401862,23.95,23.15,23.27,1598940.01,59.92615502177006,1.1649704266553473,19292.1894,17419.2375
1673971200000,23.43,-0.2562327440557135,23.56,23.04,23.43,796477.26,60.85142035061212,1.1189011104656796,19374.14,17437.318150000003
1673985600000,22.86,-0.25491408085053774,23.68,22.7,22.86,785994.48,55.899718867375476,1.108979602575274,19451.4664,17455.84695
1674000000000,23.04,-0.25961181851897636,23.33,22.59,23.04,1533411.11,57.08726971825539,1.0826239166770402,19530.7634,17474.928399999997
1674014400000,22.98,-0.25812832241315364,23.31,22.85,22.98,609016.62,56.54071258919061,1.0381507797715372,19613.357,17494.686400000002
1674028800000,22.52,-0.25862282111509455,22.99,22.12,22.52,949696.59,52.39872958127125,1.026140009787856,19693.336,17513.58095
1674043200000,21.79,-0.26241397782997483,23.65,20.78,21.79,2398730.51,46.5684601542498,1.157844294803009,19770.1266,17531.277850000002
1674057600000,21.77,-0.2685127951539127,22.53,20.34,21.77,4072403.78,46.41608009189672,1.2315697023170797,19843.1996,17550.6751
1674072000000,20.79,-0.2685127951539127,21.87,20.7,20.79,1778451.71,39.581534302831734,1.2271718664372884,19910.195,17569.20075
1674086400000,21.35,-0.27675444018626116,21.54,20.77,21.35,1339470.58,44.60134195213411,1.1945167331203392,19976.498799999998,17588.6169
1674100800000,21.3,-0.27205670251782255,21.79,21.26,21.3,490111.19,44.24785267536504,1.147051252183172,20044.064599999998,17609.55105
1674115200000,20.93,-0.27246878476944,21.5,20.8,20.93,649355.44,41.61917015272414,1.115119019884374,20110.6162,17629.8854
1674129600000,21.07,-0.2755181934314089,21.19,20.41,21.07,1670994.72,42.99904303579916,1.0911819470354902,20179.212000000003,17650.5399
1674144000000,21.65,-0.2743643631268801,21.74,20.86,21.65,1218175.8,48.43650014994076,1.0760975222472409,20252.276,17672.45355
1674158400000,21.4,-0.26950179255779455,21.88,21.31,21.4,745237.34,46.382662680553466,1.0399476992295809,20327.0592,17694.3102
1674172800000,21.33,-0.2716446202662051,21.64,21.02,21.33,753062.36,45.79709917418707,1.0099514349988967,20397.8082,17716.29075
1674187200000,21.07,-0.27213911896814597,21.41,20.93,21.07,526686.39,43.595588178435364,0.9720977610704041,20458.1318,17737.20535
1674201600000,21.14,-0.2743643631268801,21.24,20.96,21.14,362992.68,44.37093150251271,0.9226622067082323,20512.9084,17758.317799999997
1674216000000,21.42,-0.2738698644249392,21.54,21.07,21.42,653397.98,47.48081168719167,0.8903291919433585,20573.0394,17780.2875
1674230400000,23.29,-0.27139737091523464,23.4,21.4,23.29,2448711.54,62.541888067701784,0.9695913925188329,20638.9568,17804.2141
1674244800000,25.51,-0.255985494704743,25.82,23.28,25.51,4907582.44,72.59099261934489,1.0817634359103447,20730.5686,17834.13095
1674259200000,24.83,-0.23777145918325293,25.87,24.24,24.83,2978717.31,66.6892790769111,1.1209231904881773,20803.8086,17863.113599999997
1674273600000,25.54,-0.2433757778052499,25.73,24.72,25.54,1454937.98,69.47939735951421,1.1130001054533076,20879.6434,17892.61435
1674288000000,25.2,-0.2375242098322825,26.6,24.3,25.2,3676675.97,66.60243651061847,1.197785812206643,20960.229000000003,17923.735249999998
1674302400000,25.23,-0.24032636914328098,25.65,25.04,25.23,2058526.66,66.73332886362408,1.1558011113347397,21043.722,17955.118599999998
1674316800000,25.63,-0.24007911979231053,26.11,25.15,25.63,1711090.88,68.50570078065392,1.1418153176679726,21130.713,17987.7988
1674331200000,24.57,-0.23686487822969463,25.68,24.52,24.57,902909.89,59.464360310806285,1.1431142235488316,21201.1602,18018.371150000003
1674345600000,25.0,-0.245601021963984,25.32,24.4,25.0,1052309.19,61.67412227449448,1.1271774932953438,21269.086,18049.38395
1674360000000,25.13,-0.24205711460007417,25.45,24.92,25.13,743038.7,62.34249630985647,1.0845219580599619,21328.3898,18081.66555
1674374400000,24.9,-0.2409032842955454,25.32,24.77,24.9,809607.95,60.33763242479208,1.046341818198536,21364.7174,18111.9474
1674388800000,24.97,-0.24279886265298553,25.42,24.64,24.97,1281368.92,60.75132770093377,1.0273174026129264,21402.6604,18141.905799999997
1674403200000,24.9,-0.2423043639510446,25.25,24.72,24.9,941911.2,60.076502563503205,0.9917947309977174,21442.6688,18171.4453
1674417600000,24.21,-0.24279886265298553,24.93,23.5,24.21,1668543.3,53.739748633302575,1.0230951073550234,21481.0916,18200.39055
1674432000000,24.53,-0.24848559772530596,24.93,24.06,24.53,1028354.61,56.054792838870185,1.0121597425439504,21518.6384,18229.19415
1674446400000,24.46,-0.24584827131495443,24.79,24.33,24.46,424570.89,55.40165211845611,0.9727197609336683,21553.458,18258.19585
1674460800000,24.62,-0.24642518646721884,24.8,24.15,24.62,879717.24,56.64513127687609,0.9496683494384064,21597.167800000003,18288.53325
1674475200000,24.17,-0.24510652326204307,24.7,23.7,24.17,2073950.36,52.23399760016074,0.9532634673356631,21639.516799999998,18318.71805
1674489600000,24.18,-0.24881526352659988,24.75,23.96,24.18,1203558.56,52.32285018896708,0.9416017910974014,21680.9216,18348.28805
1674504000000,24.33,-0.24881526352659988,24.52,24.03,24.33,490332.32,53.713698017118666,0.9093445203047298,21721.085,18378.56465
1674518400000,24.99,-0.24757901677174762,25.24,24.06,24.99,1067135.29,59.3348925566814,0.9286770545686777,21765.2674,18410.18
1674532800000,24.78,-0.24213953105039762,25.0,24.63,24.78,672811.74,56.964394208540384,0.8887715506709151,21808.918999999998,18441.32705
1674547200000,24.46,-0.2437878600568673,24.95,24.29,24.46,934528.82,53.45953906193307,0.8724307256229925,21845.758600000005,18471.65135
1674561600000,24.48,-0.24642518646721884,24.58,23.97,24.48,994565.97,53.65147980145579,0.8536856737927787,21882.2012,18502.1738
1674576000000,24.46,-0.24626035356657186,24.53,24.07,24.46,454585.48,53.41424507491212,0.8255652685218661,21926.2206,18533.09245
1674590400000,22.78,-0.24642518646721884,24.5,22.25,22.78,1997938.58,38.15301877685906,0.92731060648459,21958.995,18563.074200000003
1674604800000,22.93,-0.26035356657188774,22.99,22.24,22.93,1222859.21,39.80668279162898,0.914645563164262,21985.6958,18592.981600000003
1674619200000,23.27,-0.259034903366712,23.43,22.86,23.27,687364.51,43.49467893135121,0.8900280229382433,22016.231799999998,18622.4367
1674633600000,23.13,-0.2562327440557135,23.41,22.98,23.13,524527.22,42.34422258011282,0.8571688784426544,22045.7098,18651.2879
1674648000000,23.32,-0.2573865743602423,24.55,22.7,23.32,2551434.96,44.4901466226083,0.9280853871253221,22074.593999999997,18679.937149999998
1674662400000,23.73,-0.2558206618040961,23.79,23.22,23.73,813533.01,48.90919913750199,0.9025078594735134,22105.1762,18709.46135
1674676800000,24.52,-0.25235917089050974,25.43,23.73,24.52,2532649.38,56.15243290342524,0.9594715837968338,22142.873799999998,18740.60525
1674691200000,24.8,-0.24584827131495443,25.23,24.42,24.8,1061783.56,58.40337099945094,0.9487950420970599,22178.867799999996,18772.0621
1674705600000,24.34,-0.24362302715622036,24.94,24.24,24.34,707650.81,53.540579987782735,0.9310239676615558,22215.5062,18803.003249999998
1674720000000,24.32,-0.24749660032142415,24.58,24.06,24.32,462394.91,53.33265926481771,0.9016651128285875,22250.194199999998,18833.7647
1674734400000,24.26,-0.24757901677174762,25.12,24.07,24.26,1665958.0,52.6718152979207,0.91226046191226,22283.195799999998,18864.3135
1674748800000,24.46,-0.24807351547368853,24.72,23.73,24.46,1137021.6,54.687342450205236,0.9178132860613841,22320.502399999998,18895.541449999997
1674763200000,24.33,-0.24650760291754234,24.61,24.2,24.33,415595.22,53.10428593504492,0.8815409084855711,22359.8408,18926.40795
1674777600000,23.73,-0.24749660032142415,24.53,23.27,23.73,1073391.08,46.42467652202166,0.9085737007366018,22397.162399999997,18956.053099999997
1674792000000,24.03,-0.2524415873408332,24.05,23.66,24.03,295182.56,49.82311841991188,0.8715327221125589,22445.0684,18987.23635
1674806400000,23.7,-0.24996909383112867,24.04,23.57,23.7,576255.5,46.3408935001765,0.8428518133902332,22489.457,19017.913
1674820800000,23.83,-0.25268883669180364,24.2,23.32,23.83,1193551.72,47.88612438720069,0.8455052552909308,22531.757200000004,19048.47295
1674835200000,24.48,-0.25169983928792183,24.59,23.81,24.48,716878.39,54.882172826008684,0.8408263084844358,22581.944,19080.6307
1674849600000,24.43,-0.24626035356657186,24.96,24.01,24.43,873796.51,54.2785453952104,0.848624429306976,22625.898400000002,19112.03605
1674864000000,24.5,-0.2466724358181893,24.88,24.29,24.5,569817.8,55.024354691784204,0.8301512557850491,22666.428200000002,19143.6529
1674878400000,24.35,-0.24593068776527793,25.24,24.17,24.35,805522.21,53.02820731800336,0.8472833089432596,22704.8266,19174.4499
1674892800000,24.3,-0.2472493509704537,24.47,24.18,24.3,472870.36,52.346514308959144,0.8074773583044553,22742.702,19204.8865
1674907200000,24.17,-0.24774384967239457,24.31,23.7,24.17,880875.92,50.52777642688534,0.7933718327112799,22783.764000000003,19235.73095
1674921600000,24.12,-0.24889767997692336,24.22,23.93,24.12,299385.83,49.81094268250482,0.7574167018033312,22825.2808,19266.6075
1674936000000,24.0,-0.2492273457782173,24.13,23.77,24.0,349411.98,48.049090960404655,0.7290297945316647,22862.837400000004,19297.67295
1674950400000,24.13,-0.2502163431820991,24.69,23.73,24.13,979656.3,50.107932332201116,0.7455276663508316,22896.772599999997,19329.4351
1674964800000,24.14,-0.24914492932789384,24.19,24.01,24.14,210144.19,50.271192077685846,0.7051328330400579,22907.5056,19360.85745
1674979200000,24.36,-0.24906251287757034,24.51,24.06,24.36,447704.64,53.84914580990953,0.6869090592514826,22925.202,19393.63575
1674993600000,24.69,-0.2472493509704537,24.79,24.2,24.69,882563.91,58.654554108085904,0.6799869835906625,22942.9366,19426.915250000002
1675008000000,26.32,-0.24461202456010217,26.58,24.46,26.32,3806463.68,73.39197612026298,0.7828450561913292,22962.7804,19462.24245
1675022400000,26.07,-0.2310957267070507,26.8,25.94,26.07,1459373.48,69.3112747494612,0.7883561236062342,22977.6484,19496.95505
1675036800000,25.45,-0.23315613796513782,26.31,25.21,25.45,1103915.92,60.3494595917679,0.810616400491503,22986.2672,19532.0085
1675051200000,25.38,-0.23818354143487036,25.61,25.25,25.38,539769.01,59.415383969808246,0.7784295147421098,23003.4524,19566.690749999998
1675065600000,24.02,-0.23892528948778174,25.53,23.77,24.02,2351505.62,44.88099747927783,0.8485416922605306,23009.8358,19598.82485
1675080000000,24.38,-0.25013392673177565,24.77,23.86,24.38,1235138.76,48.47411585170939,0.8529315713847784,23015.501999999997,19631.4816
1675094400000,23.6,-0.2471669345201302,24.64,23.11,23.6,1647844.77,42.07434627516172,0.9012936020001515,23015.527000000002,19662.011000000002
1675108800000,23.96,-0.253595417645362,24.01,23.34,23.96,654276.04,45.64144343303271,0.8847726304287123,23016.1598,19693.24915
1675123200000,24.01,-0.2504635925330696,24.28,23.66,24.01,568138.5,46.13755827401844,0.8658602996838044,23018.417,19724.4446
1675137600000,24.11,-0.25005151028145217,24.13,23.66,24.11,577697.26,47.17594872981693,0.837584563992104,23023.8242,19756.59925
1675152000000,23.75,-0.2493097622285408,24.14,23.49,23.75,430398.66,43.895158547608844,0.8241856665640966,23027.912399999997,19788.134749999997
1675166400000,24.09,-0.2522767544401862,24.36,23.63,24.09,936044.0,47.60143895806207,0.8174581189523754,23036.4304,19820.9619
1675180800000,24.21,-0.24939217867886426,24.47,24.02,24.21,647032.6,48.884875412655546,0.7912111104557772,23041.616400000003,19853.787800000002
1675195200000,23.92,-0.24848559772530596,24.26,23.61,23.92,903076.07,45.95538009717842,0.781124602566079,23047.056200000003,19886.330449999998
1675209600000,23.87,-0.2507932583343635,24.04,23.67,23.87,369138.75,45.44966528492408,0.7517585595256445,23053.810599999997,19918.9194
1675224000000,23.56,-0.2512877570363044,24.01,23.42,23.56,500449.01,42.33877981643737,0.7402043767023841,23057.0152,19951.135449999998
1675238400000,23.54,-0.25384266699633246,23.63,23.15,23.54,733156.26,42.13838604638864,0.7216183497950711,23056.9802,19983.52765
1675252800000,22.81,-0.2540899163473029,23.67,22.7,22.81,1163238.41,35.52841882549423,0.7393598962382805,23055.493200000004,20016.05165
1675267200000,24.24,-0.2600239007705938,24.47,22.48,24.24,2475344.15,51.558531340572955,0.8286913322212603,23064.8598,20050.50025
1675281600000,25.0,-0.2482383483743355,25.22,24.11,25.0,2063561.73,57.59335278233982,0.8487848084911703,23080.8858,20086.38725
1675296000000,25.28,-0.24197469814975067,25.78,24.95,25.28,1405689.29,59.59071754674147,0.8474430364560869,23097.487200000003,20123.0034
1675310400000,24.87,-0.2396670375406931,25.42,24.72,24.87,749433.81,55.47071292517249,0.836911390994938,23120.451799999995,20158.871600000002
1675324800000,25.0,-0.24312852845427946,25.08,24.8,25.0,458445.55,56.49772427685578,0.7971320059238709,23143.9894,20195.21175
1675339200000,25.02,-0.24197469814975067,25.27,24.59,25.02,1479606.66,56.66332279182103,0.7887654340721658,23166.5304,20231.5838
1675353600000,25.07,-0.24197469814975067,26.15,24.86,25.07,2029491.96,57.102962041892944,0.8245679030670111,23190.6124,20267.7609
1675368000000,24.32,-0.24139778299748627,25.26,24.05,24.32,1123923.31,49.062731289987184,0.8520987671336533,23208.834,20302.2551
1675382400000,24.34,-0.24757901677174762,24.49,24.01,24.34,685274.56,49.26786942069752,0.8255202837669636,23224.540399999994,20337.075299999997
1675396800000,24.32,-0.24741418387110065,24.54,24.24,24.32,416501.57,49.055114449598186,0.787983120640752,23232.446200000002,20371.64445
1675411200000,24.49,-0.24757901677174762,24.53,24.1,24.49,454977.56,50.992354253861976,0.7624128977378412,23240.405600000002,20406.6499
1675425600000,24.86,-0.24617793711624839,25.07,24.05,24.86,1916364.47,55.00291127314195,0.7808119764708524,23253.1382,20442.03575
1675440000000,24.38,-0.24312852845427946,25.05,24.35,24.38,729706.58,49.35956877591887,0.77503969243722,23259.439200000004,20475.7924
1675454400000,24.69,-0.24708451806980672,24.81,24.25,24.69,556449.57,52.7325798757146,0.7596797144059899,23268.916800000003,20510.15825
1675468800000,24.46,-0.24452960810977867,24.82,24.42,24.46,314849.21,50.0679842673368,0.7339883062341334,23274.3854,20543.86
1675483200000,24.5,-0.24642518646721884,24.53,24.29,24.5,219786.56,50.5361045331685,0.6987034272174097,23280.776,20577.422150000002
1675497600000,24.58,-0.2460131042156014,24.6,24.41,24.58,190565.92,51.515141644658605,0.662367468130452,23292.598800000003,20610.93125
1675512000000,24.71,-0.24535377261301353,24.95,24.54,24.71,379017.52,53.138321801665754,0.6443412204068483,23299.5724,20644.432099999998
1675526400000,24.66,-0.24436477520913172,24.8,24.51,24.66,445874.05,52.411548573751766,0.6190311332349304,23308.7408,20677.886000000002
1675540800000,24.34,-0.24477685746074915,24.75,24.17,24.34,484066.15,47.89652759350615,0.616243195146721,23316.5984,20710.8469
1675555200000,24.3,-0.24741418387110065,24.44,24.05,24.3,530644.27,47.34746206065275,0.6000829669219553,23318.4278,20743.88175
1675569600000,24.35,-0.24774384967239457,24.46,24.25,24.35,216211.8,48.147634199424495,0.5722198978561013,23324.492599999998,20777.4044
1675584000000,24.19,-0.24733176742077714,24.45,24.14,24.19,330370.48,45.751536818872374,0.553489905152094,23329.2704,20810.727000000003
1675598400000,23.64,-0.2486504306259529,24.23,23.1,23.64,1982174.25,38.63404351966151,0.59466919764123,23331.3634,20842.5591
1675612800000,23.37,-0.25318333539374455,23.71,23.19,23.37,1167933.41,35.698071619594316,0.5893356835239992,23329.569199999998,20873.41295
1675627200000,23.47,-0.25540857955247864,23.68,23.02,23.47,594970.38,37.58979765013736,0.5943831347008565,23327.976599999998,20904.692799999997
1675641600000,23.37,-0.25466683149956726,23.72,23.25,23.37,293637.91,36.43543340722102,0.5854986250793667,23325.0992,20935.95335
1675656000000,23.35,-0.25532616310215517,23.46,22.83,23.35,792586.75,36.19602004978924,0.5886772947165549,23322.241,20966.9759
1675670400000,23.32,-0.2555734124531256,23.4,23.05,23.32,295054.12,35.81585195548843,0.5716289165225152,23315.937,20997.05695
1675684800000,23.47,-0.2558206618040961,23.5,22.81,23.47,713551.13,39.25147323160324,0.5800839939137642,23312.687599999997,21027.916699999998
1675699200000,23.37,-0.25458441504924384,23.6,23.15,23.37,678323.49,37.7988611818315,0.5707922800627813,23304.6648,21058.895099999998
1675713600000,22.66,-0.25540857955247864,23.37,22.45,22.66,819675.98,29.462054346438833,0.5957356886297257,23289.413399999998,21088.43745
1675728000000,23.06,-0.26134256397576955,23.17,22.54,23.06,374307.56,37.78711981082287,0.5981831394418883,23269.0164,21118.6156
1675742400000,23.22,-0.2579634895125067,23.36,23.03,23.22,355058.55,40.7970265834231,0.5790272009103248,23252.3886,21148.91835
1675756800000,23.35,-0.2567272427576544,23.45,23.1,23.35,454107.0,43.20148765565812,0.5626681151310157,23237.904599999998,21179.666
1675771200000,23.03,-0.2556558289034491,23.43,22.94,23.03,579031.59,39.00238313731905,0.5574775354788002,23223.146200000003,21210.07225
1675785600000,23.27,-0.2582931553138006,23.86,22.59,23.27,2152515.71,43.44249746583537,0.6083719972303144,23223.4348,21241.36375
1675800000000,23.82,-0.2562327440557135,23.96,23.14,23.82,985003.44,52.055527490596255,0.6234882831424349,23224.6738,21273.351349999997
1675814400000,23.89,-0.25169983928792183,24.24,23.8,23.89,618276.45,53.03581299360894,0.6103819772036895,23234.0834,21305.3088
1675828800000,23.77,-0.25120534058598093,23.97,23.58,23.77,366327.23,51.10669102165464,0.5946404074034259,23242.214,21337.31295
1675843200000,23.72,-0.25219433798986274,23.78,23.52,23.72,330856.45,50.28594178621405,0.5707375211603242,23248.695200000002,21368.940499999997
1675857600000,23.28,-0.2524415873408332,23.98,23.26,23.28,1122192.08,43.64360759915814,0.5813991267917294,23246.576,21399.3316
1675872000000,23.09,-0.25615032760539,23.47,22.8,23.09,1155931.75,41.11785837752406,0.58772776059232,23246.7652,21430.014949999997
1675886400000,23.22,-0.25779865661185974,23.27,22.87,23.22,376445.18,43.526056083662546,0.5743186348357258,23243.5892,21460.62585
1675900800000,22.35,-0.2567272427576544,23.35,21.92,22.35,1498466.96,33.61707414882294,0.6354387323474596,23230.6804,21488.518500000002
1675915200000,22.76,-0.26381505748547407,22.9,22.19,22.76,536550.02,40.49251574346058,0.6407645371797838,23221.706000000002,21517.1473
1675929600000,22.79,-0.2604359830222112,22.98,22.72,22.79,454833.7,40.974250299247856,0.6135670702383708,23212.818000000003,21545.81395
1675944000000,22.65,-0.2601887336712408,22.97,22.57,22.65,641430.62,39.37240837803528,0.5983122795070585,23203.5032,21574.1282
1675958400000,21.8,-0.2612601475254461,22.7,21.46,21.8,1392900.25,31.35710194527738,0.6441471166851256,23182.606999999996,21599.700249999998
1675972800000,20.48,-0.26834796225326574,21.8,20.0,20.48,1874609.09,23.392768133266102,0.7267080369219023,23158.9394,21623.979900000002
1675987200000,20.79,-0.2792269336959657,20.9,20.27,20.79,1212774.35,28.016763117197925,0.7198003199989093,23127.731399999997,21648.3876
1676001600000,21.1,-0.2766720237359377,21.1,20.51,21.1,711419.69,32.41028584772202,0.7105288685704158,23091.312400000003,21673.228300000002
1676016000000,20.69,-0.27411711377590964,21.2,20.63,20.69,731608.82,29.818088007941114,0.7004910922439576,23049.010799999996,21697.175799999997
1676030400000,20.73,-0.27749618823917255,21.01,20.44,20.73,1105187.57,30.402928009784418,0.6911702999408177,23006.4702,21720.6774
1676044800000,20.89,-0.27724893888820207,20.99,20.52,20.89,749198.22,32.814670850493755,0.6753724213736163,22965.482200000002,21744.895750000003
1676059200000,20.11,-0.27584785923270283,20.91,19.68,20.11,1012835.88,27.76368215620991,0.7149886769897866,22921.196,21768.019549999997
1676073600000,20.41,-0.2823587588082581,20.49,20.1,20.41,473815.76,32.093138251463245,0.6917752000619445,22878.7158,21791.7761
1676088000000,20.34,-0.2798862652985536,20.42,20.21,20.34,214010.83,31.616971058568282,0.6573626857718057,22842.7896,21814.600100000003
1676102400000,20.32,-0.280463180450818,20.39,20.23,20.32,168442.52,31.473287844020987,0.6218367796452481,22806.054799999998,21837.1023
1676116800000,20.52,-0.2806280133514649,20.62,20.28,20.52,353236.37,34.6705585068363,0.601705581099159,22771.645799999995,21859.7888
1676131200000,20.37,-0.2788972678946718,20.52,20.26,20.37,290415.06,33.41145665019046,0.577298039592076,22734.2158,21881.9073
1676145600000,20.81,-0.2800510981992006,20.92,20.33,20.81,359932.44,40.264431367194184,0.5782053224783565,22699.3996,21904.877600000003
1676160000000,20.67,-0.2765071908352907,20.83,20.62,20.67,191972.72,38.89288706583262,0.5519049423013309,22668.8674,21927.31605
1676174400000,20.85,-0.2776610211398195,21.02,20.63,20.85,321254.27,41.64517698162342,0.5403403035655215,22636.197799999998,21950.41685
1676188800000,21.06,-0.27617752503399673,21.08,20.84,21.06,340724.5,44.77056870438237,0.5188874247394127,22607.095400000002,21973.8298
1676203200000,21.43,-0.2744467795772036,21.59,20.77,21.43,805828.0,49.86542726714208,0.5403954658294546,22579.4178,21997.540299999997
1676217600000,22.04,-0.27139737091523464,22.59,21.38,22.04,1797480.53,56.921107426587575,0.5882243611273508,22552.086199999998,22021.26175
1676232000000,21.49,-0.26628755099517865,22.22,21.1,21.49,1167981.79,50.07782361954572,0.6262083353325397,22519.327999999998,22043.540950000002
1676246400000,20.91,-0.2709028722132938,21.61,20.46,20.91,1850047.78,44.061874344339884,0.6636220256659296,22486.982200000002,22065.4197
1676260800000,21.17,-0.27560060988173235,21.31,20.86,21.17,731916.68,47.12816380783813,0.6483633095469347,22457.799199999998,22087.554850000004
1676275200000,20.45,-0.27354019862364526,21.19,20.04,20.45,1533639.3,40.506412665066904,0.6841945017221537,22422.9708,22108.4897
1676289600000,20.37,-0.2794741830469361,20.7,20.36,20.37,764921.78,39.83665548271909,0.6596091801705712,22386.6832,22129.071550000004
1676304000000,20.43,-0.28013351464952396,20.54,19.73,20.43,1145006.43,40.6295400359054,0.6703513815869588,22351.712799999998,22149.92185
1676318400000,20.77,-0.2796390159475831,20.86,20.24,20.77,659798.07,45.0489692230029,0.6667548543307475,22325.269,22172.129549999998
1676332800000,20.83,-0.2768368566365847,21.08,20.66,20.83,583580.89,45.815496964696486,0.6491295075928368,22301.4414,22192.8802
1676347200000,21.06,-0.2765071908352907,21.09,20.76,21.06,402328.32,48.76584262627288,0.626334542764777,22278.152800000003,22212.006299999997
1676361600000,21.37,-0.2744467795772036,21.61,20.76,21.37,1156595.6,52.51851492458022,0.642310646853007,22256.4394,22229.93195
1676376000000,21.89,-0.27189186961717554,22.37,20.88,21.89,3423073.87,58.06687463105525,0.7028598863635066,22239.6746,22249.4481
1676390400000,22.02,-0.26760621420035435,22.06,21.63,22.02,1396374.63,59.34587201827312,0.683369894480399,22226.283,22269.48735
1676404800000,21.84,-0.2665348003461491,22.06,21.54,21.84,677568.52,56.76420162145639,0.6717006163032276,22209.452,22290.053449999996
1676419200000,21.6,-0.2680182964519718,21.93,21.45,21.6,431872.71,53.42691290682632,0.6580077151387114,22190.821200000002,22306.12415
1676433600000,21.53,-0.2699962912597354,21.68,21.48,21.53,254666.09,52.45818023209546,0.6252928783430891,22177.7686,22322.440499999997
1676448000000,22.11,-0.27049078996167636,22.23,21.46,22.11,671743.58,59.07890784786708,0.6356291013185827,22169.1114,22340.284299999996
1676462400000,22.43,-0.2657930522932377,22.75,22.11,22.43,1396909.58,62.20612480461782,0.6359413083672554,22167.082400000003,22360.210349999998
1676476800000,23.0,-0.2632381423332097,23.02,22.27,23.0,1000641.82,67.03817664065181,0.6440883577695943,22173.9156,22382.200100000002
1676491200000,23.86,-0.25837557176412407,23.99,22.93,23.86,1832070.19,72.70782999571351,0.6737963322146232,22202.2988,22407.5144
1676505600000,23.81,-0.25137017348662793,24.2,23.56,23.81,1183894.3,71.93313543562103,0.6713823084850074,22235.1092,22434.36645
1676520000000,23.73,-0.25169983928792183,23.99,23.54,23.73,663934.11,70.63630861276425,0.6555692864503639,22262.559000000005,22457.781150000003
1676534400000,23.56,-0.2524415873408332,23.9,23.49,23.56,488808.12,67.83754181068306,0.6380286231324809,22288.8232,22475.78775
1676548800000,23.86,-0.253760250546009,23.88,23.06,23.86,1472031.55,70.08978494082044,0.6510265786230179,22325.623000000003,22496.664299999997
1676563200000,23.59,-0.25137017348662793,24.14,23.36,23.59,1402793.38,65.63498102165204,0.660238965864231,22359.8932,22517.41855
1676577600000,22.24,-0.253595417645362,23.61,22.2,22.24,1621151.17,48.89965008688114,0.7137933254453575,22372.802000000003,22531.073449999996
1676592000000,22.68,-0.26472163843903246,22.8,21.99,22.68,677556.77,53.09724819858804,0.7206652307706892,22392.077,22546.348250000003
1676606400000,22.54,-0.26109531462479907,22.81,22.52,22.54,439996.34,51.64361882120595,0.6899034285727828,22405.557800000002,22559.758850000002
1676620800000,22.6,-0.2622491449293279,22.72,22.46,22.6,381455.33,52.246997910164986,0.6591960408175839,22430.9854,22575.1125
1676635200000,22.79,-0.261754646227387,22.99,22.43,22.79,1097219.59,54.19606283817066,0.6521106093306136,22460.067199999998,22592.086550000004
1676649600000,23.46,-0.2601887336712408,23.49,22.58,23.46,896397.03,60.3429092702309,0.6705312800927127,22496.841200000003,22611.09785
1676664000000,23.14,-0.25466683149956726,23.54,22.69,23.14,1047192.69,56.446652216514074,0.6833504743718045,22536.021800000002,22629.406300000002
1676678400000,23.34,-0.2573041579099188,23.63,23.13,23.34,406798.35,58.26062993382731,0.6702540119166757,22587.5612,22648.10395
1676692800000,23.22,-0.2555734124531256,23.48,23.11,23.22,250894.29,56.733808401220315,0.6488072967797703,22642.0144,22666.3415
1676707200000,23.06,-0.25664482630733093,23.26,22.92,23.06,423613.93,54.676327300415316,0.6267496327240725,22695.891,22683.5602
1676721600000,23.42,-0.2579634895125067,23.55,23.0,23.42,437626.48,58.33739329397817,0.6212675161009245,22751.021999999997,22701.355349999998
1676736000000,23.48,-0.2550789137511847,23.94,23.4,23.48,719640.83,58.93279630703498,0.6154626935222872,22808.518400000004,22720.309250000002
1676750400000,23.45,-0.2545019985989203,23.67,23.26,23.45,408937.12,58.48276042693518,0.6007867868421239,22868.0756,22738.49815
1676764800000,23.3,-0.25466683149956726,23.6,23.2,23.3,255896.76,56.172972099007346,0.5864448734962581,22926.287599999996,22755.36375
1676779200000,23.53,-0.255985494704743,24.0,23.26,23.53,596142.13,58.856272028287584,0.5974130968179538,22985.4362,22772.348599999998
1676793600000,23.69,-0.2540899163473029,23.73,23.46,23.69,393635.67,60.66066466778538,0.5740264470452429,23045.2536,22790.0729
1676808000000,25.26,-0.25268883669180364,25.28,23.7,25.26,2431967.81,73.11855239196474,0.6465959865420112,23109.8452,22809.0157
1676822400000,24.65,-0.2397494539910166,25.39,24.0,24.65,2694575.74,64.56355822492037,0.6996962732175819,23166.3722,22825.5359
1676836800000,24.84,-0.24485927391107265,25.64,24.01,24.84,1943947.14,65.9017924491223,0.7661465394163259,23217.091800000002,22841.0144
1676851200000,26.16,-0.2433757778052499,26.33,24.11,26.16,2642393.23,73.41362859525537,0.8699932151723025,23272.2182,22856.42685
1676865600000,26.49,-0.23241438991222646,27.12,25.84,26.49,2723691.47,74.90221692411889,0.8992794140885667,23325.0402,22873.27105
1676880000000,26.38,-0.22977706350187496,26.68,26.03,26.38,1406977.56,73.42640426293617,0.881473741653669,23387.212600000003,22891.42835
1676894400000,26.54,-0.23060122800510982,26.71,26.13,26.54,1354278.77,74.22200944119268,0.8599399029641213,23450.1016,22909.603000000003
1676908800000,26.34,-0.22928256479993406,26.57,25.55,26.34,1551599.74,71.3465009618942,0.8713727670381125,23509.7792,22927.9406
1676923200000,26.26,-0.23093089380640375,26.38,25.9,26.26,587298.3,70.17535443691912,0.843417569392533,23567.717200000003,22946.93795
1676937600000,26.12,-0.2315902254089916,26.61,25.78,26.12,1102306.82,68.06956819988494,0.8424591715787805,23626.304799999998,22967.038049999996
1676952000000,26.02,-0.2327440557135204,26.3,25.71,26.02,548157.14,66.53378972236966,0.8244263736088675,23690.633,22988.65045
1676966400000,25.06,-0.23348580376643174,26.25,24.91,25.06,1951800.92,53.94972993844668,0.8612530612082342,23745.917599999997,23007.7744
1676980800000,25.06,-0.24148019944780977,25.38,24.75,25.06,1195721.01,53.94972993844668,0.844734985407646,23799.7256,23026.4701
1676995200000,25.25,-0.24148019944780977,25.5,24.69,25.25,1059489.84,55.865775136859256,0.8422539150213855,23859.720999999998,23045.7659
1677009600000,24.98,-0.23983187044134005,25.47,24.5,24.98,866972.29,52.521474403960624,0.8513786353770006,23917.503800000002,23063.6445
1677024000000,24.44,-0.24213953105039762,25.24,23.86,24.44,1491190.61,46.52298683356629,0.8891373042786433,23969.3846,23079.199000000004
1677038400000,23.82,-0.24650760291754234,24.48,23.44,23.82,1225188.91,40.766112310485916,0.899913211115883,24015.1242,23094.145800000002
1677052800000,23.56,-0.25169983928792183,23.83,23.21,23.56,1357725.0,38.60852336613189,0.8799194103218911,24064.333199999997,23109.51145
1677067200000,23.65,-0.25384266699633246,23.8,23.25,23.65,1283602.48,39.796331277711666,0.8563537381560418,24103.235800000002,23123.2823
1677081600000,23.78,-0.2530185024930976,24.15,23.4,23.78,1230779.42,41.55534198131059,0.8487570425734674,24142.873000000003,23137.4231
1677096000000,24.16,-0.2520295050892158,24.35,23.46,24.16,585819.24,46.47803238815708,0.8517029681039341,24185.688199999997,23152.610299999997
1677110400000,24.44,-0.24889767997692336,24.69,23.95,24.44,861529.61,49.83116576964648,0.8437241846679389,24230.612200000003,23167.4012
1677124800000,24.5,-0.24650760291754234,24.58,24.23,24.5,543923.87,50.54615049469081,0.8084581714773716,24274.1408,23175.9465
1677139200000,23.76,-0.2460955206659249,24.63,23.6,23.76,962145.9,42.50111085582625,0.8242825878004164,24307.755,23182.110750000003
1677153600000,23.88,-0.2522767544401862,24.39,23.61,23.88,1054096.72,44.05609891780528,0.8211195458146724,24344.5756,23188.67355
1677168000000,24.04,-0.2512877570363044,24.08,23.61,24.04,577444.89,46.14731257116034,0.7960395782564814,24375.103,23194.002800000002
1677182400000,23.91,-0.24996909383112867,24.21,23.68,23.91,391825.1,44.685732564904974,0.7770367512381614,24397.7178,23198.709300000002
1677196800000,23.78,-0.2509580912350105,24.13,23.69,23.78,472562.01,43.21184724119417,0.7529626975782925,24410.4208,23202.12705
1677211200000,23.96,-0.2519470886388923,24.1,23.74,23.96,443686.32,45.87389255491461,0.7248939334655574,24400.5462,23207.360900000003
1677225600000,23.78,-0.2505460089833931,24.07,23.52,23.78,609723.67,43.66934697303331,0.712401509646589,24383.572200000002,23212.988
1677240000000,23.05,-0.2519470886388923,24.01,22.92,23.05,1208614.08,36.09369705521241,0.7393728303861183,24358.3394,23215.26855
1677254400000,23.04,-0.25812832241315364,23.06,22.51,23.04,1450873.09,36.001561689737706,0.7258461996442526,24330.613800000003,23217.26185
1677268800000,23.07,-0.25804590596283017,23.35,22.46,23.07,683429.14,36.525045590310256,0.7375714710982345,24292.866199999997,23219.215750000003
1677283200000,22.95,-0.25788107306218316,23.33,22.93,22.95,537492.99,35.281876223550455,0.7134592231626462,24256.9674,23220.993199999997
1677297600000,22.94,-0.258870070466065,23.19,22.83,22.94,529516.85,35.174435208319096,0.6882121357938861,24248.956199999997,23223.0396
1677312000000,22.77,-0.2589524869163885,23.05,22.61,22.77,581872.76,33.31698277698857,0.6704826975228944,24231.8604,23224.65375
1677326400000,22.34,-0.26035356657188774,22.8,22.02,22.34,962437.39,29.127182996903528,0.6783053619855448,24219.243199999997,23226.20515
1677340800000,21.92,-0.26389747393579754,22.52,21.65,21.92,883548.62,25.724371466258603,0.6919978361294346,24203.107799999998,23226.5975
1677355200000,22.37,-0.2674413812997074,22.5,21.41,22.37,1046381.44,34.54733800936744,0.7204265621201892,24183.639200000005,23228.117150000002
1677369600000,22.65,-0.2636502245848271,22.74,22.21,22.65,372497.77,39.37307901959633,0.7068246648258898,24157.44,23230.227450000002
1677384000000,22.79,-0.2612601475254461,22.84,22.49,22.79,282243.5,41.688067418156315,0.6813371887668979,24129.131999999998,23231.41805
1677398400000,22.85,-0.2601887336712408,22.99,22.63,22.85,432523.75,42.69792825099015,0.6583845324264052,24102.007199999996,23232.288899999996
1677412800000,22.93,-0.25969423496929983,22.97,22.55,22.93,429794.43,44.08829773800736,0.641357065824519,24076.571600000003,23233.25465
1677427200000,23.37,-0.2589524869163885,23.4,22.68,23.37,639179.27,51.11402884416685,0.6469744182656247,24056.1698,23236.162999999997
1677441600000,23.25,-0.25540857955247864,23.53,22.94,23.25,661636.33,49.29473601594322,0.6429048169609372,24033.9016,23239.28045
1677456000000,23.03,-0.25639757695636045,23.28,22.98,23.03,402575.39,46.058094653238186,0.6184116157494417,24012.7672,23241.9459
1677470400000,22.89,-0.25812832241315364,23.05,22.76,22.89,475579.47,44.07485601420048,0.59495364319591,23988.594399999998,23245.898
1677484800000,22.77,-0.25936456916800593,22.97,22.62,22.77,429624.52,42.38997192247667,0.5774569543962019,23963.538000000004,23249.8243
1677499200000,23.06,-0.2602711501215642,23.41,22.65,23.06,1025557.48,47.60296638422066,0.590495743367902,23943.0736,23254.059049999996
1677513600000,22.54,-0.25788107306218316,23.14,22.32,22.54,886942.28,40.52231164778283,0.6068889045559089,23915.212000000003,23257.448450000004
1677528000000,22.68,-0.2622491449293279,22.79,22.36,22.68,450418.44,42.9813521988161,0.5942539828019154,23886.6096,23262.0196
1677542400000,22.61,-0.26109531462479907,22.75,22.42,22.61,266316.87,42.045334397712594,0.5753786983160641,23865.4842,23265.6129
1677556800000,22.08,-0.26158981332674,22.63,22.06,22.08,386872.75,35.70520554430858,0.5749945055792024,23844.7826,23266.491599999998
1677571200000,22.2,-0.26604030164420817,22.32,22.05,22.2,272397.91,37.98536148614489,0.5532091837521165,23824.257400000002,23267.77425
1677585600000,22.54,-0.2650513042403263,22.6,22.19,22.54,451626.87,44.04076213318904,0.5429799563412511,23804.5504,23270.5321
1677600000000,22.2,-0.2622491449293279,22.7,22.18,22.2,342796.33,39.850273594360814,0.5413385308883045,23772.037599999996,23271.889199999998
1677614400000,21.89,-0.26513372069064983,22.25,21.75,21.89,571704.48,36.44526362745472,0.5383857786819971,23736.0116,23272.806950000002
1677628800000,22.32,-0.2676886306506779,22.41,21.65,22.32,487501.01,43.63903961726269,0.5542153659189974,23707.3906,23274.662650000002
1677643200000,22.58,-0.2639798903861211,22.68,22.3,22.58,315248.24,47.507978441482436,0.5417714112104975,23684.867799999996,23278.194699999996
1677657600000,22.68,-0.26183706267771045,22.91,22.54,22.68,406166.58,48.95922782840422,0.5295020246954621,23661.12,23283.027449999998
1677672000000,22.66,-0.26109531462479907,22.87,22.52,22.66,447152.87,48.66941370607019,0.5166804515029292,23635.3428,23286.219050000003
1677686400000,22.15,-0.2612601475254461,22.67,22.11,22.15,419011.34,41.8640533917061,0.5197747049670058,23610.988999999998,23288.157400000004
1677700800000,22.51,-0.26554580294226726,22.55,22.1,22.51,370522.57,47.44985999449135,0.5147907974693625,23592.406600000002,23291.632449999997
1677715200000,22.04,-0.26257881073062184,22.65,21.89,22.04,479812.7,41.80275237018341,0.5323057405072651,23570.2348,23292.8386
1677729600000,21.98,-0.2663699674455021,22.17,21.85,21.98,300320.65,41.12979774997154,0.5171410447567462,23549.029,23294.42715
1677744000000,22.08,-0.26686446614744297,22.1,21.89,22.08,283342.5,42.78304968872512,0.49520239870269295,23533.286600000003,23295.913600000003
1677758400000,21.85,-0.26604030164420817,22.1,21.67,21.85,627757.57,40.00062864720441,0.4905450845096434,23519.289799999995,23297.761599999998
1677772800000,22.09,-0.2680182964519718,22.15,21.7,22.09,272852.66,44.08694881804668,0.4876490070446688,23505.3522,23300.174
1677787200000,22.0,-0.26595788519388464,22.16,21.93,22.0,267107.28,42.90682382110293,0.4692455065414782,23500.386399999996,23302.4379
1677801600000,20.86,-0.266699633246796,22.02,20.34,20.86,1819919.1,31.430238915863427,0.5557279703599439,23470.946799999998,23298.8396
1677816000000,21.06,-0.2760951085836733,21.24,20.81,21.06,379816.54,34.72875084387012,0.5467474010485194,23434.5182,23295.530499999997
1677830400000,21.14,-0.2744467795772036,21.23,21.06,21.14,280340.21,36.053838407913034,0.5198368724021967,23392.279599999998,23291.27795
1677844800000,21.26,-0.2737874479746157,21.45,21.02,21.26,549093.32,38.084320845070216,0.5134199529448968,23351.480799999998,23286.9403
1677859200000,21.44,-0.2727984505707339,21.46,21.15,21.44,302991.9,41.10522843689952,0.4988899563059758,23323.046399999996,23281.571849999997
1677873600000,21.42,-0.2713149544649112,21.53,21.16,21.42,303119.82,40.866640811834166,0.48968353085554905,23291.1148,23275.718100000002
1677888000000,21.33,-0.2714797873655581,21.62,21.3,21.33,242138.39,39.748569388362746,0.47756327865158127,23258.618,23267.962199999998
1677902400000,21.17,-0.2722215354184695,21.37,21.03,21.17,197535.17,37.77017980908964,0.46773733017646835,23226.9958,23261.046150000002
1677916800000,21.16,-0.2734577821733218,21.26,21.08,21.16,209011.73,37.64406921330804,0.44718466373529225,23194.904,23254.28625
1677931200000,20.96,-0.2736226150739688,21.19,20.93,20.96,242569.27,35.11853316357575,0.43381433061134295,23164.655,23247.661550000004
1677945600000,20.67,-0.27527094408043845,21.05,20.59,20.67,326518.39,31.788283646647017,0.4356847355676757,23131.9962,23243.5281
1677960000000,20.98,-0.277578604689496,21.0,20.2,20.98,536309.66,38.501815870581716,0.4617072544556989,23111.901399999995,23239.3684
1677974400000,21.33,-0.27510611117979145,21.72,20.93,21.33,714428.91,45.07469453352855,0.48515673628029177,23095.996399999996,23237.3792
1677988800000,21.31,-0.2722215354184695,21.44,21.22,21.31,140771.8,44.78016715780057,0.46621696940312823,23079.8046,23235.126949999998
1678003200000,21.2,-0.27246878476944,21.38,21.14,21.2,142062.43,43.11163440505552,0.4500586144457618,23066.047199999997,23232.90075
1678017600000,21.27,-0.2732929492726748,21.36,21.16,21.27,199727.72,44.52811932095465,0.43219728484249303,23052.427600000003,23230.19045
1678032000000,21.1,-0.27271603412041046,21.33,21.01,21.1,193494.75,41.80567325914217,0.424183193068029,23040.8196,23227.88055
1678046400000,20.97,-0.27411711377590964,21.33,20.84,20.97,342816.35,39.8016396132054,0.42888439356316965,23029.3008,23224.422750000005
1678060800000,20.92,-0.27510611117979145,21.09,20.66,20.92,422198.29,39.02674358102813,0.42896407973722894,23017.383599999997,23220.539299999997
1678075200000,20.76,-0.27560060988173235,20.96,20.6,20.76,449004.37,36.57295475485863,0.42403807404171256,23002.096999999998,23216.87735
1678089600000,20.7,-0.2770016895372316,20.79,20.61,20.7,242309.09,35.66730328706956,0.40660678303873304,22985.3978,23213.124250000004
1678104000000,21.06,-0.277413771788849,21.1,20.55,21.06,384769.59,44.541078093012324,0.4168491556788236,22973.3748,23210.50795
1678118400000,20.76,-0.2745291960275271,21.19,20.75,20.76,351215.52,39.63475381636135,0.41850278741605057,22956.173000000003,23207.0871
1678132800000,20.63,-0.27691927308690806,20.77,20.47,20.63,366923.02,37.696955466667134,0.41003830260061847,22939.428399999997,23204.238449999997
1678147200000,20.79,-0.27807310339143687,20.95,20.44,20.79,326197.63,41.48865415269855,0.4171784238434313,22918.6526,23199.6112
1678161600000,20.71,-0.2765896072856142,20.86,20.68,20.71,201826.51,40.172202601894796,0.40023710785461475,22895.9498,23193.04645
1678176000000,20.31,-0.27733135533852554,20.74,20.27,20.31,371874.02,34.31011395433998,0.405220171579285,22871.937800000003,23185.55855
1678190400000,20.42,-0.2806280133514649,20.64,19.92,20.42,1097136.93,37.031363706158004,0.42770444503790744,22849.8896,23178.25745
1678204800000,20.02,-0.2797214323979066,20.51,19.97,20.02,545134.49,31.8624318876592,0.4357255561066285,22823.807599999996,23169.778850000002
1678219200000,20.25,-0.28310050686116944,20.29,19.71,20.25,562662.41,37.28327683449658,0.44603087352758347,22796.5788,23161.571150000003
1678233600000,20.0,-0.2811225120534058,20.39,19.8,20.0,487614.31,34.106984035173454,0.4563143825613275,22774.102199999998,23153.3209
1678248000000,19.19,-0.283182923311493,20.07,19.13,19.19,854080.11,26.29156059021139,0.4908633552355185,22743.681,23145.731350000002
1678262400000,19.34,-0.2897762393373717,19.53,19.16,19.34,524759.03,29.512710447657156,0.48223025843298156,22715.779599999998,23138.4227
1678276800000,19.24,-0.28870482548316645,19.38,18.64,19.24,1788894.58,28.614910591787904,0.5006423828306257,22693.862,23131.845550000002
1678291200000,18.68,-0.28944657353607783,19.41,18.47,18.68,974143.03,24.179011255106147,0.5320250697712954,22665.9532,23124.161150000004
1678305600000,18.41,-0.2940618947541929,18.96,18.1,18.41,1197312.47,22.37779061316725,0.5554518505019171,22629.695999999996,23114.67155
1678320000000,18.58,-0.296287138912927,18.68,18.37,18.58,587060.91,26.110146305141967,0.5379195754660658,22599.802000000003,23106.9799
1678334400000,18.5,-0.29480364280710425,18.78,18.48,18.5,333988.39,25.48902559888107,0.5209253200756326,22570.741399999995,23098.2631
1678348800000,18.54,-0.29554539086001563,18.61,18.24,18.54,582989.18,26.43137943508205,0.5101449400702304,22535.306200000003,23089.892849999997
1678363200000,18.35,-0.2952157250587217,18.68,18.14,18.35,1415970.23,24.8253016075508,0.5122774443509281,22493.956400000003,23081.4898
1678377600000,17.74,-0.29669922116454445,18.4,17.5,17.74,1971823.83,20.51523344922505,0.5399719126115761,22436.2716,23068.945649999998
1678392000000,17.33,-0.3018090410846005,17.74,16.69,17.33,2940716.42,18.22492460600283,0.5764024902821776,22369.2942,23053.649500000003
1678406400000,17.16,-0.3051056990975398,17.36,16.79,17.16,1274343.71,17.35954686668012,0.5759451695477364,22303.2328,23036.7804
1678420800000,16.98,-0.30667161165368606,17.19,16.6,16.98,1122512.06,16.467912504857665,0.5769490860086124,22229.725,23019.914099999998
1678435200000,16.71,-0.3079902748588618,17.03,16.0,16.71,2054231.12,15.206241189286374,0.6093098655794259,22155.054799999998,23001.99535
1678449600000,17.67,-0.31029793546791934,17.93,16.59,17.67,3119685.16,34.43913061416826,0.6615020180380383,22087.316600000002,22985.133149999998
1678464000000,17.78,-0.30246837268718835,17.97,17.43,17.78,1124014.42,36.224150404942954,0.6528233024638926,22019.5084,22968.4731
1678478400000,18.17,-0.30156179173363,18.36,17.46,18.17,825416.18,42.229785200914016,0.6704787808593288,21955.3,22953.74575
1678492800000,18.18,-0.29826513372069063,18.89,18.02,18.18,1497399.93,42.379615241306595,0.6847302965122338,21893.8978,22941.256149999997
1678507200000,17.07,-0.29818271727036716,18.28,16.96,17.07,1276636.89,32.350130651533945,0.7301067039042171,21821.607600000003,22925.84565
1678521600000,17.4,-0.3074133597065974,17.76,16.94,17.4,1355772.78,37.1149318600566,0.7365276536253444,21776.935199999996,22911.7986
1678536000000,17.14,-0.3045287839452755,17.53,17.07,17.14,657023.09,35.02196466630063,0.7167756783663913,21730.959200000005,22897.710049999998
1678550400000,17.95,-0.30667161165368606,17.96,17.0,17.95,926701.86,45.35965543791116,0.7341488441973635,21688.52,22884.4237
1678564800000,18.07,-0.30007829562780725,18.2,17.83,18.07,879571.86,46.71224276433718,0.7081382124689805,21650.908000000003,22871.4954
1678579200000,17.92,-0.2990892982239255,18.13,17.78,17.92,427676.15,45.205839931303245,0.6825569115783389,21611.267600000003,22858.222550000002
1678593600000,17.83,-0.30024312852845425,18.1,17.71,17.83,419310.22,44.28308951231695,0.6616599893227433,21571.115,22846.143500000002
1678608000000,18.13,-0.3009848765813656,18.28,17.8,18.13,412631.21,48.08699163623025,0.6486842757996902,21533.0904,22833.9807
1678622400000,17.84,-0.2985947995219846,18.14,17.74,17.84,606391.01,44.89609797855522,0.6309211132425697,21493.0878,22821.220950000003
1678636800000,18.38,-0.3009024601310421,18.84,17.78,18.38,1761561.98,51.36741298330064,0.6615696051538146,21461.6894,22810.23245
1678651200000,20.2,-0.2965343882638975,20.53,18.37,20.2,2928276.06,65.90196970542064,0.7686003476428278,21455.2742,22805.69355
1678665600000,19.54,-0.2816170107553468,20.58,19.46,19.54,1890251.68,59.01406428709277,0.7937003228111971,21454.890999999996,22801.39215
1678680000000,19.75,-0.28697408002637326,19.85,19.52,19.75,790218.61,60.43116931457813,0.760578871181826,21457.134000000005,22797.483450000003
1678694400000,19.21,-0.2853257510199036,19.79,18.9,19.21,1302486.68,55.15064630926577,0.7698232375259814,21451.526400000002,22791.739950000003
1678708800000,20.71,-0.2896114064367248,21.47,18.87,20.71,4351833.27,64.44465409563503,0.9005501491312683,21483.646800000002,22795.485149999997
1678723200000,20.52,-0.27733135533852554,20.99,20.32,20.52,1507240.95,62.67301817166072,0.8840822813361776,21521.4496,22801.089350000002
1678737600000,20.4,-0.2788972678946718,20.62,20.15,20.4,810071.12,61.522654976366226,0.8545049755264509,21554.995600000002,22807.29535
1678752000000,20.42,-0.2798862652985536,20.5,20.15,20.42,633476.48,61.649001842269264,0.8184689058459902,21594.4106,22814.791900000004
1678766400000,20.0,-0.2797214323979066,20.68,19.93,20.0,784064.18,57.38733577163784,0.8135782697141337,21630.758599999997,22821.2151
1678780800000,20.12,-0.28310050686116944,20.23,19.75,20.12,742180.09,58.27483517050058,0.7897512504488384,21677.8756,22832.3381
1678795200000,21.91,-0.2821939259076111,22.12,20.03,21.91,3993469.65,68.73510382263723,0.8826261611310642,21747.9142,22848.4294
1678809600000,20.91,-0.2674413812997074,22.0,20.34,20.91,2404501.91,59.72675220069823,0.9381528639074167,21801.4058,22860.271200000003
1678824000000,20.86,-0.2756830263320559,21.04,20.23,20.86,1255172.08,59.308212882914155,0.9289990879140297,21843.745600000002,22870.56855
1678838400000,21.04,-0.2760951085836733,21.22,20.58,21.04,728798.0,60.384479604481776,0.9083562959201705,21890.231600000003,22883.993250000003
1678852800000,21.24,-0.2745291960275271,21.46,20.98,21.24,554982.76,61.599794635053094,0.8777594176401584,21939.457199999997,22899.3679
1678867200000,20.58,-0.2730456999217043,21.24,20.17,20.58,914357.96,55.54414911005444,0.8914908878087183,21985.336399999997,22914.012450000002
1678881600000,19.24,-0.27832035274240735,21.02,19.07,19.24,2622334.65,45.71743012057131,0.967098681536667,22026.362399999998,22926.80895
1678896000000,19.09,-0.2893641570857543,19.44,18.7,19.09,2178683.19,44.76274947676338,0.9508773471411909,22066.6762,22939.9749
1678910400000,19.24,-0.29068282029093,19.48,19.0,19.24,662012.16,45.977632884792946,0.9172432509168201,22105.971400000002,22953.13275
1678924800000,19.32,-0.2893641570857543,19.49,18.88,19.32,649609.46,46.65155195956319,0.8952973044227616,22148.7846,22965.60445
1678939200000,19.51,-0.2887872419334899,19.63,19.05,19.51,609323.96,48.30109547581056,0.8727760683925643,22197.110800000002,22980.549850000003
1678953600000,19.67,-0.2872213293773436,19.82,19.26,19.67,781438.6,49.71124111819176,0.8504349206502381,22250.5528,22996.280150000002
1678968000000,19.58,-0.28598508262249145,19.71,19.03,19.58,1065285.55,48.9032116107304,0.8382609977466496,22308.901,23012.2592
1678982400000,19.75,-0.2865619977747558,19.9,19.28,19.75,770152.97,50.53863355176178,0.8226709264790316,22366.516200000002,23028.538050000003
1678996800000,19.67,-0.28516091811925653,19.78,19.27,19.67,506072.14,49.73196050715276,0.8003372888733866,22423.6758,23044.85305
1679011200000,19.99,-0.2859026661721679,20.26,19.42,19.99,783897.25,52.965897718247646,0.8031703396681448,22499.363999999998,23065.448200000003
1679025600000,20.01,-0.283182923311493,20.27,19.88,20.01,636820.12,53.168684988654945,0.7736581725489916,22586.424199999998,23086.427699999997
1679040000000,20.68,-0.28310050686116944,20.73,19.93,20.68,930634.78,59.47254616294697,0.775539731652635,22689.405599999995,23112.114449999997
1679054400000,20.04,-0.27749618823917255,20.69,19.81,20.04,1023726.5,52.23894528947622,0.7830011793917327,22784.0616,23135.229049999998
1679068800000,20.54,-0.2829356739605225,20.63,19.9,20.54,924639.18,56.67272488631099,0.7792153808637519,22887.3714,23159.96185
1679083200000,21.6,-0.2786500185437013,21.69,20.32,21.6,1554028.32,64.24976572740653,0.8214142822306268,23002.3026,23187.211
1679097600000,22.64,-0.2699962912597354,22.94,21.27,22.64,2426843.25,69.8253745518663,0.8820275477855822,23131.3548,23213.762799999997
1679112000000,22.18,-0.261424980426093,22.87,22.11,22.18,997769.86,64.99684538465695,0.8733112943723265,23271.3082,23241.644549999997
1679126400000,22.49,-0.2652985535912968,22.51,21.78,22.49,915942.69,66.66959420352899,0.8630747733457317,23419.1286,23269.817000000003
1679140800000,21.84,-0.2627436436312688,22.52,21.44,21.84,1162181.63,60.176026147831415,0.878569432392465,23564.5816,23296.609699999997
1679155200000,21.93,-0.2681007129022953,22.39,21.22,21.93,1193165.89,60.74612731548505,0.899385901507289,23715.962600000003,23325.243300000002
1679169600000,21.2,-0.26727654839906045,22.17,21.05,21.2,722068.93,53.99431437976489,0.9151440513996256,23854.013199999998,23351.96565
1679184000000,21.82,-0.2732929492726748,21.85,21.19,21.82,473188.92,58.23971582462741,0.8969194762996524,23997.501,23379.92015
1679198400000,21.56,-0.26818312935261873,21.93,21.29,21.56,453334.49,55.90969026986223,0.8785680851353915,24133.983400000005,23405.92435
1679212800000,21.7,-0.2704083735113529,21.77,21.22,21.7,562514.31,56.90937622137311,0.8550989361971493,24269.3254,23433.22715
1679227200000,22.01,-0.26925454320682407,22.13,21.48,22.01,728200.73,59.1196853180067,0.8404490121830671,24423.241599999998,23462.117850000002
1679241600000,22.19,-0.266699633246796,22.43,21.97,22.19,1171110.28,60.39016793080151,0.8132740827414195,24586.637600000002,23494.348150000005
1679256000000,21.86,-0.2650513042403263,22.29,21.7,21.86,902641.3,56.89889011488048,0.7973259339741753,24744.855399999997,23524.00525
1679270400000,21.69,-0.26785346355132483,22.97,21.61,21.69,1805687.05,55.13069059165301,0.8375169386903056,24885.8196,23549.30785
1679284800000,23.09,-0.26925454320682407,23.16,21.35,23.09,1532236.28,64.82514876354756,0.9069800144981409,25040.367599999998,23579.2243
1679299200000,23.32,-0.25763382371121274,23.6,22.91,23.32,2046637.72,66.12023597924929,0.891481442033988,25196.617000000002,23609.6715
1679313600000,23.17,-0.2557382453537726,23.91,22.93,23.17,1798760.91,64.45352039400754,0.8978041961744175,25343.572,23637.59435
1679328000000,22.13,-0.25713932500927184,23.44,21.83,22.13,1990089.59,54.24399541971485,0.9486753250191022,25490.3654,23664.2942
1679342400000,22.13,-0.26554580294226726,22.79,22.0,22.13,883017.58,54.24399541971485,0.9373413732320234,25637.526399999995,23688.831950000003
1679356800000,22.45,-0.2656282193925908,22.73,22.0,22.45,1009579.27,56.69200427100496,0.9225312751440217,25777.6814,23711.1739
1679371200000,21.93,-0.26299089298223927,22.63,21.7,21.93,835940.03,51.838500533347755,0.9230647554908772,25887.8442,23727.0799
1679385600000,22.44,-0.267194131948737,22.52,21.51,22.44,1112451.63,55.83233038348655,0.9292744158129572,26004.014400000004,23743.61845
1679400000000,22.92,-0.26299089298223927,23.33,22.35,22.92,1673096.65,59.25685180349863,0.9328976718263171,26115.661199999995,23760.759
1679414400000,22.52,-0.25911731981703545,23.2,22.12,22.52,1246155.61,55.401862279612786,0.94340498098158,26236.0652,23778.55045
1679428800000,22.53,-0.26241397782997483,22.67,22.25,22.53,670644.19,55.479839193674636,0.9060189109114672,26318.5402,23793.714450000003
1679443200000,22.3,-0.26241397782997483,22.53,22.02,22.3,576902.2,53.17688788266333,0.8777318458463625,26396.024800000003,23810.12225
1679457600000,22.31,-0.264144723286768,22.56,22.2,22.31,546526.57,53.2677166481054,0.8407509997144794,26475.828999999998,23833.052100000004
1679472000000,22.48,-0.264144723286768,22.71,22.1,22.48,867184.35,54.87043741513582,0.8242687854491594,26550.7998,23854.472599999997
1679486400000,22.63,-0.2627436436312688,23.09,22.32,22.63,1170701.52,56.294737871235064,0.8203924436313622,26637.748399999997,23879.262749999998
1679500800000,21.1,-0.261424980426093,22.95,20.93,21.1,3846459.83,41.80269461245568,0.9060786976576934,26676.2342,23893.6503
1679515200000,21.42,-0.27411711377590964,21.85,20.96,21.42,1594518.51,44.992241561598846,0.9049302192535725,26703.3602,23909.252650000002
1679529600000,21.26,-0.27156220381588164,21.6,21.08,21.26,633172.2,43.70254500893891,0.8774352035926033,26749.4128,23923.4141
1679544000000,21.7,-0.2727984505707339,21.73,21.19,21.7,469482.13,48.10778426252299,0.8533326890502745,26808.6432,23938.723899999997
1679558400000,21.76,-0.26917212675650054,21.8,21.57,21.76,400730.33,48.69731182852962,0.8088089255466835,26865.980799999998,23953.598149999998
1679572800000,22.4,-0.26867762805455964,22.66,21.38,22.4,1400359.65,54.619528748863466,0.8424654308647775,26940.1726,23973.907450000002
1679587200000,22.09,-0.2634853916841801,22.95,21.7,22.09,1599014.91,51.51736826586023,0.8715750429458649,27012.4824,23993.160300000003
1679601600000,22.16,-0.26595788519388464,22.25,21.89,22.16,546652.14,52.17785844234859,0.8350339684497315,27088.970400000002,24011.29605
1679616000000,22.09,-0.2653809700416203,22.27,22.02,22.09,332575.96,51.423416564060005,0.7932458278461793,27166.035799999998,24029.354249999997
1679630400000,21.99,-0.26604030164420817,22.14,21.87,21.99,319121.92,50.30441099208189,0.7558711258571664,27245.8144,24047.567450000002
1679644800000,21.73,-0.26686446614744297,22.02,21.46,21.73,661055.71,47.41540265175423,0.7418803311530829,27322.1058,24064.558999999997
1679659200000,21.2,-0.2689248774055301,21.73,20.99,21.2,736877.21,42.106778830805204,0.7417460217850057,27390.181200000003,24081.7361
1679673600000,20.75,-0.2732105328223513,21.33,20.26,20.75,2173280.94,38.19650262159443,0.765192734514648,27450.120799999997,24097.496949999997
1679688000000,20.66,-0.27691927308690806,20.8,20.33,20.66,773086.47,37.44748378960947,0.7441075391921733,27501.4414,24110.15825
1679702400000,20.72,-0.27774343759014297,20.93,20.62,20.72,371256.57,38.315915523749815,0.7130998578213037,27554.0102,24125.447549999997
1679716800000,20.62,-0.27716652243787854,20.81,20.5,20.62,239414.87,37.384348408405806,0.6843070108340676,27603.741800000003,24141.51555
1679731200000,20.66,-0.2781555198417604,20.71,20.4,20.66,300108.96,38.033337981719875,0.6575707957744915,27637.252600000003,24156.7068
1679745600000,20.87,-0.27774343759014297,20.98,20.56,20.87,475581.28,41.463581474272935,0.6406014532191708,27669.0322,24172.4257
1679760000000,20.14,-0.27593027568302636,20.91,20.09,20.14,606578.19,34.34601610317026,0.6534156351320872,27674.451199999996,24183.924099999997
1679774400000,20.41,-0.2821115094572877,20.45,20.11,20.41,345193.69,38.54774532927036,0.6310288040512239,27695.2834,24196.524499999996
1679788800000,20.67,-0.2798862652985536,20.76,20.29,20.67,267460.26,42.372396273512685,0.6195267466189938,27709.171199999997,24209.809849999998
1679803200000,20.76,-0.2776610211398195,20.88,20.63,20.76,176432.39,43.679100838641936,0.5931319790033515,27711.367400000003,24223.12355
1679817600000,20.83,-0.27691927308690806,20.96,20.7,20.83,326428.9,44.72885006091831,0.5693368376459693,27722.5356,24237.8205
1679832000000,20.82,-0.2762599414843202,21.14,20.74,20.82,538512.29,44.60095705255466,0.557241349242686,27731.4156,24251.8402
1679846400000,20.92,-0.2764247743849672,21.01,20.65,20.92,263740.03,46.255868657430035,0.5431526814396371,27739.112800000003,24268.1158
1679860800000,20.94,-0.2756830263320559,21.1,20.76,20.94,276025.22,46.59945265380741,0.5286417756225201,27753.9492,24285.1656
1679875200000,20.72,-0.2754357769810854,20.99,20.57,20.72,293093.04,43.31883220321298,0.52088164879234,27765.126200000002,24301.594600000004
1679889600000,20.45,-0.27733135533852554,20.75,20.37,20.45,358929.27,39.63127331102422,0.5108186738786014,27783.152599999998,24318.37785
1679904000000,20.61,-0.27955659949725964,20.66,20.35,20.61,338338.09,42.74184677595356,0.4964744828872726,27797.0322,24336.83205
1679918400000,19.78,-0.2781555198417604,20.71,19.33,19.78,1565537.03,33.18844325548531,0.5595834483953247,27795.608399999997,24351.0454
1679932800000,19.68,-0.2850785016689331,19.97,19.6,19.68,653870.76,32.253075147203134,0.5460417735099442,27791.7676,24365.085750000002
1679947200000,19.91,-0.28573783327152097,19.95,19.59,19.91,346616.19,36.67378229366385,0.532753075402091,27783.333400000003,24382.14225
1679961600000,19.71,-0.28392467136440436,19.99,19.6,19.71,340325.45,34.561822539400566,0.5225564271590843,27757.6502,24398.04245
1679976000000,19.88,-0.28549058392055054,20.08,19.71,19.88,343076.26,37.838652922842954,0.5116595395048639,27737.4504,24411.9458
1679990400000,20.09,-0.2841719207153748,20.19,19.61,20.09,487542.54,41.7209627578078,0.5165410009688023,27733.2142,24424.95835
1680004800000,20.24,-0.2823587588082581,20.4,19.82,20.24,806862.42,44.392491549194986,0.5210737866138877,27709.5242,24438.07015
1680019200000,20.7,-0.2811225120534058,20.88,20.04,20.7,910908.07,51.7040427371225,0.5438542304271815,27694.265399999997,24456.299099999997
1680033600000,20.45,-0.277413771788849,20.75,20.23,20.45,427747.67,48.009425455512854,0.5421503568252399,27685.597599999997,24472.84985
1680048000000,20.66,-0.2794741830469361,20.87,20.43,20.66,341477.45,51.166103593052405,0.5348539027662943,27677.244599999998,24489.8296
1680062400000,21.2,-0.27774343759014297,21.29,20.62,21.2,714252.37,58.195082011432795,0.5445071954258446,27684.6408,24510.5627
1680076800000,21.2,-0.2732929492726748,21.56,21.11,21.2,724629.62,58.195082011432795,0.5377566814668556,27695.9748,24532.5624
1680091200000,21.24,-0.2732105328223513,21.36,20.95,21.24,685214.01,58.70570049777398,0.528631204219223,27714.7256,24555.624749999995
1680105600000,21.17,-0.2730456999217043,21.25,20.95,21.17,505793.39,57.384744525704484,0.51230040391785,27722.3128,24578.3036
1680120000000,21.1,-0.2734577821733218,21.33,20.91,21.1,406156.44,56.027085281480105,0.5057075179237177,27728.463600000003,24603.290050000003
1680134400000,21.06,-0.27411711377590964,21.67,20.58,21.06,1311054.07,55.223075097293794,0.547442695214881,27735.7104,24629.8246
1680148800000,21.03,-0.2744467795772036,21.22,20.85,21.03,488476.66,54.590335187931395,0.5347682169852465,27748.1012,24657.5232
1680163200000,20.68,-0.27477644537849755,21.05,20.52,20.68,557102.83,47.720572158986,0.534427630057729,27757.9142,24685.35895
1680177600000,20.53,-0.277578604689496,20.7,20.41,20.53,818698.49,45.101058722743794,0.516968513625034,27761.846999999998,24711.2748
1680192000000,20.49,-0.2787324349940248,20.54,20.16,20.49,782809.57,44.401116337333626,0.507185048366103,27759.113999999998,24736.286
1680206400000,20.55,-0.27906210079531873,20.73,20.38,20.55,391436.16,45.76088214530576,0.4959575449113815,27747.783199999998,24761.39775
1680220800000,20.53,-0.2786500185437013,20.75,20.44,20.53,383842.76,45.36262856808715,0.482674863131997,27777.804799999998,24787.32455
1680235200000,20.29,-0.2787324349940248,20.62,20.04,20.29,468997.61,40.776547962111124,0.48962665862256877,27787.555,24810.231599999996
1680249600000,20.32,-0.2807928462521119,20.42,20.22,20.32,298561.04,41.57172030720337,0.46893904014952836,27798.978799999997,24833.7988
1680264000000,20.87,-0.2806280133514649,21.0,20.2,20.87,924822.82,53.814929686618186,0.49258625156741925,27816.24,24860.5009
1680278400000,20.97,-0.2760126921333498,21.01,20.69,20.97,528732.02,55.63518716795898,0.4802586621697465,27833.9356,24886.580250000003
1680292800000,21.16,-0.27510611117979145,21.49,20.83,21.16,623435.02,58.94593191111777,0.4930973291576218,27831.6254,24912.670899999997
1680307200000,21.03,-0.27370503152429226,21.34,20.92,21.03,449477.06,55.87359998758473,0.4878760913606487,27835.047599999998,24937.87975
1680321600000,21.02,-0.274694028928174,21.28,20.84,21.02,354734.23,55.63338995044414,0.48445637054917384,27837.639199999998,24962.23045
1680336000000,21.03,-0.27477644537849755,21.11,20.92,21.03,225019.33,55.83785512031328,0.4634237726528041,27840.696600000003,24986.336600000002
1680350400000,20.96,-0.27477644537849755,21.09,20.86,20.96,249587.28,53.96310769046646,0.44675064603474673,27843.2062,25011.220400000002
1680364800000,20.94,-0.27527094408043845,21.04,20.74,20.94,321993.54,53.41133008322536,0.4362684570322649,27849.2458,25035.98595
1680379200000,21.08,-0.2754357769810854,21.22,20.94,21.08,223652.11,56.74545302853213,0.42510642438710294,27857.939599999998,25060.452600000004
1680393600000,21.02,-0.2743643631268801,21.15,20.88,21.02,168332.61,54.931076954064025,0.4140273940737384,27871.039400000005,25086.4538
1680408000000,21.18,-0.274694028928174,21.3,20.92,21.18,199641.18,58.72138714438792,0.4115968659256142,27890.277599999998,25111.075249999998
1680422400000,20.99,-0.2734577821733218,21.2,20.97,20.99,196357.18,53.0191101622428,0.3986256612166418,27905.8032,25135.5273
1680436800000,20.58,-0.27510611117979145,21.0,20.43,20.58,606662.44,43.257373489223816,0.4108666854154531,27918.5922,25159.967950000006
1680451200000,20.34,-0.27832035274240735,20.68,20.23,20.34,386247.26,38.75877934963558,0.41366192217149217,27928.3252,25182.72375
1680465600000,20.52,-0.28038076400049444,20.57,20.27,20.52,265104.91,43.50424093079276,0.4055432134449571,27938.814,25205.9916
1680480000000,20.04,-0.2788972678946718,20.56,19.94,20.04,540266.98,35.58542577731443,0.4208615553417457,27950.097400000002,25228.439049999997
1680494400000,20.26,-0.282853257510199,20.27,20.0,20.26,279924.01,40.89566484303148,0.4100857299601924,27960.0132,25252.524899999997
1680508800000,20.41,-0.2809576791527589,20.58,20.25,20.41,541846.49,44.26915042308588,0.4043653206773214,27974.502600000003,25276.58785
1680523200000,20.32,-0.2798862652985536,20.6,20.07,20.32,503266.81,42.69455862965695,0.41333922634322706,27985.433399999998,25298.26495
1680537600000,20.9,-0.280463180450818,20.96,20.15,20.9,1087176.03,54.039907557648064,0.44167213874728245,27989.736,25319.9745
1680552000000,20.45,-0.2756830263320559,20.99,20.05,20.45,1031605.25,46.36942162413684,0.4772669859796193,27989.6582,25340.419049999997
1680566400000,20.42,-0.2794741830469361,20.57,20.28,20.42,273681.59,45.90165412765254,0.4638907726953607,27990.200399999994,25362.918649999996
1680580800000,20.52,-0.2797214323979066,20.65,20.33,20.52,266634.57,47.79224185874167,0.4536128603599779,27991.2654,25384.880300000004
1680595200000,20.97,-0.27881485144434826,21.0,20.47,20.97,579025.81,55.35355061804319,0.45906908461997953,27999.282199999998,25408.85645
1680609600000,20.86,-0.275188527630115,21.26,20.68,20.86,846370.9,53.32062263110131,0.467707007147124,28003.7068,25432.0473
1680624000000,20.94,-0.2760951085836733,21.01,20.75,20.94,297052.2,54.62579398973635,0.45287079235090094,28009.638,25455.919899999997
1680638400000,20.92,-0.2754357769810854,21.08,20.83,20.92,252098.82,54.21765517081615,0.43838002146869376,28034.875,25479.9417
1680652800000,21.14,-0.2756830263320559,21.34,20.83,21.14,556930.0,57.94031635661924,0.4434957342209301,28066.3906,25505.345350000003
1680667200000,21.19,-0.2737874479746157,21.31,21.11,21.19,303875.96,58.76103674908125,0.42610318177657786,28094.396599999996,25530.6448
1680681600000,21.18,-0.2734577821733218,21.28,21.07,21.18,289705.54,58.51510652711919,0.41066724022110807,28126.05,25561.81825
1680696000000,20.8,-0.2733753657229983,21.24,20.58,20.8,893690.35,49.95852420945721,0.4284767230624575,28147.414200000003,25590.1698
1680710400000,20.92,-0.2765071908352907,20.97,20.64,20.92,372041.99,52.32917369351047,0.42144267141513897,28171.0798,25619.6584
1680724800000,20.97,-0.2756830263320559,21.04,20.82,20.97,186828.42,53.32143973877492,0.4070539091712004,28194.507400000002,25648.826800000003
1680739200000,20.83,-0.27527094408043845,20.99,20.51,20.83,317440.0,50.17236656848717,0.41226434423040015,28208.556,25677.676500000005
1680753600000,20.64,-0.27634235793464373,20.83,20.62,20.64,164148.87,46.18579507133888,0.39781689107108564,28221.554,25705.459649999997
1680768000000,20.69,-0.27799068694111345,20.76,20.43,20.69,372865.47,47.3709138679522,0.3929728274231511,28233.1154,25733.45395
1680782400000,20.74,-0.277578604689496,20.82,20.46,20.74,395782.29,48.590172360500475,0.3906176254643546,28233.186800000003,25762.11045
1680796800000,20.72,-0.2770016895372316,20.86,20.61,20.72,246772.71,48.110051630116665,0.38057350935975787,28226.462400000004,25790.451999999997
1680811200000,20.62,-0.27724893888820207,20.78,20.53,20.62,177271.16,45.67964242266685,0.37124683011977516,28218.283,25819.03175
1680825600000,20.55,-0.27807310339143687,20.78,20.4,20.55,250506.66,44.00386206023922,0.3718720565397914,28210.666400000002,25847.97115
1680840000000,20.28,-0.2785676020933778,20.57,20.22,20.28,292955.96,38.18500532978589,0.37030976678694927,28200.49,25875.4372
1680854400000,20.31,-0.28087526270243535,20.44,20.23,20.31,212203.4,39.14786907525841,0.3588590691593101,28187.5244,25902.7066
1680868800000,20.54,-0.28054559690114145,20.64,20.27,20.54,250617.72,46.08205659010423,0.35965484993364516,28171.9062,25930.548600000002
1680883200000,20.49,-0.2787324349940248,20.57,20.42,20.49,104288.59,44.88464236945716,0.34467950350981325,28156.9608,25958.087349999998
1680897600000,20.44,-0.27914451724564227,20.53,20.35,20.44,110290.14,43.662817395873276,0.33291668183054085,28149.0808,25985.4381
1680912000000,20.48,-0.27955659949725964,20.5,20.27,20.48,154901.7,44.95377924001648,0.32556549027121656,28149.826800000003,26013.5378
1680926400000,20.6,-0.27930935014628916,20.74,20.44,20.6,223265.69,48.74810120593602,0.32373938382327233,28150.9806,26041.8177
1680940800000,20.57,-0.2782379362920839,20.65,20.52,20.57,102945.26,47.85991647881839,0.3099008564073243,28147.9342,26069.9622
1680955200000,20.45,-0.27848518564305436,20.58,20.33,20.45,176734.57,44.376961697217006,0.30562222380680115,28153.4586,26098.072
1680969600000,20.2,-0.2794741830469361,20.45,20.07,20.2,327417.04,38.14830256746835,0.3109349221063153,28153.381800000003,26125.7948
1680984000000,20.04,-0.28153459430502326,20.24,19.85,20.04,623729.22,34.78339156086986,0.3165824276701497,28142.249600000003,26152.7196
1680998400000,20.11,-0.282853257510199,20.23,20.02,20.11,189662.35,37.385561153723636,0.30896939712228194,28133.4176,26180.8914
1681012800000,20.01,-0.2823587588082581,20.25,19.87,20.01,186914.09,35.22336601328962,0.3140430116135474,28122.1708,26208.356499999998
1681027200000,20.19,-0.28310050686116944,20.2,19.95,20.19,125279.93,41.75344474649796,0.30946851078400833,28109.952800000003,26235.7048
1681041600000,20.13,-0.2816994272056702,20.32,20.0,20.13,167774.57,40.29524418445622,0.310220760013722,28099.2912,26263.0658
1681056000000,20.27,-0.2821939259076111,20.42,20.06,20.27,214999.33,45.11209374859998,0.3137764200127421,28094.642200000002,26292.0127
1681070400000,20.28,-0.28087526270243535,20.44,20.2,20.28,166978.57,45.45062640731515,0.3085066757261178,28093.116,26322.027000000002
1681084800000,20.26,-0.2807928462521119,20.35,20.13,20.26,138405.62,44.85476240807818,0.30218477031710955,28091.0454,26352.7954
1681099200000,20.23,-0.2810400956030823,20.33,20.18,20.23,86399.25,43.92453236198094,0.29131442958017306,28087.682200000003,26383.22845
1681113600000,20.29,-0.28120492850372936,20.44,20.22,20.29,167454.14,46.32221166730386,0.28622054175301803,28084.262399999996,26413.993850000003
1681128000000,20.22,-0.2807928462521119,20.31,20.08,20.22,249365.97,43.960575283993826,0.28220478877065963,28084.722400000002,26446.335600000002
1681142400000,20.69,-0.2813697614043763,20.71,20.17,20.69,557882.4,59.054810945033935,0.30061873242989817,28101.025,26481.838649999998
1681156800000,20.89,-0.27749618823917255,20.95,20.53,20.89,415622.26,63.55353809610757,0.3091459658277625,28131.2756,26519.32135
1681171200000,21.27,-0.27584785923270283,21.3,20.82,21.27,710098.94,70.24328947412266,0.3213498254114938,28174.717599999996,26559.914849999997
1681185600000,22.47,-0.27271603412041046,22.68,21.21,22.47,2163752.83,81.67937218429387,0.4033962664535299,28213.418,26601.922100000003
1681200000000,22.21,-0.26282606008159226,22.6,22.2,22.21,883954.61,74.95758527867764,0.40315367599256363,28259.444,26643.34955
1681214400000,23.32,-0.2648864713396794,23.5,22.12,23.32,2045321.79,81.83174800381809,0.4729284134216662,28304.153599999998,26685.87795
1681228800000,23.42,-0.2558206618040961,23.68,23.03,23.42,1522471.32,82.30305470845568,0.48557638389154706,28341.6794,26728.181150000004
1681243200000,22.98,-0.25491408085053774,23.47,22.82,22.98,972260.5,73.2936853481915,0.4973209278992936,28384.658199999998,26770.9404
1681257600000,22.56,-0.2585404046647711,23.55,22.29,22.56,1636785.47,65.88031952027453,0.5517980044779156,28421.477399999996,26816.275950000003
1681272000000,23.69,-0.26208431202868093,24.05,22.5,23.69,2000132.78,73.61331204087124,0.6230981470152075,28465.217399999998,26864.399849999998
1681286400000,23.5,-0.2527712531421271,23.9,23.27,23.5,1117351.96,70.71135079024641,0.6235911365141211,28508.4422,26914.221
1681300800000,23.61,-0.25433716569827336,24.48,23.26,23.61,2825991.88,71.41395870112672,0.6661917696202553,28547.2966,26964.273200000003
1681315200000,23.89,-0.253430584744715,24.48,23.54,23.89,2090608.58,73.17779471008745,0.6857495003616657,28577.478000000003,27014.46225
1681329600000,23.8,-0.25112292413565745,24.18,23.61,23.8,703392.41,71.64750236890606,0.6774816789072611,28614.6386,27063.8778
1681344000000,24.0,-0.25178225573824536,24.13,23.63,24.0,771656.44,72.99879794696459,0.664804416128171,28652.297000000002,27114.11705
1681358400000,24.13,-0.2502163431820991,24.29,23.87,24.13,582717.35,73.87053904892187,0.64731838640473,28690.3596,27163.7066
1681372800000,24.31,-0.24914492932789384,24.55,23.9,24.31,1177169.43,75.07067060879558,0.6475099302329638,28722.661600000003,27212.536300000003
1681387200000,24.63,-0.24766143322207113,25.3,24.26,24.63,2345143.47,77.08563932343868,0.6755449352163234,28760.986,27265.4894
1681401600000,24.73,-0.24510652326204307,24.89,24.38,24.73,718020.5,77.6924378644496,0.6637202969865861,28796.601000000002,27316.7347
1681416000000,24.43,-0.2441175258581613,24.79,24.29,24.43,468678.59,71.56935905574794,0.6520259900589728,28843.455999999995,27368.293999999998
1681430400000,25.08,-0.2466724358181893,25.44,24.21,25.08,1868297.26,75.9854871878327,0.6933098479119033,28892.4608,27420.6436
1681444800000,24.9,-0.24123295009683932,25.49,24.84,24.9,988252.61,72.62142797610196,0.6902162873467672,28943.735,27472.03355
1681459200000,25.02,-0.24279886265298553,25.13,24.8,25.02,545720.89,73.4648556710429,0.6644865525362837,28997.2044,27524.160699999997
1681473600000,23.83,-0.24189228169942717,25.09,23.79,23.83,1450893.37,55.27856198990268,0.7098803702122636,29043.742800000004,27573.616599999998
1681488000000,24.52,-0.25161742283759836,24.73,23.73,24.52,981225.77,61.26603225418557,0.7306032009113876,29091.3142,27623.0099
1681502400000,24.71,-0.24584827131495443,24.98,24.43,24.71,597736.91,62.74513976319954,0.71770297227486,29138.845,27673.549750000002
1681516800000,24.26,-0.24428235875880824,24.8,24.14,24.26,497362.9,57.17626871382264,0.7135813313980843,29186.012399999996,27721.53275
1681531200000,24.41,-0.24807351547368853,24.5,24.0,24.41,342789.63,58.49852025279698,0.6983255220125069,29234.002,27763.713699999997
1681545600000,24.35,-0.24675485226851276,24.52,24.21,24.35,573001.48,57.73066246782219,0.6705879847258992,29280.9348,27804.482100000005
1681560000000,24.34,-0.24733176742077714,24.51,24.16,24.34,436262.87,57.594970573668746,0.6476888429597637,29330.6446,27843.81485
1681574400000,24.04,-0.24741418387110065,24.41,23.84,24.04,745015.22,53.5300596840144,0.6421396398912093,29380.4614,27884.94035
1681588800000,24.05,-0.2498866773808052,24.15,23.81,24.05,266994.82,53.6474961830485,0.6205582370418371,29427.481199999995,27916.507200000004
1681603200000,24.32,-0.2498042609304817,24.48,23.81,24.32,548854.45,56.820407733641815,0.6240897915388489,29474.5182,27946.3545
1681617600000,24.25,-0.24757901677174762,24.44,24.18,24.25,274532.74,55.754827386198414,0.5980833778575027,29523.291,27977.51195
1681632000000,24.05,-0.248155931924012,24.34,23.99,24.05,286429.61,52.71312142277264,0.5803631365819669,29567.352199999998,28006.7732
1681646400000,24.32,-0.24972184448015822,24.35,23.99,24.32,271205.4,56.188049304754394,0.5646229125403981,29612.287399999997,28037.199899999996
1681660800000,24.53,-0.24757901677174762,24.83,24.19,24.53,584540.44,58.72841649390866,0.5700069902160837,29658.146800000002,28065.03
1681675200000,25.34,-0.24576585486463096,25.49,24.31,25.34,1505855.03,66.7393785029023,0.6135779194863635,29703.9458,28087.0799
1681689600000,25.81,-0.2391725388387522,26.0,24.8,25.81,1790076.07,70.3372265500063,0.6554652109516231,29745.1192,28111.723149999998
1681704000000,25.12,-0.23529896567354844,25.97,25.08,25.12,814534.17,60.06489363997822,0.6722176958836501,29783.117599999998,28137.5626
1681718400000,24.92,-0.24098570074586884,25.38,24.6,24.92,829603.33,57.446049787445496,0.6799164318919606,29813.9796,28161.8284
1681732800000,24.53,-0.24271644620266203,25.46,24.28,24.53,1361654.94,52.62745348545341,0.7156366867568205,29843.0854,28184.26355
1681747200000,24.73,-0.24576585486463096,24.89,24.34,24.73,512370.28,54.72480292401893,0.703805494845619,29873.8262,28207.827250000002
1681761600000,24.58,-0.24419994230848474,24.8,24.46,24.58,323298.71,52.83544021101396,0.677819388070932,29904.5934,28232.62355
1681776000000,24.42,-0.2455186055136605,24.67,24.0,24.42,632343.12,50.81995856525868,0.6772608603515798,29930.7252,28258.024950000003
1681790400000,25.1,-0.2466724358181893,25.15,24.35,25.1,572522.82,58.130146928267074,0.6860279417550382,29959.762399999996,28285.47475
1681804800000,25.34,-0.2411505336465158,25.44,24.86,25.34,665796.85,60.369176290010934,0.6784545173439642,30001.8052,28316.05055
1681819200000,24.92,-0.2390901223884287,25.4,24.83,24.92,733268.39,54.842103455504095,0.6707077661051096,30039.810999999998,28343.903499999997
1681833600000,24.68,-0.24263402975233853,25.0,24.42,24.68,534062.85,51.91703232440062,0.6642286399547446,30078.129399999998,28370.888
1681848000000,24.82,-0.24461202456010217,24.91,24.58,24.82,339510.57,53.475874070714276,0.6403551656722629,30116.941999999995,28398.345849999998
1681862400000,24.61,-0.24345819425557338,24.98,24.53,24.61,323245.63,50.81468376329257,0.626758368124244,30137.7054,28424.635950000004
1681876800000,24.36,-0.24518893971236658,24.78,24.26,24.36,616429.3,47.767122013519334,0.6191327704010837,30146.5138,28450.03085
1681891200000,23.21,-0.2472493509704537,24.37,21.71,23.21,3222855.94,36.82602933674948,0.7649090010867206,30130.4078,28467.6758
1681905600000,23.33,-0.2567272427576544,23.55,22.93,23.33,921751.86,38.41129047938046,0.7545583581519548,30113.478799999997,28483.68575
1681920000000,22.99,-0.2556558289034491,23.49,22.83,22.99,626274.08,35.67940436878855,0.7478041897125295,30096.917200000004,28495.227450000002
1681934400000,22.66,-0.25862282111509455,23.16,22.14,22.66,939991.18,33.21052886923998,0.767246747590206,30068.9748,28507.10625
1681948800000,22.86,-0.2612601475254461,23.09,22.37,22.86,484669.02,36.09659534774421,0.7638719799051911,30043.6248,28517.2445
1681963200000,22.61,-0.2595294020686529,23.08,22.57,22.61,794034.28,34.112309885074566,0.7457382670548202,30017.009600000005,28524.617150000002
1681977600000,22.33,-0.261754646227387,22.87,22.23,22.33,835022.62,31.991163454238176,0.7381855336937616,29990.7114,28531.115100000003
1681992000000,22.13,-0.26389747393579754,23.18,22.06,22.13,1148539.55,30.53082118602046,0.7654579955727787,29961.1052,28536.849100000003
1682006400000,21.79,-0.2656282193925908,22.44,21.59,21.79,1785372.78,28.17610192995369,0.7714967101747232,29922.866800000003,28540.155549999996
1682020800000,22.2,-0.2685127951539127,22.3,21.68,22.2,438574.31,34.71498786966289,0.7606755165908144,29888.4594,28545.24265
1682035200000,22.31,-0.26513372069064983,22.41,21.99,22.31,300357.65,36.38825624417552,0.7363415511200422,29858.915799999995,28550.20055
1682049600000,22.26,-0.264144723286768,22.36,21.81,22.26,513373.58,35.9373767453188,0.7230314403257535,29824.255,28556.438249999996
1682064000000,22.03,-0.2645568055383854,22.4,21.93,22.03,367518.63,33.85903781847965,0.7049577660167711,29784.1358,28560.77575
1682078400000,21.88,-0.2665348003461491,22.3,21.8,21.88,596299.85,32.537433645541796,0.6903179255870018,29743.577800000003,28566.1052
1682092800000,21.21,-0.2677710471010013,21.94,21.0,21.21,1629573.36,27.394026664970042,0.7081523594736446,29685.9796,28566.699849999997
1682107200000,21.25,-0.2732105328223513,21.5,21.0,21.25,787373.3,28.124523274762055,0.6932843337969558,29622.4078,28565.280949999997
1682121600000,21.37,-0.2727984505707339,21.4,21.05,21.37,264878.8,30.387292767136145,0.6687640242400301,29562.1484,28560.612399999998
1682136000000,21.27,-0.2718094531668521,21.5,21.23,21.27,153816.32,29.552353125010058,0.6402808796514565,29500.2268,28557.13685
1682150400000,21.37,-0.2726336176700869,21.4,21.21,21.37,149697.35,31.577002622023244,0.6081179596763524,29432.1422,28557.22425
1682164800000,21.74,-0.27189186961717554,21.74,21.36,21.74,491746.29,38.6074859758478,0.59182381969947,29367.2464,28553.753249999998
1682179200000,21.77,-0.2689248774055301,21.94,21.61,21.77,453268.65,39.15339921208122,0.573122118292365,29303.6608,28550.92165
1682193600000,21.79,-0.2685952116042362,21.99,21.69,21.79,317806.68,39.53938754066141,0.5536133955571959,29255.24,28551.5336
1682208000000,21.72,-0.2684303787035892,21.8,21.44,21.72,225561.69,38.61605428966349,0.5397838673031105,29199.915000000005,28550.397300000004
1682222400000,22.07,-0.26908971030617707,22.15,21.68,22.07,377710.84,45.472496778446,0.5347993053528882,29144.9544,28550.40675
1682236800000,22.13,-0.26612271809453164,22.21,21.92,22.13,508130.62,46.57419587529967,0.5173136406848247,29090.2896,28549.6848
1682251200000,21.66,-0.2656282193925908,22.25,21.48,21.66,535081.98,39.79194513856226,0.5353626663501944,29031.112999999998,28549.530899999998
1682265600000,21.19,-0.269584209008118,21.69,20.91,21.19,832963.08,34.39757238947193,0.5528367616108948,28972.7224,28546.659099999997
1682280000000,21.47,-0.2733753657229983,21.55,21.09,21.47,274691.44,39.64675038095705,0.5462055643529738,28918.029,28544.4068
1682294400000,21.72,-0.27106770511394074,22.02,21.26,21.72,614338.31,43.958447145269155,0.5614765954706185,28867.2038,28542.725
1682308800000,21.29,-0.2690072938558536,21.79,21.18,21.29,469381.48,38.821208592167736,0.5649425529370028,28810.3414,28539.4575
1682323200000,21.74,-0.2726336176700869,21.74,21.13,21.74,422342.52,45.941244383134915,0.5681609420129311,28756.3708,28536.441000000003
1682337600000,21.35,-0.2689248774055301,22.0,21.29,21.35,693027.01,41.439951249803876,0.5782923032977217,28694.812400000003,28532.2578
1682352000000,21.32,-0.27213911896814597,21.56,21.0,21.32,688868.7,41.106306474494026,0.5769857102050272,28637.9492,28528.560550000002
1682366400000,21.38,-0.27230395186879297,21.48,21.26,21.38,232656.14,42.11018674773342,0.551486730904668,28581.508200000004,28523.13985
1682380800000,20.87,-0.2717270367165286,21.46,20.82,20.87,504424.46,36.42645417633636,0.5578091072686203,28522.241400000003,28526.5318
1682395200000,20.89,-0.27593027568302636,21.16,20.84,20.89,411095.26,36.78678288435332,0.5408227424637189,28461.479199999998,28526.609650000002
1682409600000,21.0,-0.27593027568302636,21.05,20.73,21.0,542144.6,38.84001099295902,0.5250496894305962,28409.6424,28526.780550000003
1682424000000,20.88,-0.27485886182882097,21.17,20.76,20.88,673672.84,37.41237391699684,0.5168318544712679,28359.776400000002,28525.345900000004
1682438400000,21.17,-0.2760126921333498,21.3,20.77,21.17,504036.52,42.87689051393203,0.5177724362947489,28320.5882,28525.48025
1682452800000,21.93,-0.2734577821733218,21.97,21.16,21.93,679225.86,54.169997213342654,0.5386458337022667,28299.4378,28524.07985
1682467200000,21.8,-0.267194131948737,22.08,21.73,21.8,326917.56,52.26655409555428,0.5251711312949617,28276.275,28523.7754
1682481600000,21.92,-0.2682655458029422,22.17,21.81,21.92,450496.1,53.87762741901711,0.5140874790596074,28255.193199999998,28524.17925
1682496000000,22.46,-0.26727654839906045,22.64,21.92,22.46,838633.96,60.36114659686069,0.5287955162696354,28245.2998,28527.84095
1682510400000,22.68,-0.26290847653191574,22.97,22.45,22.68,1364531.97,62.6638714465413,0.5281672651075185,28246.188000000002,28535.56815
1682524800000,21.09,-0.26117773107512254,22.85,20.8,21.09,1960644.51,43.15255397646705,0.6368696033141245,28196.261000000002,28534.589350000002
1682539200000,21.28,-0.2741995302262331,21.54,20.36,21.28,1716644.03,45.342630352396206,0.6756646316488298,28160.869599999998,28536.5756
1682553600000,21.63,-0.2726336176700869,22.08,21.18,21.63,1349063.74,49.223343398238775,0.6916885865310561,28134.155,28541.89655
1682568000000,21.68,-0.2698314583590884,22.0,21.51,21.68,496710.29,49.7719934049618,0.6772822589216948,28104.4314,28549.09335
1682582400000,21.65,-0.269419376107471,21.77,21.52,21.65,382423.78,49.42690478618991,0.6467620975701452,28078.891,28555.856150000003
1682596800000,22.25,-0.2696666254584415,22.46,21.31,22.25,1145736.96,55.99793334797871,0.6827076620294207,28060.3304,28564.178
1682611200000,22.33,-0.26463922198870893,22.52,22.03,22.33,826815.8,56.80383570279204,0.668942829027319,28067.596999999998,28575.261899999998
1682625600000,22.33,-0.2639798903861211,22.49,22.13,22.33,502364.46,56.80383570279204,0.6468754840967962,28071.8436,28584.3886
1682640000000,22.31,-0.26389747393579754,22.68,22.19,22.31,382250.65,56.503783888010595,0.6356700923755964,28075.7126,28595.542800000003
1682654400000,22.61,-0.264144723286768,22.65,22.3,22.61,302048.96,59.923458423772104,0.6152650857773393,28089.5472,28605.6722
1682668800000,22.49,-0.26158981332674,22.87,22.34,22.49,563417.43,57.96050440033829,0.6091747225075295,28097.004,28614.2027
1682683200000,22.38,-0.2626612271809453,22.75,22.16,22.38,635426.96,56.144906212880116,0.6078050994712774,28102.5486,28622.41245
1682697600000,23.31,-0.26356780813450364,23.47,22.37,23.31,1963451.63,65.87706018320517,0.6429618780804718,28116.9766,28629.72535
1682712000000,23.34,-0.2558206618040961,23.5,23.12,23.34,575728.75,66.13810983204982,0.6241788867890093,28133.076800000003,28637.2644
1682726400000,23.3,-0.2556558289034491,23.49,23.2,23.3,333135.02,65.41947682633202,0.60030896630408,28157.904,28644.85335
1682740800000,23.26,-0.25590307825441955,23.41,23.13,23.26,238289.01,64.66282731842665,0.5774297544252173,28179.9418,28651.7408
1682755200000,23.29,-0.256315160506037,23.36,23.18,23.29,279509.96,64.98988710221887,0.549041914823416,28200.1558,28658.95795
1682769600000,23.35,-0.25615032760539,23.89,23.25,23.35,1247283.16,65.67416287380684,0.5555389209074578,28222.479400000004,28666.26995
1682784000000,23.31,-0.2556558289034491,23.4,22.9,23.31,473487.16,64.76535139804344,0.5515718551283537,28245.9686,28673.00985
1682798400000,23.19,-0.255985494704743,23.31,22.92,23.19,622995.24,61.99373576284838,0.5400310083334711,28269.7636,28684.644000000004
1682812800000,23.15,-0.2569744921086249,23.21,22.97,23.15,227881.53,61.055783971671474,0.5186002220239375,28307.742800000004,28695.69365
1682827200000,23.42,-0.2572217414595953,23.49,23.07,23.42,289103.62,64.91454815950826,0.5115573490222276,28347.814599999998,28706.40125
1682841600000,23.49,-0.2549964973008612,23.74,23.42,23.49,359368.57,65.85904370606244,0.4978746812349254,28385.3116,28717.527749999997
1682856000000,23.67,-0.25441958214859683,23.99,23.33,23.67,632432.88,68.22759136881913,0.5094550611467165,28432.86,28730.98925
1682870400000,23.18,-0.25285366959245065,23.88,23.04,23.18,797836.28,56.6964880495608,0.533065413921951,28474.349600000005,28742.5081
1682884800000,22.74,-0.2569744921086249,23.33,22.69,22.74,804320.52,48.73186642304193,0.5407035986418114,28509.2352,28753.681
1682899200000,22.18,-0.26068323237318164,22.88,21.91,22.18,1369271.87,40.863803695249146,0.5713676273102534,28528.0042,28759.356350000002
1682913600000,22.33,-0.2652161371409733,22.38,22.01,22.33,346635.04,43.49544180827386,0.5569842253595209,28544.249,28766.19645
1682928000000,22.21,-0.26389747393579754,22.36,22.14,22.21,261421.85,41.88941871833686,0.5329139235481264,28563.5694,28771.9785
1682942400000,21.89,-0.2649688877900029,22.31,21.74,21.89,700061.59,37.87339983047346,0.5355629290089745,28572.604199999998,28772.397599999997
1682956800000,21.74,-0.26760621420035435,22.0,21.54,21.74,716342.85,36.12505960731512,0.5301655769369049,28576.613400000002,28769.844450000004
1682971200000,21.96,-0.2688424609552067,22.07,21.6,21.96,364901.01,40.465897546351115,0.5258680357271259,28588.489200000004,28767.971800000003
1682985600000,21.87,-0.26711171549841345,22.02,21.75,21.87,203969.95,39.28957898109169,0.5075917474609026,28600.049000000003,28766.09315
1683000000000,21.91,-0.2677710471010013,22.01,21.75,21.91,171807.63,40.1226849706077,0.48990662264226686,28609.386400000003,28764.6375
1683014400000,21.98,-0.2674413812997074,22.06,21.8,21.98,348227.03,41.632185183523134,0.473484721024962,28615.2734,28762.615749999997
1683028800000,22.19,-0.26678204969711955,22.31,21.77,22.19,1042310.92,46.02805542755121,0.47823581238032176,28637.0476,28761.6941
1683043200000,22.29,-0.26513372069064983,22.38,22.09,22.29,442102.58,48.03505504791552,0.4647903972102987,28659.7536,28761.900849999998
1683057600000,22.25,-0.2642271397370915,22.35,22.16,22.25,358394.98,47.27773309888645,0.4451625116952775,28687.8098,28763.7485
1683072000000,21.89,-0.26463922198870893,22.27,21.75,21.89,484563.64,41.01089229426037,0.45050804657418625,28710.562,28766.42255
1683086400000,21.75,-0.26760621420035435,22.01,21.6,21.75,484817.28,38.85395523769891,0.44761461467603014,28733.4194,28769.5489
1683100800000,21.41,-0.2688424609552067,21.85,21.34,21.41,557328.71,34.155696179643215,0.45207071362774237,28757.3798,28771.425549999996
1683115200000,21.33,-0.2716446202662051,21.52,21.23,21.33,806941.91,33.14025828544074,0.44049423408290356,28778.2792,28774.2907
1683129600000,21.4,-0.27230395186879297,21.72,21.27,21.4,951487.18,34.96225845422836,0.44117321736269616,28796.9196,28776.265750000002
1683144000000,22.24,-0.27156220381588164,22.3,21.39,22.24,896836.56,51.90113134530808,0.47466084469393216,28830.5428,28778.9216
1683158400000,22.24,-0.26472163843903246,22.49,22.13,22.24,572061.19,51.90113134530808,0.46647078435865125,28860.252,28782.05935
1683172800000,22.12,-0.2648040548893559,22.35,22.1,22.12,257185.7,49.754190641388085,0.4510085854758904,28875.4,28785.0235
1683187200000,22.24,-0.2657930522932377,22.45,22.08,22.24,340246.88,51.89707811311789,0.4452222579418983,28892.311199999996,28788.0913
1683201600000,21.82,-0.26463922198870893,22.33,21.76,21.82,766575.66,44.70993510015567,0.454134953803191,28902.1114,28790.297300000006
1683216000000,21.75,-0.2682655458029422,21.92,21.61,21.75,390438.91,43.625539800668875,0.44383959996010613,28900.967399999998,28792.908649999998
1683230400000,21.74,-0.26876004450488317,21.8,21.62,21.74,203127.22,43.463361203542426,0.42499391424866995,28881.33,28795.099099999996
1683244800000,21.9,-0.2688424609552067,22.12,21.67,21.9,430174.02,46.86683991099442,0.4267800632309077,28907.6098,28799.180350000002
1683259200000,21.79,-0.2675237977500309,22.01,21.66,21.79,367972.71,44.867078295393775,0.42129577300012866,28920.549800000004,28802.22815
1683273600000,22.01,-0.2685127951539127,22.04,21.77,22.01,272029.48,49.507467320525414,0.410488932071548,28925.821200000002,28805.591999999997
1683288000000,22.32,-0.2665348003461491,22.49,21.56,22.32,1022544.48,55.22609769469422,0.4475968654950089,28935.0736,28810.29235
1683302400000,22.87,-0.26406230683644455,22.95,22.31,22.87,1128484.58,63.19136361526117,0.46133994653107974,28947.622600000002,28816.311
1683316800000,22.82,-0.2594469856183294,23.07,22.76,22.82,415198.8,62.10961544200082,0.45052995035028826,28954.7402,28823.215
1683331200000,22.72,-0.2599414843202703,23.23,22.64,22.72,543739.68,59.90101426914127,0.46049209675383906,28948.332800000004,28830.2638
1683345600000,22.64,-0.26076564882350517,22.8,22.54,22.64,355089.89,58.1204323268933,0.44617123269999354,28946.1444,28836.2212
1683360000000,22.67,-0.2615073968764165,22.68,22.44,22.67,353793.42,58.61721162526464,0.4314447160785653,28943.057,28843.7827
1683374400000,21.79,-0.26117773107512254,22.69,21.56,21.79,1051412.91,42.639368178052756,0.4813415220729537,28924.812599999997,28846.87205
1683388800000,21.98,-0.2685127951539127,22.16,21.73,21.98,376337.66,46.05817272032079,0.47767427049631417,28916.9618,28849.8175
1683403200000,21.91,-0.26686446614744297,22.02,21.82,21.91,169372.1,44.994162880011444,0.45784039403229165,28910.987999999998,28853.801099999997
1683417600000,21.88,-0.2674413812997074,22.03,21.72,21.88,351629.4,44.51948718864953,0.44728036588712816,28900.3886,28857.3885
1683432000000,22.05,-0.2676886306506779,22.07,21.87,22.05,134011.39,47.875292785604685,0.42961748260947613,28892.3628,28862.940550000003
1683446400000,22.1,-0.2662051345448551,22.24,21.93,22.1,278404.55,48.85515267517087,0.4210733767087992,28882.2492,28867.865550000002
1683460800000,22.46,-0.26587546874356116,22.56,22.1,22.46,503629.07,55.36162919666853,0.42385384980102764,28874.191799999997,28872.4724
1683475200000,22.44,-0.26290847653191574,22.78,22.36,22.44,711965.48,54.94344076781568,0.42357857481524,28865.704200000004,28875.56345
1683489600000,21.66,-0.2630733094325627,22.57,21.63,21.66,974745.08,41.71046605550529,0.4604658194712944,28848.881999999998,28877.56375
1683504000000,21.3,-0.269584209008118,21.81,20.75,21.3,1155316.37,37.251098267592305,0.503289689509059,28828.0628,28877.61605
1683518400000,21.22,-0.27246878476944,21.44,20.92,21.22,562475.41,36.32177359677999,0.5044832831155547,28802.963399999997,28876.666100000002
1683532800000,21.26,-0.27312811637202783,21.32,21.05,21.26,648881.24,37.16584435745252,0.48773447717872936,28778.067799999997,28873.61295
1683547200000,21.16,-0.27271603412041046,21.39,21.07,21.16,686846.99,35.88520165069083,0.47575344309453443,28750.4908,28870.4248
1683561600000,20.39,-0.2736226150739688,21.2,20.0,20.39,1650861.75,27.910320651927833,0.5274853400163534,28713.365,28864.356499999998
1683576000000,20.62,-0.27996868174887707,20.75,20.32,20.62,550042.79,32.72000489345412,0.5205221014437568,28673.6372,28862.545
1683590400000,20.62,-0.27799068694111345,20.8,20.51,20.62,360680.24,32.72000489345412,0.504056237054917,28639.001399999997,28859.4885
1683604800000,20.69,-0.27799068694111345,20.72,20.41,20.69,324403.3,34.26796624101634,0.49019507726527994,28607.67,28856.97165
1683619200000,20.81,-0.27749618823917255,20.81,20.51,20.81,349376.98,36.9462286037303,0.476609714603474,28590.015,28854.7211
1683633600000,20.55,-0.2765071908352907,21.0,20.49,20.55,606834.42,33.73862823485332,0.47899473498894024,28565.441000000003,28852.1682
1683648000000,20.62,-0.2786500185437013,20.85,20.4,20.62,449427.47,35.365611776005835,0.4769236824897304,28549.2902,28851.022200000003
1683662400000,20.65,-0.2781555198417604,20.73,20.42,20.65,284751.19,36.08988137919319,0.4650005623118924,28538.442800000004,28848.711600000002
1683676800000,20.7,-0.27774343759014297,20.88,20.61,20.7,370677.33,37.349942248352754,0.4510719507181858,28535.281399999996,28847.049199999998
1683691200000,20.54,-0.27733135533852554,20.82,20.53,20.54,349275.35,34.97366193185313,0.4395668113811725,28524.761399999996,28844.5914
1683705600000,20.75,-0.2786500185437013,20.76,20.48,20.75,298632.54,40.33883188439309,0.4281691819968031,28517.428,28842.78355
1683720000000,21.09,-0.2770016895372316,21.31,20.64,21.09,1250251.79,47.842222701611014,0.44544281185417417,28519.342599999996,28844.35065
1683734400000,20.96,-0.27428194667655664,21.19,19.74,20.96,2051911.07,45.48663775632843,0.5171968967217333,28511.4912,28843.60745
1683748800000,20.91,-0.27527094408043845,21.28,20.85,20.91,736422.22,44.577531241191906,0.5109685469558952,28492.652599999998,28841.880699999998
1683763200000,20.55,-0.27560060988173235,20.93,20.52,20.55,347420.55,38.596261911937304,0.503756507887617,28467.867800000004,28839.627600000003
1683777600000,20.6,-0.2786500185437013,20.7,20.53,20.6,186284.49,39.804339197708096,0.4799167573242157,28443.471999999998,28837.346299999997
1683792000000,20.49,-0.27832035274240735,20.64,20.31,20.49,321260.5,38.031572615481195,0.46920841751534326,28421.1662,28834.257400000002
1683806400000,20.17,-0.27906210079531873,20.76,19.9,20.17,1298887.12,33.37483054446834,0.49712210197853324,28391.6786,28829.7234
1683820800000,20.0,-0.2818642601063172,20.2,19.69,20.0,1256246.19,31.1899100023018,0.4980419518372093,28357.6648,28823.8582
1683835200000,20.17,-0.28310050686116944,20.31,19.96,20.17,311616.25,35.721659719230175,0.48746752670597987,28330.806999999997,28818.6278
1683849600000,19.98,-0.2817818436559937,20.28,19.83,19.98,310620.69,33.09801456839173,0.4847912747984101,28296.033799999997,28811.92875
1683864000000,20.09,-0.28334775621213987,20.21,19.8,20.09,353799.98,36.0274949367137,0.47944904088423795,28241.741,28803.794449999998
1683878400000,20.28,-0.28244117525858153,20.36,20.05,20.28,312068.88,40.8456817864855,0.46734553796393513,28186.764,28795.39595
1683892800000,20.3,-0.2809576791527589,20.75,20.27,20.3,670945.0,41.34646018410158,0.46824942810936837,28132.017000000003,28787.485050000003
1683907200000,20.49,-0.2807928462521119,20.54,19.91,20.49,818478.19,46.021528922300966,0.47980304038727056,28078.1162,28780.132149999998
1683921600000,20.9,-0.2792269336959657,20.95,20.41,20.9,610539.44,54.45734426344272,0.4841028232167512,28036.6926,28774.647650000003
1683936000000,21.15,-0.2756830263320559,21.19,20.8,21.15,417362.62,58.696099918003554,0.4773811929869833,27994.9556,28767.986999999997
1683950400000,21.22,-0.27370503152429226,21.25,20.98,21.22,333428.24,59.82364339014713,0.4625682506307701,27953.63,28760.2276
1683964800000,21.08,-0.27312811637202783,21.29,21.03,21.08,247818.03,56.50151071660378,0.44809908987142927,27906.1442,28752.95505
1683979200000,20.87,-0.27428194667655664,21.13,20.77,20.87,364787.27,51.85024776834792,0.44180629773775576,27861.2234,28745.61345
1683993600000,20.94,-0.2760126921333498,21.13,20.79,20.94,247220.27,53.2322870684371,0.4345344193279161,27814.995,28738.275149999998
1684008000000,20.84,-0.2754357769810854,21.03,20.83,20.84,224805.18,50.98104739680359,0.41778196080449376,27763.371600000002,28729.95465
1684022400000,20.94,-0.27634235793464373,21.0,20.62,20.94,573692.24,53.11631838402067,0.4150832493184584,27709.439,28718.414500000003
1684036800000,21.09,-0.27535336053076187,21.2,20.91,21.09,230512.03,56.198471302714616,0.40614873150999703,27656.431,28704.50385
1684051200000,20.97,-0.27411711377590964,21.12,20.94,20.97,88237.28,53.186121081019024,0.38999525068785434,27605.4784,28687.953999999998
1684065600000,21.18,-0.27527094408043845,21.28,20.85,21.18,313603.25,57.48132165232485,0.392852732781579,27559.8518,28672.82965
1684080000000,20.93,-0.27354019862364526,21.2,20.86,20.93,190203.79,51.431489563871175,0.3890775375828948,27512.1082,28656.94875
1684094400000,20.93,-0.27560060988173235,20.99,20.82,20.93,157126.49,51.431489563871175,0.3734291420412594,27478.928400000004,28640.56575
1684108800000,21.22,-0.2755181934314089,21.29,20.6,21.22,789868.92,57.45551993043898,0.39604134618116926,27446.728,28626.07965
1684123200000,21.39,-0.2730456999217043,21.5,21.1,21.39,481011.1,60.54489856920859,0.39632410716822847,27417.9136,28612.114950000003
1684137600000,21.28,-0.2717270367165286,21.52,21.26,21.28,387280.02,57.62883999241632,0.3865866709419263,27388.6648,28599.18535
1684152000000,21.37,-0.27255120121976345,21.46,21.18,21.37,381999.94,59.35377757561644,0.3789733373032173,27358.392600000003,28586.23435
1684166400000,21.16,-0.2718094531668521,21.49,21.11,21.16,425868.29,53.84552190481239,0.37904667035298745,27329.9562,28573.24405
1684180800000,20.99,-0.2736226150739688,21.17,20.93,20.99,392289.56,49.81518129459697,0.3691147653277742,27294.3456,28559.23465
1684195200000,20.86,-0.27510611117979145,21.13,20.67,20.86,468864.91,46.922802198654814,0.3756065678043616,27258.790999999997,28545.8917
1684209600000,21.04,-0.2760951085836733,21.07,20.75,21.04,349093.0,51.151965265181474,0.3716346701040501,27235.2406,28532.714250000005
1684224000000,20.88,-0.2745291960275271,21.11,20.8,20.88,244925.96,47.52688244683836,0.36723219366804644,27212.427000000003,28517.648549999998
1684238400000,20.78,-0.2760126921333498,20.9,20.65,20.78,543910.86,45.36305509991654,0.3588584655489003,27193.6778,28502.49565
1684252800000,20.5,-0.27675444018626116,20.82,20.47,20.5,410115.7,39.8871157877071,0.3582257180096932,27173.657000000003,28486.3618
1684267200000,20.67,-0.27906210079531873,20.73,20.43,20.67,705491.01,44.28462691600798,0.354066738151858,27156.582199999997,28469.323849999997
1684281600000,20.96,-0.277578604689496,21.08,20.58,20.96,404528.1,50.8852519431218,0.36449054256958247,27150.9686,28452.948399999997
1684296000000,20.56,-0.275188527630115,21.01,20.53,20.56,368199.68,43.27060662317049,0.3727412181003266,27134.495599999995,28435.304900000003
1684310400000,20.52,-0.2785676020933778,20.69,20.47,20.52,334964.58,42.58434081358215,0.3618311310931606,27114.661200000002,28415.038600000003
1684324800000,20.59,-0.27881485144434826,20.73,20.42,20.59,414986.9,44.25067358365817,0.35812890744364906,27097.266999999996,28395.354649999997
1684339200000,21.03,-0.27832035274240735,21.15,20.54,21.03,688507.37,53.40471146256638,0.37611969976910264,27091.4026,28378.27065
1684353600000,21.06,-0.274694028928174,21.23,20.93,21.06,403227.38,53.95980162238489,0.37068257835702395,27091.506999999998,28364.10925
1684368000000,21.03,-0.2744467795772036,21.09,20.88,21.03,313603.66,53.27629889276334,0.3592052513315223,27084.4944,28349.317249999996
1684382400000,20.92,-0.27461161247785054,21.05,20.75,20.92,385525.12,50.73846414323579,0.3549763048078422,27079.761199999997,28333.94065
1684396800000,20.84,-0.2755181934314089,20.96,20.74,20.84,353871.02,48.913558000840695,0.3453351401787108,27074.0348,28319.054799999998
1684411200000,20.53,-0.27634235793464373,20.84,20.47,20.53,542602.88,42.53009993948001,0.34709691588023156,27064.925,28302.322150000004
1684425600000,20.34,-0.2788972678946718,20.6,20.07,20.34,795290.79,39.15711764820999,0.3601614218887866,27046.0634,28284.0657
1684440000000,20.34,-0.28038076400049444,20.52,20.28,20.34,233477.05,39.15711764820999,0.3515784631824446,27019.425,28266.54575
1684454400000,20.34,-0.28029834755017097,20.42,20.27,20.34,232688.64,39.15711764820999,0.33718000152655586,27002.2744,28249.060699999998
1684468800000,20.44,-0.28038076400049444,20.48,20.3,20.44,132628.33,42.17190703367227,0.3259528585603733,26987.327,28231.842149999997
1684483200000,20.45,-0.2796390159475831,20.52,20.37,20.45,169429.4,42.47885123392034,0.31338479723463225,26975.506799999996,28214.874750000003
1684497600000,20.4,-0.2794741830469361,20.59,20.21,20.4,381041.27,41.29850457518596,0.318143026003587,26964.178400000004,28197.56815
1684512000000,20.37,-0.2798038488482301,20.51,20.31,20.37,194362.96,40.57008985307656,0.3097042384319025,26952.755400000002,28180.6082
1684526400000,20.36,-0.28013351464952396,20.4,20.32,20.36,104392.89,40.314835761530894,0.2932967928296236,26946.772200000003,28163.344600000004
1684540800000,20.27,-0.28029834755017097,20.37,20.15,20.27,159801.06,37.99770118112776,0.2880613076275078,26947.2228,28146.1272
1684555200000,20.16,-0.2809576791527589,20.29,20.08,20.16,170745.42,35.325268956398915,0.28248549993982874,26944.95,28128.878849999997
1684569600000,20.22,-0.2817818436559937,20.26,20.16,20.22,145768.6,37.891204441266844,0.2694508213726982,26950.8648,28113.365149999998
1684584000000,20.28,-0.2814521778546998,20.31,20.18,20.28,104555.22,40.43615027913172,0.2594900484175054,26963.5476,28098.90195
1684598400000,20.29,-0.28087526270243535,20.36,20.2,20.29,162564.7,40.87102008684285,0.2523836163876836,26977.847999999998,28086.36305
1684612800000,20.28,-0.2807928462521119,20.31,20.21,20.28,113283.98,40.55217820245857,0.24149907235999174,26993.4798,28075.083649999997
1684627200000,20.24,-0.28087526270243535,20.39,20.22,20.24,125034.62,39.23372679503197,0.23639199576284958,27007.811800000003,28063.62855
1684641600000,20.28,-0.28120492850372936,20.29,20.22,20.28,73518.93,41.28938659377332,0.22450685320836034,27013.011400000003,28051.75215
1684656000000,20.15,-0.2807928462521119,20.33,20.08,20.15,213026.78,36.918219279423795,0.22632779226490604,27013.4448,28038.6669
1684670400000,19.94,-0.28202909300696416,20.19,19.81,19.94,563344.81,31.176443868510916,0.23730437853169864,27015.986599999997,28024.283649999998
1684684800000,19.98,-0.28375983846375735,20.01,19.83,19.98,342095.72,33.304235474213485,0.23321120863657754,27017.5502,28006.8913
1684699200000,19.61,-0.28334775621213987,20.06,19.33,19.61,659313.92,25.46239988386263,0.26869612230539347,27016.180800000002,27989.705900000004
1684713600000,19.54,-0.2863971648741089,19.68,19.28,19.54,472971.21,24.2968029532215,0.278074970712151,27012.318,27971.8223
1684728000000,19.69,-0.28697408002637326,19.79,19.52,19.69,227106.14,31.529954729273484,0.27749818708985446,27013.675,27954.1379
1684742400000,19.87,-0.28573783327152097,19.92,19.69,19.87,308324.95,39.05512725805558,0.2741054594405792,27012.91,27937.21565
1684756800000,19.67,-0.2842543371656982,20.03,19.57,19.67,486832.84,34.5159434514767,0.28738364090910934,27013.3494,27921.21275
1684771200000,19.68,-0.2859026661721679,19.76,19.57,19.68,303260.0,34.92321166081314,0.28042766655845874,27014.4784,27908.971649999996
1684785600000,19.53,-0.28573783327152097,19.75,19.51,19.53,256432.18,31.734918376999744,0.2775399760899973,27009.823399999997,27896.915800000002
1684800000000,20.04,-0.28713891292702026,20.18,19.42,20.04,671932.99,48.83743431568492,0.3120014063692831,27019.577400000002,27887.6138
1684814400000,19.84,-0.282853257510199,20.11,19.74,19.84,366492.68,44.16460183161666,0.31614416305719156,27027.313,27880.1503
1684828800000,19.92,-0.2844191700663452,19.94,19.74,19.92,256021.35,46.37484769075446,0.3078481514102495,27029.404200000004,27872.524499999996
1684843200000,20.0,-0.2838422549140808,20.07,19.81,20.0,436930.88,48.56742017822418,0.3044304263095175,27027.655600000002,27864.776449999994
1684857600000,20.02,-0.28310050686116944,20.16,19.88,20.02,454764.71,49.127427637467626,0.30268539585883775,27024.557599999996,27857.6469
1684872000000,20.02,-0.2829356739605225,20.12,19.98,20.02,280112.72,49.12742763746762,0.2910650104403493,27021.0138,27851.211499999998
1684886400000,19.56,-0.283018090410846,20.07,19.44,19.56,524684.53,38.070365461998406,0.31527465255175285,27008.369,27844.619599999998
1684900800000,19.42,-0.2868916635760498,19.6,19.38,19.42,367799.43,35.45491183510711,0.3084693202266278,26998.6996,27836.7947
1684915200000,19.42,-0.2878806609799316,19.56,19.31,19.42,244814.68,35.45491183510711,0.3042929402104401,26990.9444,27828.898849999998
1684929600000,19.17,-0.2878806609799316,19.49,18.66,19.17,1054704.02,31.03874500819545,0.34184344448112286,26972.1866,27819.697150000004
1684944000000,19.19,-0.29002348868834216,19.29,19.04,19.19,353987.76,31.770917257811107,0.3352831984467569,26956.0526,27810.62775
1684958400000,19.22,-0.2897762393373717,19.37,19.15,19.22,234611.15,32.92136857015173,0.32704868427198874,26941.872399999997,27802.069300000003
1684972800000,19.37,-0.2896114064367248,19.4,18.77,19.37,515845.49,38.50472256700002,0.3486880639668466,26926.885799999996,27796.588349999998
1684987200000,19.27,-0.288292743231549,19.47,19.27,19.27,235493.67,36.333465627689876,0.33806748796921465,26908.8344,27790.930500000002
1685001600000,19.38,-0.28919932418510735,19.42,19.24,19.38,277651.22,40.32006789828751,0.32677695311427096,26893.566000000003,27785.8028
1685016000000,19.24,-0.2882103267812255,19.58,19.18,19.24,281869.48,37.13313208937038,0.33200717074896574,26881.1856,27780.5446
1685030400000,19.31,-0.28944657353607783,19.43,19.19,19.31,253992.47,39.69954957259484,0.32543522998118235,26877.806800000002,27776.45475
1685044800000,19.25,-0.2887872419334899,19.34,19.21,19.25,127890.56,38.25788466054015,0.31147557069681214,26871.343999999997,27771.379050000003
1685059200000,19.29,-0.2893641570857543,19.36,19.18,19.29,149789.24,39.826714701701995,0.3020844585041827,26852.345,27765.4417
1685073600000,19.3,-0.28903449128446035,19.31,19.08,19.3,183769.67,40.23556274049922,0.2969355686110268,26834.259400000003,27758.864100000003
1685088000000,19.29,-0.2889520748341369,19.35,19.25,19.29,147122.76,39.94329106865124,0.28286874228166786,26816.211399999997,27753.391349999998
1685102400000,19.43,-0.2889520748341369,19.56,19.21,19.43,303259.65,45.8713997807746,0.28766383211869145,26803.383400000002,27748.5479
1685116800000,19.46,-0.2878806609799316,19.5,19.3,19.46,155275.51,47.07692853444961,0.28140212982449914,26790.7482,27744.169449999998
1685131200000,19.35,-0.28755099517863764,19.5,19.34,19.35,95055.69,43.27145754839332,0.27273054912274924,26783.1312,27740.326699999998
1685145600000,19.48,-0.28853999258251944,19.5,19.33,19.48,77035.76,48.56332030132605,0.2653926527568387,26783.491,27736.75785
1685160000000,19.53,-0.28755099517863764,19.64,19.44,19.53,122668.88,50.47681324668002,0.26072174898849304,26781.5214,27732.41885
1685174400000,19.48,-0.28705649647669673,19.54,19.44,19.48,125349.18,48.53247826055135,0.24924162406074338,26778.807200000003,27726.961550000004
1685188800000,19.61,-0.2874685787283141,19.61,19.43,19.61,176790.86,53.54305627856767,0.24429579377069024,26775.5806,27723.15195
1685203200000,19.67,-0.2863971648741089,19.69,19.51,19.67,208860.47,55.68730574154204,0.2397032370727838,26773.054799999998,27719.045749999997
1685217600000,20.43,-0.28598508262249145,20.54,19.66,20.43,855289.88,72.80779388997266,0.28543872013901345,26772.4672,27716.98185
1685232000000,20.48,-0.2797214323979066,20.79,20.29,20.48,778837.89,73.5323052504622,0.30076452584336966,26779.522599999997,27716.001549999997
1685246400000,20.49,-0.27914451724564227,20.56,20.42,20.49,204639.31,73.68332939345247,0.2892813454259859,26786.4448,27714.57875
1685260800000,20.52,-0.2792269336959657,20.67,20.4,20.52,321556.97,74.15968793283116,0.2879041064669871,26792.208400000003,27713.61895
1685275200000,20.5,-0.2788972678946718,20.67,20.42,20.5,259898.85,73.2083019073142,0.2851966702907737,26800.552200000002,27713.6471
1685289600000,20.77,-0.27906210079531873,20.99,20.47,20.77,570986.25,77.41978775835096,0.3019683366985756,26813.4708,27714.322249999997
1685304000000,20.81,-0.2768368566365847,21.19,20.71,20.81,738540.3,77.97222959080119,0.3146848840772488,26835.8576,27717.922249999996
1685318400000,20.7,-0.2765071908352907,20.98,20.64,20.7,513409.64,72.70434467229627,0.3164931066431596,26853.6968,27719.6402
1685332800000,20.73,-0.27733135533852554,20.78,20.54,20.73,242698.63,73.23543665004843,0.3110293133115055,26869.8056,27717.675600000002
1685347200000,20.74,-0.27716652243787854,20.78,20.61,20.74,245153.37,73.42107897177524,0.3009557909321124,26884.5586,27715.69945
1685361600000,20.48,-0.2770016895372316,20.78,20.41,20.48,453592.26,61.480802385750394,0.30588752015124726,26896.069,27711.9711
1685376000000,20.51,-0.27930935014628916,20.59,20.26,20.51,596610.27,62.243785039798865,0.3076098401404438,26912.229,27705.3992
1685390400000,20.57,-0.27906210079531873,20.68,20.43,20.57,170888.21,63.78867151079943,0.30349485155898354,26928.977600000002,27694.98105
1685404800000,20.86,-0.27848518564305436,21.17,20.46,20.86,736902.67,70.1468137731442,0.33253093359048475,26947.5198,27694.706000000002
1685419200000,20.74,-0.2760126921333498,20.92,20.66,20.74,313053.3,65.05650157028249,0.32735015261973593,26967.2286,27691.29565
1685433600000,21.28,-0.2770016895372316,21.37,20.74,21.28,577843.45,74.14788147218349,0.34896799886118357,26994.7606,27686.973700000002
1685448000000,20.96,-0.2726336176700869,21.4,20.88,20.96,750894.19,63.58965874513067,0.361184570371099,27011.3596,27680.86995
1685462400000,21.36,-0.27535336053076187,21.39,20.8,21.36,591885.76,69.44632213796339,0.3775285296303062,27031.827999999998,27675.449899999996
1685476800000,21.25,-0.27197428606749907,21.39,21.14,21.25,222074.54,66.28854567832227,0.36841934894242717,27048.172400000003,27668.173250000003
1685491200000,21.1,-0.2728808670210574,21.33,20.94,21.1,281632.57,62.13918719017989,0.36996082401796787,27064.0698,27658.08985
1685505600000,20.72,-0.27411711377590964,21.14,20.47,20.72,704191.66,53.07534539085858,0.3913921937309703,27070.442400000004,27646.565500000004
1685520000000,20.61,-0.27724893888820207,20.81,20.52,20.61,280005.62,50.76689206893582,0.38414989417875806,27065.0526,27634.9488
1685534400000,20.48,-0.2781555198417604,20.7,20.37,20.48,385784.52,48.10405086269117,0.3802820445945609,27057.1954,27622.06235
1685548800000,20.64,-0.27930935014628916,20.73,20.45,20.64,244433.65,51.477463743719774,0.3731190414092352,27050.6596,27610.938400000003
1685563200000,20.81,-0.2779082704907899,20.84,20.63,20.81,154577.94,54.836662420888175,0.3614676813085756,27048.4656,27601.255699999998
1685577600000,20.7,-0.2764247743849672,20.98,20.41,20.7,489397.5,52.31300548799777,0.37636284692939165,27040.44,27588.512749999998
1685592000000,20.61,-0.277413771788849,20.74,20.55,20.61,184922.29,50.274366088515286,0.3630512150058635,27032.1012,27575.967600000004
1685606400000,20.72,-0.27807310339143687,20.73,20.58,20.72,181120.74,52.700539227662134,0.3478332710768734,27034.2404,27563.703700000002
1685620800000,20.69,-0.27733135533852554,20.9,20.62,20.69,370898.47,51.95599520242686,0.3429880374285251,27038.5566,27551.448399999997
1685635200000,20.68,-0.27749618823917255,20.86,20.5,20.68,346070.58,51.69382854875474,0.3442031776122018,27040.9654,27539.10125
1685649600000,20.49,-0.2776610211398195,20.71,20.41,20.49,159887.89,46.85605245366144,0.34104580778275884,27051.0302,27526.83485
1685664000000,20.76,-0.27914451724564227,20.78,20.3,20.76,293977.52,53.51378170750521,0.3509711072268475,27065.983600000003,27515.6315
1685678400000,20.98,-0.2768368566365847,21.14,20.71,20.98,426843.73,58.11787989727415,0.3566160281392155,27080.3964,27504.7275
1685692800000,21.25,-0.27510611117979145,21.3,20.98,21.25,362159.85,62.965737227118176,0.35400059755784297,27099.337000000003,27494.4869
1685707200000,21.19,-0.2728808670210574,21.3,20.95,21.19,441142.77,61.26854547619018,0.3537148405894257,27118.63,27483.63435
1685721600000,21.29,-0.2734577821733218,21.37,21.06,21.29,285586.76,63.055878173248075,0.35059235197589544,27137.478,27473.844399999998
1685736000000,21.26,-0.27246878476944,21.37,21.18,21.26,258455.48,62.12959020973087,0.33912146969190304,27157.8074,27461.78145
1685750400000,21.12,-0.2727984505707339,21.31,21.07,21.12,170153.39,57.85813060028018,0.3320413647139099,27171.297799999997,27450.691799999997
1685764800000,21.17,-0.27395228087526263,21.19,21.03,21.17,121653.26,58.94376497919858,0.3197526958057734,27185.310400000002,27440.397849999998
1685779200000,21.18,-0.2734577821733218,21.24,21.08,21.18,270231.02,59.17031312873044,0.30834178896250386,27199.2034,27433.2415
1685793600000,21.25,-0.27354019862364526,21.25,21.08,21.25,159738.98,60.800886577841524,0.29846023260803944,27215.281999999996,27426.622349999998
1685808000000,21.06,-0.2729632834713809,21.35,21.04,21.06,256335.37,54.445177899145676,0.2992845017074654,27227.943400000004,27419.484849999997
1685822400000,21.19,-0.2744467795772036,21.19,20.95,21.19,152803.86,57.70307456289067,0.2950498944426466,27234.3236,27413.97775
1685836800000,21.25,-0.2733753657229983,21.31,21.03,21.25,178125.0,59.15496809652809,0.2939749019824574,27240.207,27410.067849999996
1685851200000,21.6,-0.2727984505707339,21.82,21.22,21.6,467105.42,66.40036262746814,0.3158338375551391,27249.0976,27405.478799999997
1685865600000,21.7,-0.2699138748094119,21.73,21.46,21.7,233189.21,68.1393410455586,0.3125599920154863,27258.028599999998,27401.25275
1685880000000,22.05,-0.26917212675650054,22.15,21.69,22.05,803005.69,73.340141286155,0.32309142115723705,27267.152599999998,27396.860399999994
1685894400000,22.21,-0.2663699674455021,22.29,21.9,22.21,571231.3,75.32322244025558,0.32787060536029156,27277.4344,27392.501800000002
1685908800000,21.82,-0.2649688877900029,22.3,21.78,21.82,547350.54,63.01830582517212,0.3415941335488421,27285.937599999997,27385.37445
1685923200000,21.54,-0.2681007129022953,22.06,21.51,21.54,689128.61,55.951262096655384,0.35648026686678175,27288.217200000003,27376.161650000002
1685937600000,21.66,-0.2705732064119998,21.69,21.39,21.66,434249.93,58.11894886325262,0.3524459620905831,27287.731600000003,27366.9623
1685952000000,21.6,-0.26950179255779455,21.69,21.5,21.6,398652.16,56.61865176898102,0.3408426790841129,27279.4548,27358.22475
1685966400000,19.93,-0.2699138748094119,21.61,19.84,19.93,1768310.01,31.920030237311664,0.4429253448638191,27255.077999999998,27344.9934
1685980800000,20.03,-0.2838422549140808,20.58,19.03,20.03,2406807.45,33.78277095162535,0.5220021059449748,27224.6026,27330.424650000004
1685995200000,20.0,-0.2829356739605225,20.14,19.67,20.0,517892.08,33.48675706679643,0.5182876698060479,27193.723199999997,27317.508099999995
1686009600000,20.0,-0.28310050686116944,20.03,19.71,20.0,344591.76,33.48675706679643,0.5041242648199017,27157.82,27304.547349999997
1686024000000,20.11,-0.2832653397618165,20.12,19.86,20.11,433571.68,35.87609497388877,0.486686817332766,27110.9666,27288.028199999997
1686038400000,19.88,-0.2823587588082581,20.12,19.82,19.88,249819.3,33.19128615234551,0.4733520446661399,27065.5996,27270.9771
1686052800000,19.94,-0.2841719207153748,20.08,19.23,19.94,1742366.29,34.566953533443126,0.5002554700471297,27028.7644,27256.0167
1686067200000,20.59,-0.28359500556311035,20.66,19.91,20.59,1111256.32,47.241197150344085,0.5180943650437633,27012.0896,27245.64405
1686081600000,20.38,-0.2784027691927309,20.7,20.23,20.38,501928.79,44.258480293423275,0.514659053254923,27004.081000000002,27237.463499999998
1686096000000,20.15,-0.2800510981992006,20.53,20.01,20.15,454245.96,41.190967704828715,0.5150405494509999,26989.5024,27227.532950000004
1686110400000,20.01,-0.2819466765566407,20.25,19.96,20.01,246392.05,39.40085495844518,0.4989662244902141,26970.691799999997,27217.3215
1686124800000,19.95,-0.28310050686116944,20.1,19.57,19.95,558764.76,38.62609513097186,0.5011829227409131,26952.03,27205.81105
1686139200000,19.32,-0.28359500556311035,19.96,19.22,19.32,849311.26,31.599887664666284,0.5182412854022767,26924.356,27192.247199999998
1686153600000,18.97,-0.2887872419334899,19.32,18.6,18.97,1109052.79,28.498382214871057,0.5326526221592568,26893.5764,27178.9125
1686168000000,18.64,-0.29158940124448834,18.99,18.5,18.64,624504.13,25.915648295429705,0.5296060062907383,26866.9016,27163.826950000002
1686182400000,18.47,-0.2943915605554868,18.88,18.23,18.47,535075.34,24.675033720280638,0.5382055772699712,26836.781000000003,27147.739500000003
1686196800000,18.64,-0.2957926402109861,18.78,18.39,18.64,442998.18,28.367929000666763,0.5276194646078304,26811.786799999998,27132.434899999997
1686211200000,18.79,-0.2943091441051634,18.83,18.55,18.79,417705.8,31.55643816793807,0.5099323599929851,26787.2808,27117.82685
1686225600000,18.92,-0.2931553138006346,19.0,18.71,18.92,635932.82,34.28649429505997,0.4942229057077719,26778.3564,27104.6185
1686240000000,18.86,-0.29208389994642925,18.93,18.56,18.86,345472.9,33.619950598277015,0.4853498410143597,26767.2108,27090.987250000002
1686254400000,18.89,-0.2926608150986937,19.11,18.82,18.89,292528.97,34.30761299154845,0.47139628094190533,26758.952199999996,27080.597250000003
1686268800000,18.76,-0.29241356574772326,18.92,18.59,18.76,312752.98,32.72552335853072,0.4612965465889122,26748.4148,27068.80165
1686283200000,18.59,-0.293402563151605,18.81,18.47,18.59,256051.16,30.7298421661836,0.4526325075468471,26734.0764,27057.027800000003
1686297600000,19.27,-0.2948860592574278,19.37,18.55,19.27,582950.85,45.14095402678678,0.4788730427220723,26730.6814,27046.085949999997
1686312000000,18.7,-0.28919932418510735,19.33,18.49,18.7,908627.02,38.00374613914139,0.5046678253847815,26724.1754,27033.920749999997
1686326400000,17.39,-0.29381464540322244,18.71,17.22,17.39,1651999.16,27.314766867390674,0.5750486950001543,26714.459199999998,27021.7562
1686340800000,17.4,-0.30469361684592244,17.75,17.11,17.4,1043074.32,27.48244112433629,0.5796880739287147,26706.1258,27009.4319
1686355200000,16.29,-0.30461120039559897,17.43,16.03,16.29,2170498.45,21.542051566623115,0.6382817829338064,26695.3336,26996.508599999997
1686369600000,14.42,-0.3137594263815057,16.47,12.8,14.42,6671106.66,15.473836799870085,0.8548330841528201,26671.996799999997,26982.61355
1686384000000,14.92,-0.32917130259199734,15.07,14.25,14.92,2342382.28,21.815560142827565,0.8523450067133329,26646.6248,26970.272
1686398400000,14.77,-0.3250504800758231,14.93,14.42,14.77,1834029.69,21.299278171470917,0.8278917919480948,26618.207799999996,26958.5386
1686412800000,15.32,-0.3262867268306754,15.87,14.52,15.32,3044008.0,28.025275863444364,0.8651852353803736,26590.5928,26947.61815
1686427200000,15.61,-0.32167140561256025,15.89,15.19,15.61,1149709.75,31.356452850865054,0.8533862899960613,26565.498600000003,26937.3863
1686441600000,15.57,-0.3193637450035027,15.79,15.39,15.57,791933.25,31.14235327722315,0.8210015549963424,26535.268400000004,26929.32025
1686456000000,15.4,-0.31969341080479663,15.73,15.28,15.4,828634.44,30.198619333882604,0.7945014439251752,26505.243199999997,26919.68295
1686470400000,15.53,-0.32109449046029587,15.71,15.29,15.53,815840.74,31.898177365355096,0.7677513407876627,26478.3004,26910.516550000004
1686484800000,15.22,-0.32002307660609053,15.68,15.11,15.22,1002163.41,30.02102092718114,0.7536262450171154,26449.839200000002,26900.940149999995
1686499200000,16.0,-0.3225779865661186,16.18,15.14,16.0,1607186.07,39.64520594341595,0.7740815132301785,26427.8612,26892.70305
1686513600000,15.55,-0.31614950344088677,16.15,15.37,15.55,1018259.37,36.52429883110736,0.7745042622851657,26400.267000000003,26885.32885
1686528000000,15.1,-0.3198582437054436,15.6,14.9,15.1,1049700.32,33.66988776244045,0.7691825292647966,26374.1656,26875.703700000002
1686542400000,15.09,-0.32364940042032386,15.31,15.0,15.09,546058.13,33.6070331759349,0.7363837771744539,26348.8408,26866.577249999995
1686556800000,15.4,-0.32364940042032386,15.69,15.02,15.4,927888.33,37.502034099246345,0.73164207880485,26327.3898,26858.094950000002
1686571200000,15.2,-0.32109449046029587,15.47,15.14,15.2,681627.74,36.033302164589124,0.7029533588902178,26300.873399999997,26849.506799999996
1686585600000,14.96,-0.32274281946676553,15.33,14.74,14.96,1223559.27,34.29743957895515,0.6948852618266308,26273.387000000002,26840.2425
1686600000000,15.19,-0.3248032307248526,15.39,14.9,15.19,766524.2,37.40931540174809,0.6802506002675858,26247.9108,26829.002449999996
1686614400000,15.34,-0.32282523591708906,15.52,15.0,15.34,751179.5,39.42436637276985,0.668804128819901,26224.925600000002,26820.8604
1686628800000,15.43,-0.32167140561256025,15.52,15.12,15.43,442418.86,40.65880236318338,0.6496038339041939,26204.0998,26813.23625
1686643200000,15.64,-0.3208472411093254,15.69,15.35,15.64,875317.11,43.54948229537801,0.6274892743396085,26191.0644,26806.960799999997
1686657600000,14.8,-0.31919891210285567,16.0,14.76,14.8,1661885.08,35.996066090934875,0.6712400404582081,26169.6554,26798.508149999998
1686672000000,14.97,-0.32603947747970496,15.16,14.78,14.97,641699.19,38.32741300933023,0.650437180425479,26152.2444,26790.9943
1686686400000,15.04,-0.32463839782420567,15.08,14.86,15.04,441774.53,39.30773197536346,0.6196916675379448,26150.7788,26784.768449999996
1686700800000,15.25,-0.32414389912226477,15.3,14.92,15.25,320893.14,42.272326044450814,0.6025708341423773,26157.880400000002,26780.47855
1686715200000,15.05,-0.3224131536654716,15.27,15.0,15.05,334905.19,40.25557059319111,0.5788157745607789,26161.270800000002,26775.12405
1686729600000,15.2,-0.3238966497712943,15.24,15.04,15.2,243405.9,42.472336217548715,0.5517575049492948,26166.1684,26772.080999999995
1686744000000,15.11,-0.32266040301644205,15.29,15.01,15.11,388275.89,41.477904200819786,0.5323462545957737,26171.456799999996,26770.45715
1686758400000,15.09,-0.3235669839700004,15.37,14.87,15.09,1149352.7,41.246787543604206,0.5300358078389327,26175.2158,26768.090050000003
1686772800000,14.48,-0.32364940042032386,15.13,14.06,14.48,1542058.71,34.865667061661384,0.5686046787075804,26156.4656,26762.128849999997
1686787200000,14.92,-0.3285943874397329,15.08,14.42,14.92,764581.35,41.85343399363336,0.5751329159427533,26116.17,26755.1575
1686801600000,14.81,-0.3250504800758231,14.93,14.64,14.81,594431.01,40.67848791899586,0.5547662790896994,26071.2444,26746.101450000002
1686816000000,14.65,-0.32595706102938143,14.92,14.45,14.65,915690.6,38.96502852361262,0.5487115448690066,26033.363599999997,26737.13495
1686830400000,14.48,-0.3271933077842337,14.79,14.37,14.48,867353.88,37.17337262695599,0.539517863092649,25996.6452,26728.075300000004
1686844800000,14.77,-0.3286768038900564,14.82,14.18,14.77,875232.39,42.067088177544086,0.5466951585860313,25967.832199999997,26721.233049999995
1686859200000,14.77,-0.32636914328099886,15.07,14.59,14.77,683359.62,42.067088177544086,0.5419312186870291,25952.811599999997,26715.144249999998
1686873600000,14.8,-0.32620431038035186,14.87,14.63,14.8,199437.33,42.60346900232576,0.5203647030665269,25934.397999999997,26708.763250000004
1686888000000,14.85,-0.32603947747970496,14.99,14.78,14.85,273870.18,43.54169859540657,0.49819579570463224,25918.351399999996,26702.5719
1686902400000,14.56,-0.3256273952280875,14.95,14.53,14.56,364101.39,39.507850321212516,0.49261038172572996,25900.958199999997,26695.6193
1686916800000,15.0,-0.32793505583714505,15.09,14.38,15.0,799198.72,47.46093956328282,0.5081382116024635,25888.8646,26690.5433
1686931200000,15.28,-0.32430873202291177,15.47,14.89,15.28,845195.46,51.803467947997326,0.5132711964880018,25887.8732,26688.42555
1686945600000,15.31,-0.3220834878641777,15.44,15.22,15.31,328087.01,52.258772354156335,0.4923232538817159,25880.3396,26684.740449999998
1686960000000,15.42,-0.3217538220628837,15.43,15.16,15.42,255876.03,53.97561377451735,0.4764430214615933,25874.7848,26681.6564
1686974400000,15.85,-0.32092965755964886,16.12,15.36,15.85,1020170.96,60.02710800905253,0.49669709135719387,25876.684000000005,26680.036150000004
1686988800000,15.77,-0.3173033337454156,15.95,15.72,15.77,369614.13,58.486346826545265,0.4776472991173942,25877.1652,26676.41095
1687003200000,15.65,-0.31812749824865044,15.92,15.56,15.65,396788.84,56.1578568336204,0.4692439206090088,25875.513,26671.427649999998
1687017600000,15.65,-0.3190340792022087,15.79,15.62,15.65,295594.9,56.1578568336204,0.4478693548512225,25872.8152,26667.12355
1687032000000,15.64,-0.3189516627518853,15.77,15.59,15.64,162276.54,55.94260311036152,0.4287358295047066,25873.6076,26662.724499999997
1687046400000,15.59,-0.3190340792022087,15.67,15.41,15.59,235421.36,54.811335842924464,0.4166832702543704,25876.4336,26658.375549999997
1687060800000,15.59,-0.3195285779041496,15.7,15.47,15.59,193453.09,54.811335842924464,0.40334875095048667,25878.576999999997,26655.48975
1687075200000,15.72,-0.3195285779041496,15.75,15.5,15.72,184944.74,57.40843687076458,0.3923952687397376,25882.115599999997,26652.33975
1687089600000,15.72,-0.3183747475996208,15.79,15.61,15.72,179029.69,57.40843687076458,0.37722417811547065,25900.335600000002,26648.8873
1687104000000,15.81,-0.3185395805002678,15.83,15.68,15.81,184564.83,59.28714544961472,0.3609938796786514,25918.707599999998,26646.842149999997
1687118400000,15.45,-0.3176329995467095,15.84,15.28,15.45,626274.73,49.82063767322962,0.3752086025587477,25932.931,26643.351899999998
1687132800000,15.49,-0.3206824082086784,15.58,15.34,15.49,216399.13,50.76139406543257,0.36555084523312287,25945.9982,26640.70345
1687147200000,15.48,-0.32043515885770796,15.54,15.41,15.48,157439.88,50.50646245884736,0.3487257848593283,25957.7342,26637.674300000002
1687161600000,15.56,-0.32043515885770796,15.57,15.41,15.56,135135.73,52.55912475623832,0.3352453716550906,25972.1386,26634.612750000004
1687176000000,15.56,-0.31969341080479663,15.7,15.45,15.56,259378.06,52.55912475623832,0.32915641653686983,25986.192000000003,26632.607050000002
1687190400000,15.85,-0.3197758272551201,15.98,15.43,15.85,750752.4,59.6027768994835,0.3449309582128078,26003.916400000002,26632.830349999997
1687204800000,16.1,-0.31738575019573906,16.14,15.79,16.1,371213.07,64.4965364208019,0.3452930326261788,26025.776199999997,26633.067450000002
1687219200000,16.02,-0.3153253389376519,16.3,16.0,16.02,522971.71,61.911897454046695,0.3420578160100232,26043.088799999998,26630.6246
1687233600000,15.98,-0.3159022540899163,16.13,15.92,15.98,183218.59,60.60415983416538,0.33262511486645,26061.226599999998,26627.75875
1687248000000,15.93,-0.31639675279185725,15.98,15.8,15.93,203978.92,58.92857230752794,0.32172332094741785,26083.5606,26625.470250000002
1687262400000,15.95,-0.31672641859315115,16.1,15.73,15.95,479913.49,59.41197303402565,0.3251716551654595,26108.939599999998,26623.87185
1687276800000,16.36,-0.3165615856925042,16.5,15.85,16.36,1085312.22,67.78318971167036,0.34837367979649814,26148.818400000004,26626.79085
1687291200000,16.64,-0.31318251122924134,16.69,16.28,16.64,530186.79,72.0264280472411,0.352775559811034,26198.4856,26632.89695
1687305600000,16.76,-0.3107924341698603,17.21,16.56,16.76,850664.58,73.62945870698083,0.37400587696738885,26256.224,26642.78265
1687320000000,16.83,-0.3098858532163019,16.97,16.7,16.83,466731.33,74.5457950624097,0.36657688575543246,26315.5658,26653.03765
1687334400000,16.79,-0.30939135451436106,16.9,16.64,16.79,404857.25,72.98510471909735,0.3589642510586157,26372.8888,26663.514
1687348800000,16.89,-0.3096386038653315,17.09,16.54,16.89,910940.25,74.42657967371088,0.37260966169728604,26448.442000000003,26678.515
1687363200000,17.12,-0.30889685581242016,17.29,16.81,17.12,1039760.65,77.41193093909763,0.38028040014747994,26526.846400000002,26694.7957
1687377600000,17.23,-0.30683644455433307,17.4,16.95,17.23,473964.93,78.69301646623104,0.38526037156551707,26611.5334,26710.3469
1687392000000,17.53,-0.30601228005109815,17.75,17.17,17.53,537548.16,81.73545089021277,0.3991703450251229,26699.396800000002,26727.654650000004
1687406400000,17.37,-0.30345737009107016,17.56,17.14,17.37,582986.86,75.54017496484589,0.4006581775233283,26782.7268,26743.7571
1687420800000,16.86,-0.3047760332962459,17.4,16.62,16.86,927245.76,59.94363840277207,0.42775402198594753,26861.5854,26759.069200000005
1687435200000,16.9,-0.3091441051633906,17.16,16.66,16.9,696861.99,60.63021302208496,0.4329144489869513,26940.644,26774.04755
1687449600000,16.93,-0.3088144393620966,17.11,16.79,16.93,522943.93,61.167806652025035,0.4248491312021691,27025.392000000003,26790.7128
1687464000000,16.62,-0.30840235711047925,16.95,16.57,16.62,279725.73,53.099109591969324,0.4216456218305855,27103.3554,26805.4091
1687478400000,16.78,-0.31103968352083067,16.8,16.52,16.78,330719.21,56.30298243121862,0.4115280774141152,27186.0228,26820.13375
1687492800000,16.78,-0.30972102031565496,16.86,16.68,16.78,246313.44,56.30298243121862,0.39499035759882123,27282.090599999996,26834.281550000003
1687507200000,16.59,-0.30972102031565496,16.84,16.54,16.59,349403.13,51.46148727755523,0.3882053320560483,27383.601000000002,26849.1048
1687521600000,16.98,-0.3112045164214777,17.05,16.16,16.98,1625839.21,59.21418626320379,0.4240478083377592,27508.685,26870.019850000004
1687536000000,17.13,-0.30807269130918524,17.27,16.81,17.13,1607547.4,61.74503178751636,0.4266158220279193,27626.003000000004,26890.274500000003
1687550400000,17.13,-0.3069188610046565,17.53,16.92,17.13,691774.13,61.74503178751636,0.43971469188306794,27740.574000000004,26909.22215
1687564800000,17.37,-0.30675402810400954,17.53,17.05,17.37,742167.58,65.69507894075781,0.4425922138914203,27846.0644,26928.3616
1687579200000,17.07,-0.30485844974656934,17.42,17.02,17.07,340440.11,57.67794872476025,0.43954991289917617,27945.446200000002,26947.460600000002
1687593600000,17.21,-0.3073309432562739,17.32,17.06,17.21,260157.54,60.12359456481873,0.4267249191206637,28047.899000000005,26967.6585
1687608000000,16.62,-0.3060946965014217,17.39,16.5,16.62,799507.85,47.63162506798023,0.45981599632633063,28145.133,26985.436400000002
1687622400000,16.69,-0.31103968352083067,16.8,16.42,16.69,502835.34,48.985900239423984,0.45411485373159266,28248.1996,27004.4417
1687636800000,16.64,-0.31046276836856634,16.69,16.37,16.64,263593.47,48.03044342344352,0.4445352213221932,28341.948000000004,27022.69295
1687651200000,16.98,-0.3108748506201838,16.99,16.57,16.98,294209.85,54.52574287895706,0.44278270551346494,28429.2686,27042.1231
1687665600000,17.28,-0.30807269130918524,17.37,16.92,17.28,515245.18,59.35305219727954,0.4432982265482174,28516.8442,27061.49565
1687680000000,17.24,-0.30568261424980425,17.38,17.02,17.24,497076.26,58.46193238159715,0.4373483532233447,28605.9216,27078.24245
1687694400000,17.12,-0.3058474471504512,17.3,16.76,17.12,697444.8,55.75734470142079,0.4446806137073915,28685.753399999998,27094.64625
1687708800000,16.99,-0.3069188610046565,17.28,16.88,16.99,498760.16,52.90207338570379,0.4414891412997208,28764.193799999997,27110.10835
1687723200000,16.96,-0.30807269130918524,17.11,16.8,16.96,220305.0,52.237277354829644,0.4320970597783121,28845.2306,27125.8214
1687737600000,16.75,-0.30823752420983225,16.97,16.54,16.75,573348.32,47.716938237483646,0.43194726979414694,28921.651800000003,27141.3971
1687752000000,16.93,-0.3098858532163019,17.06,16.61,16.93,320970.17,51.584298300876284,0.4332367505231364,28999.397800000002,27157.3205
1687766400000,16.92,-0.3084847735608027,16.97,16.72,16.92,278045.41,51.35701603199978,0.42014841120005525,29074.8866,27175.004950000002
1687780800000,16.82,-0.3085671900111262,17.12,16.74,16.82,467311.04,49.030535877875984,0.41728066754290866,29151.579400000002,27193.709700000003
1687795200000,16.31,-0.30939135451436106,16.82,16.09,16.31,968807.2,39.26204733043528,0.43961776271841524,29226.458800000004,27211.21835
1687809600000,16.27,-0.3135945934808587,16.33,15.89,16.27,448110.26,38.61227587199028,0.43964506538138537,29300.576800000003,27230.984849999997
1687824000000,16.5,-0.31392425928215273,16.5,16.13,16.5,371199.59,44.31852761354787,0.4346704178541437,29375.008199999997,27251.58105
1687838400000,16.73,-0.31202868092471253,16.74,16.35,16.73,397730.05,49.38529310775046,0.43147967372170465,29456.433200000003,27271.9921
1687852800000,16.69,-0.31005068611694897,16.78,16.51,16.69,400367.66,48.55774089267791,0.41994541131301144,29542.947999999997,27294.718999999997
1687867200000,16.39,-0.3103803519182428,16.83,16.33,16.39,767023.29,42.76913264084576,0.4256635962192249,29624.362599999997,27316.55635
1687881600000,16.72,-0.31293526187827087,16.81,16.34,16.72,505613.43,49.851107789443766,0.4288304822035659,29708.368599999998,27338.3134
1687896000000,16.63,-0.31029793546791934,16.93,16.48,16.63,509173.43,48.10283966844561,0.4303425906175969,29793.337399999997,27360.645
1687910400000,16.39,-0.3109572670705073,16.65,16.12,16.39,792979.43,43.70151750958484,0.4374609770020541,29868.746799999997,27380.565349999997
1687924800000,15.98,-0.31293526187827087,16.39,15.79,15.98,781858.24,37.40501259033741,0.4490709072161932,29935.582400000003,27399.12705
1687939200000,16.21,-0.31639675279185725,16.23,15.91,16.21,375992.82,42.41716994872526,0.4398515567007508,30003.8666,27418.505
1687953600000,16.33,-0.3144187579840936,16.52,16.08,16.33,709949.14,44.8963255958681,0.4398621597935544,30075.439000000002,27438.05365
1687968000000,15.9,-0.3134297605802118,16.41,15.6,15.9,927361.83,38.49983773423253,0.46630057695115773,30139.2792,27456.237200000003
1687982400000,15.97,-0.31697366794412163,16.1,15.77,15.97,452110.83,39.99851139312303,0.4565648214546466,30199.3888,27472.873199999998
1687996800000,16.03,-0.3163143363415337,16.19,15.87,16.03,280096.33,41.31849919768127,0.4468101913507434,30243.253399999998,27489.917149999997
1688011200000,16.26,-0.3159022540899163,16.35,16.0,16.26,293099.21,46.20410373243635,0.43989517768283326,30283.8994,27508.089
1688025600000,18.06,-0.31400667573247615,18.28,16.24,18.06,3450492.46,68.38681729290894,0.5541883792769168,30323.0952,27527.6837
1688040000000,17.68,-0.2991717146742489,18.24,17.26,17.68,2119493.8,62.525213222133914,0.584603495042851,30355.2256,27546.4637
1688054400000,17.73,-0.3023859562368648,17.8,17.52,17.73,916651.78,62.974901330908274,0.5628461025397903,30388.3254,27565.89355
1688068800000,17.99,-0.3018914575349239,18.06,17.44,17.99,888418.15,65.30627150209506,0.5669285237869479,30400.24,27584.67985
1688083200000,18.95,-0.29966621337618987,19.08,17.86,18.95,2433543.72,72.25342585385064,0.6135764863735945,30412.9004,27604.757100000003
1688097600000,18.8,-0.29175423414513535,19.07,18.41,18.8,1319725.44,69.89823087959917,0.6168924516326235,30428.324399999998,27624.3112
1688112000000,18.88,-0.2931553138006346,19.02,18.58,18.88,892280.93,70.45143852849807,0.6042572765160077,30440.6044,27642.925100000004
1688126400000,18.28,-0.29241356574772326,19.56,17.01,18.28,3800730.01,61.34549819327889,0.743238899622007,30439.943799999997,27657.13185
1688140800000,19.1,-0.2973585527671323,20.03,18.17,19.1,2329438.45,67.52354073842412,0.8230075496490065,30448.831000000002,27673.22485
1688155200000,18.86,-0.29060040384060654,19.36,18.81,18.86,678297.94,64.2850484821695,0.8035070103883631,30461.258,27689.224
1688169600000,18.3,-0.2926608150986937,19.0,18.16,18.3,976594.97,57.37087037197737,0.8061136525034801,30464.956000000002,27703.5841
1688184000000,18.45,-0.2971113034161618,18.48,17.9,18.45,1089805.41,58.65366038476779,0.7899626773246603,30476.4552,27715.5585
1688198400000,18.33,-0.29603988956195654,18.51,18.19,18.33,458176.87,57.171472853576354,0.7563939146586132,30486.756400000002,27728.398650000003
1688212800000,18.44,-0.29686405406519134,18.57,18.25,18.44,431568.59,58.213877247822474,0.7252229207544266,30499.5682,27741.722200000004
1688227200000,18.33,-0.29603988956195654,18.49,18.25,18.33,278210.51,56.7269917328071,0.6905641407005388,30508.941000000003,27755.2004
1688241600000,18.7,-0.29694647051551487,18.74,18.33,18.7,280735.58,60.39163451924187,0.6705238449362146,30495.898999999998,27769.977349999997
1688256000000,18.76,-0.2938970618535459,18.91,18.53,18.76,827666.71,60.96887900710911,0.649772141726485,30488.4678,27784.334199999998
1688270400000,19.22,-0.293402563151605,19.5,18.56,19.22,1181714.1,65.1609656263002,0.6705027030317361,30484.958,27798.21725
1688284800000,19.04,-0.2896114064367248,19.41,19.0,19.04,597756.13,62.339455678723844,0.6518953671008978,30481.252600000003,27811.7948
1688299200000,19.29,-0.2910949025425475,19.39,18.77,19.29,1025061.82,64.63021112937903,0.649617126593691,30479.8612,27825.61875
1688313600000,19.36,-0.28903449128446035,19.49,19.07,19.36,631492.36,65.26726165044701,0.63321590326557,30477.3284,27838.30045
1688328000000,19.45,-0.28837515968187244,19.74,19.24,19.45,609083.96,66.11236879397657,0.6237004816037436,30481.6948,27853.0202
1688342400000,19.58,-0.2876334116289611,19.66,19.17,19.58,439596.14,67.34821712161684,0.6141504472034761,30484.271,27867.552450000003
1688356800000,19.43,-0.2867268306754028,19.58,19.23,19.43,379217.62,64.42853990036824,0.5952825581175133,30487.066199999997,27882.416400000002
1688371200000,19.47,-0.28796307743025507,19.51,19.3,19.47,325870.08,64.86595155426832,0.5677623753948339,30484.6014,27897.256
1688385600000,19.29,-0.2876334116289611,19.5,18.94,19.29,846663.9,61.21787371772087,0.5672079200094885,30491.4986,27916.7597
1688400000000,19.28,-0.2891169077347838,19.35,19.02,19.28,515430.59,61.01257848700757,0.550264497151668,30502.2948,27937.553000000004
1688414400000,19.26,-0.2891169077347838,19.32,18.87,19.26,558408.51,60.575047254706305,0.5431027473551203,30513.7156,27958.776299999998
1688428800000,19.29,-0.2893641570857543,19.5,19.21,19.29,378220.68,61.02652336183025,0.5250239796868974,30529.033799999997,27979.7019
1688443200000,19.1,-0.28903449128446035,19.32,19.06,19.1,270516.97,56.605344757582465,0.5060936954235478,30538.0088,27998.2072
1688457600000,19.23,-0.29068282029093,19.25,19.07,19.23,225601.8,58.80444113961699,0.48280128860758004,30553.4414,28019.64745
1688472000000,19.84,-0.28952898998640125,19.94,19.21,19.84,1031425.68,67.20313144012425,0.5004583394213243,30564.642999999996,28040.455949999996
1688486400000,19.5,-0.2845015865166687,19.86,19.3,19.5,777600.82,59.875793595639465,0.5047113151769439,30572.122000000003,28059.47535
1688500800000,19.13,-0.28730374582766716,19.57,19.09,19.13,412926.23,53.09171389069122,0.5029462212357336,30579.0598,28078.8355
1688515200000,19.28,-0.29027073803931264,19.3,19.1,19.28,189095.73,55.30274440263533,0.4813072054331812,30591.5546,28098.86565
1688529600000,19.32,-0.28903449128446035,19.38,19.19,19.32,207241.67,55.899697424880806,0.4604995479022395,30601.679799999998,28118.64725
1688544000000,18.71,-0.2887872419334899,19.53,18.32,18.71,939298.19,45.84430133501087,0.514035294480651,30602.334400000003,28135.66875
1688558400000,18.59,-0.2938970618535459,18.9,18.44,18.59,540333.4,44.161362680459405,0.5101756305891757,30601.2322,28152.20105
1688572800000,18.6,-0.29480364280710425,18.88,18.51,18.6,295402.29,44.34471767924939,0.5001630855470915,30595.2892,28168.707049999997
1688587200000,19.0,-0.2947212263567808,19.04,18.54,19.0,244537.23,51.24158953851169,0.5001514365794422,30595.4106,28185.7515
1688601600000,19.46,-0.2915069847941649,19.75,18.95,19.46,1160564.03,57.72899269422038,0.5215691911094821,30592.267000000003,28202.01065
1688616000000,19.59,-0.2877158280792846,19.74,19.32,19.59,572255.93,59.37410115341763,0.5143142488873761,30594.482000000004,28219.813650000004
1688630400000,19.9,-0.2864795813244323,20.36,19.54,19.9,1619888.08,63.06547075421306,0.5361489453954207,30602.358000000004,28238.3304
1688644800000,19.71,-0.28408950426505125,19.92,18.82,19.71,2008091.13,59.49720103534908,0.5764240207243193,30606.7756,28254.49335
1688659200000,20.91,-0.28565541682119744,21.0,19.5,20.91,2529815.89,70.752688556439,0.6423937335297251,30606.758599999997,28270.393799999998
1688673600000,19.61,-0.2756830263320559,20.98,19.6,19.61,1707401.93,53.43012226343333,0.695079895420459,30596.445999999996,28283.344650000003
1688688000000,20.21,-0.2863971648741089,20.52,19.45,20.21,1219186.14,58.482471454509486,0.7218599028904263,30597.154,28298.539849999997
1688702400000,19.46,-0.28153459430502326,20.3,19.26,19.46,1080276.46,51.02987714728255,0.7445841955411101,30595.7538,28313.230750000002
1688716800000,20.17,-0.2877158280792846,20.35,19.26,20.17,1681262.86,56.66039661316871,0.7692567530024593,30594.607799999998,28328.517350000002
1688731200000,21.23,-0.2817818436559937,21.9,20.17,21.23,3532029.17,63.42225930261315,0.8378812706451405,30595.618599999998,28344.719250000002
1688745600000,21.43,-0.27312811637202783,21.54,21.04,21.43,1489016.33,64.54622413636821,0.8137468941704876,30587.123799999998,28359.9575
1688760000000,21.5,-0.27139737091523464,21.86,21.15,21.5,792325.52,64.95215298665298,0.8063364017297385,30584.4418,28375.786
1688774400000,21.7,-0.2707380393126467,21.99,21.43,21.7,883661.32,66.14484648115427,0.7887409444633285,30578.238599999997,28391.0946
1688788800000,21.99,-0.26917212675650054,22.13,21.32,21.99,1319410.05,67.85312602082085,0.7902594484302335,30573.1596,28406.485350000003
1688803200000,21.94,-0.26686446614744297,22.5,21.79,21.94,1541611.34,67.22331426604968,0.7845266306852169,30562.2928,28423.276
1688817600000,21.52,-0.26727654839906045,21.99,21.37,21.52,1074117.27,62.016057150090006,0.7727747284934156,30551.151,28440.16605
1688832000000,21.62,-0.2706556228623233,22.0,21.4,21.62,1098945.57,62.75580395613255,0.7604336764581717,30535.1908,28456.8591
1688846400000,21.81,-0.2698314583590884,21.99,21.42,21.81,555275.71,64.18308505566664,0.7468312709968735,30539.529,28478.244599999998
1688860800000,21.66,-0.26818312935261873,22.38,21.53,21.66,990308.72,62.15787799904846,0.754200465925668,30537.8416,28501.5346
1688875200000,21.56,-0.269419376107471,21.87,21.4,21.56,472642.9,60.78095458641513,0.7339004326452633,30533.7016,28524.218600000004
1688889600000,21.62,-0.2702435406107059,21.89,21.5,21.62,506092.5,61.33439937133184,0.7093361160277445,30531.0752,28546.8979
1688904000000,21.25,-0.2698314583590884,21.85,21.1,21.25,1009868.14,56.07892284206179,0.7122406791686199,30528.867000000002,28570.033600000002
1688918400000,21.29,-0.2728808670210574,21.4,21.17,21.29,356194.61,56.51274618637353,0.6777949163708611,30523.255,28592.8125
1688932800000,21.32,-0.27255120121976345,21.48,20.99,21.32,532254.89,56.856935099161326,0.6643809937729426,30515.0176,28613.2855
1688947200000,21.25,-0.27230395186879297,21.37,20.78,21.25,1244273.28,55.74820146381575,0.6590680656463038,30505.950800000002,28628.6657
1688961600000,20.74,-0.2728808670210574,21.28,20.56,20.74,672933.34,48.3504295980723,0.663420346671568,30496.4748,28643.075800000002
1688976000000,20.8,-0.27716652243787854,20.88,20.47,20.8,740257.81,49.20443695073378,0.6453188933378845,30491.0886,28659.73075
1688990400000,21.15,-0.2765896072856142,21.3,20.66,21.15,832851.31,53.984169917844234,0.6449389723851785,30487.0846,28677.315450000006
1689004800000,21.58,-0.2736226150739688,21.62,20.91,21.58,767329.61,59.07878597188535,0.6495861886433801,30492.9378,28697.02175
1689019200000,21.3,-0.2700787077100589,21.81,21.08,21.3,1413444.59,54.82244093361073,0.6553300323117102,30491.209,28717.332000000002
1689033600000,21.74,-0.27246878476944,21.8,21.2,21.74,780418.35,59.73202179867964,0.6513778871465882,30489.5742,28737.2999
1689048000000,22.11,-0.2688424609552067,22.26,21.7,22.11,985646.07,63.33987854912572,0.6448508952075463,30487.9412,28758.280099999996
1689062400000,22.05,-0.2657930522932377,22.15,21.83,22.05,576117.71,62.36408437495959,0.6216472598355788,30480.8944,28778.580799999996
1689076800000,22.13,-0.2663699674455021,22.37,21.87,22.13,1228030.12,63.17860970968033,0.6129581698473231,30479.479600000006,28799.3396
1689091200000,21.97,-0.26554580294226726,22.19,21.9,21.97,494393.05,60.3647638972414,0.5898897291439431,30478.615,28820.08955
1689105600000,22.07,-0.2669468825977665,22.11,21.74,22.07,552205.41,61.51834639451162,0.5741833199193758,30469.6842,28839.591649999995
1689120000000,21.91,-0.2662051345448551,22.27,21.89,21.91,561692.95,58.58052664369667,0.5603130827822774,30456.3338,28859.83375
1689134400000,22.03,-0.2674413812997074,22.16,21.86,22.03,398049.2,60.11880388594791,0.541719291154972,30448.0098,28881.040699999998
1689148800000,22.13,-0.2665348003461491,22.18,21.94,22.13,486640.64,61.405164326922936,0.520167913215331,30439.621,28902.503449999997
1689163200000,22.42,-0.2656282193925908,22.8,21.98,22.42,2805369.15,64.93719035966623,0.5415844908428074,30431.8854,28922.65945
1689177600000,21.84,-0.2632381423332097,22.47,21.74,21.84,1171482.93,54.24495043338304,0.5550427414968926,30416.275,28941.045850000006
1689192000000,21.94,-0.2680182964519718,22.14,21.76,21.94,662879.08,55.602301986100365,0.5425396885328287,30404.587600000003,28960.559000000005
1689206400000,21.65,-0.26727654839906045,22.02,21.56,21.65,606532.34,50.88766241831658,0.5366439964947697,30396.611,28980.013300000002
1689220800000,21.76,-0.269584209008118,21.95,21.42,21.76,682727.38,52.531798910256235,0.5361694253165716,30388.601199999997,28999.45435
1689235200000,22.41,-0.2685952116042362,22.49,21.72,22.41,796426.7,60.86826078870726,0.5528716092225308,30382.106799999998,29020.55895
1689249600000,24.06,-0.2632381423332097,25.4,22.11,24.06,3890638.87,73.5614726102938,0.74838077999235,30384.971400000002,29046.890900000002
1689264000000,26.2,-0.24972184448015822,26.82,24.06,26.2,8423872.85,81.80494597329842,0.8920678671357536,30409.0056,29076.26395
1689278400000,26.01,-0.232167140561256,26.21,25.36,26.01,1701940.88,79.43674302325404,0.8890630194831999,30430.968000000004,29105.391099999997
1689292800000,28.54,-0.23365063666707872,32.13,25.6,28.54,7551859.2,85.46906505141565,1.2919870895201144,30451.529000000002,29133.9411
1689307200000,28.71,-0.21279927473523713,28.91,28.22,28.71,1972597.08,85.77111350285429,1.2489880116972494,30463.407600000002,29160.22875
1689321600000,28.05,-0.2113981950797379,29.98,27.64,28.05,2840361.97,78.91290355641502,1.3269174394331602,30477.782399999996,29187.63915
1689336000000,28.17,-0.21683768080108787,28.34,27.38,28.17,1500629.2,79.23796218528966,1.3007090509022203,30486.528199999997,29215.1349
1689350400000,26.07,-0.21584868339720606,28.24,25.56,26.07,3836463.13,61.40029347265384,1.3992298329806332,30471.9006,29236.73045
1689364800000,26.67,-0.23315613796513782,26.91,25.23,26.67,1870003.23,63.900751645313406,1.4192848449105882,30470.0006,29259.5337
1689379200000,27.15,-0.22821115094572875,28.02,26.45,27.15,2963090.22,65.80894659910058,1.4300502131312605,30469.661200000002,29280.8438
1689393600000,28.73,-0.2242551613302015,28.94,27.12,28.73,2394545.83,71.20464382264406,1.4579037693361703,30478.512600000002,29302.90605
1689408000000,28.93,-0.21131577862941442,29.12,28.44,28.93,1723468.76,71.81106088722564,1.4023392143835867,30482.0444,29325.509550000002
1689422400000,27.56,-0.20958503317262123,29.04,27.42,27.56,1826829.54,62.15499443620651,1.4178864133561875,30487.9646,29348.0117
1689436800000,27.9,-0.22087608686693863,28.19,27.01,27.9,1410410.94,63.46787982179706,1.4008945266878885,30492.120000000006,29369.699900000003
1689451200000,27.46,-0.21807392755594016,27.9,27.21,27.46,724313.36,60.5408625339984,1.350116346210182,30490.0938,29392.02435
1689465600000,27.03,-0.22161783491985,27.95,26.46,27.03,1804289.58,57.73842037706669,1.3601080357665973,30488.929799999998,29413.8432
1689480000000,27.7,-0.2252441587340833,27.94,27.03,27.7,843567.64,60.784471292416235,1.327957461783269,30487.3402,29435.643350000006
1689494400000,28.06,-0.21972225656240985,28.33,27.65,28.06,1021535.41,62.354532241385975,1.281674785941607,30487.963800000005,29456.85415
1689508800000,28.1,-0.21667284790044092,28.7,27.92,28.1,1252325.2,62.53402118206678,1.2458408726600634,30491.6956,29478.3843
1689523200000,27.37,-0.21642559854947044,28.12,27.32,27.37,930921.01,57.17620426189737,1.2139950960414876,30492.72,29498.6899
1689537600000,27.42,-0.22252441587340832,27.77,27.07,27.42,856277.77,57.44514245434737,1.1772811606099527,30493.1998,29521.052150000003
1689552000000,28.02,-0.2221123336217909,28.44,27.2,28.02,1173651.6,60.639570301731084,1.1817610777092418,30497.213,29543.10125
1689566400000,27.64,-0.2171673466023818,28.49,27.35,27.64,934103.55,57.686102963006626,1.1787781435871527,30497.1404,29564.835
1689580800000,27.13,-0.22029917171467422,27.64,26.55,27.13,1618223.02,53.89230597800321,1.1724368476166416,30494.6146,29585.71815
1689595200000,27.01,-0.22433757778052496,27.39,26.36,27.01,1309136.51,53.00892581369861,1.1622627870725957,30492.811199999996,29607.1037
1689609600000,26.18,-0.22540899163473027,27.26,25.55,26.18,2234012.11,47.240978430183965,1.2013868737102675,30485.1652,29626.647100000006
1689624000000,26.8,-0.23224955701157948,27.0,26.15,26.8,1393710.85,51.48741807685827,1.1762878113023914,30480.9358,29647.403350000004
1689638400000,26.56,-0.22713973709152344,27.09,26.41,26.56,666632.52,49.81593961421722,1.1408386819236491,30477.566600000002,29668.4002
1689652800000,25.71,-0.22903531544896358,26.61,25.66,25.71,1254845.54,44.32731572586496,1.1272073475005313,30473.715,29692.597850000002
1689667200000,25.02,-0.23612313017678327,26.12,24.87,25.02,1830564.56,40.432878937731964,1.1359782512504935,30468.2718,29716.691150000002
1689681600000,25.53,-0.2418098652491037,25.69,24.76,25.53,1301073.56,44.32628077592646,1.1212655190183154,30464.2698,29741.33215
1689696000000,25.29,-0.23768904273292948,25.78,24.87,25.29,876121.96,42.9050747799129,1.1061751248027214,30453.7896,29764.83725
1689710400000,25.54,-0.23950220464004612,25.58,25.05,25.54,398077.74,44.887334712505506,1.065019758745384,30444.716,29789.33315
1689724800000,26.4,-0.2375242098322825,26.59,25.35,26.4,969389.7,51.16806512847443,1.0775183474064278,30429.1502,29812.35125
1689739200000,26.21,-0.23043639510446284,26.52,26.08,26.21,524318.74,49.817303278800495,1.031981322591683,30420.9324,29834.362200000003
1689753600000,26.48,-0.23200230766060903,26.5,25.67,26.48,618167.05,51.76592954068026,1.0175540852637055,30411.665,29856.61665
1689768000000,26.37,-0.22977706350187496,26.73,25.83,26.37,1019981.73,50.898776987761,1.0091573648877268,30400.086599999995,29878.713900000002
1689782400000,26.77,-0.23076606090575677,26.91,26.19,26.77,953600.48,53.92152260152598,0.9885032673957462,30392.8866,29901.5629
1689796800000,26.31,-0.22738698644249392,26.99,26.26,26.31,881447.54,50.1016911590927,0.9700387482960499,30379.141799999998,29921.908899999995
1689811200000,26.49,-0.2311781431573742,26.81,26.14,26.49,523559.31,51.54810373043158,0.9486074091320462,30366.462199999998,29939.736800000002
1689825600000,26.87,-0.2296946470515515,26.95,26.31,26.87,565461.35,54.54378372159924,0.9265640227654715,30358.0756,29959.02565
1689840000000,27.16,-0.22664523838958256,27.38,26.8,27.16,936799.67,56.741902419532195,0.9018094497107948,30352.007200000004,29979.13935
1689854400000,25.69,-0.2242551613302015,27.24,25.57,25.69,1436771.64,44.89165334561508,0.9566802033028807,30333.4108,29995.2224
1689868800000,25.39,-0.23628796307743022,25.77,25.21,25.39,900371.65,42.92155616800399,0.9283459030669606,30313.0058,30011.4636
1689883200000,25.38,-0.2386780401368113,25.68,25.03,25.38,614314.96,42.85404473980723,0.9084640528478919,30298.5132,30028.4095
1689897600000,25.49,-0.23884287303745827,25.62,25.08,25.49,492354.97,43.89935936167735,0.8821451919301856,30290.716199999995,30045.521099999998
1689912000000,25.18,-0.23793629208389994,25.51,25.13,25.18,416709.3,41.59044015147635,0.8462776782208868,30278.4524,30061.7702
1689926400000,25.28,-0.2405736184942514,25.47,25.06,25.28,475540.49,42.638518865808976,0.8151149869193949,30268.0624,30077.920500000004
1689940800000,25.31,-0.2396670375406931,25.6,25.25,25.31,706179.9,42.969136377979744,0.7818924878537239,30258.062,30094.3256
1689955200000,25.79,-0.23950220464004612,26.0,25.17,25.79,813057.95,48.12140360862642,0.7853287387213149,30244.702,30111.20555
1689969600000,25.5,-0.23538138212387189,25.91,25.46,25.5,391601.77,45.44985908148287,0.7613766859555067,30224.386799999997,30127.903700000003
1689984000000,25.84,-0.23777145918325293,25.97,25.45,25.84,363368.88,49.02310658346061,0.7441354941015419,30190.3348,30144.17075
1689998400000,25.77,-0.23505171632257796,25.86,25.59,25.77,192554.94,48.32131242386914,0.7102686730942889,30160.1456,30162.194750000002
1690012800000,25.6,-0.23562863147484236,25.89,25.4,25.6,323537.83,46.5774191365286,0.694535196444697,30128.6844,30179.612650000003
1690027200000,25.68,-0.23702971113034157,25.76,25.51,25.68,212915.12,47.53695329872723,0.6627826824129329,30104.7144,30196.9738
1690041600000,25.29,-0.23628796307743022,25.75,25.22,25.29,393212.5,43.44065784767611,0.6532982050977235,30077.2426,30213.915149999997
1690056000000,24.52,-0.23950220464004612,25.37,24.0,24.52,897308.94,36.713959463459396,0.7044911904478861,30048.313000000002,30230.665149999997
1690070400000,24.71,-0.24593068776527793,24.8,24.15,24.71,536538.85,39.21515936608305,0.7005989625587515,30042.924,30246.482350000002
1690084800000,24.68,-0.24428235875880824,24.91,24.62,24.68,338097.93,38.95337847259165,0.6712704652331264,30035.0038,30261.8406
1690099200000,24.67,-0.24452960810977867,24.86,24.63,24.67,211516.14,38.860256310496666,0.6397511462879031,30026.917200000004,30276.800900000002
1690113600000,24.69,-0.24469444101042565,24.71,24.51,24.69,252599.41,39.1734519952285,0.6083403501244814,30018.11,30292.1269
1690128000000,24.9,-0.24452960810977867,25.26,24.69,24.9,683800.94,42.50391353873374,0.6056017536870184,30013.732600000003,30308.05255
1690142400000,24.76,-0.24279886265298553,25.0,24.52,24.76,319036.52,40.8962749248792,0.5966301998522313,30009.339400000004,30323.11165
1690156800000,24.35,-0.2439526929575143,24.83,24.23,24.35,393844.88,36.53772955746575,0.5968708998627861,29997.1302,30331.777850000002
1690171200000,24.58,-0.24741418387110065,24.69,24.07,24.58,293085.98,40.37659804232594,0.5985229784440157,29987.899800000003,30339.3779
1690185600000,23.63,-0.2455186055136605,24.63,23.05,23.63,1302857.13,31.815851609678077,0.6686284799837287,29969.539600000004,30342.1721
1690200000000,23.21,-0.25334816829439155,23.68,22.89,23.21,1092379.84,28.898629327281654,0.6772978742706052,29946.110799999995,30343.279599999998
1690214400000,23.31,-0.2567272427576544,23.5,23.07,23.31,501657.75,30.531858184923834,0.6596337403941334,29922.350399999996,30344.21955
1690228800000,23.37,-0.25590307825441955,23.61,23.23,23.37,458240.64,31.547854356231426,0.6396599017945522,29898.281399999996,30340.84415
1690243200000,23.37,-0.2554909960028021,23.52,23.13,23.37,340223.56,31.547854356231426,0.6218270516663699,29875.442799999997,30335.839
1690257600000,23.09,-0.25532616310215517,23.39,22.96,23.09,343967.45,29.23382837962562,0.6081251194044863,29853.6522,30331.581850000002
1690272000000,23.17,-0.2577162401615362,23.4,23.03,23.17,275843.99,30.795709805793592,0.5911161823041657,29829.9648,30325.743249999996
1690286400000,23.22,-0.2569744921086249,23.6,22.73,23.22,917812.49,31.80872479547091,0.6110364549967253,29807.975,30321.147049999996
1690300800000,23.17,-0.25664482630733093,23.46,23.07,23.17,407584.26,31.31507272696126,0.5952481367826736,29788.717599999996,30317.501199999995
1690315200000,23.27,-0.25713932500927184,23.36,23.12,23.27,236763.69,33.536700416203914,0.5698732698696254,29769.799199999998,30314.3925
1690329600000,23.52,-0.25615032760539,23.69,23.17,23.52,645721.52,38.860891464925594,0.5663108934503664,29756.967599999996,30309.541
1690344000000,23.48,-0.25425474924794983,23.62,23.37,23.48,276355.14,38.331794163814685,0.5437172582039117,29738.5398,30306.19945
1690358400000,23.82,-0.25458441504924384,23.98,23.43,23.82,683936.83,45.16583585696117,0.544166025475061,29720.5684,30302.036600000003
1690372800000,24.91,-0.25169983928792183,25.0,23.81,24.91,1550101.75,60.33991173363634,0.5902970236554139,29707.6858,30298.99665
1690387200000,25.37,-0.24263402975233853,25.68,24.5,25.37,2100613.68,64.77060989910561,0.6324186648228843,29698.044200000004,30295.301949999997
1690401600000,25.17,-0.23892528948778174,25.59,25.07,25.17,776987.66,61.55094930804847,0.6243887601926783,29686.8434,30285.87175
1690416000000,24.93,-0.24049120204392796,25.53,24.66,24.93,869164.82,57.83565121453965,0.6419324201789156,29680.639200000005,30278.4963
1690430400000,25.02,-0.24255161330201505,25.36,24.93,25.02,520991.04,58.83901995604325,0.6267943901661359,29671.7,30272.11465
1690444800000,25.39,-0.24189228169942717,25.5,24.92,25.39,596947.83,62.762239584118696,0.6234519337256975,29660.658400000004,30265.999750000003
1690459200000,25.16,-0.23884287303745827,25.65,25.04,25.16,1062891.13,58.997773961491276,0.622491081316719,29646.485,30259.6219
1690473600000,24.94,-0.2407384513948984,25.34,24.71,24.94,835834.75,55.564698173961645,0.623027432651239,29629.509,30252.01915
1690488000000,25.1,-0.2423867804013681,25.25,24.76,25.1,321827.49,57.50157748563057,0.6135254731761505,29614.8354,30246.139499999997
1690502400000,24.94,-0.2411505336465158,25.4,24.83,24.94,363690.34,54.923378952420116,0.6104165108064254,29599.0262,30239.26955
1690516800000,24.63,-0.24246919685169158,25.03,24.56,24.63,383955.77,50.22465476898056,0.6003867600345381,29583.658000000003,30232.3364
1690531200000,24.63,-0.2450241068117196,24.84,24.54,24.63,313985.41,50.22465476898056,0.578930562889214,29568.8296,30224.62705
1690545600000,25.23,-0.2450241068117196,25.56,24.63,25.23,964123.28,58.243405297898825,0.6040069512542701,29552.534,30217.9481
1690560000000,25.05,-0.24007911979231053,25.42,24.83,25.05,484312.1,55.361963547132326,0.6030064547361081,29533.155999999995,30210.947949999998
1690574400000,24.82,-0.24164503234845675,25.12,24.81,24.82,226617.28,51.83328700346717,0.5820774222549578,29523.2352,30204.592849999997
1690588800000,25.13,-0.24345819425557338,25.21,24.75,25.13,289640.32,55.91213890119427,0.5733576063796038,29515.553,30199.303400000004
1690603200000,25.07,-0.2409032842955454,25.25,25.04,25.07,303839.8,54.94236055898303,0.5474034916382036,29505.4532,30193.46515
1690617600000,24.97,-0.24139778299748627,25.18,24.94,24.97,287059.02,53.28356419371529,0.5254460993783318,29492.844000000005,30188.31915
1690632000000,25.08,-0.2423043639510446,25.21,24.92,25.08,295632.18,54.89670185087583,0.5086285208513079,29483.3546,30182.7594
1690646400000,25.22,-0.24139778299748627,25.35,25.03,25.22,401654.73,56.93490367143438,0.49515505507621455,29474.5448,30177.835049999998
1690660800000,25.17,-0.240161536242634,25.39,25.13,25.17,191138.02,55.96224455494193,0.4783582654279136,29464.2828,30172.50145
1690675200000,25.02,-0.2405736184942514,25.21,25.01,25.02,242091.93,53.035053809670615,0.4584755321830626,29453.061400000002,30167.856200000002
1690689600000,24.93,-0.2418098652491037,25.13,24.84,24.93,201499.84,51.30117343418654,0.446441565598558,29440.913200000003,30162.987800000003
1690704000000,24.97,-0.24255161330201505,25.06,24.83,24.97,217619.67,52.051471056536876,0.4309814537700896,29429.125,30157.699950000002
1690718400000,24.9,-0.24222194750072112,25.1,24.73,24.9,404467.33,50.58274697326348,0.4266256356436547,29417.216999999997,30152.3907
1690732800000,24.24,-0.242881279103309,25.0,23.87,24.24,858378.35,39.31784345440019,0.47686666166910785,29403.5238,30144.7566
1690747200000,24.25,-0.2482383483743355,24.33,23.47,24.25,850601.51,39.537554314324694,0.504233328692743,29391.1408,30138.66835
1690761600000,24.64,-0.248155931924012,24.79,24.12,24.64,570819.89,47.51836747699777,0.5160738052146898,29382.8606,30132.53815
1690776000000,24.49,-0.24485927391107265,24.69,24.37,24.49,354918.58,45.05507228229095,0.5020685334136405,29374.4528,30125.944000000003
1690790400000,24.46,-0.24617793711624839,24.6,24.35,24.46,306207.62,44.55757447768693,0.4840636381698091,29365.658199999998,30120.7102
1690804800000,23.92,-0.24642518646721884,24.71,23.91,23.92,819237.28,36.70175495467515,0.5066305211576799,29352.297799999997,30116.01945
1690819200000,23.68,-0.2507932583343635,24.15,23.52,23.68,645926.19,33.8456450417477,0.5154426267892741,29337.675799999997,30110.2532
1690833600000,23.73,-0.25285366959245065,23.93,23.56,23.73,470255.52,34.98084624821426,0.5050538677328975,29324.368,30104.359149999997
1690848000000,23.4,-0.2525240037911567,23.99,22.88,23.4,1041122.98,31.17813650145186,0.5482643057519762,29299.205599999998,30098.034149999996
1690862400000,23.48,-0.2552437466518317,23.65,23.26,23.48,440165.43,33.077447545191106,0.5369597124839777,29276.276599999997,30092.3336
1690876800000,23.33,-0.2545019985989203,23.63,23.3,23.33,280202.29,31.33147861190932,0.5221768758779791,29259.200199999996,30085.76455
1690891200000,23.27,-0.2556558289034491,23.48,22.84,23.27,774746.41,30.634907012255397,0.5305928133152664,29241.720199999996,30078.8331
1690905600000,23.62,-0.2562327440557135,23.8,23.19,23.62,555081.28,39.13552037442214,0.5362647552213188,29241.8086,30071.850449999998
1690920000000,24.05,-0.25334816829439155,24.07,23.47,24.05,506761.82,47.62731066777594,0.5408172727055104,29254.0528,30067.9864
1690934400000,23.67,-0.24972184448015822,24.29,23.64,23.67,775990.17,42.044596863791966,0.548616038940831,29264.3522,30063.22625
1690948800000,23.64,-0.2529360860427741,23.81,23.58,23.64,302745.4,41.629723859029205,0.5258577504450573,29272.367400000003,30058.876
1690963200000,23.68,-0.2532657518440681,23.72,23.42,23.68,367542.96,42.44519758218796,0.5097250539846959,29281.397200000003,30052.9632
1690977600000,23.26,-0.2527712531421271,23.72,23.1,23.26,665311.35,36.65463102133348,0.5176018358429317,29284.975999999995,30045.744749999998
1690992000000,23.18,-0.25639757695636045,23.33,22.82,23.18,884852.41,35.65679275385918,0.5170588475684365,29285.4414,30036.9525
1691006400000,23.15,-0.2570569085589483,23.33,23.01,23.15,312238.38,35.26905236178365,0.5029832155992622,29285.5314,30032.54395
1691020800000,23.24,-0.2573041579099188,23.38,23.07,23.24,250566.14,37.466005911190734,0.48919870019931483,29285.197600000003,30026.59285
1691035200000,22.71,-0.25639757695636045,23.28,22.44,22.71,714146.82,30.830079040668352,0.5142559358993638,29281.502800000002,30019.453700000002
1691049600000,22.75,-0.26084806527382864,22.85,22.45,22.75,573890.35,31.811697859996002,0.506094797620838,29279.5668,30013.1937
1691064000000,22.79,-0.2605183994725347,23.11,22.6,22.79,550884.75,32.8381365584425,0.5063737406479208,29280.416,30007.189650000004
1691078400000,22.89,-0.26010631722091726,23.08,22.7,22.89,407269.29,35.4540121434769,0.49734704488735504,29282.5346,30000.981149999996
1691092800000,22.65,-0.25936456916800593,23.11,22.47,22.65,485095.67,32.211366975693466,0.5075365416811154,29279.9274,29994.08645
1691107200000,22.74,-0.26134256397576955,22.79,22.48,22.74,419587.83,34.62602097801047,0.4934267887038928,29275.1146,29986.845350000003
1691121600000,22.97,-0.2605183994725347,23.02,22.65,22.97,354864.76,40.46259434516603,0.48461058951075764,29272.3338,29979.980450000003
1691136000000,22.91,-0.2587876540157415,23.07,22.83,22.91,263558.37,39.472546300656454,0.4671384045457037,29267.5684,29973.27145
1691150400000,23.35,-0.2591997362673589,23.57,22.86,23.35,958262.52,49.27454434705898,0.48448566136386784,29264.8106,29967.077800000003
1691164800000,22.94,-0.2554909960028021,23.46,22.76,22.94,681530.15,42.38636775055917,0.49987954269502005,29255.311199999996,29959.5144
1691179200000,22.8,-0.2589524869163885,23.03,22.49,22.8,547250.29,40.314001886253244,0.5027452896453759,29251.7508,29952.5943
1691193600000,22.73,-0.26010631722091726,22.83,22.49,22.73,382836.21,39.2798954548002,0.49112062609927765,29250.3648,29945.278249999996
1691208000000,22.77,-0.26076564882350517,22.88,22.56,22.77,180652.79,40.223492344208765,0.4788977242350435,29246.9654,29937.45715
1691222400000,22.79,-0.26035356657188774,22.94,22.71,22.79,179653.14,40.71953642178849,0.4611193153611119,29242.8484,29928.9139
1691236800000,22.59,-0.2601887336712408,22.81,22.49,22.59,364718.13,37.37909969073303,0.45103936426388963,29240.862199999996,29920.7854
1691251200000,22.59,-0.26183706267771045,22.7,22.23,22.59,521151.08,37.37909969073303,0.4523936953878974,29238.077400000002,29912.99605
1691265600000,22.65,-0.26183706267771045,22.7,22.49,22.65,152290.04,39.11685305966213,0.4350798600030477,29231.7602,29903.0135
1691280000000,22.84,-0.2612601475254461,22.9,22.58,22.84,283219.33,44.380457870497246,0.42685987000283004,29226.72,29892.054249999997
1691294400000,23.02,-0.25985906786994684,23.13,22.82,23.02,406621.36,48.88869489212842,0.41851273643119924,29222.290800000002,29881.73665
1691308800000,23.21,-0.2582107388634771,23.48,22.99,23.21,699107.77,53.20074728785586,0.42361896954325656,29216.413200000003,29871.148250000002
1691323200000,23.03,-0.2567272427576544,23.26,22.85,23.03,452142.31,48.98447094145727,0.42264618600445253,29210.7716,29861.65585
1691337600000,23.21,-0.2582931553138006,23.3,22.92,23.21,487774.33,52.99617782156143,0.4196000298612773,29207.1884,29851.7559
1691352000000,23.2,-0.25664482630733093,23.39,23.06,23.2,333605.6,52.74801023427657,0.4132000277283291,29203.11,29842.376150000004
1691366400000,23.31,-0.2568096592079779,23.67,23.02,23.31,526711.8,55.231435240669775,0.43011431146202,29199.603,29834.705299999998
1691380800000,23.15,-0.25590307825441955,23.43,22.99,23.15,321303.3,51.030260775480215,0.4308204320718758,29194.4268,29826.3432
1691395200000,23.09,-0.2572217414595953,23.16,23.01,23.09,231828.47,49.50940494889372,0.41076182978102743,29189.957199999997,29817.456850000002
1691409600000,22.77,-0.2577162401615362,23.17,22.66,22.77,739809.56,42.2732293758407,0.41785027051095414,29181.2398,29807.8778
1691424000000,22.97,-0.2604359830222112,23.07,22.27,22.97,1186046.18,47.44349186891541,0.4451466797601717,29178.057999999997,29801.63085
1691438400000,23.12,-0.25862282111509455,23.12,22.92,23.12,297309.59,50.9889722490592,0.4276362026344451,29175.291800000003,29795.905600000002
1691452800000,23.15,-0.25755140726088926,23.24,23.02,23.15,269164.61,51.69089967583895,0.41280504530341317,29175.1478,29789.72125
1691467200000,23.23,-0.25713932500927184,23.39,23.11,23.23,441181.89,53.59932899126643,0.4033189706388837,29173.2784,29783.135299999998
1691481600000,23.38,-0.25656240985700746,23.39,23.16,23.38,318159.2,57.027216565472,0.39093904416467773,29173.611199999996,29777.8742
1691496000000,23.73,-0.25532616310215517,23.91,23.17,23.73,1042942.0,63.75552106588397,0.41587196958148637,29176.846800000003,29771.5352
1691510400000,24.59,-0.25235917089050974,24.79,23.71,24.59,1635097.28,74.37306230519923,0.46330968603995154,29186.4118,29766.723650000004
1691524800000,24.22,-0.24535377261301353,24.66,24.05,24.22,946208.88,65.4849136189003,0.4737875656085264,29196.8606,29763.5407
1691539200000,24.31,-0.24840318127498248,24.49,24.16,24.31,480464.04,66.53262758334151,0.4635170252079173,29208.0312,29760.571350000002
1691553600000,24.57,-0.24774384967239457,24.63,24.27,24.57,324372.56,69.42051012922514,0.45612295197878033,29219.7462,29760.1842
1691568000000,24.85,-0.2455186055136605,24.98,24.53,24.85,949906.39,72.2023688147025,0.4556855982660103,29240.8126,29758.948800000002
1691582400000,24.56,-0.24321094490460293,24.99,24.43,24.56,1179044.49,65.55103100876477,0.4631366269612952,29257.300600000002,29757.720299999997
1691596800000,24.3,-0.245601021963984,24.6,24.23,24.3,552839.26,60.19686914265075,0.4564840107497742,29268.3812,29754.2079
1691611200000,24.38,-0.24774384967239457,24.47,24.1,24.38,371048.21,61.24576521264399,0.45030658141050445,29280.941000000003,29750.163699999997
1691625600000,24.23,-0.24700210161948322,24.54,24.21,24.23,309884.48,58.15146911053474,0.4417132541668969,29287.1054,29746.845850000005
1691640000000,24.32,-0.2482383483743355,24.39,24.13,24.32,276732.6,59.474441402912305,0.42873373601211867,29283.2256,29742.682350000003
1691654400000,24.4,-0.24757901677174762,24.5,24.24,24.4,278974.18,60.66481660860255,0.4166813262969674,29280.6466,29738.828250000002
1691668800000,24.56,-0.24691968516915974,24.89,24.36,24.56,965707.15,63.00531767826877,0.4247755172757555,29278.421400000003,29735.19145
1691683200000,24.6,-0.245601021963984,24.63,24.36,24.6,304068.02,63.588614435675616,0.4137201231846301,29276.062,29731.405499999997
1691697600000,24.62,-0.24527135616269005,24.75,24.56,24.62,421475.23,63.895142738001,0.39774011438572804,29278.749000000003,29727.644249999998
1691712000000,24.68,-0.2450241068117196,24.93,24.63,24.68,408494.32,64.8511269450259,0.391472963358176,29283.957800000004,29724.144249999998
1691726400000,24.49,-0.24452960810977867,24.82,24.47,24.49,307497.06,59.48025337578795,0.3885106088325921,29288.583199999997,29719.8075
1691740800000,24.53,-0.24617793711624839,24.57,24.39,24.53,251097.51,60.227056639510224,0.3736169939159783,29293.8596,29715.59735
1691755200000,24.55,-0.24584827131495443,24.88,24.4,24.55,578852.69,60.617891361601224,0.381215780064837,29300.894,29711.2518
1691769600000,24.45,-0.24568343841430748,24.66,24.34,24.45,338665.22,57.57162027740543,0.37684322434592005,29305.909,29706.90215
1691784000000,24.62,-0.24650760291754234,24.66,24.38,24.62,530512.94,61.14627417325712,0.3699258511783544,29309.248199999998,29702.284949999997
1691798400000,24.48,-0.2450241068117196,24.76,24.4,24.48,257884.14,56.89503336326516,0.3692168618084722,29311.663200000003,29698.083199999997
1691812800000,24.54,-0.24626035356657186,24.57,24.42,24.54,298910.44,58.235215574167796,0.3535585145364384,29316.2202,29694.3871
1691827200000,24.55,-0.24576585486463096,24.56,24.45,24.55,125450.84,58.4669888650253,0.3361614777838356,29321.591399999998,29690.7555
1691841600000,24.66,-0.24568343841430748,24.71,24.5,24.66,214158.18,61.02895045175747,0.3271499436564188,29326.1092,29687.38905
1691856000000,24.75,-0.24469444101042565,24.85,24.64,24.75,438547.96,63.03790574896326,0.31878209053810325,29331.082199999997,29683.269849999997
1691870400000,24.91,-0.2441175258581613,25.24,24.71,24.91,479067.8,66.35815114235353,0.3338690840710957,29334.2,29678.85665
1691884800000,24.9,-0.24271644620266203,24.95,24.67,24.9,318589.41,65.95935156358041,0.33002129235173155,29341.93,29671.762450000002
1691899200000,24.77,-0.24279886265298553,24.91,24.65,24.77,206198.99,60.840405546922575,0.3250197714694651,29347.5774,29666.686400000002
1691913600000,24.69,-0.24387027650719081,24.88,24.66,24.69,193348.31,57.8643139178105,0.31751835922164606,29353.354400000004,29661.2233
1691928000000,24.59,-0.24452960810977867,24.76,24.47,24.59,421907.55,54.28941276104349,0.3155527621343858,29359.7822,29655.417400000002
1691942400000,24.66,-0.24543618906333703,24.69,24.32,24.66,517542.18,56.32356358269461,0.31944185055335833,29367.6804,29650.6104
1691956800000,24.23,-0.24469444101042565,24.68,24.21,24.23,355944.5,43.51363261388518,0.33019600408526123,29372.9274,29644.147350000003
1691971200000,24.4,-0.24840318127498248,24.44,24.06,24.4,579854.68,48.50046866698392,0.3337534323648856,29379.578599999997,29638.23695
1691985600000,24.41,-0.24691968516915974,24.52,24.38,24.41,172668.03,48.786885405546556,0.31991390148167953,29386.5762,29632.236500000003
1692000000000,24.51,-0.24675485226851276,24.6,24.41,24.51,375762.13,51.68088693025578,0.3106343370901311,29393.4962,29626.344849999998
1692014400000,24.82,-0.24593068776527793,24.89,24.33,24.82,407059.07,59.34969327335226,0.3284461701551219,29403.642399999997,29620.6448
1692028800000,24.83,-0.24345819425557338,25.3,24.53,24.83,1036082.01,59.57259205944589,0.35998572942975604,29409.292999999998,29613.56625
1692043200000,25.18,-0.2433757778052499,25.23,24.77,25.18,363577.98,66.49696902502507,0.36712960589905924,29417.653,29608.09775
1692057600000,25.0,-0.24040878559360446,25.42,24.89,25.0,585657.06,60.73545965004855,0.378763205477698,29423.9332,29603.670449999998
1692072000000,24.89,-0.24205711460007417,25.06,24.71,24.89,408835.89,57.459053348100596,0.37670869080071945,29430.3416,29598.81465
1692086400000,24.83,-0.24296369555363248,25.06,24.73,24.83,535656.29,55.694199899690226,0.37337235574352506,29434.4082,29594.154599999998
1692100800000,24.72,-0.24329336135492644,25.0,24.66,24.72,397152.78,52.50987561495833,0.37098861604755895,29439.1796,29588.987800000003
1692115200000,24.05,-0.24428235875880824,24.84,23.75,24.05,1225856.51,38.18797273395385,0.42234657204416187,29440.9854,29582.176499999998
1692129600000,23.9,-0.2498042609304817,24.16,23.74,23.9,703340.04,35.83168610145364,0.4221789597552933,29447.8166,29573.589099999997
1692144000000,23.69,-0.2509580912350105,24.03,23.62,23.69,528306.53,32.782035076746325,0.42130903405848663,29449.2886,29561.701599999997
1692158400000,23.45,-0.2527712531421271,23.78,23.35,23.45,685850.9,29.673677952458988,0.42192981734002327,29449.020800000002,29550.418800000003
1692172800000,23.51,-0.2547492479498908,23.57,23.21,23.51,359908.09,31.424290357932946,0.417506258958593,29448.412600000003,29538.942150000003
1692187200000,23.09,-0.25433716569827336,23.5,22.93,23.09,742997.3,26.459157908741716,0.4291129547472651,29446.7912,29528.981200000002
1692201600000,23.34,-0.25779865661185974,23.64,22.87,23.34,810493.13,33.22263521929153,0.45346202940817465,29440.252600000003,29518.49175
1692216000000,22.82,-0.2556558289034491,23.41,22.36,22.82,1205668.45,27.547549460387188,0.496071884450448,29424.155,29505.941899999998
1692230400000,23.31,-0.2599414843202703,23.43,22.46,23.31,741197.31,38.25145986428129,0.5299238927039873,29399.616400000003,29498.652599999998
1692244800000,23.25,-0.25590307825441955,23.39,23.21,23.25,211145.1,37.52049285840266,0.5049293289394168,29376.647800000002,29490.2025
1692259200000,23.08,-0.256315160506037,23.3,22.99,23.08,275218.07,35.45326499104982,0.49100580544374434,29353.2298,29481.4635
1692273600000,22.87,-0.2577162401615362,23.43,22.57,22.87,1286527.31,33.03216922684764,0.517362533626334,29315.5502,29469.4436
1692288000000,23.09,-0.2595294020686529,23.32,22.61,23.09,765076.17,37.822618329631204,0.5311223526530245,29275.664,29457.353699999996
1692302400000,21.66,-0.2577162401615362,23.12,20.0,21.66,3015388.13,25.202727799239696,0.71604218460638,29212.8982,29438.953700000002
1692316800000,21.56,-0.269419376107471,22.03,21.3,21.56,649690.16,24.584964326319565,0.7170391714202101,29152.533799999997,29419.311349999996
1692331200000,22.08,-0.27032595706102935,22.2,21.39,22.08,561784.12,33.68742103894712,0.7236792306044808,29089.4938,29400.0137
1692345600000,22.02,-0.26604030164420817,22.18,21.81,22.02,348224.47,33.18964286429113,0.6984164284184465,29027.721199999996,29381.543700000002
1692360000000,21.6,-0.2664523838958256,22.06,21.55,21.6,676973.23,29.863151177428833,0.6849581121028431,28957.521199999996,29360.2276
1692374400000,21.29,-0.2699962912597354,21.75,20.9,21.29,1183021.62,27.659582593811322,0.6967468183812116,28888.741199999997,29339.022599999997
1692388800000,21.34,-0.2726336176700869,21.51,21.23,21.34,470419.21,28.57503125121552,0.6669791884968393,28820.501199999995,29317.392849999997
1692403200000,21.43,-0.27213911896814597,21.66,21.29,21.43,238518.47,30.285185356386066,0.6457663893184937,28750.960999999996,29295.965749999996
1692417600000,21.83,-0.2714797873655581,21.85,21.37,21.83,405448.79,37.45310471065273,0.6339259329386013,28680.205799999996,29274.395749999996
1692432000000,21.65,-0.2681007129022953,21.89,21.6,21.65,216454.66,35.67549958405637,0.6093597948715583,28609.967399999998,29252.332850000003
1692446400000,21.97,-0.269584209008118,21.99,21.63,21.97,260744.48,41.03363835872093,0.5915483809521612,28545.942000000003,29232.0079
1692460800000,21.88,-0.26686446614744297,22.18,21.79,21.88,388699.42,40.0238426230648,0.5771520680270069,28479.5352,29211.8275
1692475200000,21.9,-0.2676886306506779,21.91,21.71,21.9,184367.5,40.3749937873183,0.5502126345965064,28413.6176,29191.453400000002
1692489600000,21.81,-0.26760621420035435,21.96,21.74,21.81,147122.3,39.26102179811426,0.5266260178396133,28347.787200000002,29172.557649999995
1692504000000,21.74,-0.2682655458029422,21.82,21.57,21.74,136197.08,38.3741900381521,0.5068670165653552,28281.0354,29152.309849999998
1692518400000,21.97,-0.2688424609552067,22.04,21.64,21.97,203904.73,42.9352135939121,0.4992336582392583,28216.528,29132.82355
1692532800000,21.8,-0.26702929904809,21.98,21.67,21.8,205671.52,40.54652735217738,0.4857169683650255,28150.2348,29113.517050000002
1692547200000,21.79,-0.26834796225326574,21.88,21.58,21.79,207872.53,40.404128337490064,0.4724514706246666,28084.382800000003,29094.78325
1692561600000,21.77,-0.26834796225326574,21.95,21.72,21.77,152845.21,40.1007944192284,0.45513350843719047,28019.4064,29076.173199999997
1692576000000,21.4,-0.2685127951539127,21.79,21.35,21.4,273187.64,34.883224601558894,0.4540525435488196,27952.8964,29058.04655
1692590400000,21.35,-0.2716446202662051,21.7,21.29,21.35,227821.85,34.23498084049156,0.4509059332953325,27884.7598,29038.867599999998
1692604800000,21.23,-0.27213911896814597,21.36,20.96,21.23,485569.7,32.666013912762565,0.4472697952028087,27817.0206,29018.730050000002
1692619200000,20.71,-0.2730456999217043,21.4,20.3,20.71,914744.76,26.91062948109912,0.4938933812597508,27747.8852,28998.4246
1692633600000,21.28,-0.27733135533852554,21.38,20.66,21.28,535189.12,39.49485989070359,0.5100438540269113,27682.172399999996,28978.850150000002
1692648000000,21.2,-0.27255120121976345,21.41,21.19,21.2,209879.41,38.49311910133603,0.48932643588213187,27617.226799999997,28959.70245
1692662400000,21.11,-0.2732929492726748,21.26,21.03,21.11,181214.6,37.345519236709,0.4708031190334082,27549.4884,28939.76085
1692676800000,21.18,-0.27411711377590964,21.19,20.96,21.18,203401.79,38.871987825736035,0.4536028962453077,27485.5454,28920.74825
1692691200000,20.94,-0.2734577821733218,21.21,20.93,20.94,160256.77,35.66379016537326,0.44120268937064294,27418.54,28901.2564
1692705600000,20.69,-0.2755181934314089,21.07,20.58,20.69,571231.76,32.641679813552315,0.44468821155845434,27348.832000000002,28879.925600000002
1692720000000,20.07,-0.27749618823917255,20.73,20.0,20.07,1339226.96,26.617629817009927,0.4650676250185648,27276.232000000004,28857.40105
1692734400000,20.59,-0.282688424609552,20.7,19.35,20.59,1180568.83,37.10214265685122,0.5282770803743814,27205.3522,28838.63015
1692748800000,20.59,-0.27832035274240735,20.76,20.47,20.59,312091.3,37.10214265685122,0.5112572889190686,27138.267799999998,28819.881749999997
1692763200000,20.75,-0.27832035274240735,20.9,20.49,20.75,356943.73,40.15342120097993,0.5040246254248494,27070.791800000003,28801.167400000002
1692777600000,20.63,-0.27691927308690806,20.94,20.61,20.63,364825.28,38.63943231195478,0.4915942950373603,27001.541400000002,28781.37675
1692792000000,20.92,-0.27799068694111345,20.99,20.33,20.92,633360.41,44.12267163817801,0.5036232739632631,26936.244599999998,28763.2627
1692806400000,21.5,-0.27560060988173235,21.69,20.9,21.5,1495927.03,53.14151344905835,0.5240787543944588,26881.564599999998,28747.530149999995
1692820800000,21.74,-0.27082045576297026,21.82,21.27,21.74,541202.75,56.28568845436579,0.5259302719377118,26823.5658,28730.36375
1692835200000,21.76,-0.2688424609552067,21.81,21.6,21.76,215895.19,56.547348955386106,0.5033638239421607,26768.7714,28713.193850000003
1692849600000,21.74,-0.2685952116042362,22.02,21.67,21.74,385509.65,56.185171908794565,0.4924092650891491,26714.319,28696.07215
1692864000000,21.78,-0.2688424609552067,21.92,21.62,21.78,249127.3,56.7813751015491,0.4786657461542099,26658.6292,28678.775199999996
1692878400000,21.03,-0.2684303787035892,21.79,21.01,21.03,825084.19,44.542671843121084,0.5001896214289091,26594.6026,28659.033050000002
1692892800000,20.93,-0.27461161247785054,21.2,20.74,20.93,697905.82,43.205485869376794,0.4973189341839871,26532.097999999998,28639.795549999995
1692907200000,21.06,-0.2755181934314089,21.09,20.67,21.06,345810.39,45.49619732454166,0.4917961531708451,26473.568,28621.1946
1692921600000,20.74,-0.2745291960275271,21.06,20.47,20.74,297172.57,41.10164616593619,0.4988107136586418,26413.453999999998,28602.5446
1692936000000,20.56,-0.2770841059875551,20.76,20.42,20.56,237145.63,38.82963755670031,0.4874670912544531,26358.4538,28583.4771
1692950400000,20.68,-0.2785676020933778,20.77,20.56,20.68,185548.58,41.16461547067512,0.4676480133077065,26307.235599999996,28564.730499999998
1692964800000,20.34,-0.27749618823917255,20.89,20.25,20.34,832741.02,36.87023974562581,0.4799588695000132,26253.435999999998,28544.81055
1692979200000,20.24,-0.28029834755017097,20.47,20.09,20.24,452023.68,35.690899193223956,0.4728189502500122,26201.981,28525.22945
1692993600000,20.42,-0.2812873449540528,20.43,20.18,20.42,317196.82,39.44552533801315,0.4569033109464399,26164.5008,28506.041299999997
1693008000000,20.41,-0.2797214323979066,20.42,20.22,20.41,155622.59,39.30821924464615,0.4385530744502658,26128.363599999997,28486.01145
1693022400000,20.31,-0.2798862652985536,20.44,20.21,20.31,160612.59,37.887927384399994,0.42365642627524686,26116.911600000003,28465.846749999997
1693036800000,20.3,-0.2806280133514649,20.36,20.24,20.3,102965.91,37.741070898844214,0.4019666815413007,26109.869000000002,28447.49605
1693051200000,20.37,-0.2807928462521119,20.4,20.19,20.37,134484.99,39.50860818086584,0.38825477571692185,26102.349200000004,28428.62605
1693065600000,20.35,-0.28013351464952396,20.39,20.2,20.35,125920.0,39.16647276074043,0.37409372030857035,26093.153400000003,28412.44715
1693080000000,20.29,-0.28038076400049444,20.37,20.24,20.29,64084.19,38.100507609420305,0.3566584545722441,26093.4608,28397.065100000003
1693094400000,20.3,-0.28087526270243535,20.39,20.24,20.3,85524.42,38.401414903134125,0.3418971363885125,26092.5998,28381.58495
1693108800000,20.38,-0.2807928462521119,20.43,20.28,20.38,66338.55,40.87754115837418,0.32819019807504723,26092.392000000003,28365.920500000004
1693123200000,20.57,-0.27996868174887707,20.74,20.37,20.57,384897.94,46.38943368325776,0.33117661249825797,26094.2506,28350.6677
1693137600000,20.75,-0.27848518564305436,20.92,20.55,20.75,232361.45,51.04574771452759,0.33394971160552533,26098.333800000004,28335.566150000002
1693152000000,20.77,-0.2770841059875551,20.8,20.55,20.77,205837.98,51.54928798060072,0.3279533036337021,26102.842,28320.552150000003
1693166400000,20.79,-0.27675444018626116,20.84,20.62,20.79,128566.47,52.080104378033596,0.3202423533741519,26100.557200000003,28305.15345
1693180800000,20.49,-0.2766720237359377,20.79,20.43,20.49,190213.46,44.24899147139034,0.32308218527599813,26098.3044,28289.224200000004
1693195200000,20.39,-0.2792269336959657,20.51,20.21,20.39,216064.04,41.98285016412554,0.321433457756284,26094.986599999997,28272.750249999997
1693209600000,20.37,-0.27996868174887707,20.4,20.03,20.37,282112.13,41.52480751522398,0.3249024964879778,26092.901599999997,28256.541149999997
1693224000000,20.54,-0.2802159310998475,20.8,20.34,20.54,394517.29,46.83447933560847,0.334552318167408,26093.216200000003,28240.97895
1693238400000,20.47,-0.2787324349940248,20.68,20.38,20.47,282938.98,45.02167283958828,0.3320842954411646,26089.6074,28225.083300000002
1693252800000,20.56,-0.27930935014628916,20.64,20.37,20.56,256497.88,47.81829118412356,0.3276497029096528,26089.8708,28209.0633
1693267200000,20.51,-0.27848518564305436,20.77,20.43,20.51,207314.01,46.40598817616439,0.3285318669875347,26088.7896,28192.4696
1693281600000,20.27,-0.27906210079531873,20.53,20.22,20.27,228770.23,40.25948675254775,0.327208162202711,26085.0738,28175.7308
1693296000000,20.15,-0.2810400956030823,20.34,20.12,20.15,246131.9,37.579344476161964,0.31955043633108865,26082.7716,28158.57965
1693310400000,21.32,-0.2819466765566407,22.05,20.12,21.32,2658532.0,63.26041629670171,0.43458254802172513,26110.7736,28148.636000000002
1693324800000,21.58,-0.2722215354184695,21.96,21.2,21.58,1112602.38,66.55353381054347,0.45782665173445913,26146.768200000002,28140.2575
1693339200000,21.79,-0.2701611241603824,21.96,21.58,21.79,818451.43,68.97260651513707,0.45226760518199793,26182.3032,28132.37915
1693353600000,21.64,-0.2684303787035892,21.99,21.47,21.64,393926.62,65.33749443268852,0.4571056333832838,26208.171000000002,28123.51565
1693368000000,21.64,-0.26974904190876503,21.75,21.54,21.64,169581.54,65.33749443268852,0.43945523099876355,26234.357600000003,28114.583000000002
1693382400000,21.42,-0.26974904190876503,21.72,21.38,21.42,343135.26,59.96200397837783,0.4323512859274233,26260.008,28105.006299999997
1693396800000,20.84,-0.2714797873655581,21.52,20.66,20.84,1110476.07,48.607908336720115,0.462897622646893,26281.906799999997,28095.31045
1693411200000,20.68,-0.27634235793464373,20.86,20.6,20.68,301130.51,46.01914907432169,0.4484049353149719,26304.4796,28085.1689
1693425600000,20.82,-0.277578604689496,20.9,20.66,20.82,144456.77,48.59874222518668,0.4335188685067595,26331.747199999998,28074.728900000002
1693440000000,20.64,-0.2764247743849672,20.82,20.61,20.64,143772.25,45.58267869739962,0.41755323504199104,26360.492799999996,28064.235249999998
1693454400000,20.78,-0.2779082704907899,20.85,20.63,20.78,148229.64,48.271638980660946,0.403442289681849,26384.593399999998,28053.9697
1693468800000,20.89,-0.2768368566365847,21.07,20.68,20.89,300419.69,50.347680808058065,0.40248212613314555,26410.5462,28043.63005
1693483200000,20.33,-0.27584785923270283,20.9,20.22,20.33,667712.74,41.26748166772596,0.42230483140934943,26427.8438,28031.765049999998
1693497600000,19.83,-0.280463180450818,20.34,19.43,19.83,1632720.19,35.168750352166455,0.4571402005943959,26432.3098,28016.243199999997
1693512000000,19.74,-0.2845840029669922,19.84,19.43,19.74,449792.37,34.189307664045245,0.453773043409082,26428.2454,27999.4854
1693526400000,19.89,-0.2853257510199036,19.93,19.7,19.89,155881.52,37.32236350810724,0.4377892545941476,26417.2256,27983.200350000003
1693540800000,19.8,-0.28408950426505125,19.93,19.77,19.8,379646.19,36.20853441718278,0.4179471649802799,26408.3896,27966.39045
1693555200000,19.84,-0.28474883586763916,19.91,19.73,19.84,200697.27,37.10690301764801,0.40095093891025985,26400.4992,27950.0533
1693569600000,19.39,-0.2844191700663452,19.93,19.28,19.39,690179.09,31.69851217993906,0.41874015755952687,26387.1716,27932.636749999998
1693584000000,19.27,-0.288127910330902,19.56,19.02,19.27,818098.28,30.425016158787017,0.42740157487670344,26371.2044,27914.29505
1693598400000,19.33,-0.2891169077347838,19.52,19.21,19.33,272873.03,31.898249958276892,0.4190157480997959,26367.3786,27896.573450000004
1693612800000,19.57,-0.28870482548316645,19.59,19.31,19.57,242306.99,37.59085997695151,0.4090860518069534,26362.5514,27879.552450000003
1693627200000,19.58,-0.2866444142250793,19.66,19.45,19.58,177697.37,37.82407089889412,0.39486561953502824,26354.8598,27862.124350000002
1693641600000,19.57,-0.2866444142250793,19.66,19.5,19.57,157508.13,37.672467326241076,0.3780895038539548,26349.0106,27844.0821
1693656000000,19.56,-0.2867268306754028,19.69,19.37,19.56,331474.86,37.51055521239895,0.37394025357867233,26347.2958,27826.68785
1693670400000,19.41,-0.2868916635760498,19.6,19.13,19.41,340445.61,35.07536222217361,0.3808016640373388,26342.0356,27808.824850000005
1693684800000,19.5,-0.288127910330902,19.55,19.36,19.5,169810.63,37.68920302050009,0.3671729737489575,26340.7856,27791.9325
1693699200000,19.63,-0.28730374582766716,19.67,19.46,19.63,188742.97,41.36150143381438,0.35594633276688914,26338.6166,27775.46465
1693713600000,19.52,-0.2861499155231384,19.65,19.47,19.52,100978.48,39.253425560616535,0.3433787375692542,26336.540800000002,27759.0845
1693728000000,19.42,-0.28705649647669673,19.54,19.32,19.42,167541.95,37.387851683657445,0.3345659706000217,26333.6654,27744.6264
1693742400000,19.34,-0.28796307743025507,19.57,19.3,19.34,229065.11,35.91719281700274,0.3299541155571629,26330.1192,27729.307399999998
1693756800000,19.48,-0.2886224090328429,19.57,19.23,19.48,185705.66,40.33989959040503,0.3306716787316513,26329.425,27715.05225
1693771200000,19.57,-0.2873861622779907,19.64,19.43,19.57,160083.45,43.06046810768232,0.322052273107962,26327.7692,27700.138300000002
1693785600000,19.76,-0.2867268306754028,20.05,19.55,19.76,498961.65,48.409120728438786,0.3347628250288218,26326.8362,27683.704050000004
1693800000000,19.78,-0.28516091811925653,19.86,19.61,19.78,452955.02,48.952701817139975,0.32870833752676315,26325.788000000004,27664.998900000002
1693814400000,19.58,-0.2850785016689331,19.88,19.58,19.58,256990.11,43.964147048778685,0.3266577419891373,26323.198600000003,27646.29655
1693828800000,19.41,-0.2866444142250793,19.65,19.23,19.41,604621.26,40.212967831575355,0.3333250461327702,26318.611,27627.4814
1693843200000,19.43,-0.288127910330902,19.55,19.33,19.43,135364.08,40.85236732311497,0.32523039998042963,26315.2658,27609.13485
1693857600000,19.52,-0.2878806609799316,19.53,19.15,19.52,257148.33,43.76680803050686,0.329142514267542,26309.3432,27591.657950000004
1693872000000,19.21,-0.28713891292702026,19.56,19.03,19.21,465475.23,37.00342940821604,0.34348947753414594,26300.682399999998,27574.362399999998
1693886400000,19.4,-0.2896938228870482,19.48,19.21,19.4,303029.45,42.834270025436744,0.3382402291388497,26293.3582,27557.11015
1693900800000,19.55,-0.28804549388057854,19.63,19.25,19.55,663314.16,47.0046388021155,0.34122306991464607,26288.772199999996,27540.117849999995
1693915200000,20.41,-0.2868916635760498,20.6,19.49,20.41,1809076.11,63.46239589700017,0.3961357077778858,26285.2772,27523.693849999996
1693929600000,20.23,-0.2798862652985536,20.58,20.17,20.23,648935.91,59.31070854335692,0.3971260143651794,26278.936,27506.383449999998
1693944000000,20.26,-0.28120492850372936,20.36,20.07,20.26,307340.89,59.782936792939694,0.389474156196238,26272.6946,27489.0486
1693958400000,20.14,-0.2810400956030823,20.39,20.1,20.14,452579.22,56.936464211086744,0.3823688593250781,26268.426599999995,27471.5563
1693972800000,19.74,-0.2819466765566407,20.17,19.69,19.74,534733.11,48.62540429542922,0.3893425122304297,26260.605199999995,27454.23275
1693987200000,19.76,-0.285408167470227,19.87,19.7,19.76,311740.68,49.02605769332394,0.37367518992825627,26253.6072,27437.09275
1694001600000,19.38,-0.28524333456958006,19.83,19.14,19.38,1017640.06,42.27941557957243,0.39626981921909493,26245.2836,27418.968249999998
1694016000000,19.47,-0.2882103267812255,19.87,19.14,19.47,913490.96,44.2366948831261,0.4201076892748739,26239.5634,27401.5784
1694030400000,19.64,-0.28755099517863764,19.66,19.47,19.64,199763.45,47.834956633282864,0.4036714257552401,26206.293599999997,27384.006749999997
1694044800000,19.75,-0.28623233197346193,19.82,19.57,19.75,369201.7,50.07961681692137,0.39269489534415153,26166.4246,27368.03585
1694059200000,19.55,-0.28516091811925653,19.83,19.55,19.55,374154.79,46.18806520756759,0.3846452599624262,26127.3556,27351.280349999997
1694073600000,19.4,-0.2868916635760498,19.6,19.36,19.4,325626.02,43.46033854394838,0.3743134556793959,26093.705,27334.350700000003
1694088000000,19.52,-0.2882103267812255,19.62,19.32,19.52,350474.15,46.19778662835908,0.3690053517022962,26060.566999999995,27317.983399999997
1694102400000,19.67,-0.28705649647669673,19.76,19.52,19.67,469090.07,49.48983474047224,0.3597906837235609,26031.396999999997,27302.143449999996
1694116800000,19.92,-0.28598508262249145,20.0,19.61,19.92,487080.42,54.48815319977345,0.36194849202902085,26012.4644,27288.210999999996
1694131200000,20.01,-0.2838422549140808,20.28,19.83,20.01,352985.39,56.16969180391067,0.3682378854555196,25993.9548,27274.138250000004
1694145600000,19.9,-0.283018090410846,20.09,19.82,19.9,334744.86,53.564759727670186,0.36122089363726817,25973.0794,27260.0587
1694160000000,19.56,-0.28400708781472783,19.92,19.37,19.56,488183.63,46.40169146598493,0.3747051155203205,25945.5242,27243.936299999998
1694174400000,19.52,-0.2868916635760498,19.7,19.49,19.52,410392.9,45.628614089448035,0.3629404644117263,25917.1964,27227.696100000005
1694188800000,19.57,-0.28713891292702026,19.57,19.38,19.57,281161.19,46.82128784870637,0.35058757409660307,25889.029599999998,27211.784149999996
1694203200000,19.61,-0.28680924712572625,19.65,19.48,19.61,104586.89,47.80764193964149,0.33768846166113126,25868.7994,27196.271999999997
1694217600000,19.54,-0.2864795813244323,19.61,19.47,19.54,74490.31,46.19293639364919,0.3235678572567648,25863.043599999997,27180.207
1694232000000,19.46,-0.28705649647669673,19.59,19.46,19.46,99597.4,44.349364635401784,0.30974158173842437,25861.951,27164.195649999998
1694246400000,19.56,-0.2876334116289611,19.58,19.45,19.56,106921.41,47.18677320129157,0.29690289732853686,25857.591399999998,27147.69745
1694260800000,19.53,-0.2867268306754028,19.59,19.47,19.53,103977.98,46.4220885689569,0.2842669760907843,25855.6548,27131.69745
1694275200000,19.43,-0.28705649647669673,19.57,19.38,19.43,168243.9,43.87001441985097,0.27753362065572834,25852.0736,27115.5824
1694289600000,19.44,-0.2878806609799316,19.54,19.42,19.44,93148.52,44.20037224449246,0.266281219180319,25853.8858,27100.798250000003
1694304000000,19.2,-0.2878806609799316,19.44,19.19,19.2,357875.49,38.36439084631138,0.2651182749531534,25858.2004,27084.33065
1694318400000,18.53,-0.2897762393373717,19.21,18.0,18.53,2095208.36,27.462958983038163,0.33260982674221395,25859.1444,27067.536599999996
1694332800000,18.33,-0.2953805579593687,18.52,18.24,18.33,550810.94,25.164273704758045,0.3295662676891989,25859.0894,27050.53785
1694347200000,18.22,-0.29694647051551487,18.46,17.78,18.22,1188180.3,23.97563549636142,0.3545972485685418,25858.6802,27033.4748
1694361600000,18.19,-0.2978530514690732,18.27,17.81,18.19,839029.77,23.64756664564912,0.36212601652793175,25858.4094,27015.28165
1694376000000,18.24,-0.29818271727036716,18.6,18.13,18.24,599870.85,25.477830868159813,0.3698313010616511,25857.346400000002,26996.812749999997
1694390400000,18.36,-0.2977706350187497,18.46,17.98,18.36,761108.17,29.82559119555232,0.3777004938429617,25855.4864,26976.093499999995
1694404800000,18.19,-0.29678163761486787,18.43,18.15,18.19,435016.31,27.387835513116116,0.3707218871398931,25854.3692,26956.30965
1694419200000,17.67,-0.29801788436972015,18.22,17.36,17.67,1112438.68,21.578130966324053,0.40567032377275786,25849.116399999995,26935.73595
1694433600000,17.84,-0.3023859562368648,18.01,17.33,17.84,1370631.42,27.027962409250364,0.4252653006461325,25832.311399999995,26912.2258
1694448000000,17.52,-0.3009848765813656,18.0,17.42,17.52,597885.5,23.69057095550717,0.4363177791714086,25813.857000000004,26887.8875
1694462400000,17.72,-0.30362220299171716,17.76,17.42,17.72,478092.69,29.546068171169907,0.4294379378020223,25799.637400000003,26864.891600000003
1694476800000,18.19,-0.30197387398524744,18.53,17.57,18.19,896262.64,41.002993807357385,0.46733522795902077,25795.3736,26846.800349999998
1694491200000,17.98,-0.2981003008200437,18.28,17.86,17.98,802345.99,38.027451048482455,0.46395414024766224,25792.403599999998,26828.00395
1694505600000,18.3,-0.2998310462768368,18.8,17.93,18.3,1138432.38,44.62224648557446,0.49295741594425785,25794.632199999996,26810.58575
1694520000000,18.0,-0.29719371986648535,18.41,17.91,18.0,1089715.32,40.29322304653492,0.4934604576625251,25799.4524,26794.055599999996
1694534400000,17.93,-0.29966621337618987,18.32,17.68,17.93,684951.21,39.33432663159557,0.5039275678294877,25802.9292,26776.867199999997
1694548800000,17.92,-0.30024312852845425,18.06,17.86,17.92,206541.57,39.19084017711589,0.48221845584166706,25803.446600000003,26758.7377
1694563200000,17.83,-0.30040796142910126,18.18,17.78,17.83,364862.52,37.85251657915651,0.47634570899583356,25803.167800000003,26740.911300000003
1694577600000,17.89,-0.3011497094820126,18.56,17.69,17.89,821766.53,39.339733439809685,0.5044638726389882,25804.245600000002,26723.0321
1694592000000,18.18,-0.30049037787942473,18.29,17.86,18.18,534221.51,46.058715316808986,0.49914502459334614,25814.3648,26706.96415
1694606400000,18.36,-0.29818271727036716,18.55,17.95,18.36,765687.51,49.7771463541077,0.5063489514081072,25824.4798,26691.084300000002
1694620800000,18.36,-0.29669922116454445,18.54,17.89,18.36,1230406.57,49.7771463541077,0.5166097405932423,25831.6064,26674.55455
1694635200000,18.4,-0.29669922116454445,18.51,18.25,18.4,346765.72,50.65384159170612,0.4982804734080108,25840.859,26658.685100000002
1694649600000,18.94,-0.2963695553632505,19.33,18.38,18.94,1473533.77,60.64224421967301,0.530546153878867,25852.494,26643.0297
1694664000000,18.79,-0.2920014834961058,18.94,18.61,18.79,377018.0,57.17991485857125,0.5162214286018052,25863.540999999997,26627.6218
1694678400000,18.85,-0.2931553138006346,18.91,18.54,18.85,868485.72,58.20777328244338,0.5057770408445335,25876.806800000002,26612.842200000003
1694692800000,18.97,-0.2926608150986937,19.19,18.74,18.97,837101.49,60.262261250936405,0.5017929664984956,25896.107600000003,26599.2046
1694707200000,19.04,-0.2916718176948119,19.13,18.87,19.04,563839.79,61.4526906334283,0.4845220403200315,25915.0046,26585.44605
1694721600000,18.85,-0.2910949025425475,19.1,18.79,18.85,277768.61,56.50473733127286,0.4720561802971722,25933.698800000002,26570.86565
1694736000000,19.14,-0.2926608150986937,19.19,18.73,19.14,244209.11,61.58839423855437,0.47119502456166,25952.2158,26556.861800000002
1694750400000,19.08,-0.29027073803931264,19.29,19.03,19.08,239322.79,60.02522497473401,0.4561096656643984,25968.3306,26542.539399999998
1694764800000,19.01,-0.29076523674125354,19.24,19.0,19.01,247430.58,58.17024389772379,0.4406732609740841,25980.0762,26527.5724
1694779200000,18.88,-0.29134215189351786,19.06,18.73,18.88,357936.78,54.7842115806814,0.4327680280473637,25991.2426,26512.19665
1694793600000,18.73,-0.29233114929739973,18.91,18.55,18.73,360651.73,51.088913544004214,0.4275703117582662,26005.0182,26497.26665
1694808000000,19.14,-0.29356739605225207,19.5,18.67,19.14,638337.27,59.191473449143864,0.4563152894898185,26021.431200000003,26483.39565
1694822400000,19.21,-0.29018832158898916,19.46,19.05,19.21,350296.4,60.397714374544336,0.45300705452626,26036.1596,26469.263250000004
1694836800000,19.11,-0.2896114064367248,19.38,19.06,19.11,278570.97,57.77061339090889,0.44350655063152716,26040.9496,26455.216549999997
1694851200000,19.15,-0.29051798739028306,19.25,19.04,19.15,190793.65,58.547313945082074,0.42682751130070384,26046.3754,26440.837450000003
1694865600000,18.97,-0.29018832158898916,19.19,18.86,18.97,237505.41,53.755915359092334,0.41991126049351085,26051.393400000004,26426.263
1694880000000,18.97,-0.29175423414513535,19.14,18.92,18.97,145184.54,53.755915359092334,0.40563188474397427,26065.2592,26411.87705
1694894400000,19.12,-0.29175423414513535,19.15,18.95,19.12,214067.76,57.14545222963861,0.39094389297654747,26079.5598,26396.67545
1694908800000,19.03,-0.29043557093995953,19.14,18.74,19.03,242625.3,54.5613754201874,0.3915907577639371,26092.2324,26382.519
1694923200000,18.9,-0.29117731899287097,19.06,18.89,18.9,97485.16,50.97568846819324,0.3757628464950843,26103.941000000003,26367.844000000005
1694937600000,19.04,-0.2921663163967528,19.11,18.88,19.04,140281.68,54.447592875469184,0.3653512146025783,26117.7744,26353.6673
1694952000000,18.98,-0.29117731899287097,19.08,18.95,18.98,101815.95,52.72423896655906,0.34854041355953697,26131.050999999996,26339.373
1694966400000,18.9,-0.2916718176948119,19.0,18.75,18.9,191678.84,50.43217412185629,0.3415018125909986,26143.893400000004,26325.06875
1694980800000,18.81,-0.29224873284707625,18.9,18.63,18.81,299352.79,47.908869356804765,0.3363945402630701,26156.561800000003,26311.042999999998
1694995200000,19.2,-0.2929904808999876,19.29,18.58,19.2,559400.31,57.76932200287628,0.3630806445299937,26172.366400000003,26298.42765
1695009600000,19.13,-0.2897762393373717,19.31,18.99,19.13,528015.71,55.730206454787506,0.3600034556349942,26188.547599999998,26285.981
1695024000000,19.58,-0.29043557093995953,19.75,19.09,19.58,697846.68,64.42386352682668,0.38143178023249463,26215.259400000003,26275.823350000006
1695038400000,19.95,-0.2866444142250793,20.15,19.53,19.95,915131.26,69.69374838859389,0.3984723673587448,26243.602800000004,26266.182099999998
1695052800000,19.78,-0.2835125891127869,20.06,19.5,19.78,835106.41,64.93438406960406,0.41001005540454866,26263.992000000002,26254.4327
1695067200000,19.64,-0.2849960852186096,19.9,19.61,19.64,196351.49,61.22624068136501,0.401437908589938,26283.742000000002,26242.7125
1695081600000,19.96,-0.2860674990728149,19.98,19.58,19.96,286651.69,66.00488719949664,0.401335200833514,26304.1104,26231.2461
1695096000000,19.79,-0.2834301726624634,19.99,19.74,19.79,149527.95,61.65742320954172,0.3905255436311201,26324.2224,26221.8296
1695110400000,20.21,-0.2849136687682861,20.42,19.76,20.21,719746.7,67.37481479719483,0.40977371908604004,26354.165800000002,26214.73085
1695124800000,20.13,-0.2814521778546998,20.22,19.82,20.13,730263.88,65.37516108261289,0.40907559629417994,26386.337600000003,26208.7321
1695139200000,19.94,-0.2821115094572877,20.15,19.83,19.94,1028703.17,60.7626027089843,0.40271305370173854,26418.021,26201.93375
1695153600000,20.03,-0.2836774220134339,20.09,19.84,20.03,195587.9,62.125761973365535,0.39180497843732864,26459.9068,26198.31495
1695168000000,19.91,-0.283018090410846,20.24,19.85,19.91,267494.27,59.17387426806691,0.3916760514060907,26501.883199999997,26194.4423
1695182400000,19.95,-0.28392467136440436,19.97,19.8,19.95,257049.9,59.85854946340278,0.3758420477342269,26540.7452,26196.85335
1695196800000,20.06,-0.28359500556311035,20.18,19.87,20.06,315248.91,61.75790171596075,0.37113904432463923,26566.747399999997,26200.35375
1695211200000,20.19,-0.28277084105987554,20.37,19.9,20.19,564245.08,63.93006828278544,0.37820054115859375,26593.9058,26204.106949999998
1695225600000,20.12,-0.28153459430502326,20.54,19.88,20.12,808913.01,61.8915157772232,0.39832907393297995,26610.5382,26206.29
1695240000000,20.29,-0.2821115094572877,20.45,20.1,20.29,375448.03,64.82501650633915,0.39487699722348124,26628.9188,26211.905
1695254400000,20.18,-0.2807928462521119,20.29,19.92,20.18,498793.96,61.52479458212387,0.39310006885037524,26648.292199999996,26216.754950000002
1695268800000,19.92,-0.2816994272056702,20.19,19.76,19.92,377235.42,54.46656411387437,0.39573577821820555,26671.2924,26221.435500000003
1695283200000,19.59,-0.2838422549140808,19.96,19.5,19.59,933482.61,47.08345536580665,0.40032607977404805,26688.3232,26225.25185
1695297600000,19.6,-0.2865619977747558,19.65,19.29,19.6,711666.52,47.31650830257938,0.39744564550447314,26702.4054,26228.582000000002
1695312000000,19.62,-0.2863971648741089,19.71,19.53,19.62,217675.82,47.811561741914524,0.38191381368272503,26710.4362,26232.081350000004
1695326400000,19.46,-0.28631474842378535,19.63,19.42,19.46,220515.91,44.230788014932784,0.3696342555625302,26716.9716,26233.841700000004
1695340800000,19.66,-0.2877158280792846,19.69,19.23,19.66,304862.89,49.33839625001567,0.37608895159377814,26726.7268,26236.352450000002
1695355200000,19.63,-0.28598508262249145,19.73,19.54,19.63,317271.91,48.61910304865584,0.36279688362279405,26735.782799999997,26239.226399999996
1695369600000,19.69,-0.28623233197346193,19.81,19.58,19.69,301743.64,50.18336679042762,0.3533113919354517,26743.2744,26241.9015
1695384000000,19.47,-0.28582024972184444,19.73,19.45,19.47,263486.6,44.79791422394469,0.3480748639400623,26749.0056,26244.61435
1695398400000,19.35,-0.28755099517863764,19.5,19.3,19.35,418535.07,42.14138577102991,0.3374980879443435,26750.8846,26246.43135
1695412800000,19.43,-0.28845757613219597,19.49,19.15,19.43,251871.22,44.5040989794817,0.33767679594831895,26748.607999999997,26248.797899999994
1695427200000,19.38,-0.28796307743025507,19.57,19.29,19.38,277967.18,43.31359216624669,0.3335570248091534,26745.689200000004,26250.772649999995
1695441600000,19.52,-0.28837515968187244,19.53,19.32,19.52,97862.03,47.54478896730067,0.32473152303707103,26746.940799999997,26252.749250000004
1695456000000,19.52,-0.28713891292702026,19.54,19.44,19.52,135582.18,47.54478896730066,0.3086792713915658,26746.137199999997,26255.172000000002
1695470400000,19.32,-0.2872213293773436,19.53,19.3,19.32,159455.79,42.312150665438935,0.30305932343502545,26746.4544,26257.963050000002
1695484800000,19.46,-0.28886965838381334,19.49,19.29,19.46,123704.15,46.731618868174564,0.29569794318966647,26750.153,26260.855499999998
1695499200000,19.49,-0.28755099517863764,19.49,19.38,19.49,103341.67,47.65700321983568,0.28243380439040455,26755.248,26264.03735
1695513600000,19.57,-0.2874685787283141,19.66,19.44,19.57,204716.12,50.14426333769745,0.277974246933947,26758.718999999997,26266.403299999994
1695528000000,19.62,-0.2867268306754028,19.65,19.49,19.62,101926.44,51.68940985053853,0.26954751501009366,26757.987800000003,26268.5859
1695542400000,19.6,-0.28631474842378535,19.68,19.53,19.6,98404.62,51.00841932662143,0.26100840679508686,26757.5934,26271.289500000003
1695556800000,19.53,-0.2864795813244323,19.65,19.44,19.53,211686.32,48.59525928018443,0.2573649491668662,26759.2646,26273.64635
1695571200000,19.46,-0.28705649647669673,19.66,19.43,19.46,237041.15,46.23944238433975,0.2554103099406615,26757.766200000002,26275.644000000004
1695585600000,19.36,-0.2876334116289611,19.53,19.2,19.36,237252.32,43.030164809918965,0.2607381449449001,26752.591399999998,26277.20285
1695600000000,19.47,-0.28845757613219597,19.6,19.07,19.47,381138.86,47.35831059044613,0.27997113459169304,26745.0844,26279.090149999996
1695614400000,19.48,-0.2874685787283141,19.54,19.34,19.48,230658.96,47.746962189842634,0.2742589106922863,26737.6752,26279.7562
1695628800000,19.55,-0.2873861622779907,19.58,19.4,19.55,219496.74,50.50184047125581,0.267526131357123,26728.5984,26280.10165
1695643200000,19.57,-0.2868916635760498,19.68,19.44,19.57,399465.44,51.291987514018345,0.26555997911732837,26723.5542,26281.0346
1695657600000,19.52,-0.2866444142250793,19.74,19.46,19.52,300696.29,49.17841063701988,0.26659140918037616,26718.8574,26282.996300000003
1695672000000,19.39,-0.28713891292702026,19.57,19.35,19.39,171538.85,44.091213113750264,0.2632634513817778,26713.954000000005,26283.80035
1695686400000,19.44,-0.2882103267812255,19.53,19.29,19.44,258678.48,46.38828784354328,0.2616017762830795,26710.928399999997,26282.409700000004
1695700800000,19.33,-0.2877158280792846,19.49,19.3,19.33,405225.81,42.27329987512656,0.2564873636914308,26705.8184,26281.606149999996
1695715200000,19.39,-0.28870482548316645,19.43,19.24,19.39,241665.89,45.13233789330491,0.25173826628490015,26698.1218,26280.76525
1695729600000,19.17,-0.2882103267812255,19.41,19.13,19.17,315239.2,37.74968224014063,0.2537569615502645,26686.441600000002,26279.01165
1695744000000,19.24,-0.2901059051386657,19.3,19.12,19.24,223670.71,41.05369280211558,0.24848860715381701,26667.455999999995,26278.030050000005
1695758400000,19.03,-0.28944657353607783,19.27,18.84,19.03,532715.51,35.04438753064419,0.2614537066428301,26646.501,26279.1567
1695772800000,19.03,-0.29117731899287097,19.13,18.94,19.03,224297.72,35.04438753064419,0.25634987045405633,26635.765999999996,26280.349700000002
1695787200000,18.95,-0.29117731899287097,19.05,18.9,18.95,135674.0,32.91568491499427,0.2487534511359096,26625.4426,26280.681150000004
1695801600000,19.39,-0.2918366505954588,19.48,18.87,19.39,679871.12,50.66552375851766,0.2745567760547732,26624.408199999998,26283.984650000002
1695816000000,18.95,-0.2882103267812255,19.46,18.76,18.95,855091.57,39.43016988233426,0.30494557776514647,26613.5524,26285.604250000004
1695830400000,18.98,-0.29191906704578235,19.03,18.73,18.98,367619.51,40.40061121761446,0.30459232221049326,26594.157199999998,26286.46125
1695844800000,19.14,-0.2916718176948119,19.16,18.88,19.14,183884.28,45.42295418488486,0.3028357277668867,26573.172199999997,26288.66615
1695859200000,19.21,-0.29035315448963617,19.44,19.1,19.21,384680.64,47.50709892494857,0.3054903186406805,26557.046400000003,26290.7001
1695873600000,19.22,-0.2896938228870482,19.28,19.17,19.22,238787.21,47.8136911070034,0.2915267244520604,26542.041,26292.7
1695888000000,19.17,-0.2896114064367248,19.32,19.1,19.17,315839.01,46.355818933138885,0.2864176727054846,26529.19,26294.648899999997
1695902400000,19.59,-0.29002348868834216,19.62,19.15,19.59,599510.81,57.95328720460548,0.29953069608366445,26527.4776,26299.49485
1695916800000,19.71,-0.2864795813244323,19.73,19.43,19.71,833432.66,60.57581407476926,0.29956421779197423,26527.516,26304.765499999998
1695931200000,19.96,-0.285573000370874,19.98,19.58,19.96,432585.13,65.41545763999727,0.30673820223540477,26524.3312,26309.602450000002
1695945600000,20.2,-0.2834301726624634,20.33,19.85,20.2,671356.85,69.31037415528805,0.3191140449328756,26524.878800000002,26314.221350000003
1695960000000,20.27,-0.28153459430502326,20.35,20.05,20.27,441351.97,70.35890647925888,0.3177487560090988,26525.978400000004,26320.0344
1695974400000,20.09,-0.2809576791527589,20.31,20.04,20.09,328302.57,64.27744470183117,0.3143381305798774,26524.694000000003,26324.7785
1695988800000,20.34,-0.28252359170890506,20.46,20.03,20.34,783365.82,68.36704489288243,0.3225996926813147,26522.6632,26329.003299999997
1696003200000,20.24,-0.280463180450818,20.35,20.08,20.24,301839.03,65.15394853107648,0.31884257177550673,26526.577999999998,26333.333700000003
1696017600000,20.28,-0.2811225120534058,20.36,20.2,20.28,198768.18,65.8454142270294,0.307496673791542,26533.036799999998,26337.25775
1696032000000,20.21,-0.28087526270243535,20.45,20.2,20.21,234502.54,63.471744807718146,0.30338976852071753,26539.3438,26341.206799999996
1696046400000,20.31,-0.2813697614043763,20.35,20.07,20.31,177702.43,65.39115773493276,0.30171907076923776,26546.617199999997,26345.3567
1696060800000,20.28,-0.28054559690114145,20.4,20.26,20.28,165017.29,64.29958273653298,0.2901677085714348,26552.782199999998,26349.9719
1696075200000,21.43,-0.2807928462521119,21.65,20.28,21.43,1871418.37,78.86450648955149,0.36729858653061787,26559.212000000003,26355.282750000002
1696089600000,21.41,-0.2713149544649112,21.81,21.25,21.41,897592.35,78.26647023911278,0.3810629732070022,26566.8208,26360.381299999997
1696104000000,21.37,-0.27156220381588164,21.46,21.23,21.37,219124.54,77.0087026313532,0.37027276083507354,26573.451800000003,26364.673250000003
1696118400000,21.21,-0.27189186961717554,21.43,21.13,21.21,329369.54,72.02284787823314,0.3652532779182826,26583.545,26369.915749999996
1696132800000,21.37,-0.2732105328223513,21.41,21.17,21.37,216073.36,73.84639134589091,0.35630661520983375,26594.1012,26374.855499999998
1696147200000,22.97,-0.27189186961717554,24.25,21.36,22.97,2383286.95,84.6330214215637,0.537284714123417,26607.211399999997,26380.3781
1696161600000,23.1,-0.258705237565418,23.44,22.83,23.1,1044153.52,85.16826822215603,0.5424786631146018,26618.568800000005,26386.123
1696176000000,22.72,-0.2577162401615362,23.09,22.44,22.72,728517.64,76.75268709859398,0.5508730443207017,26629.125,26391.76035
1696190400000,23.87,-0.26068323237318164,24.5,22.58,23.87,1714927.49,82.4155299099832,0.6486678268692232,26657.345400000002,26394.605999999996
1696204800000,24.1,-0.25120534058598093,24.34,23.58,24.1,932998.55,83.29212233095343,0.656620124949993,26687.6744,26396.082049999997
1696219200000,24.33,-0.24939217867886426,24.8,23.95,24.33,1175647.01,84.14338500491398,0.6704329731678508,26722.393399999997,26399.059899999997
1696233600000,23.82,-0.24749660032142415,24.52,23.78,23.82,747778.73,75.016433550691,0.6754020465130042,26754.9356,26403.094449999997
1696248000000,24.06,-0.25161742283759836,24.48,23.59,24.06,1437750.15,76.31823734903915,0.6907304717620752,26784.193,26406.04475
1696262400000,23.83,-0.2498042609304817,24.29,23.08,23.83,1313087.53,72.4235535206606,0.7278211523504986,26811.5586,26409.17715
1696276800000,23.37,-0.25161742283759836,23.83,22.9,23.37,705823.54,65.251417676326,0.7422624986111773,26829.887600000002,26410.641550000004
1696291200000,23.66,-0.25532616310215517,23.81,23.3,23.66,515701.97,67.4405432592968,0.7256723201389502,26852.9352,26412.7579
1696305600000,23.82,-0.2530185024930976,24.25,23.49,23.82,883391.1,68.61532682914078,0.7281242972718825,26878.7804,26413.96115
1696320000000,23.92,-0.25169983928792183,24.47,23.78,23.92,920484.99,69.35944522141524,0.7254011331810337,26906.8312,26415.674750000002
1696334400000,23.99,-0.2507932583343635,24.77,23.75,23.99,1997391.25,69.89747958163338,0.7464439093823884,26929.946999999996,26416.0946
1696348800000,23.52,-0.2502987596324226,24.33,23.44,23.52,864071.46,62.02253668557291,0.7566979158550746,26953.9388,26415.9498
1696363200000,23.6,-0.2541723327976264,23.76,23.21,23.6,713681.49,62.79097844863253,0.7419337790082837,26977.5936,26418.47205
1696377600000,23.12,-0.253430584744715,23.66,22.8,23.12,998845.48,55.530688003102945,0.750367080507692,26999.5656,26424.81025
1696392000000,23.17,-0.25755140726088926,23.24,22.78,23.17,376114.73,56.10010920608359,0.7296265747571423,27022.545,26432.375249999997
1696406400000,23.58,-0.25713932500927184,23.86,23.1,23.58,624411.49,60.5598564602073,0.7317961051316321,27046.9162,26439.832349999997
1696420800000,22.69,-0.253595417645362,23.65,22.67,22.69,874334.67,48.937819440973854,0.7495249547650867,27069.560400000002,26446.89885
1696435200000,22.92,-0.2610128981744756,23.28,22.58,22.92,811543.52,51.526759434706356,0.7459874579961522,27096.4458,26454.7519
1696449600000,23.13,-0.25911731981703545,23.31,22.86,23.13,260011.44,53.82858270191298,0.7248454967107127,27129.484,26464.58975
1696464000000,23.24,-0.2573865743602423,23.76,23.04,23.24,523521.64,55.03312134534659,0.7244993898028049,27157.564599999998,26474.620099999996
1696478400000,23.01,-0.256479993406684,23.49,22.83,23.01,406483.15,51.979604393130884,0.719892290531176,27185.290799999995,26483.63475
1696492800000,23.22,-0.2584579882144476,23.35,22.89,23.22,372256.56,54.463926539541625,0.7013285554932349,27214.2436,26493.27275
1696507200000,22.8,-0.25656240985700746,23.59,22.62,22.8,981916.8,49.00352955422938,0.7205193729580037,27240.416800000003,26502.0704
1696521600000,22.8,-0.26010631722091726,23.06,22.53,22.8,628499.18,49.00352955422939,0.7069108463181462,27254.508400000002,26510.3591
1696536000000,22.7,-0.26010631722091726,22.85,22.61,22.7,375045.45,47.683441388189834,0.6735600715811358,27276.6278,26517.937250000003
1696550400000,23.19,-0.2609304817241521,23.34,22.66,23.19,493009.17,54.194793546943295,0.6740200664681976,27302.4558,26526.5663
1696564800000,23.34,-0.25689207565830136,23.45,22.94,23.34,412056.95,56.00015044581778,0.6623043474347547,27327.7664,26535.41135
1696579200000,23.18,-0.2556558289034491,23.57,23.08,23.18,890782.22,53.57454519094414,0.6499968940465581,27355.3834,26544.891799999998
1696593600000,23.51,-0.2569744921086249,23.68,22.7,23.51,1369242.14,57.64903197267235,0.673568544471804,27385.006,26554.8163
1696608000000,23.42,-0.25425474924794983,23.75,23.33,23.42,758797.25,56.20036312598104,0.655456505580961,27414.5146,26564.8612
1696622400000,23.41,-0.2550789137511847,23.76,23.29,23.41,442474.39,56.03188075103995,0.6422096123251783,27432.7364,26575.14915
1696636800000,23.67,-0.2550789137511847,23.74,23.34,23.67,373586.14,59.436791158385475,0.6249089257305226,27448.744599999998,26584.595400000002
1696651200000,23.53,-0.2529360860427741,24.21,23.47,23.53,715922.99,56.882413054792,0.6331297167497711,27466.1328,26594.19335
1696665600000,23.48,-0.2541723327976264,23.84,23.36,23.48,902194.26,55.95747093303369,0.6221918798390733,27485.8154,26603.966149999997
1696680000000,23.34,-0.2545019985989203,23.58,23.29,23.34,538129.59,53.34200770509567,0.5984638884219965,27501.011799999997,26613.84035
1696694400000,23.13,-0.2556558289034491,23.45,23.08,23.13,282379.01,49.59724713745459,0.5821450392489967,27518.905799999997,26623.7053
1696708800000,23.3,-0.25746899081056573,23.35,23.11,23.3,137629.73,52.50411311490336,0.5577061078740686,27540.2678,26634.4175
1696723200000,23.52,-0.25606791115506655,23.64,23.18,23.52,545835.79,56.037653501961834,0.550727100168778,27563.0348,26645.275950000003
1696737600000,23.33,-0.2541723327976264,23.55,23.2,23.33,235104.13,52.41110900335867,0.5363894501567226,27583.007800000003,26655.673899999998
1696752000000,23.22,-0.2557382453537726,23.53,23.16,23.22,318036.05,50.37837302245009,0.5245044894312424,27600.9344,26666.2698
1696766400000,23.48,-0.25664482630733093,23.5,23.06,23.48,312086.98,54.837043118891515,0.518468454471868,27620.1542,26677.055699999997
1696780800000,23.33,-0.25441958214859683,23.56,23.26,23.33,323365.86,51.937573326379095,0.5028635648667343,27639.333599999998,26687.612250000002
1696795200000,23.22,-0.2557382453537726,23.48,23.17,23.22,200037.32,49.85574055585834,0.4890875959476818,27657.748799999998,26698.40065
1696809600000,23.25,-0.2567272427576544,23.31,23.08,23.25,274974.39,50.439206736601065,0.47058133909427596,27675.7694,26709.58965
1696824000000,22.99,-0.25639757695636045,23.37,22.85,22.99,352330.29,45.4980972450567,0.47411124344468475,27692.7836,26719.695499999998
1696838400000,22.17,-0.2585404046647711,23.01,22.05,22.17,1424599.66,34.13922773582195,0.5088175831986359,27701.2668,26728.1258
1696852800000,22.2,-0.2652161371409733,22.39,22.07,22.2,578867.71,34.780747116133384,0.4953306129701619,27707.974,26736.6977
1696867200000,22.2,-0.2649688877900029,22.43,21.59,22.2,1302171.92,34.78074711613337,0.5199498549008646,27716.553000000004,26746.114550000002
1696881600000,22.1,-0.2650513042403263,22.26,22.0,22.1,253346.51,33.518580490933246,0.5013820081222315,27725.291799999995,26756.12505
1696896000000,22.14,-0.26595788519388464,22.25,21.88,22.14,331209.87,34.54184107702058,0.4919975789706436,27735.877800000002,26765.83895
1696910400000,22.33,-0.2654633864919438,22.4,22.04,22.33,203348.79,39.319482294338336,0.48256918047274044,27729.0554,26775.29645
1696924800000,22.13,-0.26406230683644455,22.45,22.11,22.13,433315.93,36.31482604792728,0.47238566758183037,27716.702,26783.651400000002
1696939200000,21.98,-0.2656282193925908,22.48,21.93,21.98,567968.29,34.203737209050956,0.4779295484688425,27698.624000000003,26791.877
1696953600000,22.03,-0.2669468825977665,22.07,21.69,22.03,589259.65,35.54872239480562,0.470934580721068,27682.6092,26800.320499999998
1696968000000,22.11,-0.2663699674455021,22.19,21.8,22.11,209613.71,37.74162196561423,0.46515353924099173,27669.8854,26808.374350000002
1696982400000,21.98,-0.2657930522932377,22.29,21.73,21.98,450804.5,35.620686078788154,0.47192828643806367,27650.906600000002,26814.05455
1696996800000,22.02,-0.26686446614744297,22.36,21.95,22.02,478296.4,36.797592478753835,0.46750483740677345,27641.4554,26817.889300000003
1697011200000,22.14,-0.2666172167964725,22.43,21.99,22.14,527261.52,40.32222727666359,0.46554020616343256,27633.3496,26822.606599999996
1697025600000,21.99,-0.26554580294226726,22.33,21.9,21.99,573072.75,37.50655337089351,0.46300162000890166,27618.126,26825.2228
1697040000000,21.91,-0.26678204969711955,22.03,21.62,21.91,535402.22,36.06028013193618,0.45921579000826585,27602.1902,26829.84125
1697054400000,22.01,-0.2675237977500309,22.03,21.75,22.01,169374.55,39.21550766963036,0.4464146621505326,27592.800600000002,26834.99565
1697068800000,21.71,-0.2666172167964725,22.05,21.49,21.71,496005.5,33.82313657772748,0.4545279005683519,27584.242000000002,26839.7529
1697083200000,21.64,-0.26908971030617707,21.84,21.64,21.64,177263.39,32.69348474145099,0.436347336242041,27571.926,26844.2537
1697097600000,21.5,-0.2696666254584415,21.66,21.15,21.5,849868.64,30.4994786545342,0.44160824079618105,27560.0742,26849.067900000002
1697112000000,21.27,-0.2707380393126467,21.54,21.24,21.27,482538.66,27.26258700208824,0.43149336645359676,27544.4986,26853.01215
1697126400000,21.22,-0.2726336176700869,21.37,20.93,21.22,706606.53,26.601633505576217,0.43210098313548284,27527.307999999997,26857.2615
1697140800000,21.28,-0.27312811637202783,21.35,21.13,21.28,208846.3,28.83139405929633,0.41695091291152,27514.4162,26861.5892
1697155200000,21.13,-0.27255120121976345,21.47,21.12,21.13,242813.79,26.651579829048217,0.41216870484641127,27497.688,26866.155500000004
1697169600000,21.39,-0.2738698644249392,21.46,21.11,21.39,275557.12,35.72301701172208,0.40772808307166775,27479.6166,26871.02245
1697184000000,21.48,-0.2716446202662051,21.57,21.31,21.48,264077.8,38.5558421921451,0.3971760771379773,27463.0004,26875.8201
1697198400000,21.43,-0.2709028722132938,21.61,21.35,21.43,444968.74,37.565321441761974,0.387377785913836,27444.977400000003,26880.093000000004
1697212800000,21.58,-0.2714797873655581,21.61,21.41,21.58,226971.27,42.35026314843669,0.3739936583485619,27426.0352,26885.0092
1697227200000,21.84,-0.2702435406107059,22.23,21.56,21.84,949234.37,49.565422547222674,0.3951369684665219,27412.1752,26890.44415
1697241600000,22.03,-0.2679358800016483,22.06,21.8,22.03,309866.99,54.08756144214,0.38548432786177017,27401.3652,26896.09805
1697256000000,22.05,-0.2663699674455021,22.13,21.95,22.05,194365.82,54.549532684609616,0.3708068758716437,27390.5334,26901.234
1697270400000,21.98,-0.2662051345448551,22.31,21.91,21.98,403581.98,52.556281904401814,0.37289209902366904,27376.796400000003,26906.893800000005
1697284800000,22.08,-0.2669468825977665,22.09,21.85,22.08,190686.48,55.08141139207827,0.36339980623626406,27362.877200000003,26912.53835
1697299200000,22.04,-0.26604030164420817,22.1,21.97,22.04,107965.77,53.84685771827174,0.34672839150510254,27344.963000000003,26918.853450000002
1697313600000,22.0,-0.2663699674455021,22.04,21.92,22.0,97307.5,52.57776965573927,0.33053350639759504,27323.1902,26927.536
1697328000000,21.93,-0.266699633246796,22.17,21.83,21.93,175933.98,50.34171638913819,0.3312096845120528,27301.752200000003,26936.835
1697342400000,21.94,-0.26727654839906045,21.97,21.87,21.94,116959.13,50.664510845385124,0.31469470704690605,27280.7808,26945.435
1697356800000,21.87,-0.26727654839906045,22.02,21.81,21.87,339779.16,48.29780397862506,0.30721651368641284,27259.822,26950.7075
1697371200000,21.73,-0.2677710471010013,21.94,21.66,21.73,280880.52,43.882628868745456,0.30527247699452625,27239.983399999997,26956.0883
1697385600000,21.91,-0.2688424609552067,21.98,21.71,21.91,236830.41,50.18765239077744,0.30275301435206003,27222.015999999996,26960.8121
1697400000000,21.93,-0.2674413812997074,22.11,21.84,21.93,305582.58,50.84845048347321,0.30041351332691285,27206.303000000004,26965.553000000004
1697414400000,22.11,-0.26727654839906045,22.23,21.89,22.11,226714.46,56.44815968960485,0.30324111951784766,27193.7118,26971.400950000003
1697428800000,22.82,-0.2657930522932377,22.87,22.11,22.82,776445.15,70.65137227556332,0.3358667538380015,27191.5596,26981.44575
1697443200000,23.16,-0.2599414843202703,23.16,22.62,23.16,795082.1,74.87671343379347,0.3504476999924299,27185.2542,26990.79755
1697457600000,23.15,-0.2572217414595953,24.75,22.9,23.15,3413285.6,74.536813897802,0.4575585785643993,27188.4252,27001.718800000002
1697472000000,23.86,-0.2572217414595953,24.14,23.15,23.86,1012269.88,81.09768859878854,0.49559010866694236,27201.5696,27013.071
1697486400000,23.95,-0.25137017348662793,24.2,23.65,23.95,749845.63,81.73996140552988,0.49947652947644655,27213.7304,27024.36835
1697500800000,24.0,-0.25062842543371655,24.34,23.77,24.0,701374.42,82.1037744315437,0.5045139202281289,27221.2304,27035.018249999997
1697515200000,24.09,-0.2502163431820991,24.23,23.76,24.09,545982.21,82.7692585678094,0.5020486402118339,27231.502,27046.061400000002
1697529600000,24.08,-0.24955701157951127,24.56,24.05,24.08,983649.68,82.4026020900816,0.502616594482417,27241.52,27056.84615
1697544000000,23.89,-0.24955701157951127,24.19,23.46,23.89,1000911.48,75.55422975791649,0.5188582663051016,27254.488999999998,27067.4325
1697558400000,24.17,-0.25112292413565745,24.39,23.72,24.17,709331.72,78.40283516762791,0.5296541044261659,27275.44,27077.784099999997
1697572800000,23.93,-0.24881526352659988,24.24,23.89,23.93,514765.8,70.78854459411082,0.5168216683957253,27294.492000000002,27086.2938
1697587200000,24.04,-0.25071084188404,24.11,23.8,24.04,310679.54,72.12477745725033,0.5020486920817449,27312.4472,27095.4752
1697601600000,23.89,-0.2498866773808052,24.43,23.88,23.89,725248.11,67.58472607246291,0.5054737855044774,27330.5358,27105.3343
1697616000000,23.81,-0.25112292413565745,24.15,23.78,23.81,338800.81,65.22650874065168,0.4957970865398717,27344.702199999996,27113.960550000003
1697630400000,23.68,-0.25178225573824536,23.92,23.62,23.68,506144.38,61.472834691756276,0.48181158035845234,27356.6222,27122.36935
1697644800000,23.7,-0.25285366959245065,23.79,23.57,23.7,315492.83,61.836707487206105,0.46311075318999134,27371.3572,27131.471649999996
1697659200000,23.42,-0.25268883669180364,23.74,23.36,23.42,786044.29,54.128999545228154,0.4571742708192776,27389.596999999998,27141.465599999996
1697673600000,23.46,-0.2550789137511847,23.58,23.11,23.46,481146.1,54.99208623442254,0.45809039433218623,27406.851000000002,27150.778699999995
1697688000000,23.86,-0.2547492479498908,23.9,23.44,23.86,349130.66,62.57538593849062,0.4582267947370299,27425.665,27159.4328
1697702400000,24.28,-0.25137017348662793,24.3,23.7,24.28,841266.05,68.56451283789922,0.4683534522558136,27454.357799999998,27168.6041
1697716800000,24.77,-0.24782626612271808,24.9,24.05,24.77,1526869.62,73.82700114533722,0.49561391995182674,27487.5206,27179.53205
1697731200000,25.16,-0.24387027650719081,25.77,24.67,25.16,2009614.2,77.11131730904201,0.5387843542409818,27518.6104,27190.665350000003
1697745600000,24.93,-0.2407384513948984,25.25,24.73,24.93,681142.36,71.41943642698917,0.5374426146523402,27557.2954,27201.6983
1697760000000,25.67,-0.24263402975233853,25.72,24.73,25.67,1065737.19,77.24035721047849,0.569768142177173,27606.738999999998,27215.2112
1697774400000,26.24,-0.2364527959780772,26.53,25.6,26.24,1334917.19,80.52977923479472,0.5954989891645177,27654.0388,27228.6154
1697788800000,26.88,-0.2317550583096386,27.5,26.23,26.88,2014897.31,83.42622496493166,0.6436776327956235,27713.897199999996,27245.169100000003
1697803200000,26.88,-0.22639798903861208,27.14,26.55,26.88,1115693.2,83.42622496493166,0.6398435161673647,27768.703599999997,27260.444349999994
1697817600000,26.88,-0.22639798903861208,27.05,26.31,26.88,1066202.83,83.42622496493166,0.6469975507268388,27823.175,27275.418049999997
1697832000000,27.03,-0.22648040548893558,27.35,26.7,27.03,669179.29,84.11784762420216,0.6472120113892076,27883.055800000002,27291.01335
1697846400000,26.81,-0.2253265751844068,27.13,26.65,26.81,612542.93,78.91632230565789,0.6352682962899785,27940.886400000003,27306.50975
1697860800000,28.08,-0.2269749041908765,28.45,26.66,28.08,1769369.99,84.77077296142288,0.7177491322692656,27999.6098,27322.3512
1697875200000,29.52,-0.21659043145011744,29.97,27.84,29.52,2240626.25,88.62697135160644,0.8186241942500322,28060.075800000002,27338.082850000003
1697889600000,29.04,-0.2048048790538591,29.66,28.62,29.04,1960978.1,81.2423627501439,0.8344367518036012,28121.322999999997,27354.2163
1697904000000,29.5,-0.20867845221906292,29.92,28.87,29.5,1494558.36,82.72766205484494,0.8498341266747725,28187.8054,27368.956599999998
1697918400000,29.32,-0.2048048790538591,30.31,29.2,29.32,1498283.09,80.05631212426263,0.8684174033408602,28251.8648,27382.158499999998
1697932800000,29.73,-0.20628837515968187,29.94,29.17,29.73,878156.63,81.52009230713045,0.8613875888165129,28314.440999999995,27397.621449999995
1697947200000,28.8,-0.20299171714674247,30.01,28.18,28.8,1317743.54,69.12646291981581,0.9305741896153334,28373.526199999997,27412.8902
1697961600000,28.34,-0.21057403057650306,29.05,28.09,28.34,1219024.09,63.94778485204046,0.9326760332142383,28433.104,27428.34645
1697976000000,28.43,-0.21444760374170682,28.9,28.29,28.43,790577.3,64.5080248458683,0.909627745127507,28492.24,27443.2384
1697990400000,28.69,-0.21378827213911894,29.16,28.39,28.69,636169.51,66.14477856000448,0.8996543347612566,28551.647999999997,27456.26435
1698004800000,29.05,-0.21156302798038484,29.33,28.67,29.05,725808.96,68.32304232327957,0.8825361679925952,28612.645999999997,27469.115449999998
1698019200000,30.66,-0.20851361931841594,30.67,28.74,30.66,2243688.66,75.81689206538101,0.9573550131359815,28690.093999999997,27486.8717
1698033600000,30.1,-0.1953269872666584,31.36,29.88,30.1,2294810.24,69.64526146046467,0.9946867979119828,28763.4048,27503.410499999998
1698048000000,29.71,-0.19994230848477354,30.35,29.31,29.71,1520712.74,65.63797504390618,0.9979234552039842,28838.936399999995,27521.0983
1698062400000,28.98,-0.20315655004738944,29.88,28.81,28.98,1448990.33,58.81618147942245,1.003071779832271,28918.952599999997,27539.98685
1698076800000,29.91,-0.2091729509210038,30.0,28.88,29.91,1749155.01,63.955724139596796,1.0114237955585375,29008.991599999998,27561.26855
1698091200000,31.88,-0.20150822104091975,32.81,29.75,31.88,2921189.13,71.94311986423072,1.1577506673043563,29132.414000000004,27590.715350000002
1698105600000,31.4,-0.1852721803271933,32.57,31.26,31.4,2746056.34,67.98971052959158,1.168625619639759,29272.771,27626.3703
1698120000000,31.25,-0.18931058639304402,31.77,30.65,31.25,1220688.44,66.75517900097141,1.1651523610940622,29409.687599999997,27660.7452
1698134400000,31.84,-0.19046441669757283,31.99,31.17,31.84,977423.17,69.12954396286386,1.1404986210159147,29555.827400000002,27698.284750000003
1698148800000,30.89,-0.18568426257881074,32.61,30.5,30.89,2941783.35,61.51161556101749,1.2097487195147778,29672.2242,27731.678699999997
1698163200000,30.5,-0.19343140890921826,31.2,30.02,30.5,1759336.28,58.65404572332627,1.207623810978008,29793.162200000002,27767.0073
1698177600000,30.17,-0.19664565047183416,30.8,29.5,30.17,1506990.51,56.27191584042935,1.2142221101938644,29910.333599999998,27803.70085
1698192000000,31.04,-0.19928297688218566,32.21,30.0,31.04,1717292.76,60.79279914983608,1.285349102322874,30020.944400000004,27840.698049999995
1698206400000,30.96,-0.1921127457040425,31.87,30.66,30.96,989454.37,60.17670558402617,1.2799670235855258,30128.0794,27877.145299999996
1698220800000,32.23,-0.1927720773066304,32.51,30.78,32.23,1661403.7,66.05750899482149,1.3121122361865594,30246.663600000003,27915.00245
1698235200000,33.41,-0.18238760456587136,33.9,32.22,33.41,3116826.28,70.42723651389869,1.338389933601805,30374.846999999998,27955.82745
1698249600000,32.77,-0.17266246342770017,33.58,32.28,32.77,2031640.55,65.50178096912785,1.33564779548739,30501.1652,27996.318850000003
1698264000000,32.44,-0.17793711624840314,33.07,31.87,32.44,1066015.23,63.05310736543543,1.3259586672382908,30621.8518,28035.64405
1698278400000,32.75,-0.18073927555940164,32.8,31.73,32.75,949010.23,64.39948386590584,1.3076759052926985,30747.388199999998,28076.91
1698292800000,32.82,-0.17801953269872667,33.28,32.0,32.82,840712.34,64.71218852961348,1.3056990549146488,30872.416799999995,28117.246
1698307200000,31.82,-0.17752503399678574,32.98,31.6,31.82,1294112.12,57.00841239530833,1.3110062652778878,30984.1816,28155.0983
1698321600000,31.32,-0.18576667902913419,32.39,30.91,31.32,1659362.03,53.574194075040296,1.323077246329467,31095.1792,28192.393899999995
1698336000000,31.55,-0.18996991799563193,31.69,30.73,31.55,887578.13,54.91949740848865,1.2971431573059338,31209.2468,28229.73795
1698350400000,32.77,-0.18807433963819178,33.25,31.46,32.77,1309405.86,61.3218949026461,1.3323472174983668,31327.330999999995,28267.5885
1698364800000,32.39,-0.17785469979807966,32.86,31.82,32.39,875612.67,58.53342310216552,1.3114652733913406,31444.7602,28305.123450000003
1698379200000,32.34,-0.18106894136069557,32.89,32.13,32.34,700990.78,58.158677706692536,1.2720748967205304,31557.2002,28341.953650000003
1698393600000,32.58,-0.18148102361231297,33.1,32.15,32.58,1013470.44,59.4990442385243,1.2490695469547786,31672.9404,28379.33405
1698408000000,32.21,-0.17950302880454938,33.35,31.92,32.21,1733459.21,56.49436266524952,1.261993150743723,31786.313599999998,28416.514249999997
1698422400000,31.93,-0.18255243746651828,32.49,31.2,31.93,1369809.81,54.261207456301634,1.2639936399763145,31891.2706,28452.0234
1698436800000,31.73,-0.18494251452589933,32.27,31.46,31.73,579988.44,52.65998678385092,1.2315655228351494,31995.5092,28488.593200000003
1698451200000,32.34,-0.18650842708204557,32.38,31.65,32.34,361061.49,56.843072601974995,1.1957394140612103,32101.694199999998,28526.64735
1698465600000,32.28,-0.18148102361231297,32.48,32.05,32.28,379029.3,56.31595688454277,1.1410437416282666,32208.3198,28565.630400000002
1698480000000,32.2,-0.18205793876457738,32.51,32.06,32.2,406302.61,55.57594499605588,1.0916834743691044,32307.129000000004,28605.722350000004
1698494400000,32.03,-0.18263485391684176,32.22,31.63,32.03,622788.4,53.953498232227595,1.0558489404855969,32406.178400000004,28645.741199999997
1698508800000,31.58,-0.18403593357234102,32.1,31.5,31.58,426415.69,49.80840317889651,1.023288301879483,32491.62,28685.9245
1698523200000,31.63,-0.18774467383689783,31.99,31.35,31.63,398880.92,50.265611203674005,0.9959105660309483,32582.220400000002,28725.1109
1698537600000,31.57,-0.18741500803560388,31.83,31.27,31.57,338257.37,49.680771175109754,0.9647740970287376,32670.4096,28763.306099999998
1698552000000,32.29,-0.1879095067375448,32.36,31.49,32.29,667019.28,56.25783854743269,0.9580045186695421,32758.560999999998,28802.1651
1698566400000,32.25,-0.18189310586393043,32.37,32.12,32.25,406955.96,55.82131212823618,0.9074327673360034,32851.5486,28841.6648
1698580800000,32.63,-0.1821403552149009,32.7,32.17,32.63,604690.78,59.07048194450022,0.8804732839548605,32946.632399999995,28882.5547
1698595200000,33.0,-0.17909094655293192,33.19,32.54,33.0,979513.06,62.00093844518765,0.8640109065295132,33041.772,28923.9954
1698609600000,32.83,-0.17604153789096302,33.04,32.5,32.83,487398.45,59.87960256275895,0.8408672703488336,33133.5426,28965.99155
1698624000000,32.74,-0.17744261754646226,33.09,32.51,32.74,659324.3,58.73388343546418,0.8222338938953458,33216.0502,29006.105149999996
1698638400000,32.56,-0.17826678204969712,32.98,32.28,32.56,681440.26,56.40919972798353,0.8135029014742494,33301.723399999995,29045.964099999997
1698652800000,34.94,-0.17975027815551986,35.16,32.48,34.94,3520914.32,72.12135938778641,0.9468241227975173,33395.746,29087.61645
1698667200000,35.04,-0.1599703300778835,35.35,34.51,35.04,1313940.16,72.56875760123586,0.9391938283119805,33492.5472,29129.66635
1698681600000,34.88,-0.15922858202497217,35.05,34.23,34.88,951939.78,70.61607834084637,0.9306799834325534,33582.996,29167.9934
1698696000000,34.94,-0.16046482877982443,35.01,34.47,34.94,499696.31,70.93195173671226,0.9027742703302282,33675.9786,29208.844950000002
1698710400000,35.79,-0.16005274652820703,36.47,34.82,35.79,1842252.88,75.02754556622953,0.9561475367352117,33763.3102,29248.5526
1698724800000,35.72,-0.15304734825071084,36.61,35.57,35.72,1458523.98,74.10158539863814,0.9621369983969822,33846.36520000001,29287.4137
1698739200000,36.58,-0.15362426340297522,36.98,35.59,36.58,1563634.98,77.7369021329596,0.9926986413686258,33921.396799999995,29327.959300000002
1698753600000,36.1,-0.14653644867515556,36.68,35.62,36.1,1551738.79,71.68843088287409,0.997505881270867,33996.4802,29367.020300000004
1698768000000,36.28,-0.1504924382906828,36.45,35.82,36.28,745321.83,72.55093638798564,0.971255461180091,34074.1454,29407.337150000003
1698782400000,38.4,-0.14909135863518355,38.62,36.26,38.4,2106193.23,80.20130727852174,1.0704514996672274,34149.2742,29445.436
1698796800000,38.27,-0.1314542382659579,38.79,37.9,38.27,1414812.91,78.75184188318731,1.057562106833854,34210.5538,29482.028000000002
1698811200000,38.46,-0.13252565212016315,39.4,37.81,38.46,1303753.47,79.33954924193841,1.09559338491715,34238.1796,29519.177450000003
1698825600000,39.28,-0.13104215601434044,39.8,38.0,39.28,2367688.78,81.6929848246313,1.1459081431373532,34245.429,29556.507849999998
1698840000000,40.66,-0.1242840070878147,41.84,38.85,40.66,4204939.75,84.82570116849831,1.2776289900561137,34251.268200000006,29592.06765
1698854400000,42.0,-0.11282812049285035,46.9,40.39,42.0,6909221.28,87.12889172136286,1.6513697764806767,34251.5634,29630.002099999998
1698868800000,41.15,-0.10186673259982691,43.82,40.57,41.15,3285943.79,78.94355194821324,1.7655576495891998,34286.614,29672.666400000002
1698883200000,42.59,-0.10878971442699964,42.84,41.1,42.59,1724949.66,82.02449621664164,1.7637321031899713,34322.1176,29715.8922
1698897600000,43.12,-0.0970041620307413,43.46,41.11,43.12,1650578.51,83.00985389166598,1.805608381533545,34349.26,29757.75665
1698912000000,44.47,-0.09263609016359667,44.57,42.53,44.47,1910216.01,85.23068604981208,1.8223506399954346,34376.7434,29800.04795
1698926400000,40.03,-0.08150986936992624,44.5,40.01,40.03,3791236.59,58.25868421198107,2.0128970228529037,34392.393000000004,29838.589250000005
1698940800000,41.42,-0.11810277331355336,41.58,38.65,41.42,3681674.4,62.282822489959486,2.0784043783634103,34408.4092,29878.9092
1698955200000,40.23,-0.106646886718589,42.13,39.55,40.23,1985175.74,57.19876710557454,2.1142326370517384,34410.445,29918.6357
1698969600000,38.94,-0.11637202785676018,40.26,37.98,38.94,2290996.58,52.222255249859046,2.1260731629766143,34409.312600000005,29956.9418
1698984000000,39.02,-0.1270861663988132,39.12,38.0,39.02,1320598.02,52.498270297483,2.0542107941925702,34408.691,29994.453849999998
1698998400000,39.15,-0.1264268347962253,39.77,38.08,39.15,1985209.93,52.973699632955366,2.0281957374645296,34397.8732,30030.49205
1699012800000,39.79,-0.12535542094202,40.2,38.8,39.79,2049869.11,55.34334857434132,1.9833246133599207,34400.2006,30068.77085
1699027200000,39.17,-0.11991593522067001,40.06,38.51,39.17,1538280.02,52.57924724045842,1.9523728552627837,34408.7616,30105.48585
1699041600000,39.45,-0.12519058804137304,39.95,39.04,39.45,1105119.82,53.70381279884601,1.8779176513154423,34422.2086,30143.303850000004
1699056000000,41.12,-0.12288292743231545,41.23,39.0,41.12,1780704.97,59.82352853799055,1.903066390507196,34435.5062,30181.333249999996
1699070400000,41.72,-0.10911938022829358,42.06,40.4,41.72,1649464.07,61.778383484733965,1.885704505470968,34447.832800000004,30215.21035
1699084800000,41.53,-0.1041743932088845,42.72,41.26,41.53,1569360.87,60.77001532102169,1.8552970407944704,34459.7386,30248.1395
1699099200000,41.28,-0.10582272221535415,42.21,40.82,41.28,1216599.31,59.39624952359038,1.8220615378805796,34475.0968,30280.129500000003
1699113600000,41.38,-0.10780071702311779,41.88,41.03,41.38,487690.45,59.78783402536091,1.7526285708891096,34488.7712,30312.79295
1699128000000,42.41,-0.10689413606955947,42.69,41.3,42.41,748762.04,63.67381801549102,1.7267265301113162,34510.023,30347.971749999997
1699142400000,42.52,-0.09848765813656407,42.85,41.7,42.52,783261.58,64.07312156328793,1.6855317779605077,34541.5924,30384.53185
1699156800000,41.57,-0.0975810771830057,42.54,41.42,41.57,708728.93,58.13018960957275,1.6451366509633283,34567.0012,30422.8716
1699171200000,41.64,-0.10549305641406022,41.81,41.1,41.64,588265.24,58.4361042345453,1.5783411758945192,34587.5208,30460.29375
1699185600000,40.72,-0.10483372481147235,41.88,40.5,40.72,854099.01,52.95942874499704,1.5641739490449107,34604.2794,30497.00515
1699200000000,40.74,-0.11241603824123295,41.6,40.63,40.74,576377.27,53.0624159654117,1.52173295268456,34620.5268,30534.14625
1699214400000,41.15,-0.11216878889026248,41.55,40.1,41.15,607230.36,55.226482024057425,1.5166091703499482,34636.9048,30572.480649999998
1699228800000,41.11,-0.10878971442699964,41.83,40.88,41.11,620297.63,54.96025060684498,1.476137086753523,34654.231,30610.99755
1699243200000,39.93,-0.10920179667861704,41.23,39.66,39.93,1077333.26,47.66094898981035,1.482841580556843,34670.7054,30648.38885
1699257600000,40.32,-0.11892693781678822,40.73,39.7,40.32,635724.65,50.02341965483808,1.4504957533742109,34695.937000000005,30687.39895
1699272000000,40.23,-0.11571269625417231,40.7,39.9,40.23,853730.46,49.46849772470465,1.4040317709903392,34716.0238,30725.5348
1699286400000,40.48,-0.11645444430708371,40.52,39.88,40.48,657456.12,51.091521370825504,1.349458073062458,34732.0412,30762.94605
1699300800000,42.16,-0.11431161659867306,42.2,40.03,42.16,1022016.47,60.315831205984985,1.408068210700854,34743.963200000006,30801.1554
1699315200000,40.81,-0.10054806939465119,42.29,40.08,40.81,1289109.06,51.852713403860605,1.4653490527936501,34751.10400000001,30837.65995
1699329600000,41.55,-0.11159187373799809,41.68,40.67,41.55,689817.25,55.53564537311392,1.4328241204512462,34759.3404,30873.45565
1699344000000,41.1,-0.10549305641406022,41.75,40.48,41.1,1012562.46,52.88634668292335,1.4211938261333004,34766.4886,30908.336150000003
1699358400000,41.21,-0.10928421312894052,42.1,40.71,41.21,1567153.06,53.470666729160136,1.4189656956952077,34777.044,30943.9024
1699372800000,43.86,-0.10837763217538218,44.39,41.02,43.86,2767947.45,64.79763566779039,1.5583252888598356,34793.953400000006,30982.5439
1699387200000,42.93,-0.08653727283965879,44.78,42.76,42.93,1500071.19,59.33825464172325,1.5913020539412759,34808.8094,31021.7645
1699401600000,43.37,-0.09420200271974286,43.5,42.25,43.37,698981.97,61.01192694344423,1.5669233358026133,34825.5608,31060.7565
1699416000000,43.49,-0.09065809535583302,43.78,42.98,43.49,515665.94,61.47763166916497,1.5121430975309984,34840.5942,31099.836550000004
1699430400000,43.31,-0.08975151440227469,43.88,43.09,43.31,716189.83,60.313849065494,1.4605614477073556,34863.023400000005,31138.6945
1699444800000,42.77,-0.09115259405777394,43.6,42.31,42.77,929544.53,56.837709246315576,1.4483784871568302,34884.6328,31176.630300000004
1699459200000,43.1,-0.09552066592491858,43.61,42.55,43.1,768404.65,58.41503500399053,1.4206371666456281,34907.3072,31215.940250000003
1699473600000,43.13,-0.0929657559648906,43.51,42.63,43.13,951584.09,58.56328484204584,1.38202022617094,34934.3578,31254.35825
1699488000000,44.09,-0.09263609016359667,44.15,42.5,44.09,1336250.8,63.09699991886925,1.4011616385873011,34972.319200000005,31296.7883
1699502400000,43.9,-0.08464169448221862,44.61,43.8,43.9,1109507.59,61.65908551601241,1.358935807259637,35010.1846,31339.79805
1699516800000,47.13,-0.08620760703836486,47.45,43.88,47.13,2569347.77,72.94626002839995,1.5168689638839488,35057.9308,31384.32455
1699531200000,46.4,-0.059587093583879314,48.88,45.72,46.4,3654141.02,68.06898686074982,1.634235466463667,35110.5856,31430.29065
1699545600000,44.42,-0.06560349445749372,46.8,41.36,44.42,2796957.53,56.94722419065571,1.9060757902876906,35149.7482,31472.49105
1699560000000,45.29,-0.08200436807186716,45.74,43.04,45.29,1080736.62,60.036961676661214,1.9627846624099985,35197.9312,31516.2975
1699574400000,47.4,-0.07466930399307703,47.99,45.05,47.4,1560960.78,66.34528846401346,2.032585757952142,35241.4432,31560.63645
1699588800000,47.55,-0.05727943297482179,48.87,46.81,47.55,1377620.14,66.74715146636012,2.034543918098417,35261.8142,31603.053
1699603200000,50.7,-0.05620801912061647,51.2,46.56,50.7,2897939.39,73.81758228908373,2.22064792394853,35291.8024,31648.084099999996
1699617600000,50.87,-0.03016442081839532,51.93,48.63,50.87,3234905.75,74.13718893500804,2.297744500809349,35327.8482,31693.966750000003
1699632000000,54.11,-0.0286809247125726,54.99,50.64,54.11,3228527.69,79.31877852873387,2.444334179322967,35364.8962,31741.038400000005
1699646400000,56.67,-0.002060411258087114,57.54,53.02,56.67,2408601.6,82.33095255936533,2.5925960236570407,35418.1286,31788.082850000003
1699660800000,55.84,0.019038200024724953,57.7,54.39,55.84,2358233.76,78.34669534530259,2.6438391648243953,35458.9278,31833.80775
1699675200000,54.26,0.012032801747228754,56.0,53.55,54.26,1266492.33,71.27556898134974,2.629993510194082,35500.224,31879.254500000003
1699689600000,55.25,-0.0007417480529113306,55.84,53.8,55.25,1082337.57,72.92451683615786,2.587851116608791,35546.356,31924.588449999996
1699704000000,60.89,0.00733506407879013,63.95,55.02,60.89,4795260.86,79.97665377428378,3.0408617511367346,35598.072,31970.775950000003
1699718400000,60.53,0.05381794206123543,62.49,58.1,60.53,2340562.26,78.56992955284962,3.137228768912682,35655.9998,32019.175300000003
1699732800000,56.34,0.05085094984958999,60.53,55.36,56.34,1947971.52,64.37698315775216,3.2824267139903474,35703.325600000004,32067.60875
1699747200000,57.39,0.016483290064696912,57.91,54.5,57.39,2341627.92,66.0328858380328,3.2915390915624654,35752.4868,32114.469299999997
1699761600000,61.08,0.024807351547368836,61.86,56.44,61.08,2296003.63,71.11454045884264,3.4435720135937182,35800.7102,32162.158450000003
1699776000000,59.97,0.055466271067705145,61.45,58.4,59.97,1645461.95,67.82729389562587,3.415459726908453,35847.642199999995,32209.27435
1699790400000,58.62,0.0463180450817983,60.39,57.68,58.62,1333902.49,63.95520566298778,3.365069746414992,35895.3246,32256.77765
1699804800000,56.03,0.035191824288127935,58.77,55.5,56.03,1445932.37,57.20766298537503,3.358279050242493,35943.1774,32304.75835
1699819200000,56.28,0.013681130753698468,57.57,55.56,56.28,1183157.03,57.67188274229998,3.2619734037966004,35990.2618,32353.038950000002
1699833600000,56.99,0.01574154201178558,59.42,55.1,56.99,1660877.4,59.03117894791853,3.3375467320968433,36033.9274,32400.6225
1699848000000,58.24,0.021593109984752935,59.5,56.65,58.24,1234307.43,61.382467969438935,3.302721965518497,36071.8918,32448.47335
1699862400000,57.04,0.031895166275188506,59.6,56.46,57.04,1236013.66,57.9443590635995,3.291098967981462,36102.551999999996,32497.4432
1699876800000,55.64,0.021922775786046924,59.86,54.28,55.64,2952184.83,54.134729670548694,3.454591898839929,36136.140999999996,32546.542999999998
1699891200000,54.64,0.010466889191082565,56.9,52.2,54.64,2151097.05,51.52871117732362,3.5435496203513623,36171.321,32594.786600000003
1699905600000,51.6,0.002307660609057577,54.65,51.28,51.6,1832382.87,44.51334954524982,3.5311532188976935,36202.921200000004,32643.20395
1699920000000,54.03,-0.022746940289281724,54.84,51.12,54.03,1842957.17,50.334069833548774,3.544642274690716,36232.11840000001,32691.6283
1699934400000,55.16,-0.0027197428606749764,55.44,53.79,55.16,1406067.72,52.81301707840553,3.409310683641379,36265.558,32740.67
1699948800000,52.65,0.006593316025878742,55.82,52.01,52.65,1472104.57,47.17993579632364,3.4379313490955665,36291.174,32787.73055
1699963200000,56.23,-0.014093213005315868,57.99,52.01,56.23,3545586.39,54.61539195346435,3.6195076813030265,36316.0214,32834.4127
1699977600000,55.1,0.015329459760168123,56.98,52.2,55.1,2470820.56,52.12134619747827,3.702399989781381,36317.252199999995,32876.69345
1699992000000,56.81,0.006098817323937874,57.44,54.81,56.81,1476241.83,55.43768900988972,3.625799990511282,36326.657,32921.0744
1700006400000,56.24,0.020192030329253742,57.97,56.15,56.24,1005579.01,54.09269746451437,3.4968142769033332,36333.203199999996,32964.41985
1700020800000,59.16,0.01549429266081512,59.68,56.23,59.16,1435076.91,59.51189042666487,3.4934703999816668,36343.818999999996,33008.5061
1700035200000,62.99,0.03964231260559609,63.5,58.72,62.99,2368273.48,65.29824320730462,3.5853653714115477,36370.2576,33055.80235
1700049600000,62.42,0.07104298017884367,63.92,61.27,62.42,2692044.4,63.83605191666744,3.5185535591678656,36399.551799999994,33103.43945
1700064000000,65.33,0.06651007541105204,65.8,60.61,65.33,3059141.43,67.80027165890525,3.637942590655875,36456.995,33156.8348
1700078400000,65.43,0.09049326245518609,67.12,64.13,65.43,2239994.05,67.93036873732215,3.591660977037599,36519.7344,33212.59165
1700092800000,65.88,0.09123501050809747,66.72,64.4,65.88,1645316.77,68.5462332710878,3.5008280501063416,36559.7544,33265.9737
1700107200000,65.68,0.09494375077265418,68.2,64.72,65.68,1736121.23,67.92191888796535,3.499340332241603,36600.517,33318.84995
1700121600000,64.03,0.09321300531586106,66.11,63.28,64.03,2144018.51,62.83711058583599,3.4515303085100593,36640.073000000004,33370.433450000004
1700136000000,61.6,0.07961429101248606,64.7,60.44,61.6,3138042.4,56.16810031581002,3.509278143616484,36663.665,33418.119450000006
1700150400000,62.34,0.059751926484526305,62.87,59.0,62.34,2321547.81,57.642402890790905,3.5350439905010207,36675.4694,33463.36275
1700164800000,57.8,0.06576832735814071,62.89,56.31,57.8,2883280.32,47.16161729323544,3.752540848322376,36694.226,33509.4675
1700179200000,58.95,0.028433675361602198,60.57,57.63,58.95,2119898.51,49.65853528420673,3.694502216299349,36711.466,33557.566
1700193600000,58.16,0.03782915069847944,59.97,58.0,58.16,1414344.14,47.98112566452308,3.5713234865636814,36723.766800000005,33604.5024
1700208000000,58.15,0.03131825112292411,59.04,56.47,58.15,1805903.2,47.959041889500725,3.4998003803805617,36722.456,33651.96425
1700222400000,55.04,0.031153418222277175,59.63,54.1,55.04,2935638.82,41.55350398594064,3.6448146389248075,36712.691199999994,33697.775649999996
1700236800000,57.58,0.0056043186219969475,58.95,54.39,57.58,2617254.69,47.69768535506637,3.71018502185875,36703.025,33745.1253
1700251200000,58.51,0.026538097004162018,59.46,57.48,58.51,1075264.42,49.779400747901306,3.5866003774402677,36693.623,33793.70055
1700265600000,56.68,0.03428524333456961,58.62,56.31,56.68,1112644.71,45.90739561451151,3.495414636194534,36693.4152,33840.34085
1700280000000,56.36,0.01912061647504842,57.45,54.7,56.36,1350497.55,45.24466473520741,3.44217073360921,36687.736600000004,33886.6559
1700294400000,56.96,0.016483290064696912,57.64,56.05,56.96,898248.89,46.79558051802625,3.3098728240656956,36681.1272,33932.4903
1700308800000,58.01,0.021510693534429467,58.35,55.5,58.01,1504216.21,49.49174786645875,3.2770247652038607,36685.6108,33976.565800000004
1700323200000,59.06,0.030082004368071853,59.37,57.51,59.06,1680275.08,52.105528893214306,3.175808710546442,36677.771,34021.2133
1700337600000,58.56,0.038818148102361234,59.31,57.97,58.56,829064.06,50.7584875569223,3.0446795169359824,36667.4902,34063.733
1700352000000,58.25,0.03461490913586354,58.57,56.61,58.25,832602.36,49.897197095038955,2.9672024085834123,36653.3932,34103.9943
1700366400000,60.44,0.0320599991758355,60.93,57.75,60.44,1431223.99,55.625681853356745,2.98240223654174,36639.5906,34144.5479
1700380800000,59.87,0.0501092017966786,61.79,59.42,59.87,1658903.29,53.89837754603654,2.9386592196459014,36627.863600000004,34185.46605
1700395200000,59.97,0.04541146412823998,60.35,59.08,59.97,988668.38,54.16727027579299,2.81946927538548,36619.100999999995,34226.15425
1700409600000,61.19,0.0463180450817983,61.29,59.41,61.19,952723.55,57.429510987826454,2.75236432714366,36618.31,34268.78595
1700424000000,61.1,0.05637285202126347,62.1,60.14,61.1,1145528.52,57.10659177657805,2.6957668752048276,36624.4918,34313.27665
1700438400000,59.92,0.05554868751802861,61.33,59.78,59.92,973344.61,52.90620254679569,2.6139263841187685,36623.802800000005,34356.266
1700452800000,59.88,0.04574112992953391,60.18,59.12,59.88,672604.57,52.76452273333959,2.5029316423959997,36626.0922,34400.508799999996
1700467200000,60.08,0.04557629702888697,61.09,59.3,60.08,888828.5,53.43596195888574,2.4520079536534287,36629.266800000005,34443.6742
1700481600000,59.01,0.04714220958503316,60.63,57.6,59.01,1490147.98,49.39091180699797,2.493293099821041,36635.94,34488.5095
1700496000000,57.54,0.03832364940042031,59.41,56.6,57.54,1842382.6,44.4163854914372,2.515915021262395,36646.2146,34534.65245
1700510400000,56.57,0.026208431202868088,57.79,56.0,56.57,1260254.02,41.44974044332016,2.4640639483150815,36652.148,34580.6591
1700524800000,56.0,0.018214035521490094,57.4,55.1,56.0,1155926.31,39.768798743324595,2.452345094864004,36659.345,34626.755300000004
1700539200000,55.39,0.013598714303374941,56.45,55.3,55.39,800519.87,37.99307679029073,2.359320445230861,36663.6606,34671.55485
1700553600000,56.27,0.008488894383318919,57.12,55.36,56.27,939525.79,42.01544947250582,2.3165118420000854,36668.8798,34716.129700000005
1700568000000,55.11,0.01582395846210905,56.65,52.73,55.11,2472966.67,38.472592818216135,2.431046710428651,36669.1748,34759.3508
1700582400000,54.81,0.006181233774261342,56.24,52.35,54.81,2727687.85,37.589792573051014,2.5352576596837473,36672.5744,34801.99735
1700596800000,51.65,0.003791156714880297,55.8,51.23,51.65,2644462.41,29.82624694865875,2.6805963982777654,36650.569200000005,34837.30515
1700611200000,54.37,-0.022334858037664322,54.46,51.43,54.37,1484593.69,41.10225446117237,2.705553798400782,36641.2696,34875.4514
1700625600000,54.67,0.0,55.29,53.89,54.67,867782.35,42.20533055001129,2.612299955657869,36640.807199999996,34914.0819
1700640000000,54.53,0.002637326410351508,55.23,54.37,54.53,893664.07,41.81178323501136,2.487135673110878,36641.1244,34950.22465
1700654400000,54.94,0.0014010796554992516,55.73,54.04,54.94,1376751.33,43.474114327082205,2.4301974107458153,36637.07,34986.427800000005
1700668800000,57.34,0.0047801541187620904,57.67,54.4,57.34,1775262.1,52.100443739171375,2.4901833099782573,36657.686,35023.67775
1700683200000,57.56,0.024477685746074906,58.94,56.93,57.56,1493411.11,52.81134999857385,2.4558845021226676,36682.911,35062.964550000004
1700697600000,57.64,0.026290847653191556,58.49,56.98,57.64,917047.17,53.084030155954444,2.38832132339962,36723.025,35101.65595
1700712000000,57.8,0.027032595706102946,58.53,57.5,57.8,555542.87,53.66076936960126,2.2912983717282183,36759.3854,35140.156800000004
1700726400000,57.97,0.028433675361602198,58.98,57.2,57.97,855837.5,54.30353844926354,2.2547770594619165,36799.1456,35178.98465
1700740800000,56.6,0.02983475501710139,59.63,56.43,56.6,1599333.56,48.46875968820362,2.3222929837860655,36826.6348,35215.26235
1700755200000,56.35,0.018543701322784028,57.32,56.14,56.35,606884.09,47.46648342090141,2.2407006278013464,36847.4444,35252.644499999995
1700769600000,56.51,0.016318457164049976,57.05,56.29,56.51,390989.96,48.20469456388686,2.1349362972441073,36865.2816,35289.4291
1700784000000,57.28,0.017801953269872696,57.6,56.2,57.28,528395.14,51.7207828274779,2.0824408474409566,36861.594800000006,35325.28215
1700798400000,57.34,0.02398318704413404,57.44,56.67,57.34,361537.77,51.99425165136405,1.9886950726237451,36854.8906,35363.3481
1700812800000,58.03,0.024560102196398433,58.79,57.08,58.03,993196.92,55.1411198577307,1.968788281722049,36860.6308,35402.52115
1700827200000,58.13,0.03016442081839538,58.52,57.2,58.13,858031.5,55.59542600260218,1.9224462615990454,36876.308,35444.5454
1700841600000,57.14,0.031071001771953707,58.43,56.82,57.14,746393.52,50.1775449050979,1.9001286714848278,36886.6806,35483.8276
1700856000000,56.86,0.02291177318992872,57.6,56.5,56.86,418097.07,48.731092734995414,1.8429766235216258,36912.831999999995,35523.26745
1700870400000,58.83,0.02060411258087114,59.82,55.7,58.83,1668765.42,57.92172648357914,2.005621150412938,36950.37179999999,35563.0437
1700884800000,58.6,0.03675773684427412,58.98,58.41,58.6,451257.98,56.64499595869968,1.9030767825262997,36983.1496,35602.093400000005
1700899200000,57.81,0.034862158486834,58.83,57.33,57.81,604978.82,52.37465222430665,1.8742855837744212,37006.52,35636.6725
1700913600000,58.55,0.028433675361602198,58.74,57.7,58.55,452530.46,55.740518933020994,1.8146937563619627,37035.812399999995,35672.6043
1700928000000,59.03,0.03453249268554001,59.7,58.34,59.03,607852.14,57.82276047433062,1.7822156309075368,37064.7444,35708.41625
1700942400000,58.82,0.03848848230106731,59.3,58.61,58.82,309744.46,56.568854662286945,1.7042002286998554,37099.461800000005,35742.902949999996
1700956800000,58.31,0.036675320393950654,59.04,57.99,58.31,347330.45,53.532720400643704,1.6574716409355799,37127.621399999996,35774.78275
1700971200000,58.41,0.03263691432809989,58.65,58.16,58.41,250885.73,54.05344850212179,1.5740808094401815,37151.1386,35798.3817
1700985600000,57.86,0.03329624593068776,58.63,57.75,57.86,374112.83,50.688920240917334,1.524503608765883,37177.2886,35816.470250000006
1701000000000,57.1,0.028845757613219596,58.11,56.67,57.1,794972.27,46.39179929576367,1.518467636711177,37197.6876,35833.6559
1701014400000,57.2,0.022499690938311317,57.3,56.12,57.2,738890.77,47.02812718191712,1.4942913769460928,37217.233,35847.8417
1701028800000,57.57,0.023406271891869643,58.69,57.01,57.57,591645.42,49.42040429887259,1.5075562785928003,37232.8984,35866.73435
1701043200000,56.6,0.02645568055383855,58.09,56.15,56.6,528071.71,43.83172242144585,1.538445115836172,37245.501399999994,35884.2981
1701057600000,55.93,0.018461284872460557,57.34,55.5,55.93,638105.59,40.43075336319864,1.559984750419303,37259.8032,35901.1004
1701072000000,55.02,0.012939382700787079,56.29,54.69,55.02,923157.3,36.30987180525509,1.56284298253221,37270.1,35916.283200000005
1701086400000,53.94,0.005439485721350012,55.22,53.91,53.94,896291.54,32.1249460977819,1.5447827694941954,37272.890400000004,35930.75065
1701100800000,54.13,-0.0034614909135863656,55.15,53.47,54.13,940354.36,33.57540844206147,1.5544411431017529,37281.358,35944.13965
1701115200000,55.06,-0.0019779948077636457,55.17,53.68,55.06,692889.1,40.30026054809655,1.5498382043087706,37294.846600000004,35956.15415
1701129600000,54.96,0.005769151522643943,55.42,54.62,54.96,507346.22,39.833276962062286,1.4962783325724303,37298.458399999996,35968.10925
1701144000000,55.09,0.004944987019409085,55.32,53.94,55.09,810241.88,40.79375908429568,1.4879727373886855,37293.3634,35981.15455
1701158400000,56.19,0.005933984423290879,56.35,54.65,56.19,871902.04,48.31261109369187,1.5031175418609224,37296.105,35993.4452
1701172800000,56.05,0.01508221040919766,56.42,55.41,56.05,912558.38,47.48605903703317,1.4678948602994282,37301.4794,36007.774450000004
1701187200000,58.04,0.013928380104668871,58.4,55.95,58.04,1758369.37,58.38470216904713,1.538045227420897,37320.8146,36027.83245
1701201600000,58.18,0.030329253719042316,58.65,57.56,58.18,782498.06,59.028923116651505,1.5060419968908327,37327.9598,36046.70465
1701216000000,58.53,0.031483084023571105,58.85,57.72,58.53,847442.89,60.668192878816505,1.4791818542557735,37335.384999999995,36066.187
1701230400000,59.36,0.034450076235216544,59.64,58.2,59.36,1225784.43,64.31454814977084,1.476383150380361,37348.3432,36085.91215
1701244800000,60.64,0.04129064161206575,61.78,59.36,60.64,1963614.53,69.07588511793669,1.5437843539246212,37361.138999999996,36105.85
1701259200000,60.06,0.05167511435282485,61.62,59.11,60.06,1731514.27,64.85335392756849,1.6127997572157196,37372.1558,36125.29375
1701273600000,60.06,0.04697737668438622,60.39,58.88,60.06,1028232.13,64.85335392756849,1.6054569174145965,37386.140400000004,36144.4297
1701288000000,59.31,0.0468949602340627,60.26,58.6,59.31,777804.59,59.40722049378764,1.6093528518849822,37403.7324,36163.705500000004
1701302400000,60.42,0.04079614291012488,60.75,58.75,60.42,856129.39,64.19900552179476,1.6372562196074834,37425.1692,36185.472
1701316800000,60.0,0.04994436889603166,61.25,59.65,60.0,744943.05,61.25265476274753,1.6345950610640918,37466.195799999994,36204.9768
1701331200000,60.78,0.046565294432768765,60.94,59.24,60.78,669029.99,64.51019477346159,1.6392668424166563,37496.2988,36224.102549999996
1701345600000,59.59,0.05299377755800057,61.7,59.15,59.59,1166883.21,56.680916768947625,1.7043192108154668,37519.8994,36241.9768
1701360000000,59.99,0.043186219969505925,60.0,58.96,59.99,625384.52,58.503963058796536,1.656867838614362,37545.607599999996,36259.8443
1701374400000,59.3,0.04640046153212183,60.18,58.98,59.3,534733.85,54.26180851162011,1.6242344215704791,37570.464,36277.4992
1701388800000,60.75,0.040713726459801355,61.08,58.6,60.75,1050384.86,60.70934825569999,1.6853605343154447,37585.5254,36297.1541
1701403200000,60.86,0.05274652820703011,61.3,60.21,60.86,794683.57,61.156691231989235,1.6428347818643412,37602.2402,36317.9695
1701417600000,61.04,0.053653109160588436,61.9,60.68,61.04,956545.49,61.92071122190905,1.6126322974454597,37627.849799999996,36341.016
1701432000000,60.12,0.055136605266411155,61.2,59.75,60.12,827951.61,55.871750198017644,1.6010157047707843,37648.7356,36362.70045
1701446400000,60.51,0.047554291836650615,61.66,59.87,60.51,1155640.4,57.75572119800444,1.6145145830014425,37676.5836,36385.2434
1701460800000,59.75,0.05076853339926652,60.71,59.58,59.75,637288.13,53.00652097240591,1.5799063985013397,37711.2072,36406.40605
1701475200000,61.01,0.04434005027403472,61.15,59.67,61.01,603346.26,59.0225754947987,1.5727702271798152,37741.2242,36427.50755
1701489600000,62.01,0.05488935591544075,62.65,60.8,62.01,976740.69,63.06403099258327,1.5925723538098284,37769.3882,36448.3905
1701504000000,62.15,0.06304858449746568,62.48,61.61,62.15,723255.49,63.60521507991687,1.540960042823412,37797.8784,36470.7392
1701518400000,61.89,0.06420241480199447,62.56,61.45,61.89,751833.55,61.79439783623672,1.5101771826217398,37823.6536,36493.83065
1701532800000,62.98,0.061977170643260415,63.32,61.31,62.98,972267.68,66.14582718077082,1.5458788124344724,37857.2138,36517.888100000004
1701547200000,63.66,0.07104298017884367,63.9,62.71,63.66,871060.09,68.55219660611328,1.5204588972605815,37881.7986,36541.858250000005
1701561600000,64.09,0.07664729880084062,65.53,63.51,64.09,1496475.59,70.00415898392066,1.5561404045991114,37914.0986,36566.60325
1701576000000,63.96,0.08010878971442699,64.3,63.48,63.96,610226.33,68.96742193271643,1.5035589471277464,37949.401600000005,36591.6232
1701590400000,63.52,0.07903737586022172,64.13,63.03,63.52,501092.46,65.43518274441271,1.4747333080471925,37983.0356,36617.97505
1701604800000,62.98,0.07557588494663536,63.62,62.44,62.98,788326.99,61.28662101367716,1.4536809289009642,38022.196,36646.051100000004
1701619200000,62.94,0.0711253966291672,63.02,62.22,62.94,479086.58,60.97822275691882,1.406989433979467,38060.4656,36671.4397
1701633600000,62.98,0.07071331437754974,64.1,62.52,62.98,799990.7,61.18854771654054,1.4193473315523615,38105.823200000006,36699.94005
1701648000000,64.23,0.0711253966291672,64.88,62.92,64.23,1147886.74,67.14769733028389,1.457965379298621,38163.63,36730.7874
1701662400000,63.69,0.08126262001895578,65.25,63.54,63.69,1220048.62,62.670983478202864,1.4759678522058624,38236.838599999995,36764.794050000004
1701676800000,62.11,0.07689454815181108,64.35,59.75,62.11,2072881.97,51.79095274326999,1.699113005619729,38314.1512,36800.6821
1701691200000,60.53,0.06387274900070053,62.27,59.94,60.53,1604726.12,43.63328193761737,1.7441763623611772,38383.762200000005,36834.77735
1701705600000,61.04,0.05085094984958999,61.31,60.32,61.04,867857.85,46.55933311037237,1.6903066221925218,38469.9216,36872.593400000005
1701720000000,61.64,0.05497177236576422,62.1,60.66,61.64,782814.89,49.85720274300071,1.6724275777501991,38561.0014,36911.0892
1701734400000,60.62,0.0599167593851733,62.17,59.66,60.62,1092424.75,44.79620186822669,1.732254179339471,38649.9998,36947.4508
1701748800000,59.69,0.05159269790250132,60.66,59.11,59.69,994308.42,40.73594287558023,1.7192360236723658,38731.6112,36977.98365
1701763200000,60.16,0.04392796802241726,60.44,59.43,60.16,655510.75,43.52200873530919,1.668576307695768,38819.948000000004,37008.7557
1701777600000,60.96,0.047801541187621026,61.64,59.98,60.96,982283.85,48.00281953484921,1.6679637142889276,38919.65,37043.6979
1701792000000,61.37,0.05431244076317635,62.6,60.38,61.37,1530138.48,50.18415961294784,1.707394877554004,39055.218199999996,37085.9019
1701806400000,61.03,0.05777393167676266,61.63,60.21,61.03,777772.01,48.371915839280916,1.6868666720144323,39201.6642,37133.06845
1701820800000,64.36,0.05505418881608769,64.47,61.03,64.36,2619357.89,62.61246631872025,1.8120904811562586,39338.8454,37176.748700000004
1701835200000,63.36,0.08241645032348456,64.66,62.59,63.36,1517385.78,57.484642959385745,1.8305125896450967,39467.7688,37220.4851
1701849600000,63.05,0.07409238884081264,66.68,62.0,63.05,3390580.58,55.95476873487557,2.034047404670447,39601.9618,37266.27155
1701864000000,62.61,0.0715374788807846,63.75,62.35,62.61,1428525.7,53.76751328902882,1.9887583043368438,39735.5636,37312.8727
1701878400000,64.42,0.06799357151687477,64.45,62.48,64.42,922672.67,60.591831034692945,1.987418425455641,39870.2294,37361.53425
1701892800000,61.85,0.08291094902542549,64.6,61.5,61.85,1242613.06,49.43405888319471,2.0668885379230946,39995.2194,37406.52915
1701907200000,62.92,0.061729921292289956,63.97,61.64,62.92,881565.57,53.29064160687859,2.0856822137857303,40111.471,37453.5098
1701921600000,63.37,0.0705484814769028,63.84,62.85,63.37,643466.13,54.85024223310015,2.007419198515321,40232.7738,37499.345949999995
1701936000000,64.18,0.07417480529113611,64.32,61.78,64.18,1985622.8,57.59487969767842,2.0454606843356546,40337.7246,37541.7416
1701950400000,65.81,0.0809329542176619,66.18,63.61,65.81,2228490.43,62.5310321195638,2.0829277783116797,40448.9906,37586.2016
1701964800000,64.77,0.09436683562038985,67.49,64.5,64.77,2256278.76,57.899985674480384,2.1477186512894164,40550.9692,37628.65765
1701979200000,67.74,0.0857955247867474,69.37,64.63,67.74,2653159.63,65.71010234775886,2.3328816047687444,40659.817,37671.4738
1701993600000,71.47,0.11027321053282231,72.29,67.74,71.47,2689786.14,72.58796655382156,2.4912472044281206,40769.6532,37714.650200000004
1702008000000,71.39,0.14101454650348208,72.87,70.83,71.39,2255047.75,72.25322434367277,2.459015261254684,40875.880600000004,37755.1699
1702022400000,72.95,0.1402727984505707,73.78,70.45,72.95,1667551.94,74.70304036907505,2.5212284568793493,40987.9202,37797.05395
1702036800000,72.02,0.15321218115135782,74.3,71.7,72.02,2019399.75,70.69569345335007,2.526854995673681,41107.27940000001,37840.046350000004
1702051200000,72.28,0.14554745127127372,74.08,72.0,72.28,1510474.5,71.1614586525146,2.4949367816969894,41228.4786,37884.342
1702065600000,74.94,0.14769027897968434,75.3,72.26,74.94,1172570.268,75.45900632322282,2.5338698687186323,41359.5016,37930.78235
1702080000000,74.16,0.1695306383154078,75.53,72.9,74.16,1267033.58,72.06756050148539,2.540736306667301,41487.3024,37976.538199999995
1702094400000,76.96,0.1631845716404994,77.78,73.66,76.96,1757326.65,76.20237094396613,2.6535408561910656,41616.4276,38022.3799
1702108800000,77.1,0.18626117773107506,77.5,74.6,77.1,1793415.25,76.39055688224587,2.671145080748847,41731.9136,38066.57475
1702123200000,75.57,0.18741500803560385,77.46,75.13,75.57,1472962.31,69.886355907644,2.646777574981072,41847.934,38112.27665
1702137600000,74.08,0.1748052911361107,75.84,72.73,74.08,1303717.18,64.1573385649851,2.6798648910538523,41954.8184,38155.73635
1702152000000,72.3,0.16260765648823508,74.32,71.5,72.3,1215509.33,58.03654529847508,2.689874541692862,42060.8204,38198.8996
1702166400000,73.0,0.14793752833065482,74.0,72.17,73.0,825597.81,59.6661914845535,2.6284549315719437,42162.4788,38242.8528
1702180800000,72.47,0.15362426340297522,73.61,71.64,72.47,887680.25,57.8348300420935,2.5814224364596616,42268.157199999994,38287.454549999995
1702195200000,71.42,0.14933860798615406,72.75,70.67,71.42,1200906.05,54.28026995159171,2.5456065481411145,42367.2722,38331.5496
1702209600000,73.73,0.14060246425186468,74.64,71.36,73.73,1256566.53,60.0915128194792,2.5980632232738925,42471.2972,38376.3797
1702224000000,73.47,0.1595582478262661,74.1,72.16,73.47,747433.36,59.17974448348697,2.5510587073257573,42572.435999999994,38422.22605
1702238400000,74.87,0.15741542011785548,74.89,73.3,74.87,968624.01,62.48088020813661,2.482411656802489,42671.991200000004,38467.56745
1702252800000,70.88,0.16911855606379028,75.0,64.18,70.88,3618084.48,50.056432343075976,3.077953681316597,42729.7828,38501.84545
1702267200000,68.49,0.13615197593439646,71.2,67.72,68.49,1995097.35,44.365481353950464,3.106671275508269,42783.42600000001,38535.5124
1702281600000,69.66,0.11653686075740717,69.96,67.73,69.66,1440411.39,47.5115031854414,3.044051898686249,42842.684,38570.88405
1702296000000,69.26,0.12609716899493137,69.85,66.92,69.26,1937703.34,46.54249844195011,3.0359053344943736,42889.1784,38603.76925
1702310400000,69.33,0.12280051098199204,70.88,67.94,69.33,2578456.75,46.74718646061976,3.029054953459061,42915.184199999996,38631.01525
1702324800000,70.25,0.12329500968393285,70.6,67.74,70.25,1400935.16,49.48484886681285,3.0169795996405564,42945.0438,38661.153849999995
1702339200000,71.18,0.13087732311369343,72.42,70.23,71.18,1414268.02,52.16210078414562,2.957909628237659,42988.429800000005,38691.720349999996
1702353600000,71.77,0.1386244694441011,71.78,69.61,71.77,968396.96,53.83375289054165,2.9016303690778265,43027.31,38723.1781
1702368000000,70.61,0.14340462356286318,72.2,70.5,70.61,1094171.06,50.12507196611061,2.8157996284294105,43044.806,38748.9091
1702382400000,68.46,0.13400914822598595,71.79,68.21,68.46,1760070.99,44.06566285929439,2.870385369255882,43042.943999999996,38772.9839
1702396800000,67.62,0.11612477850578978,68.78,65.75,67.62,1718498.87,41.93283875753137,2.8817864143090333,43033.7836,38794.6453
1702411200000,68.6,0.10928421312894057,69.09,66.93,68.6,808057.74,45.26156862787639,2.830230241858388,43038.224799999996,38816.687150000005
1702425600000,65.48,0.11736102526064197,68.76,65.12,65.48,1672081.87,37.82689578010472,2.888070938868503,43015.0664,38838.92295
1702440000000,64.89,0.09189434211068534,66.28,63.67,64.89,1516428.06,36.60249103095224,2.868208728949324,42997.54980000001,38860.99385
1702454400000,65.38,0.08686693864095278,66.6,64.79,65.38,904862.68,38.38622815182866,2.7926223911672285,42981.0438,38882.35095
1702468800000,67.56,0.09074051180615654,68.17,65.1,67.56,1259262.87,45.70537694102843,2.812435077512427,42989.26739999999,38909.84695000001
1702483200000,70.35,0.10887213087732306,70.58,66.76,70.35,1323176.39,53.34411480163122,2.884404000547253,43009.4258,38938.161550000004
1702497600000,70.62,0.13178390406725177,72.6,70.09,70.62,1596113.57,54.01832270255619,2.8576608576510196,43021.440599999994,38967.096
1702512000000,70.08,0.13400914822598595,71.05,69.66,70.08,770545.75,52.38778036069114,2.7528279392473753,42999.43060000001,38994.5355
1702526400000,71.52,0.12955865990851773,71.94,69.7,71.52,897888.48,56.185816754656535,2.716197372158277,42975.94380000001,39022.52225
1702540800000,73.53,0.14142662875509948,73.7,71.06,73.53,1073890.17,60.87708386059262,2.7107547027184,42966.563799999996,39053.6577
1702555200000,71.65,0.15790991881979638,73.87,68.18,71.65,1902560.45,54.95063388963227,2.923557938238514,42941.752,39080.8671
1702569600000,73.28,0.14249804260930485,74.48,71.64,73.28,1463114.91,58.7043349662604,2.9175895140786205,42926.8504,39111.395150000004
1702584000000,75.68,0.15593192401203282,76.24,72.67,75.68,1385589.65,63.52370272249461,2.964190263073004,42911.5916,39141.2526
1702598400000,74.38,0.17571187208966915,75.85,73.98,74.38,999348.81,59.474817066444935,2.886033815710646,42887.8162,39169.48835
1702612800000,76.62,0.16499773354761607,77.05,74.38,76.62,1623413.49,63.76095198178515,2.8706028288741714,42866.5622,39197.3383
1702627200000,79.14,0.1835414348704001,79.31,76.16,79.14,1857901.38,67.87711529960754,2.8905597696688736,42843.546,39226.2746
1702641600000,76.06,0.20414554745127123,79.5,75.22,76.06,1773015.47,59.04908439996984,2.989805500406811,42804.057,39250.18265
1702656000000,76.94,0.17884369720196153,77.49,73.61,76.94,1411276.58,60.62480713304899,3.053390821806324,42782.218,39275.38555
1702670400000,72.51,0.18609634483042814,77.23,72.13,72.51,1169611.71,50.161032266333166,3.1995771916773017,42747.8242,39299.326499999996
1702684800000,74.21,0.14958585733712454,74.41,71.18,74.21,1333578.07,53.47931934511331,3.2017502494146366,42730.4284,39325.4704
1702699200000,74.38,0.1635966538921168,74.59,73.64,74.38,649312.88,53.810505982337794,3.04091094588502,42709.418999999994,39351.263100000004
1702713600000,75.15,0.16508014999793957,75.15,73.77,75.15,606053.97,55.36064670853027,2.9222744497503763,42688.7386,39378.353
1702728000000,77.15,0.17126138377220093,77.22,74.91,77.15,1135896.29,59.19155634176425,2.8785405604824925,42677.4984,39406.57155
1702742400000,74.16,0.18790950673754478,77.17,73.78,74.16,1028015.09,52.00595723147217,2.915073377590886,42651.456600000005,39434.280099999996
1702756800000,73.72,0.1631845716404994,74.58,72.84,73.72,760223.31,51.024329757590664,2.8311395649058224,42621.7984,39461.4607
1702771200000,73.51,0.15947583137594257,74.12,72.55,73.51,709526.62,50.53406670904669,2.74105816741255,42581.407199999994,39486.86355
1702785600000,72.38,0.157827502369473,74.24,72.03,72.38,724314.41,47.86875610507881,2.703125441168796,42535.7224,39513.98265
1702800000000,73.08,0.14851444348291915,73.32,71.82,73.08,544916.49,49.64069044520765,2.617187909656739,42492.1362,39541.54265
1702814400000,72.68,0.1542835950055631,73.29,71.39,72.68,868243.92,48.62363737368199,2.565960201824115,42444.7592,39567.1802
1702828800000,73.54,0.15098693699262378,75.05,72.25,73.54,1266061.2,50.95046310036476,2.5826773302652493,42410.5304,39596.41385
1702843200000,70.87,0.15815716817076686,74.22,70.36,70.87,995578.62,44.24991354608374,2.673914663817732,42357.121399999996,39622.55165
1702857600000,69.94,0.135904726583426,71.97,68.56,69.94,1377410.52,42.16964864898963,2.726492187830751,42300.452000000005,39651.5363
1702872000000,68.94,0.12840482960398894,70.21,68.68,68.94,850342.31,39.99250751089243,2.6410284601285534,42248.7004,39679.41045
1702886400000,69.01,0.12016318457164048,69.95,67.0,69.01,1576272.17,40.22514935115456,2.6630978558336573,42193.8964,39708.026099999995
1702900800000,70.73,0.12082251617422834,71.85,68.23,70.73,1331992.78,45.786785745577546,2.7314480089883952,42139.8868,39736.47150000001
1702915200000,72.34,0.13491572917954425,72.69,70.41,72.34,807723.38,50.43553995431716,2.6992017226320817,42099.1484,39763.7723
1702929600000,74.42,0.14818477768162527,75.46,71.66,74.42,1276081.17,55.71848443190701,2.7778301710155042,42074.229799999994,39795.0492
1702944000000,75.27,0.16524498289858652,76.09,73.83,75.27,1052506.6,57.702567920155424,2.740842301657254,42059.931800000006,39822.96025
1702958400000,75.71,0.1723327976264062,76.37,74.97,75.71,956282.81,58.733322804149395,2.645067851538879,42044.8648,39848.85005
1702972800000,74.63,0.1759591214406395,76.11,74.49,74.63,817368.48,55.17889143521848,2.5718487192861024,42058.1954,39876.4557
1702987200000,73.67,0.16697572835537977,75.13,72.79,73.67,1075997.02,52.157319183145255,2.5552880964799516,42065.282400000004,39901.70375
1703001600000,74.26,0.15922858202497223,74.39,71.78,74.26,1132491.49,53.83064042748504,2.5591960895885264,42065.2414,39927.17615
1703016000000,73.0,0.16400873614373432,75.42,72.3,73.0,1052159.76,49.8229303049716,2.5992535117607747,42074.6924,39956.526099999995
1703030400000,74.92,0.15362426340297522,75.11,72.96,74.92,1140457.36,55.28587561032519,2.567163975206434,42107.4876,39989.0198
1703044800000,76.07,0.1694482218650843,76.18,74.33,76.07,930907.36,58.219954336522,2.515937976977404,42140.9042,40022.8234
1703059200000,77.07,0.17892611365228495,78.6,75.5,77.07,1795182.79,60.63866382129714,2.557656692907589,42163.487199999996,40054.72565
1703073600000,80.68,0.18708534223430998,81.25,76.34,80.68,2275041.29,67.86998445373113,2.7256812148427607,42205.7058,40093.66285
1703088000000,81.07,0.21692009725141143,84.14,79.04,81.07,2762064.92,68.54236621782125,2.895275413782563,42248.7746,40130.48875
1703102400000,82.21,0.22013433881402722,82.46,79.25,82.21,1797640.57,70.4866028443886,2.9177557413695223,42295.1932,40168.6094
1703116800000,83.38,0.22961223060122798,84.69,81.03,83.38,1661051.44,72.37377006350087,2.970773188414556,42345.4208,40205.244249999996
1703131200000,86.83,0.23917253883875217,87.14,83.03,86.83,1782116.39,77.03656174531159,3.05214653209923,42390.863,40240.997149999996
1703145600000,87.01,0.2676886306506779,88.42,85.13,87.01,1872791.21,77.25228662315165,3.069136065520714,42452.9078,40278.79610000001
1703160000000,87.5,0.2690897103061771,88.71,85.6,87.5,1760956.68,77.86197846142666,3.0720549179835204,42507.0822,40315.83025
1703174400000,92.89,0.27312811637202783,95.35,87.48,92.89,3345450.82,83.19700608545247,3.414765280984697,42558.76440000001,40351.76025000001
1703188800000,93.84,0.3174681666460625,95.54,91.22,93.84,1707277.81,83.93199266896085,3.479424903771505,42597.216799999995,40387.74845
1703203200000,97.77,0.325544978777764,99.5,93.06,97.77,2715075.81,86.552512845997,3.690894553502112,42622.6966,40424.39295
1703217600000,93.78,0.35785222730457,99.28,92.21,93.78,2525045.15,73.45441015334765,3.9322592282519615,42637.0034,40459.4743
1703232000000,93.78,0.32488564717517615,95.23,90.34,93.78,2257481.44,73.45441015334765,4.000669283376822,42657.805,40495.63845
1703246400000,96.31,0.3249680636254997,96.8,92.0,96.31,1786153.01,76.11275746874568,4.057764334564191,42673.2474,40530.93645
1703260800000,96.91,0.34573700910701777,97.63,93.34,96.91,1721157.74,76.70846469824687,4.0743525963810345,42680.722,40566.8723
1703275200000,97.9,0.3506819961264268,98.42,95.8,97.9,970208.41,77.69679640479816,3.970470268068104,42711.1372,40603.87615
1703289600000,93.73,0.35892364115877523,98.22,93.33,93.73,1142516.09,65.15552894298054,4.036150963206096,42719.783200000005,40636.76345
1703304000000,95.36,0.32439114847323525,96.52,92.8,95.36,700873.72,67.37249199546103,4.013568751548518,42730.58440000001,40667.77575
1703318400000,95.87,0.3378250298759632,96.4,94.71,95.87,614291.6,68.05729170823996,3.8475995550093387,42745.6212,40699.94295
1703332800000,96.77,0.34211068529278443,97.3,95.28,96.77,913486.17,69.28253424043068,3.7170567296515284,42766.7462,40732.5018
1703347200000,102.88,0.349528165821898,103.82,96.12,102.88,2468762.94,76.01015080070263,4.001552677533561,42785.30180000001,40765.28335
1703361600000,107.88,0.39980220051922366,110.0,101.46,107.88,2496490.08,79.89139724964886,4.325727486281164,42821.1538,40796.4861
1703376000000,116.22,0.44109284213128935,117.69,107.3,116.22,2737295.41,84.4194155749112,4.758889808689653,42855.9218,40827.81235
1703390400000,114.51,0.5098281617010755,118.1,109.76,114.51,2402187.95,80.4208021045403,5.0146833937832485,42890.1392,40858.8243
1703404800000,110.34,0.49565253224543615,114.7,107.58,110.34,2040168.03,71.5238255406032,5.16506315137016,42916.1474,40889.671
1703419200000,113.55,0.46144970536119,114.44,109.05,113.55,1549568.5,73.91604565834575,5.181130069129435,42945.2986,40921.6726
1703433600000,115.16,0.48790538591502863,116.8,112.22,115.16,1674680.82,75.04825302960904,5.138192207048761,42971.0202,40953.888100000004
1703448000000,112.45,0.5010096015164627,115.5,109.51,112.45,1857798.32,69.57396786027564,5.199035620830992,42978.7702,40983.9704
1703462400000,112.03,0.4787571599291218,113.07,107.92,112.03,1448513.16,68.73712697791754,5.195533076485921,42994.7912,41014.8343
1703476800000,112.93,0.4752956690155355,114.46,111.57,112.93,990162.85,69.58145736927656,5.030852142451212,43013.3936,41052.1668
1703491200000,111.75,0.48279556599497253,113.65,109.67,111.75,977878.38,67.02553303459888,4.955791275133268,43038.3048,41086.12235
1703505600000,123.15,0.4729880084064779,124.3,110.2,123.15,3136298.75,76.1430551613784,5.608949041195176,43072.9298,41122.0133
1703520000000,121.26,0.5669427617752504,126.36,120.5,121.26,2603096.12,72.56090828727754,5.626881252538378,43103.2134,41157.064900000005
1703534400000,120.91,0.5513660526641118,123.99,116.42,120.91,1958548.66,71.8864562224874,5.765675448785636,43138.5086,41192.53985
1703548800000,119.37,0.5484814769027897,121.36,116.69,119.37,1192461.25,68.85386374195518,5.687412916729519,43165.4196,41223.34725
1703563200000,113.4,0.5357893435529731,120.69,110.67,113.4,2456746.22,58.54329877844237,5.996883422677411,43193.40899999999,41250.17615
1703577600000,114.8,0.4866691391601763,115.85,111.15,114.8,1682934.17,60.05395727365373,5.904248892486167,43225.3016,41277.10545
1703592000000,110.51,0.4982074422054642,117.16,110.27,110.51,1960745.03,53.60763327844229,5.974659685880012,43250.6112,41302.2169
1703606400000,106.65,0.46285078501668925,112.91,102.09,106.65,3335379.75,48.557092637285685,6.3207554226028675,43270.691,41325.91245
1703620800000,112.49,0.4310380351918242,113.07,106.16,112.49,1671828.96,55.40294655458217,6.362844320988377,43295.5504,41353.7004
1703635200000,108.53,0.4790044092800923,113.6,107.84,108.53,1318056.22,50.495847651513095,6.319784012346349,43306.22159999999,41378.4666
1703649600000,111.36,0.44628507850166893,112.75,108.38,111.36,972459.65,53.65500134737423,6.180513725750181,43302.182199999996,41404.27435
1703664000000,112.78,0.46985618329418555,115.3,110.93,112.78,1386877.11,55.19988180236953,6.051191316768025,43300.9204,41432.79165
1703678400000,107.8,0.4814769027897968,113.24,106.27,107.8,2178330.3,49.02744126649819,6.116820508427452,43299.81020000001,41460.07995
1703692800000,109.02,0.4403510940783781,110.67,104.58,109.02,2146513.86,50.48808291734968,6.114904757825491,43303.3748,41487.1417
1703707200000,106.91,0.4505707339184901,111.0,106.45,106.91,970401.76,47.92995881591609,6.003125846552242,43322.2146,41513.1804
1703721600000,104.49,0.4331808629002349,109.66,103.0,104.49,1813420.73,45.10706285684602,6.050045428941368,43343.543600000005,41541.3919
1703736000000,105.85,0.41331849837227513,106.45,102.2,105.85,1340613.88,46.99636617358415,5.921470755445555,43359.00720000001,41568.0699
1703750400000,104.86,0.42427988626529856,106.15,103.16,104.86,1162756.05,45.76164799118574,5.712079987199445,43371.8118,41594.3798
1703764800000,99.71,0.4161206576832735,105.09,97.14,99.71,3096775.27,39.89042063408335,5.871931416685199,43362.247,41617.59775
1703779200000,101.1,0.37367618576667905,101.65,98.37,101.1,1414705.55,42.05145672421688,5.686793458350542,43357.170999999995,41642.388399999996
1703793600000,101.8,0.3852144888119668,103.97,98.81,101.8,1365929.54,43.15971879937376,5.649165354182647,43327.902200000004,41666.6853
1703808000000,104.89,0.39098364033461075,105.91,99.0,104.89,1869610.61,47.89678639587637,5.739224971741029,43307.0904,41691.07525
1703822400000,105.12,0.41661515638521446,108.59,104.02,105.12,1452684.02,48.242550790019614,5.655708902330956,43279.17860000001,41713.5386
1703836800000,107.56,0.41842831829233107,110.0,104.98,107.56,1764653.76,51.89006663747679,5.610301123593031,43263.431399999994,41739.19675
1703851200000,105.98,0.4384555157209379,109.77,104.25,105.98,1664714.68,49.459401545239935,5.603851043336385,43233.563200000004,41761.6033
1703865600000,105.84,0.42543371656982737,107.96,102.28,105.84,1944664.0,49.23930741353159,5.609290254526642,43197.261399999996,41783.7893
1703880000000,106.17,0.42427988626529856,106.34,102.7,106.17,736211.6,49.80630261278171,5.468626664917596,43162.1206,41806.938500000004
1703894400000,103.55,0.42699962912597356,107.47,102.9,103.55,743619.56,45.46426070380478,5.40443904599491,43129.8008,41829.9022
1703908800000,103.44,0.4054889355915441,105.01,103.14,103.44,604110.62,45.285756924167636,5.151979114138131,43091.508,41852.40085
1703923200000,102.16,0.40458235463798575,103.47,100.62,102.16,895924.8,43.16211184086407,4.987552034556836,43049.22720000001,41875.3244
1703937600000,104.26,0.39386821609593275,104.37,102.06,104.26,764312.57,47.511040445704836,4.796298317802775,43025.039000000004,41900.78325
1703952000000,103.26,0.4113405035645114,104.97,102.6,103.26,709756.9,45.71717795948877,4.622991295102578,42997.1828,41927.40915
1703966400000,101.9,0.4028516091811925,104.31,101.22,101.9,460615.17,43.32153530044432,4.513491916880965,42966.566399999996,41954.35545
1703980800000,100.65,0.39180780483784566,102.93,99.54,100.65,636843.84,41.18533947665052,4.433242494246611,42937.270599999996,41980.85045
1703995200000,103.98,0.38134091564676303,104.88,100.43,103.98,645055.57,48.47451215233229,4.43443945894328,42908.631799999996,42007.32245
1704009600000,104.26,0.4089504265051304,105.18,103.38,104.26,628428.14,49.04634157354041,4.246265211875904,42888.4704,42034.26645
1704024000000,102.49,0.4113405035645114,105.21,102.15,102.49,621733.66,45.601100426080826,4.161531982456196,42866.367399999996,42061.02675
1704038400000,103.77,0.3966703754069312,104.48,102.3,103.77,420480.13,48.42268531690214,4.019993983709325,42847.7926,42087.864850000005
1704052800000,101.72,0.40721968104833717,105.08,99.78,101.72,869449.33,44.44647872466066,4.111422984872944,42818.3394,42111.716799999995
1704067200000,103.07,0.3903243087320229,104.75,101.51,103.07,691468.73,47.50361008872307,4.049178485953448,42790.873,42132.79795
1704081600000,102.51,0.40145052952569327,103.98,101.44,102.51,425646.11,46.36383079556912,3.941380022671059,42766.679000000004,42156.16590000001
1704096000000,104.32,0.3966703754069312,104.95,101.78,104.32,644538.73,50.49803405838693,3.886281449623126,42743.793399999995,42179.914450000004
1704110400000,105.98,0.41183500226645237,106.39,103.86,105.98,779092.49,53.99995641593315,3.789404203221474,42726.431,42203.34625
1704124800000,108.81,0.42551613302015073,109.07,105.83,108.81,1012433.63,59.28772530090347,3.750161045848511,42724.106799999994,42230.41295
1704139200000,109.91,0.44883998846169687,109.93,107.12,109.91,850130.68,61.156773298604904,3.683006685430761,42734.0932,42262.156950000004
1704153600000,111.41,0.4579882144476038,113.15,108.46,111.41,1512690.67,63.61012021588761,3.7549347793285643,42769.77939999999,42299.79785
1704168000000,114.47,0.4701858490954794,114.7,110.89,114.47,1025196.57,68.0442421992111,3.758868009376524,42819.06,42337.8023
1704182400000,113.86,0.49540528289446567,116.95,112.55,113.86,1689851.48,66.30965212471254,3.8046631515639158,42864.684199999996,42374.713050000006
1704196800000,109.61,0.49037787942473315,114.38,107.66,109.61,1631668.33,55.6629423997537,4.012901497880779,42904.217599999996,42411.67225
1704211200000,107.67,0.45543330448757574,110.48,106.36,107.67,1187643.71,51.59092641833756,4.0205513908892945,42941.585199999994,42447.44395000001
1704225600000,106.73,0.4393620966744962,108.9,106.02,106.73,784315.29,49.69396805973402,3.9390834343972023,42968.1634,42484.0793
1704240000000,108.11,0.43153253389376517,108.7,106.48,108.11,722979.07,52.457728011574034,3.816291760511688,43003.932199999996,42521.64605
1704254400000,107.81,0.4429884204887295,109.9,107.09,107.81,911634.67,51.79158676442256,3.744413777617996,43032.645,42558.0851
1704268800000,103.42,0.4404335105287015,109.38,102.3,103.42,1808389.76,43.15543449253477,3.9826699363595677,43037.6734,42586.38425000001
1704283200000,102.06,0.4043351052870153,103.47,85.0,102.06,5272547.84,40.88115764047296,5.017479226619598,43042.1912,42610.16390000001
1704297600000,97.38,0.39287921869205095,103.3,95.21,97.38,2476710.43,34.20162332558442,5.23694499614677,43040.4136,42630.2464
1704312000000,98.52,0.35455556929163057,100.52,97.22,98.52,1028798.61,36.905925730035435,5.098591782136286,43049.4882,42652.40505
1704326400000,101.1,0.3639510446285078,102.0,97.54,101.1,1015153.15,42.65063706793262,5.052978083412265,43069.361999999994,42674.10705
1704340800000,98.88,0.3852144888119668,101.67,98.75,98.88,852262.81,39.332113728317175,4.900622506025675,43074.445,42694.50985
1704355200000,98.51,0.36700045329047676,99.26,96.6,98.51,955438.12,38.790391138974606,4.740578041309556,43093.2782,42716.4801
1704369600000,103.66,0.3638686281781844,104.4,97.98,103.66,1641309.79,49.264794046636176,4.860536752644587,43125.1836,42743.2232
1704384000000,105.16,0.4063131000947789,106.86,101.49,105.16,1539521.95,51.849319500924786,4.8969269845985455,43143.931,42769.304800000005
1704398400000,104.91,0.41867556764330155,108.15,104.29,104.91,1231797.13,51.37953896173743,4.822860771412935,43167.34,42796.00155
1704412800000,100.95,0.41661515638521446,105.48,98.5,100.95,1322337.22,44.50147475956703,4.97694214488344,43173.55739999999,42816.227600000006
1704427200000,101.15,0.38373099270614414,102.23,99.99,101.15,871011.61,44.9026427600224,4.781446277391766,43180.529800000004,42837.8632
1704441600000,99.62,0.38570898751390775,103.17,99.07,99.62,1151219.59,42.37892438779221,4.732771543292356,43187.7884,42859.81434999999
1704456000000,98.03,0.37309927061441456,101.44,96.72,98.03,1468753.85,39.870988843354105,4.7318592902000445,43196.8052,42879.9208
1704470400000,97.95,0.3599126385626571,98.89,95.23,97.95,1181102.33,39.74354741933597,4.655297912328613,43207.6056,42900.5223
1704484800000,99.94,0.35933572341039266,100.47,97.68,99.94,709142.61,44.496079347993145,4.522062347162282,43241.587999999996,42922.44575
1704499200000,98.66,0.3755717641241192,100.3,97.76,98.66,508097.15,42.191015103809335,4.380486465222118,43267.9972,42944.2713
1704513600000,94.5,0.36510487493303656,98.92,91.53,94.5,1572363.83,35.71535173889325,4.595451717706252,43289.78599999999,42962.676
1704528000000,94.45,0.3309020480487906,95.7,93.7,94.45,700329.54,35.644537819147544,4.410062309298663,43309.2768,42977.486950000006
1704542400000,95.18,0.3304075493468496,96.57,92.82,95.18,773560.19,37.5901417637601,4.362915001491616,43341.15340000001,42989.617300000005
1704556800000,95.05,0.33642395022046406,97.24,94.52,95.05,847744.84,37.37345248750765,4.245563929956501,43362.0404,43001.169050000004
1704571200000,93.77,0.33535253636625867,95.65,92.23,93.77,749382.48,35.220612925745854,4.186595077816751,43395.985,43014.65900000001
1704585600000,92.9,0.3248032307248526,96.3,91.0,92.9,966038.99,33.79565109682939,4.26612400082984,43432.462999999996,43024.42465
1704600000000,95.25,0.31763299954670954,95.75,92.53,95.25,997161.49,40.76680647063993,4.191400857913423,43472.724,43034.86915
1704614400000,94.53,0.3370832818230519,95.62,92.91,94.53,642834.59,39.39800095183288,4.085586510919607,43514.4898,43046.024699999994
1704628800000,93.96,0.3310668809494375,96.8,93.19,93.96,894548.14,38.30157641139782,4.051616045853921,43556.498,43058.62255
1704643200000,94.75,0.3263691432809988,95.0,93.0,94.75,588268.12,40.76217398789818,3.9050720425786407,43603.5142,43071.21595
1704657600000,89.44,0.3329624593068777,95.31,87.68,89.44,1458482.82,31.630919379007494,4.171138325251595,43634.5954,43079.5196
1704672000000,87.25,0.2891169077347838,90.9,85.16,87.25,2096259.51,28.768551876325887,4.28319987344791,43657.736800000006,43078.0388
1704686400000,89.68,0.2709852886636172,91.0,86.91,89.68,1228052.81,35.71943671545442,4.269399882487345,43694.4222,43077.54494999999
1704700800000,92.23,0.29109490254254755,92.24,88.48,92.23,986399.2,42.10405658389278,4.2330141765953915,43743.622,43082.0446
1704715200000,94.67,0.31211109737503606,95.56,92.2,94.67,2173413.1,47.47954780811716,4.170656021124292,43792.140799999994,43088.41545
1704729600000,99.26,0.33238554415461324,99.97,93.76,99.26,2243530.31,55.79440516887272,4.316323448186842,43881.36059999999,43104.11615
1704744000000,97.88,0.3700498619524457,99.43,96.4,97.88,949842.2,53.073847100977886,4.224443201887782,43971.238,43119.945349999995
1704758400000,99.79,0.3586763918078048,99.8,95.25,99.79,1317450.69,56.25329463951272,4.247697258895797,44057.3964,43134.6566
1704772800000,101.87,0.37450035026991385,103.95,99.47,101.87,1593493.38,59.473547347324384,4.264290311831812,44148.235,43149.970700000005
1704787200000,101.88,0.3915605554868752,102.67,99.49,101.88,1038978.24,59.48898705430393,4.186841003843826,44233.945,43163.41645
1704801600000,99.8,0.3916429719371986,102.38,95.91,99.8,1665185.72,54.8114248342625,4.349923789283553,44321.45760000001,43178.33684999999
1704816000000,99.29,0.37441793381959043,101.44,98.17,99.29,994213.37,53.69656309140192,4.272786375763299,44405.1738,43196.77675
1704830400000,99.36,0.3703795277537396,104.89,95.5,99.36,1965609.27,53.83535749176668,4.638301634637349,44471.7128,43209.0268
1704844800000,99.65,0.3708740264556805,100.21,97.53,99.65,709492.88,54.4445903444804,4.498422946448967,44523.695,43223.594399999994
1704859200000,98.12,0.3732641035150616,100.42,98.01,98.12,384074.56,50.647019805779145,4.349249878845469,44555.263600000006,43236.018599999996
1704873600000,97.31,0.3607368030658919,98.27,96.28,97.31,776426.81,48.709942284076995,4.1807320303565065,44557.5338,43246.768
1704888000000,94.78,0.3540610705896896,97.74,91.68,94.78,1930144.23,43.15766404451474,4.314965456759612,44559.351200000005,43258.66995
1704902400000,96.31,0.3330448757572011,98.39,93.99,96.31,1384266.48,47.0857572576599,4.3210393527053546,44580.455,43272.84675
1704916800000,102.0,0.34565459265669424,105.52,93.0,102.0,3449875.11,58.556091907997384,4.906679398940686,44609.8384,43287.312000000005
1704931200000,100.32,0.39254955289075694,102.15,99.16,100.32,1224556.67,54.78028733556788,4.769773727587781,44639.09180000001,43300.097250000006
1704945600000,99.72,0.378786005686735,101.73,98.0,99.72,1007025.24,53.454576012980816,4.695504175617225,44662.1816,43309.749299999996
1704960000000,104.43,0.37375860221700247,104.59,99.55,104.43,1233820.61,61.35986324857049,4.720111020215995,44698.1278,43324.352399999996
1704974400000,100.79,0.4127415832200107,107.32,99.0,100.79,3350808.66,53.760623894256696,4.977245947343424,44733.568,43337.370200000005
1704988800000,101.36,0.38265957885193885,101.53,97.67,101.36,1492324.36,54.70659712400014,4.897442665390322,44793.356400000004,43351.74495
1705003200000,99.9,0.3873573165203774,102.4,99.07,99.9,678147.41,51.78427895805451,4.7854824750053,44860.13939999999,43363.215249999994
1705017600000,97.73,0.37524209832282523,100.34,97.47,97.73,637138.59,47.70534737981646,4.648662298219207,44928.085999999996,43373.5633
1705032000000,98.83,0.35735772860262904,100.49,97.65,98.83,642555.02,49.86129989715868,4.519472134060692,44991.345199999996,43385.03625
1705046400000,98.22,0.36650595458853585,99.13,97.58,98.22,730438.81,48.66316937166981,4.307366981627785,45048.3762,43395.5814
1705060800000,95.32,0.3614785511188033,99.3,95.0,95.32,1335846.06,43.33222257678098,4.306840768654372,45082.3548,43398.05925
1705075200000,95.21,0.33766019697531624,96.69,92.68,95.21,1380457.58,43.13917906725327,4.2856378566076305,45088.27939999999,43396.73189999999
1705089600000,92.12,0.3367536160217579,95.91,87.0,92.12,1735754.18,38.01577545029529,4.615949438278514,45062.912000000004,43391.126899999996
1705104000000,91.08,0.3113693493221247,92.65,89.51,91.08,831445.34,36.44683639205328,4.510524478401477,45035.9812,43385.191100000004
1705118400000,92.56,0.3026332055878353,93.31,90.92,92.56,538435.03,40.22740719115666,4.359058444229943,45015.0186,43381.7584
1705132800000,92.24,0.31483084023571106,93.19,91.52,92.24,425308.87,39.67781457258862,4.166982841070661,44998.19440000001,43383.3305
1705147200000,92.89,0.31211109737503606,93.35,91.09,92.89,562896.82,41.42828528840701,4.030769780994185,44985.734599999996,43388.440350000004
1705161600000,94.8,0.31763299954670954,95.7,91.57,94.8,647806.0,46.354525317876764,4.037857653780316,44966.0328,43390.65155
1705176000000,95.85,0.3332921251081716,97.05,94.7,95.85,1048118.86,48.898997269391515,3.917296392796007,44952.992399999996,43395.8743
1705190400000,96.93,0.34194585239213743,96.99,94.32,96.93,774777.38,51.4497880875299,3.8282037933105784,44934.6288,43405.38345000001
1705204800000,98.28,0.35076441257675034,98.85,95.97,98.28,734258.02,54.50673057597739,3.760474950931251,44911.9554,43414.173650000004
1705219200000,96.74,0.3619730498207442,98.6,96.59,96.74,488834.64,50.593273671094806,3.6354410258647323,44889.93319999999,43419.64715
1705233600000,99.49,0.34936333292125105,99.74,96.26,99.49,823949.84,56.58736342581025,3.624338095445822,44874.95680000001,43424.5877
1705248000000,96.14,0.3719454403098858,102.87,96.0,96.14,1741599.78,48.81756004677273,3.856171088628264,44854.7176,43429.96485
1705262400000,93.81,0.34433592945151853,97.71,93.62,93.81,1204485.0,44.265084094002226,3.872873153726245,44812.0212,43431.8866
1705276800000,95.9,0.32513289652614663,96.96,93.81,95.9,614603.3,48.87097990022742,3.8212393570315126,44785.2138,43439.02659999999
1705291200000,95.59,0.3423579346437549,96.82,94.89,95.59,522311.88,48.23426861462815,3.686150831529261,44760.143,43445.13855
1705305600000,95.52,0.33972060823340333,95.98,94.41,95.52,497964.29,48.081935447579326,3.534997200705743,44735.2946,43454.4817
1705320000000,93.51,0.339143693081139,95.79,92.97,93.51,786246.89,43.803990866507306,3.4839259720839046,44699.274399999995,43460.3003
1705334400000,96.01,0.3225779865661186,96.82,93.26,96.01,697166.4,49.78796454515462,3.4893598312207676,44677.9058,43470.24020000001
1705348800000,94.36,0.34334693204763667,96.5,93.1,94.36,487685.55,46.28486993510962,3.4829769861335707,44647.1764,43473.0998
1705363200000,96.19,0.3295833848436147,96.24,94.34,96.19,478122.78,50.4490659965691,3.369907201409744,44620.7722,43474.05255000001
1705377600000,97.73,0.3447480117031359,98.22,95.29,97.73,563768.15,53.70183085319371,3.3384852584519047,44598.01440000001,43473.663049999996
1705392000000,96.7,0.3574401450529526,98.29,96.27,96.7,713722.7,51.277302955186734,3.244307739991055,44585.661199999995,43474.596450000005
1705406400000,97.25,0.3489512506696337,97.74,94.16,97.25,980008.84,52.510260240837,3.2682857585631226,44571.223600000005,43476.3649
1705420800000,96.78,0.3534841554374253,97.85,96.1,96.78,428566.17,51.31521938707043,3.159836775808614,44541.825999999994,43475.86014999999
1705435200000,97.61,0.3496105822722215,98.73,96.71,97.61,604099.44,53.334957965499314,3.078419863250857,44505.32420000001,43479.3085
1705449600000,99.96,0.3563687311987472,101.09,97.31,99.96,980928.4,58.57504437637064,3.12853273016151,44422.71720000001,43478.08285
1705464000000,97.32,0.37581901347508956,100.36,97.09,97.32,675565.79,51.56923630663255,3.138637535149973,44336.815200000005,43476.25125
1705478400000,102.02,0.3540610705896896,102.8,96.5,102.02,1444536.51,60.603315578397584,3.3644491397821175,44251.879199999996,43475.67235
1705492800000,99.38,0.392714385791404,102.75,99.15,99.38,1575618.1,54.458370899262505,3.3812742012262516,44165.02479999999,43474.58635
1705507200000,100.79,0.37095644290600405,101.3,97.25,100.79,1318994.33,56.96801884520139,3.4290403297100904,44084.927200000006,43473.76175
1705521600000,102.1,0.38265957885193885,102.35,100.0,102.1,936663.41,59.21667836377341,3.3519660204450834,44003.08739999999,43478.094450000004
1705536000000,99.91,0.39345613384431527,103.59,99.54,99.91,887064.02,54.12471269251434,3.4018255904132917,43917.408200000005,43480.5743
1705550400000,100.76,0.3754069312234722,101.5,99.46,100.76,899489.16,55.716350770309916,3.3045523339552,43853.514800000004,43485.44945
1705564800000,98.96,0.3823299130506449,101.27,98.27,98.96,707369.81,51.631131003074415,3.282798595815543,43782.0646,43486.50345
1705579200000,98.25,0.3674949519924177,99.25,97.76,98.25,584810.35,50.07159740867359,3.1547415532572893,43719.291399999995,43488.4867
1705593600000,92.36,0.36172580046977376,98.26,91.41,92.36,2169693.49,39.431067437222055,3.4186885851674838,43629.42,43481.93835
1705608000000,94.4,0.3132649276795649,94.88,92.21,94.4,968246.17,43.87936608157981,3.3652108290840923,43545.042,43475.55585
1705622400000,93.09,0.3299130506449087,94.79,91.47,93.09,835812.16,41.758493159945715,3.361981484149515,43436.3758,43469.07654999999
1705636800000,94.48,0.3191989121028557,95.39,92.85,94.48,530863.14,44.80686242113985,3.3032685209959785,43328.981,43464.10765
1705651200000,94.78,0.3307372151481435,95.47,93.83,94.78,472898.75,45.47023834930165,3.184463626639123,43228.445199999995,43461.85675
1705665600000,91.2,0.33312729220752463,94.78,90.71,91.2,1258591.21,39.38652496406035,3.247716224736329,43124.3114,43456.89654999999
1705680000000,94.12,0.3037046194420406,94.73,87.04,94.12,2556711.33,45.760911635660406,3.5650222086837338,43019.396799999995,43456.16755
1705694400000,93.62,0.3276878064861747,94.95,92.71,93.62,702566.16,44.89036076746183,3.470377765206325,42916.90180000001,43455.40585
1705708800000,93.58,0.32356698397000044,94.27,92.04,93.58,471481.23,44.81690666894109,3.3817793534058724,42815.7488,43453.04955
1705723200000,91.9,0.32331973461902996,93.69,91.68,91.9,465936.53,41.72853176063762,3.283795113876881,42721.984599999996,43454.43104999999
1705737600000,91.98,0.3093089380640376,92.33,91.1,91.98,509572.62,41.93373180112044,3.137095462885675,42633.7212,43456.8806
1705752000000,90.84,0.31005068611694897,92.25,90.2,90.84,498680.56,39.78378775055476,3.0594457869652696,42544.9596,43459.10105
1705766400000,92.01,0.30065521078007174,92.58,90.72,92.01,437341.24,43.01306011031385,2.9737710878963215,42458.5318,43461.74025
1705780800000,92.88,0.3103803519182428,93.44,91.78,92.88,416373.69,45.35957536317801,2.8799302959037267,42403.212400000004,43463.890649999994
1705795200000,92.92,0.3174681666460625,93.38,91.84,92.92,288149.23,45.47074930308336,2.78422098905346,42367.3778,43463.78925
1705809600000,92.35,0.31788024889768,93.06,91.83,92.35,222610.89,44.093959693941706,2.6732052041210705,42344.6934,43458.74279999999
1705824000000,93.16,0.3131000947789178,93.93,92.2,93.16,468292.13,46.569769959389426,2.6058334038267086,42326.892400000004,43451.93125
1705838400000,92.5,0.3198582437054436,93.74,91.99,92.5,419642.97,44.82776528744253,2.5447024464105152,42297.958600000005,43445.03185
1705852800000,92.46,0.31441875798409363,92.89,91.67,92.46,280109.25,44.71858756259182,2.450080843095478,42279.8666,43438.7483
1705867200000,91.09,0.31400667573247615,92.61,90.79,91.09,334947.36,41.03254252013021,2.405075068588658,42248.3836,43434.21565
1705881600000,89.34,0.3026332055878353,91.9,88.15,89.34,827111.27,36.85370158954132,2.5011411351180395,42216.59939999999,43428.491050000004
1705896000000,89.22,0.28837515968187244,90.17,88.2,89.22,582506.83,36.57860674478845,2.4632024826096077,42180.513600000006,43422.3296
1705910400000,88.36,0.28730374582766716,89.22,86.2,88.36,1150124.98,34.58607823145057,2.5029737338517783,42143.197,43414.3108
1705924800000,87.26,0.2802159310998475,90.0,85.65,87.26,1301578.02,32.17208778093901,2.6349041814337935,42098.407999999996,43403.5496
1705939200000,83.64,0.2713973709152347,87.67,82.06,83.64,2064016.57,25.792080520412313,2.847411025617094,42038.2144,43388.328949999996
1705953600000,83.84,0.24131536654716282,86.35,83.17,83.84,1140107.15,26.65745486017221,2.871167380930158,41971.487199999996,43366.033050000005
1705968000000,85.18,0.2429636955536325,85.9,83.6,85.18,672768.13,32.349692450204046,2.8303697108637187,41918.296,43347.3452
1705982400000,82.83,0.25400749989697946,86.0,82.24,82.83,611901.84,28.214072950971513,2.8967718743734534,41879.248999999996,43327.90055
1705996800000,80.22,0.234557217620637,83.5,79.0,80.22,2335306.51,24.472112395630305,3.011288169061064,41804.8404,43303.8815
1706011200000,82.71,0.21304652408620756,83.4,79.0,82.71,2159919.56,33.529553880598485,3.1104818712709883,41734.6248,43281.079000000005
1706025600000,80.92,0.2336506366670787,84.0,80.84,80.92,1508098.52,30.68111020327065,3.1140188804659172,41663.6264,43257.16135000001
1706040000000,84.35,0.21889809205917501,84.44,80.41,84.35,996310.77,41.020739264836635,3.1794461032897803,41615.9986,43237.52940000001
1706054400000,83.55,0.2472493509704537,85.78,83.39,83.55,1275140.78,39.53936892872202,3.123057095911939,41548.4252,43217.6554
1706068800000,86.16,0.24073845139489836,86.84,83.3,86.16,847531.75,46.346907683816916,3.1528387319182296,41497.825,43198.25185000001
1706083200000,87.21,0.2620843120286809,88.57,85.94,87.21,1164441.41,48.84242655334368,3.115493108209784,41443.520599999996,43179.258550000006
1706097600000,86.99,0.27082045576297026,88.0,85.24,86.99,1224486.77,48.33514717177295,3.0901007433376573,41388.7122,43161.590249999994
1706112000000,86.37,0.2689248774055301,87.85,85.54,86.37,798965.49,46.858119847937616,3.0343792616706806,41326.7624,43141.8358
1706126400000,88.77,0.2637326410351506,89.47,85.9,88.77,748327.95,52.862844422351294,3.07263788583706,41263.4066,43123.90470000001
1706140800000,88.35,0.28359500556311035,89.64,87.69,88.35,687164.0,51.76059925336283,2.992449465420127,41200.3246,43105.760800000004
1706155200000,88.2,0.2800510981992006,88.65,86.74,88.2,575172.26,51.348800872726294,2.915131646461547,41140.1656,43086.5656
1706169600000,89.03,0.27881485144434826,89.37,86.55,89.03,749548.66,53.55088690102326,2.9083365288571517,41086.747,43069.823800000006
1706184000000,86.41,0.28573783327152097,89.3,86.01,86.41,844054.98,46.40988559352713,2.935598205367355,41029.713,43051.0334
1706198400000,87.75,0.2642271397370915,88.19,85.09,87.75,789642.97,50.07666060369792,2.9473411906982574,40975.8948,43033.24074999999
1706212800000,86.91,0.275188527630115,87.83,86.45,86.91,357115.33,47.86568948826082,2.835388248505524,40925.4608,43014.265
1706227200000,87.96,0.26818312935261884,88.3,85.96,87.96,558639.51,50.79045946155145,2.800003373612273,40874.589,42996.08355
1706241600000,87.02,0.27691927308690806,88.5,86.71,87.02,315256.19,48.18432340885063,2.727860275497111,40818.466799999995,42977.4227
1706256000000,91.95,0.26925454320682407,92.4,87.01,91.95,1396067.64,59.827002548188226,2.918013112961603,40792.4162,42964.6979
1706270400000,92.42,0.3098858532163019,92.68,90.12,92.42,904514.29,60.73285344956237,2.89244074775006,40762.5694,42953.557
1706284800000,92.84,0.31367700993118225,93.72,92.22,92.84,953739.18,61.56685061278634,2.7929806943393416,40752.967399999994,42945.708450000006
1706299200000,92.28,0.3170560843944451,93.72,91.7,92.28,565601.74,59.74480681871995,2.737767787600817,40737.051199999994,42936.42485
1706313600000,92.69,0.312605596076977,93.78,92.06,92.69,596870.97,60.66270989374643,2.665070088486473,40752.905,42927.409550000004
1706328000000,91.2,0.3159846705402398,92.81,90.78,91.2,443536.83,55.69266822294895,2.6197079393088676,40760.5578,42921.00275000001
1706342400000,92.02,0.3037046194420406,92.29,90.68,92.02,459934.32,57.74446388174411,2.5475859436439485,40774.665,42914.045
1706356800000,92.83,0.3103803519182428,92.99,91.64,92.83,377183.22,59.72833713261294,2.4620440905265233,40785.26,42907.07425
1706371200000,93.1,0.3170560843944451,93.44,92.19,93.1,426141.43,60.395811894034246,2.3754695126317715,40793.962,42900.77105
1706385600000,94.28,0.3193637450035027,94.5,92.86,94.28,432170.68,63.26168799549994,2.3229359760152164,40818.4804,42893.2842
1706400000000,96.65,0.32892405324102686,96.76,93.31,96.65,758044.79,68.23371764905053,2.403440549156987,40826.831600000005,42887.0721
1706414400000,95.76,0.34853916841801624,97.38,95.24,95.76,875338.48,64.69294704051308,2.384623367074345,40841.4274,42881.13555
1706428800000,98.4,0.34120410433922616,99.44,95.55,98.4,1116658.36,69.7134493904021,2.4921502694261775,40858.174,42876.238150000005
1706443200000,97.07,0.36296204722462605,98.6,96.64,97.07,1277794.82,64.72047008317924,2.4541395358957354,40870.3152,42873.6576
1706457600000,94.49,0.3520006593316025,97.92,93.94,94.49,800496.46,56.29716605920643,2.5631295690460405,40874.417,42869.15944999999
1706472000000,95.98,0.3306547986978201,96.35,93.45,95.98,790075.32,59.569803613706085,2.5871917426856084,40883.636,42867.357249999994
1706486400000,97.85,0.3430996826966662,98.99,95.06,97.85,840744.64,63.28569990568627,2.6831066182080643,40897.6008,42868.467699999994
1706500800000,96.72,0.3584291424568343,97.99,96.21,96.72,589984.34,59.71415166175635,2.618599002621774,40904.7492,42866.190350000004
1706515200000,97.44,0.3491160835702806,97.99,96.26,97.44,548648.95,61.216053899187294,2.555127645291647,40916.0718,42866.2518
1706529600000,99.92,0.35505006799357147,100.29,95.5,99.92,1342616.79,65.92790784716857,2.7147613849136727,40935.93659999999,42867.181399999994
1706544000000,100.54,0.3754069312234722,101.79,98.97,100.54,1792158.16,67.00706686596713,2.722278428848411,40961.4586,42867.065800000004
1706558400000,101.68,0.38059916759385176,101.98,100.51,101.68,658366.94,68.95416496853962,2.632829969644953,40994.387,42868.67605
1706572800000,102.12,0.38991222648040547,103.8,100.95,102.12,1148449.24,69.69748876465438,2.648342114670313,41030.393200000006,42870.5029
1706587200000,102.89,0.3935385502946388,103.42,101.71,102.89,627900.83,71.00579274231983,2.5813176779081486,41065.9516,42870.149900000004
1706601600000,106.07,0.3998846169695471,106.4,102.4,106.07,1239398.58,75.67645072278616,2.682652129486138,41112.7656,42870.79655
1706616000000,104.78,0.42617546462273864,106.49,103.52,104.78,1686213.37,70.700922635424,2.703176977379985,41159.401600000005,42872.4282
1706630400000,105.27,0.41546132608068564,105.69,103.25,105.27,1273742.39,71.46827960077678,2.684378621852843,41214.0414,42874.868200000004
1706644800000,101.4,0.4195821485968599,105.6,101.0,101.4,1014822.84,58.44818614727657,2.821208720291925,41257.4236,42877.34375
1706659200000,101.13,0.3876869823216714,101.95,98.66,101.13,1553627.56,57.65895355377105,2.854693811699645,41319.6188,42878.9409
1706673600000,101.66,0.3854617381629373,101.82,100.02,101.66,765251.54,58.83403787918972,2.7793585394353846,41389.2586,42881.372149999996
1706688000000,99.15,0.38974739357975857,101.95,97.34,99.15,1369262.73,51.53902328350781,2.9101186437614284,41442.2094,42881.12495
1706702400000,101.55,0.3691432809988874,101.9,97.52,101.55,1749650.22,57.02591457408916,3.0151101692070412,41513.8314,42886.56375
1706716800000,100.99,0.38884081262620024,102.73,99.63,100.99,1489156.29,55.44836008899051,3.021173728549396,41603.613,42888.92689999999
1706731200000,96.96,0.38430790785840846,101.23,95.9,96.96,1683008.53,45.659261658256625,3.1860898907958677,41671.133,42890.47145
1706745600000,93.6,0.3510940783780442,97.69,93.34,93.6,1728121.37,39.41185494995911,3.269226327167591,41728.484599999996,42889.96715
1706760000000,94.94,0.3234021510693534,95.79,93.11,94.94,980985.8,42.77471697389061,3.227138732369906,41774.3358,42890.583199999994
1706774400000,95.46,0.3343635389623769,96.75,94.61,95.46,807367.79,44.07199758982367,3.1494859657720555,41823.8062,42891.156749999995
1706788800000,96.0,0.3386491943791981,97.5,94.67,96.0,1345335.55,45.45485431211545,3.12666553964548,41874.506799999996,42894.00155
1706803200000,97.87,0.3431820991469897,97.97,94.68,97.87,1180333.73,50.0598599224067,3.1383322868136596,41934.698800000006,42900.626449999996
1706817600000,97.81,0.3585939753574814,98.11,96.91,97.81,513861.83,49.91424934334939,2.999879980612684,41995.3434,42904.16635
1706832000000,98.97,0.3580994766555404,100.05,97.39,98.97,1146659.81,52.774296272773796,2.975602839140349,42060.0274,42907.546949999996
1706846400000,101.21,0.36774220134338814,101.53,98.41,101.21,769551.22,57.787081152612274,2.985916922058896,42120.067599999995,42912.28
1706860800000,101.97,0.3861210697655251,102.35,99.92,101.97,763577.08,59.36313510953855,2.94620857048326,42182.7956,42917.14205
1706875200000,101.3,0.39238471999011,102.57,98.32,101.3,1532271.77,57.33096145095191,3.039336529734456,42245.0374,42920.667
1706889600000,99.46,0.3868628178184365,102.2,98.23,99.46,868757.02,52.0601541145912,3.1058124918962804,42302.7154,42923.38505
1706904000000,100.58,0.37178060740923885,100.84,98.89,100.58,407044.94,54.785079242618714,3.023254456760832,42370.6306,42927.0992
1706918400000,99.23,0.38084641694482213,101.24,99.15,99.23,474540.1,51.02060787668033,2.9565934241350575,42434.3244,42929.873700000004
1706932800000,99.11,0.3698026126014753,100.09,98.0,99.11,417433.42,50.68720281410228,2.8946938938396967,42496.1636,42933.72105000001
1706947200000,98.66,0.3688136151975934,99.38,98.38,98.66,359769.72,49.383950978223794,2.75935861570829,42554.71400000001,42937.0438
1706961600000,98.0,0.3650224584827132,98.95,96.53,98.0,751419.05,47.456677031945205,2.7351187145862697,42617.6954,42940.176799999994
1706976000000,98.16,0.3596653892116866,98.76,97.2,98.16,521129.7,47.98662518314263,2.6511816635443934,42653.1268,42942.03125
1706990400000,97.96,0.3609840524168624,98.47,97.57,97.96,263081.12,47.3438280763681,2.526097259005508,42684.8888,42943.171449999994
1707004800000,98.35,0.35925330696006924,98.59,96.86,98.35,427764.73,48.78453008634676,2.4692331690765434,42704.142199999995,42940.717300000004
1707019200000,96.51,0.36254996497300856,98.36,96.13,96.51,492702.96,42.83044104545072,2.4521450855710762,42724.5726,42934.0447
1707033600000,97.91,0.3473853381134875,98.26,95.9,97.91,543107.6,48.027979336241856,2.445563293744571,42749.47440000001,42922.33329999999
1707048000000,97.62,0.35892364115877523,98.4,97.22,97.62,349239.71,47.073290037940716,2.3551659156199594,42774.135800000004,42909.7717
1707062400000,96.35,0.35653356409939424,97.68,96.13,96.35,514023.06,43.038548140783476,2.2976540645042483,42791.64,42895.78395
1707076800000,95.49,0.34598425845798825,97.02,95.08,95.49,588038.28,40.50664606958183,2.2721073456110874,42807.0176,42882.774249999995
1707091200000,96.04,0.3388964437301686,96.2,94.11,96.04,691351.48,42.82328019634978,2.2590996780674386,42823.1744,42871.16835
1707105600000,97.62,0.3435117649482837,98.04,95.8,97.62,626648.78,48.97063451920608,2.2577354153483364,42842.1994,42861.7932
1707120000000,97.88,0.3564511476490707,98.24,96.91,97.88,552295.49,49.924733049583665,2.191468599966312,42861.44440000001,42851.45015
1707134400000,95.6,0.3586763918078048,98.7,95.23,95.6,892063.58,42.43240347356879,2.2827922713972897,42866.548599999995,42839.61145
1707148800000,95.94,0.3399678575843738,96.53,95.34,95.94,569052.09,43.78717264306438,2.2047356805831972,42872.4162,42834.92385
1707163200000,95.66,0.3426876004450488,96.12,94.25,95.66,559734.64,42.891958607018,2.1808259891129693,42881.43,42833.4673
1707177600000,96.01,0.34037993983599124,96.79,95.22,96.01,549428.62,44.421569453441094,2.1371955613191864,42902.73380000001,42834.739499999996
1707192000000,95.77,0.34326451559731325,96.1,94.89,95.77,334702.53,43.559982203959116,2.0709673069392442,42919.91260000001,42834.96335
1707206400000,94.29,0.34120410433922616,96.35,92.88,94.29,1249842.6,38.58938694766554,2.170898213586441,42929.8278,42833.58415
1707220800000,95.76,0.3290888861416739,95.85,93.32,95.76,850029.08,45.26959065944578,2.19654834118741,42953.6564,42835.993200000004
1707235200000,97.58,0.34120410433922616,97.67,95.11,97.58,724118.49,52.20214688349542,2.222509173959738,42974.293,42836.5055
1707249600000,96.88,0.3562038982981003,97.88,96.69,96.88,571116.75,49.59985249934002,2.148758518676899,42983.43699999999,42831.74475
1707264000000,95.5,0.3503523303251329,97.45,95.47,95.5,437450.37,44.852806772144426,2.1367043387714064,42979.517199999995,42825.962349999994
1707278400000,95.57,0.339143693081139,96.2,95.01,95.57,418779.92,45.13962413999175,2.0690826002877345,42971.8238,42819.797
1707292800000,95.14,0.33972060823340333,96.0,94.62,95.14,614466.99,43.6381981097772,2.019862414552896,42959.9954,42817.11239999999
1707307200000,96.26,0.33609428441917005,96.67,95.1,96.26,640121.01,48.4479856450979,1.9877293849419753,42954.252,42813.58045
1707321600000,97.08,0.34532492685540034,98.12,96.14,97.08,872832.59,51.698009612416215,1.9871772860175487,42955.8066,42812.801100000004
1707336000000,101.14,0.3521654922322496,101.58,97.08,101.14,1594021.18,63.849972208676135,2.1666646227305812,42975.2886,42817.04905
1707350400000,101.77,0.3855441546132608,102.54,100.92,101.77,981976.39,65.30846443854404,2.127617149678397,42995.14880000001,42821.754
1707364800000,100.83,0.39065397453331685,102.04,100.51,100.83,618679.56,61.33236546273384,2.0849302104156546,43026.5916,42823.59465
1707379200000,101.24,0.3829068282029092,102.32,100.78,101.24,663320.12,62.40742008831468,2.046006623957393,43061.9696,42827.433999999994
1707393600000,104.83,0.3863683191164956,104.98,101.0,104.83,1440529.56,70.21584567111734,2.184149007960437,43109.6154,42836.3295
1707408000000,102.31,0.41595582478262655,104.92,101.75,102.31,934610.32,60.68685785733326,2.254566935963263,43162.3386,42844.390400000004
1707422400000,102.76,0.395104462850785,103.4,102.3,102.76,443695.51,61.68675927794451,2.1720978691087445,43200.8896,42851.497800000005
1707436800000,104.35,0.39897803601598875,105.77,102.76,104.35,973905.65,65.06754631578733,2.231948021315262,43255.41159999999,42862.2697
1707451200000,105.28,0.4119174187167759,105.74,103.78,105.28,583668.16,66.90694669931787,2.212523162649886,43327.851599999995,42873.4381
1707465600000,105.89,0.4196645650471834,106.4,103.88,105.89,1048113.9,68.09368615965826,2.2344857938891804,43431.138999999996,42889.636150000006
1707480000000,105.64,0.424691968516916,107.0,104.06,105.64,1765502.29,67.0327230979062,2.284879665754239,43530.5356,42905.036100000005
1707494400000,104.99,0.42263155725882884,106.48,104.34,104.99,1087583.31,64.23056154914703,2.2745311182003647,43638.9748,42922.278
1707508800000,106.94,0.4172744879878023,109.13,104.83,106.94,1227985.14,68.48661695950116,2.4192074669003385,43731.3078,42937.704000000005
1707523200000,110.67,0.43334569580088184,110.71,106.86,110.67,888250.95,74.69020193268324,2.5214069335503138,43814.46140000001,42953.36325
1707537600000,108.87,0.4640870317715416,110.86,108.67,108.87,621655.78,67.75821087443822,2.497735009725291,43895.837,42969.47675000001
1707552000000,108.14,0.4491696542629909,109.65,107.22,108.14,816344.09,65.11863186481386,2.492896794744913,43978.732,42987.795750000005
1707566400000,108.53,0.4432356698397,108.81,107.15,108.53,516392.29,65.88328827245839,2.4334041665488475,44064.063799999996,43004.6904
1707580800000,109.19,0.4465323278526394,109.58,107.77,109.19,466641.54,67.1939504584177,2.3888752975096446,44151.7174,43019.1659
1707595200000,109.01,0.4518069806733424,110.42,108.61,109.01,630241.84,66.44423893180851,2.3475270619732416,44241.8974,43033.10615
1707609600000,109.43,0.45040590101784317,109.75,107.75,109.43,493304.62,67.3593714650449,2.3227037004037245,44351.0502,43040.80745
1707624000000,109.22,0.45386739193142955,109.93,108.75,109.22,399813.09,66.38452008857791,2.2410820075177447,44450.6406,43046.949850000005
1707638400000,109.72,0.4520542300243128,110.33,108.55,109.72,516671.54,67.58731287064423,2.2081475784093345,44555.39599999999,43054.373600000006
1707652800000,108.82,0.456175052540487,110.67,108.67,108.82,523019.09,63.20352069838981,2.193279894237239,44657.3436,43060.9982
1707667200000,108.19,0.44875757201137345,109.11,107.65,108.19,446521.69,60.257223086778446,2.1409027589345784,44763.122800000005,43069.33825
1707681600000,107.46,0.4436477520913174,108.79,107.24,107.46,376068.37,56.94472355368115,2.0986954190106806,44866.7414,43076.49775
1707696000000,106.27,0.43763135121770297,109.34,104.56,106.27,984697.05,51.9328758066754,2.290217174795632,44968.4196,43082.84270000001
1707710400000,105.93,0.42790621007953183,106.41,104.63,105.93,488315.43,50.56357522213591,2.253773090881658,45072.27739999999,43093.3126
1707724800000,104.21,0.4249392178678864,106.34,103.4,104.21,691564.24,44.2126476819795,2.302789298675825,45169.7948,43102.24225
1707739200000,108.86,0.4108460048625705,109.03,103.79,108.86,1292541.98,59.150680242502446,2.5125900630561233,45311.250199999995,43123.04135
1707753600000,109.79,0.4492520707133144,111.3,107.56,109.79,1834446.52,61.37811890233818,2.600262201409257,45440.688799999996,43143.12205
1707768000000,111.64,0.456834384143075,112.22,109.67,111.64,878086.83,65.41779936198085,2.5966720441657385,45580.17,43164.9764
1707782400000,113.02,0.4721638439032431,114.99,111.64,113.02,1210726.48,68.09832017967192,2.650481183868185,45723.240999999995,43181.48045
1707796800000,114.02,0.48345489759756044,114.63,112.99,114.02,464766.69,69.91793632427363,2.5783039564490293,45871.2452,43198.125949999994
1707811200000,114.14,0.49169654262990886,115.15,112.28,114.14,724192.52,70.13805165863117,2.599139388131242,46016.64139999999,43215.55574999999
1707825600000,110.31,0.4926031235834672,114.21,108.89,110.31,1507521.96,56.043010707330005,2.7934865746932958,46129.75320000001,43228.686100000006
1707840000000,111.51,0.46128487246054306,112.32,108.25,111.51,992183.95,58.83436292963214,2.8846661050723457,46246.6062,43238.56975
1707854400000,112.48,0.4710924300490377,113.76,111.47,112.48,723433.96,60.99076296125027,2.8421899547100358,46387.7174,43253.148799999995
1707868800000,111.86,0.4790868257304157,112.54,110.61,111.86,442337.39,58.86810894275975,2.777033529373605,46522.7824,43267.28035
1707883200000,113.06,0.4739770058103598,113.31,111.2,113.06,409430.26,61.650087410977854,2.7293882772754903,46665.387,43284.7792
1707897600000,115.66,0.4837845633988544,116.4,112.76,115.66,1391445.01,66.87737735191146,2.7944319717558126,46839.4672,43312.584800000004
1707912000000,116.88,0.5052128404829603,118.69,115.05,116.88,1448910.94,69.01179681416936,2.854829688058969,47013.4672,43340.49385
1707926400000,116.06,0.515350063872749,117.0,115.0,116.06,779200.82,65.93627934917723,2.7937704246261856,47190.488,43369.1121
1707940800000,116.97,0.5084270820455763,117.32,115.93,116.97,413500.0,67.65879540123262,2.693501108581457,47361.4936,43405.7779
1707955200000,117.23,0.5160093954753369,118.39,115.92,117.23,747962.74,68.15428982634282,2.6775367436827815,47542.7844,43450.13175000001
1707969600000,115.01,0.5181522231837474,117.27,114.54,115.01,598586.79,59.73839260079937,2.6812841191340104,47716.337600000006,43495.10115
1707984000000,116.07,0.4997733547616104,117.02,114.72,116.07,586812.87,62.14220263130129,2.6540495391958667,47906.937600000005,43543.70144999999
1707998400000,114.05,0.5085094984958998,117.28,112.97,114.05,1451979.86,55.35910203458915,2.772331714967591,48087.541600000004,43587.92775
1708012800000,114.02,0.4918613755305559,115.06,112.88,114.02,846082.65,55.262624168855346,2.730022306755621,48269.015999999996,43634.817800000004
1708027200000,113.5,0.4915317097292619,114.39,111.51,113.5,696310.59,53.5214846423367,2.740734999130219,48445.19439999999,43678.4454
1708041600000,113.84,0.48741088721308773,114.25,112.12,113.84,482046.57,54.530238035315335,2.697111070620917,48618.49,43725.9154
1708056000000,111.48,0.4902130465240862,113.98,111.39,111.48,494106.28,46.91833688312679,2.6894602798622804,48766.137800000004,43770.3354
1708070400000,112.11,0.47068034779742035,112.69,110.06,112.11,763495.82,48.96631768926979,2.6852131170149742,48919.5952,43817.995599999995
1708084800000,109.67,0.47595500061812335,113.19,107.94,109.67,1305465.29,42.17881930167639,2.868412180085333,49067.090599999996,43862.37845
1708099200000,108.65,0.4558453867391931,110.42,108.17,108.65,597058.16,39.70132682952321,2.824239881507809,49208.236999999994,43907.00995
1708113600000,110.33,0.44743890880619774,110.71,108.35,110.33,304960.65,45.39086500499122,2.7910798899715368,49342.073200000006,43953.10860000001
1708128000000,109.89,0.46120245601021953,111.08,109.16,109.89,348388.49,44.21418344705931,2.728859897830713,49475.765400000004,43999.652350000004
1708142400000,110.34,0.4576585486463098,110.44,108.62,110.34,385209.27,45.76275968916768,2.6639413336999476,49608.219000000005,44050.547249999996
1708156800000,109.38,0.4613672889108666,110.81,108.37,109.38,498632.11,43.01919930482182,2.647945524149951,49720.81380000001,44096.169700000006
1708171200000,107.2,0.453455309679812,109.55,105.0,107.2,1037538.38,37.51850195854039,2.78380655813924,49816.465,44137.518599999996
1708185600000,108.01,0.4354061070589689,108.07,106.47,108.01,287673.79,40.559732820600665,2.6992489468435794,49900.75320000001,44181.0008
1708200000000,108.92,0.44216425598549475,109.66,107.75,108.92,340263.63,43.86547561239875,2.6428740220690377,49990.4062,44227.81904999999
1708214400000,108.38,0.4496641529649318,109.76,107.51,108.38,391800.87,42.35997461088676,2.6148115919212493,50069.816399999996,44270.25564999999
1708228800000,109.23,0.4452136646474636,110.0,108.04,109.23,339548.73,45.52905299527291,2.568039335355446,50160.583,44316.055649999995
1708243200000,111.78,0.45221906292495984,112.97,108.82,111.78,845291.67,53.745254013274504,2.6810365256872,50249.690800000004,44360.59289999999
1708257600000,112.32,0.47323525775744835,112.48,110.68,112.32,464848.76,55.283453453073214,2.6181053452809713,50342.1362,44405.5072
1708272000000,112.73,0.4776857460749165,114.04,111.7,112.73,593702.07,56.467170825494925,2.598240677760902,50433.6586,44449.795099999996
1708286400000,112.24,0.48106482053817945,113.64,111.87,112.24,448641.63,54.60670107588801,2.539080629349409,50529.3424,44494.2201
1708300800000,111.68,0.47710883092265216,112.92,111.21,111.68,399749.34,52.478632004042844,2.47986058439588,50619.99679999999,44538.708600000005
1708315200000,113.22,0.47232867680389007,113.65,111.14,113.22,443044.29,57.39574442643715,2.4820133997961746,50712.8558,44584.989050000004
1708329600000,112.67,0.48518564305435363,113.37,110.75,112.67,636455.16,55.199002273860316,2.4918695855250195,50789.187999999995,44632.42515
1708344000000,113.69,0.4805703218362385,114.87,111.72,113.69,1206636.07,58.38041015223863,2.5388789008446615,50868.157400000004,44679.7854
1708358400000,111.94,0.4889767997692339,114.17,111.48,111.94,695200.5,51.60899241459613,2.549673265070043,50936.3354,44725.487649999995
1708372800000,111.53,0.4744715045123007,113.06,111.1,111.53,365619.59,50.1416168248692,2.507553746136469,51008.82139999999,44771.94735
1708387200000,109.48,0.47117484649936126,112.11,109.07,109.48,563570.58,43.48424874931082,2.545585621412436,51074.746,44816.79295
1708401600000,109.42,0.45436189063337035,111.11,108.0,109.42,657703.55,43.30302939118803,2.585900934168691,51145.531800000004,44862.10885
1708416000000,110.42,0.4537025590307825,110.82,108.06,110.42,747892.14,47.248855447949644,2.5983365817280695,51228.3678,44910.582599999994
1708430400000,106.62,0.46194420406313097,110.75,103.0,106.62,2018176.69,36.775141393045686,2.9663125401760646,51297.8882,44954.40595
1708444800000,107.33,0.43070836939053037,107.6,104.69,107.33,1097803.98,39.47477763290944,2.962290215877774,51381.849799999996,45002.188550000006
1708459200000,108.31,0.4364775209131742,109.8,106.72,108.31,591587.19,43.08705313906498,2.97069805760079,51428.67020000001,45050.38605
1708473600000,106.63,0.44471916594552263,108.4,106.39,106.63,479224.04,38.81078624497391,2.9020767677721624,51478.06939999999,45105.2844
1708488000000,104.85,0.4307907858408538,107.05,104.36,104.85,506965.95,34.86279960677503,2.8869284272170077,51511.0968,45156.490099999995
1708502400000,102.73,0.4161206576832735,105.6,102.28,102.73,1000943.35,30.83910065692686,2.917862110987221,51534.607599999996,45206.0384
1708516800000,103.86,0.39864837021469485,104.37,101.01,103.86,1109004.23,35.13636221028288,2.9494433887738483,51558.065800000004,45255.39715
1708531200000,102.04,0.4079614291012486,104.49,100.23,102.04,826865.31,31.718024870380447,3.043054575290001,51579.4634,45303.31029999999
1708545600000,105.03,0.3929616351423744,105.69,101.39,105.03,829685.13,41.74511574562421,3.132836391340715,51641.9018,45358.0837
1708560000000,103.58,0.4176865702394198,105.09,102.07,103.58,508655.85,38.77163908155831,3.124776649102093,51692.8892,45406.94285
1708574400000,105.07,0.4057361849425145,105.42,103.21,105.07,745756.58,43.2453055691057,3.0594354598805156,51735.45,45457.78585
1708588800000,105.84,0.4180162360407137,107.1,104.85,105.84,786446.02,45.46294921093399,3.0016186413176213,51777.5186,45507.722799999996
1708603200000,105.39,0.424197469814975,106.15,103.18,105.39,666271.72,44.37175256012269,2.999360166937791,51812.788,45557.48005
1708617600000,103.54,0.4206535624510653,105.47,103.33,103.54,506803.21,40.109523199417715,2.937977297870806,51811.8854,45607.12585
1708632000000,101.76,0.40540651914122056,105.33,101.53,101.76,691708.95,36.47871944685652,2.9995503480228907,51805.8538,45655.7174
1708646400000,101.83,0.3905715580829933,102.87,101.0,101.83,500181.43,36.72131088609176,2.91886818030697,51794.2938,45703.052599999995
1708660800000,101.98,0.3911484732352577,103.1,101.39,101.98,381171.0,37.274127188696596,2.832520453142186,51776.7096,45749.152200000004
1708675200000,102.67,0.3924671364404335,103.01,101.2,102.67,430739.21,39.87615899515009,2.7594832779177447,51754.222200000004,45796.84285
1708689600000,100.29,0.3982362879630775,102.91,100.18,100.29,968968.75,34.55199349632578,2.7573773294950477,51736.9122,45843.15585
1708704000000,101.39,0.37853875633576467,101.7,98.64,101.39,853409.86,38.630412515280035,2.7789932345311157,51712.293999999994,45890.051849999996
1708718400000,99.9,0.3876869823216714,101.76,98.86,99.9,412383.74,35.41143995732094,2.7876365749217507,51688.21239999999,45935.491200000004
1708732800000,100.23,0.3754069312234722,100.77,98.48,100.23,513081.4,36.670101819464776,2.752091105284482,51665.1716,45981.14405
1708747200000,102.24,0.3779618411835002,102.31,100.18,102.24,362771.76,43.84782719046814,2.70765602633559,51648.94560000001,46028.5859
1708761600000,102.13,0.39460996414884403,102.8,101.53,102.13,465600.41,43.55687869919455,2.6049663101687623,51625.73640000001,46078.199649999995
1708776000000,101.95,0.3937857996456092,102.58,101.7,101.95,250157.31,43.05344710816353,2.481754430870993,51613.083399999996,46128.47785
1708790400000,104.05,0.39230230353978646,104.16,101.91,104.05,428486.5,50.274410272113116,2.4652005429516364,51599.9476,46182.18325
1708804800000,104.01,0.4095273416573948,104.85,103.68,104.01,314018.64,50.143981955912274,2.37268621845509,51593.55180000001,46236.164399999994
1708819200000,103.38,0.4092800923064243,104.43,102.18,103.38,401467.62,48.030459410506296,2.363922917136869,51590.9258,46295.1878
1708833600000,103.03,0.4040054394857213,103.67,102.7,103.03,330212.55,46.849048388083766,2.2643569944842357,51582.8292,46355.94409999999
1708848000000,102.8,0.40103844727407584,103.1,102.0,102.8,223440.98,46.04749081304011,2.181188637735361,51576.3542,46414.1669
1708862400000,102.78,0.3991428689166358,103.8,102.29,102.78,329093.66,45.97383085187039,2.1332465921828345,51568.608,46472.887
1708876800000,103.36,0.3990604524663123,103.7,102.17,103.36,289063.97,48.54446512749215,2.0901575498840606,51568.2576,46537.024
1708891200000,103.47,0.4039230230353979,104.34,103.01,103.47,393906.03,49.03970706129235,2.035860582035199,51583.14340000001,46599.64824999999
1708905600000,103.49,0.4047471875386327,104.8,102.26,103.49,496546.78,49.13556355623988,2.071870540461256,51586.3666,46661.68585
1708920000000,103.3,0.40482960398895623,104.25,102.92,103.3,350070.22,48.20784627413673,2.018879787571166,51579.37899999999,46718.66415
1708934400000,100.95,0.4033461078831334,104.15,100.6,100.95,691208.73,38.52039765734142,2.1282455170303693,51571.5794,46776.0442
1708948800000,104.97,0.3839782420571146,105.05,100.29,104.97,1075160.64,55.13087622655103,2.316227980099628,51595.0038,46840.35035
1708963200000,109.69,0.41702723863683183,110.27,104.53,109.69,1935451.61,66.55617697767488,2.5607831243782258,51648.10579999999,46911.739199999996
1708977600000,109.9,0.4560926360901636,110.89,108.4,109.9,843700.73,66.95929419541162,2.555727186922638,51702.1554,46983.86800000001
1708992000000,110.17,0.4577409650966333,112.3,109.21,110.17,1710593.93,67.50167653629077,2.593889530713878,51780.345,47063.19075
1709006400000,110.41,0.4598837928050438,111.48,108.95,110.41,673077.1,68.00445640379519,2.589325992805744,51858.7732,47143.06175
1709020800000,111.5,0.4620266205134545,112.18,110.42,111.5,680935.57,70.25520911438306,2.5308027076053343,51948.052800000005,47225.640649999994
1709035200000,106.81,0.47084518069806724,112.0,106.15,106.81,1544938.85,52.984260436908556,2.767888228490667,52035.085199999994,47308.718949999995
1709049600000,108.41,0.43227428194667655,108.44,105.29,108.41,1093311.9,56.878834578732295,2.795181926455619,52135.15440000001,47394.526999999995
1709064000000,108.36,0.445460913998434,109.34,107.53,108.36,495306.17,56.720712292474644,2.724811788851646,52233.3414,47480.6925
1709078400000,107.56,0.4449664152964931,109.32,107.25,107.56,550679.59,54.127916163739826,2.6780395182193852,52335.2572,47565.32825
1709092800000,110.08,0.4385379321712613,110.19,107.54,110.08,541533.75,60.28624509528771,2.6760366954894286,52464.5846,47656.7283
1709107200000,111.39,0.4593068776527795,114.98,109.21,111.39,2295962.23,63.0623692589,2.897034074383041,52611.802200000006,47751.09625
1709121600000,113.07,0.47002101619483244,113.33,110.48,113.07,1827602.82,66.31446999282328,2.893674497641395,52794.34099999999,47856.077399999995
1709136000000,111.34,0.48394939629950134,116.86,106.85,111.34,4497853.0,60.41564050174557,3.401983462095582,52967.627199999995,47954.385350000004
1709150400000,119.03,0.46952651749289154,119.06,110.1,119.03,2118650.62,72.23740908698325,3.7989846433744696,53182.6692,48059.4309
1709164800000,123.52,0.5329871842419747,124.34,117.15,123.52,2821535.99,76.62660796481602,4.0412000259905785,53371.873600000006,48156.9151
1709179200000,125.49,0.5699097539868958,126.0,121.47,125.49,1933791.88,78.25127245045482,4.0761143098483945,53580.840599999996,48261.333399999996
1709193600000,129.18,0.5863106276012692,132.94,125.2,129.18,3248143.12,80.92572451266176,4.337820430573509,53799.5212,48366.938449999994
1709208000000,132.32,0.6165574648699879,134.65,126.99,132.32,2142155.05,82.8575257348304,4.575118971246831,54023.508799999996,48472.227849999996
1709222400000,130.19,0.6426010631722092,133.03,126.33,130.19,2122022.66,77.14954628649237,4.726896187586344,54236.198200000006,48571.4217
1709236800000,125.68,0.62488152635266,131.92,122.5,125.68,1579438.62,66.67583651736803,5.062117888473033,54435.6978,48668.0066
1709251200000,133.94,0.5877941237070919,137.2,125.61,133.94,2145029.58,73.71426207071241,5.52839518215353,54636.656,48763.9838
1709265600000,131.92,0.6559525281246136,137.8,131.59,131.92,1368623.19,69.82995095627557,5.577081240571135,54828.3482,48860.550650000005
1709280000000,135.37,0.6391395722586227,135.47,130.75,135.37,1045997.04,72.49567889558352,5.5158611519589105,55033.90059999999,48958.710100000004
1709294400000,131.18,0.6676556640705484,135.37,130.23,131.18,1454338.71,64.98572319395483,5.4890139268189895,55222.6278,49053.08595000001
1709308800000,130.93,0.6331231713850085,133.7,129.35,130.93,1365118.01,64.55601598113961,5.407655789189062,55434.497,49151.803550000004
1709323200000,129.43,0.6309803436765977,131.78,129.32,129.43,997524.56,61.91082395462475,5.197108947104129,55650.207,49252.453
1709337600000,130.06,0.6187002925783986,131.69,127.2,130.06,1210897.68,62.603899815149724,5.14660116516812,55866.1562,49355.06065000001
1709352000000,129.16,0.6238925289487781,130.71,127.8,129.16,678610.33,60.899087310742196,4.986843939084683,56080.6248,49454.9646
1709366400000,128.69,0.6164750484196645,130.53,127.28,128.69,850387.64,59.98048977930311,4.862783657721492,56295.1512,49552.440200000005
1709380800000,127.91,0.6126014752544607,130.44,127.35,127.91,829198.03,58.40595221232303,4.736156253598529,56512.255999999994,49651.0289
1709395200000,130.63,0.6062554085795525,130.79,127.46,130.63,570561.75,62.13845652738937,4.635716521198633,56730.172399999996,49750.367999999995
1709409600000,130.02,0.6285902666172167,131.46,128.19,130.02,553596.51,60.82031093301312,4.538165341113017,56951.6958,49847.09565
1709424000000,130.15,0.6236452795978077,130.73,128.23,130.15,832966.28,61.010135686880155,4.392582102462088,57168.3358,49941.77115
1709438400000,126.76,0.6245518605513659,130.56,124.17,126.76,1015267.64,53.70323303405935,4.535254809429081,57385.412800000006,50033.247650000005
1709452800000,128.71,0.5967775167923517,131.35,125.0,128.71,1366331.52,56.90080334111281,4.664879465898432,57605.0354,50124.8046
1709467200000,129.36,0.6126838917047841,129.6,127.5,129.36,798463.54,57.94351877146273,4.481673789762829,57826.954,50218.836500000005
1709481600000,130.17,0.6180409609758107,131.14,128.77,130.17,639974.9,59.26606050312318,4.330839947636911,58059.15819999999,50314.7978
1709496000000,130.16,0.6247991099023363,132.11,129.48,130.16,575366.98,59.24129195003945,4.209351379948562,58299.4508,50413.49015
1709510400000,128.98,0.624716693452013,133.0,128.42,128.98,1191076.63,56.25375826875398,4.235826281380809,58537.4838,50513.043849999995
1709524800000,129.6,0.6149091358635184,129.89,128.5,129.6,570508.03,57.467438269457915,4.032552975567893,58787.451799999995,50618.671449999994
1709539200000,132.58,0.6201837886842214,134.95,129.47,132.58,1884236.88,62.80837958178362,4.135942048741614,59059.552,50730.17109999999
1709553600000,131.77,0.6447438908806198,133.71,129.35,131.77,1364000.22,60.58153465952787,4.151946188117214,59354.1994,50847.179299999996
1709568000000,129.53,0.6379033255037705,132.03,127.35,129.53,1842269.14,54.79569363611943,4.189664317537413,59669.4046,50970.96569999999
1709582400000,133.27,0.6195244570816335,133.34,128.15,133.27,1201593.89,61.42073302261895,4.26111686628474,60003.8384,51095.38875
1709596800000,130.13,0.6502657930522932,133.34,129.18,130.13,1346230.76,54.23412406435758,4.253894232978687,60332.657999999996,51219.28525
1709611200000,129.48,0.6243870276507191,133.03,127.68,129.48,1839576.3,52.85543273601808,4.332187502051637,60620.6738,51337.03345000001
1709625600000,130.68,0.6191123748300159,132.16,128.93,130.68,884966.69,55.12354988320084,4.253459823333662,60922.688200000004,51460.23675
1709640000000,139.18,0.6290023488688342,142.72,130.68,139.18,3807676.69,67.17137965645011,4.809641264524115,61232.28400000001,51583.1512
1709654400000,119.24,0.6991387480941196,140.59,105.0,119.24,5244447.06,40.02497538700868,7.008238317058107,61438.7034,51679.768500000006
1709668800000,125.31,0.5347179296987677,127.34,115.95,125.31,3912345.02,47.04135572873883,7.3212212944111,61656.337199999994,51785.80795
1709683200000,122.38,0.584744715045123,126.87,120.0,122.38,1445796.7,44.34456819935225,7.2889912019531655,61831.859200000006,51886.029299999995
1709697600000,133.2,0.5605142786500186,133.31,122.34,133.2,2086351.01,54.677529452286194,7.551920401813653,62075.859000000004,52003.996900000006
1709712000000,131.93,0.6497712943503522,134.95,129.04,131.93,1681441.2,53.42377366805771,7.434640373112678,62308.533200000005,52125.317200000005
1709726400000,128.22,0.6393044051592698,132.2,125.33,128.22,2398700.97,49.82923501256969,7.394308917890343,62516.973999999995,52242.28835
1709740800000,130.81,0.6088103185395803,132.0,128.03,130.81,1208430.97,52.24491158696529,7.149715423755318,62721.2078,52360.2437
1709755200000,130.79,0.6301561791733629,132.4,130.02,130.79,760896.63,52.22400066804884,6.809021464915652,62907.7754,52474.40345
1709769600000,138.19,0.6299913462727161,141.77,130.52,138.19,2756447.56,58.7954439802361,7.126234217421676,63077.927599999995,52588.33005
1709784000000,138.24,0.6909795195120945,140.05,136.03,138.24,1305375.09,58.83664279684799,6.9043603447487,63264.936400000006,52704.26895
1709798400000,140.28,0.691391601763712,144.45,138.06,140.28,1842672.66,60.56894151686388,6.867620320123792,63464.715200000006,52822.92595
1709812800000,145.91,0.7081221411793793,149.0,139.04,145.91,2783010.41,64.95254617517233,7.088504582972093,63645.0934,52943.96074999999
1709827200000,148.75,0.7546050191618245,149.3,145.21,148.75,1293664.81,66.94862247356909,6.874325684188372,63816.23159999999,53066.47565000001
1709841600000,143.82,0.7779288746033708,148.94,143.39,143.82,971804.77,60.506406384280034,6.779730992460633,63933.370599999995,53184.9962
1709856000000,144.29,0.7372975645938928,146.48,143.03,144.29,781845.67,60.892761277640794,6.54189306442773,64057.4702,53305.4712
1709870400000,144.48,0.7412535542094203,145.55,142.0,144.48,885703.35,61.05860981358307,6.328186416968607,64153.2886,53426.53085
1709884800000,148.98,0.7427370503152428,149.18,144.31,148.98,902492.26,64.8596634849135,6.2240302443279925,64276.8862,53550.1011
1709899200000,145.35,0.7798244529608108,152.64,143.0,145.35,2535604.99,59.78977653628812,6.468028084018849,64375.094800000006,53673.963950000005
1709913600000,147.8,0.7501545308443565,150.72,142.03,147.8,1959615.09,61.951524164651346,6.6267403637317885,64493.6542,53802.983400000005
1709928000000,144.79,0.7700993118226398,149.09,143.4,144.79,1031484.29,57.8375329577024,6.559830337750946,64600.7776,53928.8883
1709942400000,145.76,0.7452919602752708,147.0,143.8,145.76,763013.0,58.787332617280505,6.319842456483021,64733.72440000001,54056.942800000004
1709956800000,148.33,0.7532039395063255,149.15,145.34,148.33,669330.49,61.2763522822775,6.140567995305662,64876.8776,54185.471600000004
1709971200000,146.82,0.774549800140108,148.75,145.0,146.82,604366.52,59.02090852606879,5.969813138498114,65020.7592,54313.38
1709985600000,147.0,0.7621049161412619,147.25,145.0,147.0,538465.18,59.213631892436794,5.704112200033962,65157.843199999996,54439.4616
1710000000000,145.34,0.763505995796761,147.22,143.54,145.34,753323.95,56.57129357164047,5.559532757174394,65284.439000000006,54564.45875
1710014400000,144.29,0.7498248650430626,146.7,144.0,144.29,358377.67,54.90241750628498,5.355280417376222,65425.4246,54692.80495
1710028800000,146.71,0.7412535542094203,148.31,143.8,146.71,723809.7,57.9792412405526,5.294903244706491,65563.8504,54824.6621
1710043200000,148.27,0.7610335022870564,148.5,146.58,148.27,482251.36,59.87948690194193,5.053838727227456,65703.0356,54957.854400000004
1710057600000,145.42,0.7739728849878436,148.49,144.88,145.42,781503.08,54.98719490675883,4.950707389568352,65848.2558,55091.44115
1710072000000,142.91,0.7504841966456504,145.86,141.36,142.91,1249754.78,51.03265461773276,4.918514004599184,65991.9154,55222.9653
1710086400000,145.11,0.7297976676144557,145.32,142.78,145.11,578678.59,54.145449625131924,4.748620147127814,66143.3928,55355.83145
1710100800000,144.39,0.7478468702352988,145.3,140.43,144.39,673521.74,52.958922690088976,4.757290136618685,66287.0864,55484.386399999996
1710115200000,141.17,0.7419953022623315,144.5,136.49,141.17,1822617.17,47.90314759312288,4.989626555431635,66416.8794,55611.0146
1710129600000,147.85,0.715374788807846,148.33,139.54,147.85,1365388.3,57.06121142397768,5.261081801472234,66597.5336,55750.61980000001
1710144000000,148.26,0.7705113940742572,150.2,147.5,148.26,1648230.26,57.554404409171575,5.078147387081359,66788.65580000001,55894.0558
1710158400000,147.06,0.7739728849878436,150.07,145.58,147.06,1468084.02,55.543540250121,5.036136859432689,66996.8958,56039.515649999994
1710172800000,146.67,0.7640004944987019,148.31,145.76,146.67,937736.5,54.872532985595875,4.858555655187499,67199.6738,56184.7242
1710187200000,148.83,0.7607862529360859,149.29,146.48,148.83,501328.1,57.90566390549144,4.712230251245535,67397.94320000001,56329.759300000005
1710201600000,150.9,0.7785882062059588,155.0,147.12,150.9,1529311.97,60.636203359085656,4.938499519013711,67575.72320000001,56469.77695
1710216000000,151.86,0.7957308278732435,154.54,149.36,151.86,1376155.81,61.871469204889095,4.9557495533698726,67755.8658,56608.634450000005
1710230400000,150.45,0.8035603906539746,153.19,147.9,150.45,1144017.4,58.94564812619328,4.979624585272023,67927.1678,56746.0486
1710244800000,150.22,0.7919396711583631,152.0,147.23,150.22,1847548.37,58.460013490296845,4.964651400609736,68079.9036,56881.99945
1710259200000,149.88,0.7901265092512464,150.95,141.5,149.88,2196939.88,57.70319190893481,5.285033443423326,68202.3034,57015.25455
1710273600000,151.05,0.7871595170396011,151.29,146.95,151.05,836564.57,59.639535321413454,5.217531054607375,68302.31060000001,57145.35310000001
1710288000000,149.28,0.7969670746280957,151.64,148.71,149.28,668474.65,55.50010407948037,5.054135979278276,68395.35399999999,57279.21955
1710302400000,150.74,0.7822969464705155,153.0,148.74,150.74,1017300.73,58.08442320552044,4.9974119807583985,68487.543,57417.0521
1710316800000,153.73,0.7943297482177443,154.69,150.45,153.73,932102.11,62.843521836773455,4.9433111249899415,68586.5724,57552.07545
1710331200000,157.25,0.8190546833147897,159.49,149.61,157.25,2373457.5,67.51908258983096,5.295931758919231,68716.6786,57684.24020000001
1710345600000,161.44,0.8479828573783327,161.89,156.59,161.44,1431575.0,72.0307405902034,5.2962223475678565,68850.5372,57815.086299999995
1710360000000,163.9,0.8825153500638727,166.73,159.48,163.9,1204375.96,74.2888030303264,5.435777894170152,68976.52440000001,57944.6484
1710374400000,167.45,0.90278979684345,169.28,163.09,167.45,1505648.08,77.15510578246452,5.489650901729426,69213.6464,58073.436400000006
1710388800000,168.31,0.9320476367082868,170.0,165.2,168.31,963353.27,77.8007493977313,5.440390123034468,69403.6462,58203.89255
1710403200000,173.09,0.9390530349857832,174.07,168.14,173.09,1525778.71,81.01277712908134,5.475362257103435,69596.06199999999,58331.42945
1710417600000,167.64,0.9786129311410556,173.37,164.0,167.64,2466129.79,68.7912025378376,5.753550667310333,69679.413,58449.8909
1710432000000,162.42,0.933613549264433,170.2,159.2,162.42,2296858.46,59.52813919691751,6.128297048216738,69721.6886,58561.05635
1710446400000,176.65,0.8905921621955741,178.5,161.99,176.65,1665817.55,70.99441609668497,6.869847259058399,69819.845,58681.23365
1710460800000,176.02,1.0078707710058927,186.77,170.0,176.02,4125370.14,70.04820809696317,7.577001026268514,69849.5356,58784.69825
1710475200000,176.07,1.0026785346355134,182.03,171.36,176.07,3033116.76,70.08228851645248,7.79792952439219,69897.0206,58888.18425
1710489600000,170.0,1.0030906168871305,177.22,164.5,170.0,3169022.05,61.00691412849831,8.149505986935605,69935.23,58984.375
1710504000000,181.84,0.9530638315407755,184.81,168.12,181.84,3059481.2,69.34558756176199,8.759541273583062,69970.6158,59084.26275
1710518400000,183.32,1.0507273251741047,188.98,178.18,183.32,2212480.11,70.20335858427109,8.905288325469986,70011.789,59187.0242
1710532800000,183.95,1.0625128775703632,185.6,175.25,183.95,1885491.34,70.58073410328024,9.008482016507843,70056.5858,59293.7713
1710547200000,187.62,1.0680347797420362,189.11,180.41,187.62,1431059.13,72.74616453896819,8.986447586757285,70090.62700000001,59398.3517
1710561600000,192.94,1.0981992005604317,193.76,185.24,192.94,1998155.57,75.55503711937929,8.953129901988905,70142.8126,59504.013999999996
1710576000000,192.68,1.1420447521325254,197.95,190.51,192.68,2159303.74,75.14740836149338,8.845049194703984,70164.811,59604.56904999999
1710590400000,195.08,1.139901924424115,196.04,187.71,195.08,2241785.2,76.41245548143861,8.80825996651084,70188.0622,59705.47705
1710604800000,180.08,1.1598467054023984,195.65,178.61,180.08,2754005.06,56.913377420666784,9.396241397474352,70171.4684,59800.5195
1710619200000,182.05,1.0361396134668481,185.91,176.78,182.05,2432749.31,58.41428431540733,9.377224154797613,70125.129,59877.43365
1710633600000,186.5,1.0523756541805744,189.39,181.75,186.5,2042310.21,61.66297371238218,9.25313671516921,70078.629,59962.46845
1710648000000,181.86,1.089050974574525,188.8,178.55,181.86,2081560.59,56.69003203026227,9.324341235514266,70028.8786,60041.06545
1710662400000,191.94,1.0507273251741047,193.82,179.8,191.94,1862858.1,63.56452366651201,9.65974543297753,70003.0416,60126.89295
1710676800000,195.6,1.133803107100177,196.0,188.45,195.6,1545711.17,65.69379330715194,9.509049330621993,69996.5788,60216.805
1710691200000,195.7,1.164049944368896,198.27,192.25,195.7,1069978.76,65.7526826037661,9.259831521291852,70001.31360000001,60309.548050000005
1710705600000,201.86,1.1647916924218071,205.2,195.52,201.86,1922118.23,69.25390014778377,9.28984355548529,70003.4192,60407.878099999994
1710720000000,203.93,1.2155602258210738,205.49,193.8,203.93,1794881.92,70.35083131147726,9.461283301522055,69998.9892,60502.5545
1710734400000,203.22,1.2327028474883586,204.99,200.0,203.22,1206616.28,69.43578021016118,9.141905922841909,69997.09139999999,60595.14845
1710748800000,208.08,1.2269336959657147,210.18,197.9,208.08,3035253.07,72.10994456581221,9.366055499781774,69979.4236,60688.822400000005
1710763200000,203.81,1.2669880908229283,209.4,198.37,203.81,2412635.25,66.59674077331398,9.484908678368791,69941.8242,60776.9637
1710777600000,198.35,1.2316314336341532,206.28,195.41,198.35,1934601.81,60.25311123509339,9.58384377277102,69889.175,60853.86809999999
1710792000000,195.92,1.1867144682078543,205.97,195.36,195.92,1199747.75,57.6223923831983,9.657140646144518,69857.4782,60933.968049999996
1710806400000,184.21,1.1666872707792475,198.68,180.11,184.21,3021264.13,46.97792181456628,10.293773457134193,69786.9946,61004.958099999996
1710820800000,186.14,1.0701776074504472,189.16,179.0,186.14,2516336.08,48.66122887965046,10.284218210196036,69701.9614,61069.50335
1710835200000,177.84,1.0860839823628794,186.2,170.0,177.84,3392104.34,42.423599317406655,10.706774052324889,69591.49979999999,61123.19345
1710849600000,182.98,1.0176783285943873,185.9,174.54,182.98,2983546.27,46.95805977429843,10.753433048587397,69452.137,61184.56965
1710864000000,181.47,1.0600403840606585,186.36,180.0,181.47,2163096.91,45.8164926360962,10.439616402259727,69310.2328,61244.8796
1710878400000,169.82,1.0475955000618122,181.98,166.0,169.82,2858951.14,38.11727168384191,10.835358087812603,69108.78080000001,61294.82545
1710892800000,169.84,0.9515803354349527,177.03,169.29,169.84,2012298.82,38.13649145640287,10.614261081540276,68906.59700000001,61344.119450000006
1710907200000,173.36,0.9518275847859232,174.31,162.45,173.36,2162112.4,41.57578338342584,10.70324243285883,68724.192,61399.5087
1710921600000,172.06,0.9806733423991427,175.3,169.39,172.06,1473386.68,40.67636451131618,10.360867973368913,68559.6708,61455.07215
1710936000000,170.53,0.9699592038570899,177.01,170.01,170.53,1924137.78,39.59081713454827,10.120805975271134,68389.2562,61514.41404999999
1710950400000,182.54,0.9575143198582435,184.99,165.51,182.54,2876238.15,50.710602846681574,10.789319834180342,68264.469,61582.26705
1710964800000,191.77,1.0564964766967486,193.19,181.71,191.77,1917610.85,57.226986983496204,10.838654131738888,68187.211,61662.02955
1710979200000,190.28,1.1324020274446778,195.68,189.3,190.28,1366473.43,55.94124290335405,10.520178836614681,68093.3002,61736.52034999999
1710993600000,188.55,1.1202043927968024,192.31,184.75,188.55,1402268.41,54.412628742752865,10.308737491142205,68003.9638,61810.82575
1711008000000,189.13,1.1060287633411627,191.6,185.01,189.13,1126070.66,54.85799081162526,10.043113384632049,67903.6952,61886.202000000005
1711022400000,185.32,1.1107265010096012,191.43,183.8,185.32,1442700.85,51.31175806156494,9.870748142872616,67777.74740000001,61959.434199999996
1711036800000,177.91,1.0793258334363536,187.95,177.03,177.91,1715999.14,45.192836885554804,9.945694704095999,67620.91399999999,62027.1005
1711051200000,179.46,1.0182552437466517,182.08,175.84,179.46,1010804.07,46.62661158419784,9.681002225232001,67478.2404,62099.68405
1711065600000,179.06,1.031029793546792,181.95,173.94,179.06,1144824.23,46.29006563904558,9.561644923429714,67330.8954,62172.621849999996
1711080000000,179.08,1.0278155519841758,180.89,177.11,179.08,870995.97,46.310932208611106,9.148670286041876,67193.00739999999,62245.2987
1711094400000,172.05,1.0278155519841758,180.2,171.62,172.05,1020506.52,40.373450122028665,9.108050979896026,67012.3438,62309.068250000004
1711108800000,171.66,0.9699592038570899,173.99,167.57,171.66,1745965.16,40.06655165375007,8.916047338474883,66825.4046,62370.097949999996
1711123200000,172.81,0.9668273787447973,173.66,168.78,172.81,683354.41,41.479177649869385,8.627758242869534,66645.0632,62430.27255000001
1711137600000,175.21,0.9762228540816746,175.22,168.2,175.21,686460.6,44.423254383847684,8.512918368378854,66504.1158,62490.385800000004
1711152000000,171.9,0.996002802159311,178.14,170.38,171.9,975886.33,41.33470213484741,8.459138484923221,66386.93400000001,62549.375199999995
1711166400000,175.98,0.968640540651914,177.6,171.41,175.98,444844.89,46.29153394408249,8.297057164571562,66250.6634,62611.563899999994
1711180800000,175.85,1.0023488688342193,177.11,174.03,175.85,514633.1,46.157709629924256,7.9244102242450225,66178.7756,62674.39295
1711195200000,175.16,1.0011950385296904,179.0,174.44,175.16,717431.26,45.40738301983477,7.684095208227521,66111.8908,62737.943
1711209600000,174.79,0.9955907199076934,176.74,173.74,174.79,415032.51,44.98509182498532,7.349516979068412,66054.1936,62800.626399999994
1711224000000,172.65,0.9925413112457245,175.49,172.5,172.65,436888.52,42.521917620727685,7.038122909134954,65970.85239999999,62859.936499999996
1711238400000,171.7,0.9749041908764989,177.39,171.5,171.7,622479.41,41.43721280697252,6.956114129911028,65870.832,62920.64835
1711252800000,173.54,0.9670746280957677,173.79,171.25,173.54,350155.05,44.39580550193339,6.6406774063459535,65772.5036,62984.691849999996
1711267200000,174.84,0.982239254955289,176.15,173.0,174.84,501816.81,46.45406515299094,6.391343305892671,65695.1822,63053.46075
1711281600000,176.21,0.992953393497342,177.25,174.54,176.21,508709.28,48.61284845300804,6.128390212614624,65620.0004,63122.63115
1711296000000,176.09,1.004162030741336,176.98,172.43,176.09,555272.0,48.42867353690864,6.015648054570721,65571.7406,63190.41225000001
1711310400000,183.88,1.0031730333374542,186.78,175.42,183.88,1039826.83,59.227717932249774,6.397387479244242,65548.2288,63268.06220000001
1711324800000,184.81,1.0673754481394484,185.47,180.92,184.81,767364.21,60.29661223949138,6.265431230726797,65556.9984,63344.30665
1711339200000,185.76,1.075122594469856,189.63,183.82,185.76,738293.79,61.40956008608668,6.232900428532026,65587.4096,63417.118500000004
1711353600000,187.94,1.082952157250587,191.77,185.61,187.94,848390.2,63.90965153814465,6.227693255065453,65592.8328,63491.15930000001
1711368000000,192.78,1.1009189434211066,194.6,186.35,192.78,1324159.62,68.75022303648612,6.372143736846492,65675.9404,63582.27635
1711382400000,192.24,1.1408085053776735,194.5,190.35,192.24,865206.62,67.65986340982603,6.2134191842146,65756.04840000001,63682.253150000004
1711396800000,188.99,1.136358017060205,193.0,188.37,188.99,696677.41,61.353101219743024,6.1003178139135565,65794.33859999999,63775.8732
1711411200000,191.64,1.1094902542547491,192.05,188.07,191.64,577089.62,64.2770505598831,5.948866541491161,65832.06619999999,63872.69875
1711425600000,193.99,1.1314130300407959,196.57,191.31,193.99,834051.32,66.68424682927281,5.899661788527506,65873.9242,63965.8837
1711440000000,194.8,1.1508633123171383,196.26,192.01,194.8,609100.3,67.49723886095038,5.781828803632684,65928.3472,64061.419
1711454400000,190.35,1.1574566283430172,195.31,189.48,190.35,991632.92,58.98167465390367,5.785269603373208,65968.9796,64153.53085
1711468800000,188.29,1.1207813079490667,191.5,186.0,188.29,958384.38,55.491510453157005,5.764893203132265,65993.46500000001,64242.809
1711483200000,190.46,1.1038859356327522,192.58,188.26,190.46,495352.82,58.29134363715781,5.661686545765676,66043.8812,64334.737
1711497600000,189.99,1.1216878889026252,192.74,188.69,189.99,582765.6,57.44841624280393,5.546566078210986,66112.921,64429.127
1711512000000,186.79,1.1178143157374212,190.54,186.04,186.79,496155.07,51.94116840990607,5.471811358338772,66155.24100000001,64521.31485
1711526400000,188.53,1.0915234680842296,188.68,183.51,188.53,753924.75,54.49559793702034,5.450253404171717,66242.1354,64616.9185
1711540800000,181.11,1.105863930440516,191.2,180.0,181.11,2053299.99,43.8033823948691,5.860949589588023,66325.531,64706.70869999999
1711555200000,182.68,1.044628507850167,184.18,180.0,182.68,696068.78,46.208309442868774,5.740881761760307,66436.94420000001,64793.873949999994
1711569600000,186.33,1.0575678905509538,189.33,182.6,186.33,591714.9,51.41402622874653,5.811533064491715,66545.307,64886.66835
1711584000000,182.17,1.0877323113693493,188.09,180.92,182.17,635251.95,45.95535859053406,5.908566417028021,66643.2672,64977.6229
1711598400000,187.33,1.0532822351341327,187.56,182.0,187.33,473545.97,52.668101525088694,5.883668815811734,66812.4998,65075.897300000004
1711612800000,185.39,1.0958091235010505,188.59,184.7,185.39,580940.37,50.14623321506812,5.741263900396611,66988.2272,65174.88335
1711627200000,187.36,1.0798203321382946,189.45,182.67,187.36,797146.48,52.626831031876414,5.815459336082567,67154.878,65275.9918
1711641600000,186.27,1.0961387893023447,187.39,184.49,186.27,453595.95,51.111451052253756,5.607212240648096,67302.9844,65374.38415
1711656000000,189.63,1.087155396217085,190.93,186.16,189.63,661713.42,55.376960763802934,5.54741136631609,67446.58899999999,65472.79045
1711670400000,188.34,1.114929739976099,190.74,187.6,188.34,554962.94,53.448827330119364,5.375453411579228,67539.7442,65567.2162
1711684800000,183.63,1.1041331849837228,189.14,183.39,183.63,468011.13,47.01251209193556,5.402206739323568,67578.814,65658.3451
1711699200000,185.83,1.0653974533316848,186.45,183.44,185.83,468973.79,50.03885388432808,5.2313348293718835,67648.5806,65750.93405
1711713600000,184.91,1.0835290724028517,190.0,184.2,184.91,897821.47,48.784059936509074,5.271953770131035,67692.4768,65838.23765000001
1711728000000,187.69,1.0760291754234144,187.72,184.33,187.69,441195.45,52.64812058628964,5.137528500835961,67744.9166,65928.3426
1711742400000,192.01,1.0988585321630195,193.0,187.33,192.01,749150.98,57.95649269046733,5.175562179347677,67810.772,66019.9752
1711756800000,192.77,1.1345448551530888,194.52,190.71,192.77,571109.14,58.83089262588385,5.078022023679986,67901.777,66110.48035
1711771200000,195.76,1.14072608892735,200.0,192.57,195.76,1172451.24,62.16477151585442,5.246020450559987,67988.79520000001,66201.09700000001
1711785600000,197.76,1.1653686075740715,198.8,193.19,197.76,606776.8,64.25020079164557,5.272018989805703,68072.82639999999,66294.2368
1711800000000,196.29,1.1818518976387684,198.5,195.05,196.29,417945.43,61.56424011112522,5.1418747762481525,68149.266,66387.77045
1711814400000,195.45,1.1698190958915398,197.9,193.44,195.45,380115.04,60.02016306385501,5.09316943508757,68262.5148,66481.8021
1711828800000,194.2,1.1628136976140435,196.74,193.26,194.2,342936.73,57.700959399784,4.977943046867031,68376.61760000001,66565.5014
1711843200000,194.29,1.1524292248732846,197.31,193.69,194.29,378849.32,57.82731373941122,4.880947114947958,68497.6112,66642.6489
1711857600000,196.74,1.153335805826843,197.34,194.0,196.74,327318.85,61.22310462537125,4.770879463880247,68627.713,66721.77519999999
1711872000000,195.83,1.1735278361560966,197.21,195.43,195.83,279839.23,59.31273410130249,4.557245216460229,68763.9928,66795.28715
1711886400000,195.69,1.1659455227263362,197.66,195.46,195.69,278126.44,59.007676325672286,4.388870558141641,68880.10720000001,66866.8974
1711900800000,200.13,1.1647916924218071,201.0,195.51,200.13,593458.6,65.1325119029822,4.467522661131524,69007.9848,66939.37595
1711915200000,202.45,1.2013845963654344,203.17,198.45,202.45,540543.01,67.83673044240938,4.4855567567649866,69131.504,67012.04770000001
1711929600000,202.58,1.2205052128404827,204.46,200.82,202.58,550251.68,67.98655863397323,4.425159845567489,69245.8062,67078.28935
1711944000000,197.96,1.2214942102443644,203.53,193.25,197.96,1281097.67,57.69955049389906,4.84336271374124,69357.9048,67141.07735
1711958400000,195.14,1.1835002266452386,198.0,194.73,195.14,567144.12,52.47979706615454,4.730979662759724,69467.8454,67203.7954
1711972800000,188.08,1.1602587876540154,197.75,186.87,188.08,1172776.69,42.189608565186795,5.17019540113403,69540.9198,67253.77565000001
1711987200000,193.33,1.1020727737256357,193.52,187.28,193.33,670939.57,50.03533949770119,5.246610015338743,69627.1998,67307.31014999999
1712001600000,192.24,1.1452589936951414,193.96,191.79,192.24,357566.92,48.56175925653666,5.026852157100263,69706.72859999999,67350.72805
1712016000000,183.59,1.136358017060205,192.24,181.71,183.59,1095221.82,38.79685924288564,5.419934145878815,69723.9476,67379.49235
1712030400000,183.17,1.065067787530391,186.27,181.0,183.17,735087.58,38.3931717933437,5.409224564030329,69708.8578,67399.60935
1712044800000,179.87,1.061688713067128,183.85,177.49,179.87,935137.82,35.286426228747004,5.4771370951710185,69674.3116,67419.91615
1712059200000,177.43,1.0344088680100547,182.22,175.92,177.43,1036111.89,33.15042561439027,5.5359130169445185,69635.6878,67430.8303
1712073600000,185.69,1.0142992541311247,186.89,176.77,185.69,1199484.48,45.235919479665796,5.863347801448479,69617.78279999999,67445.72469999999
1712088000000,181.53,1.0822104091976759,186.42,180.71,181.53,765733.81,41.1964569067619,5.8523943870593005,69531.2216,67459.20455
1712102400000,188.47,1.048089998763753,189.09,176.92,188.47,1214450.42,49.326161941441875,6.30365193084078,69436.5196,67482.33350000001
1712116800000,189.54,1.1052870152882517,192.0,186.98,189.54,1076086.8,50.463285055705555,6.211962507209296,69361.6392,67507.35855
1712131200000,187.75,1.1141055754728644,191.66,186.41,187.75,662778.87,48.50244896277585,6.1432508995514885,69274.37220000001,67532.1278
1712145600000,189.06,1.0994354473152839,191.25,186.5,189.06,804628.23,50.03267238255418,6.043732978154954,69181.3648,67554.13785
1712160000000,185.65,1.110149585857337,191.03,184.09,185.65,801656.64,46.18549969190489,6.107752051143885,69083.1816,67573.73925
1712174400000,185.05,1.082045576297029,186.61,182.08,185.05,450674.61,45.52222561706541,5.995055476062179,68997.44720000001,67597.23569999999
1712188800000,181.52,1.0771005892776198,187.4,180.83,181.52,633486.89,41.725597349019516,6.036122942057737,68920.294,67614.25825
1712203200000,184.96,1.0479251658631061,185.82,180.02,184.96,493357.31,46.41568236599567,6.0192570176250415,68842.366,67632.77675
1712217600000,185.62,1.0763588412247085,186.34,184.43,185.62,387467.32,47.29217477331042,5.725738659223253,68761.6796,67653.00785
1712232000000,186.99,1.0818807433963817,189.71,185.38,186.99,849980.54,49.1514775030306,5.626043040707307,68720.1196,67681.18854999999
1712246400000,185.66,1.0931717970906991,190.13,185.47,185.66,647857.69,47.40324636284619,5.557039966371071,68685.705,67714.55695
1712260800000,184.0,1.082045576297029,185.83,180.98,184.0,761597.61,45.24038017792098,5.506537111630282,68677.98079999999,67748.13990000001
1712275200000,179.42,1.0684468619936538,185.07,177.6,179.42,609809.99,39.839357891984704,5.646784460799547,68662.2206,67776.886
1712289600000,175.04,1.0306177112951744,180.37,172.88,175.04,1271384.68,35.477280549579504,5.77844271359958,68611.43560000001,67801.6033
1712304000000,169.76,0.9946017225038116,177.1,169.11,169.76,1021248.4,31.062029924505822,5.936411091199609,68555.1956,67824.33785
1712318400000,175.89,0.9510858367330117,177.36,167.84,175.89,1331738.97,40.34455929653586,6.192381727542495,68511.02739999999,67857.30095
1712332800000,175.4,1.0016071207813078,176.9,172.44,175.4,473629.57,39.882276144263315,6.068640175575174,68446.3318,67885.20745
1712347200000,174.37,0.9975687147154572,176.83,174.11,174.37,293035.61,38.87393514945314,5.829451591605519,68376.93639999999,67913.4874
1712361600000,175.93,0.9890798203321383,176.55,173.54,175.93,367899.21,41.29482983018719,5.628062192205126,68316.7314,67938.77745
1712376000000,177.27,1.0019367865826019,178.21,174.89,177.27,426787.36,43.36957223706843,5.463200607047619,68260.95980000001,67963.1677
1712390400000,175.69,1.0129805909259488,178.45,175.28,175.69,333909.47,41.506864445445345,5.299400563687073,68205.47859999999,67984.2149
1712404800000,177.17,0.9999587917748382,177.32,173.79,177.17,356203.81,43.935899396462894,5.173014809137997,68171.6786,68004.4018
1712419200000,177.37,1.0120740099723904,178.99,176.5,177.37,423059.92,44.272682244441704,4.98137089419957,68134.0226,68019.5517
1712433600000,178.68,1.0138047554291836,179.89,176.74,178.68,734009.61,46.53803583761972,4.850558687471027,68128.3426,68031.77345
1712448000000,180.65,1.0246837268718836,182.71,177.26,180.65,550262.6,49.84023288395755,4.893375924080241,68123.1838,68041.7874
1712462400000,179.75,1.04091976758561,181.31,179.05,179.75,244916.81,48.3702989615665,4.705277643788794,68113.45319999999,68047.3789
1712476800000,180.73,1.0333374541558495,180.87,178.66,180.73,223360.58,50.09621431218958,4.5270435263753095,68105.1134,68053.59419999999
1712491200000,179.64,1.041414266287551,182.31,179.49,179.64,462526.12,48.16753762028003,4.40511184591993,68098.9446,68070.6647
1712505600000,178.27,1.032595706102938,182.68,177.69,178.27,461763.69,45.7817819274007,4.446889571211364,68076.6338,68082.72320000001
1712520000000,179.52,1.0213046524086207,180.05,176.85,179.52,292968.43,48.29802607107631,4.357826030410553,68063.8418,68095.6599
1712534400000,176.41,1.0314418757984092,179.53,175.25,176.41,456287.36,42.95643291230526,4.352267028238371,68055.094,68135.89975
1712548800000,180.15,1.0058103597478056,181.12,175.75,180.15,492665.17,50.10320557644065,4.424962240507059,68077.423,68170.77285000001
1712563200000,182.74,1.0367165286191125,184.68,179.72,182.74,1183898.63,54.366990135411086,4.463179223327985,68127.1708,68216.4768
1712577600000,181.46,1.0579799728025714,183.6,179.35,181.46,739710.58,52.00195724068339,4.447952135947415,68156.6158,68241.9644
1712592000000,179.38,1.0475130836114888,182.12,178.54,179.38,516993.9,48.32324329233205,4.385955554808315,68184.536,68264.28785000001
1712606400000,180.68,1.030370461944204,181.66,179.19,180.68,301146.33,50.671981951696715,4.249101586607721,68209.3134,68289.98225
1712620800000,177.5,1.041084600486257,180.9,176.5,177.5,427610.03,45.25369564410546,4.259880044707169,68214.5434,68312.70985
1712635200000,175.62,1.014876169283389,178.67,175.02,175.62,597165.43,42.36926313159645,4.216317184370942,68196.62299999999,68334.2596
1712649600000,176.21,0.9992994601722505,176.44,173.17,176.21,514174.81,43.58456212878325,4.148723099773018,68200.7598,68358.99740000001
1712664000000,172.47,1.004162030741336,176.68,169.11,172.47,820285.37,38.09982053783247,4.393100021217802,68194.141,68373.3785
1712678400000,174.33,0.9735031112209995,177.65,171.76,174.33,694722.0,42.008363362142035,4.5000214482736745,68184.9562,68383.85565
1712692800000,172.42,0.9886677380805208,176.01,172.14,172.42,347928.25,39.2664736980308,4.455019916254126,68203.1332,68393.2856
1712707200000,171.39,0.9729261960687352,173.09,169.24,171.39,696476.3,37.832415348527746,4.41180420795026,68193.1766,68401.54639999999
1712721600000,172.76,0.9645197181357397,173.65,170.89,172.76,400528.35,40.92293735586539,4.293818193096671,68186.9062,68414.11194999999
1712736000000,170.21,0.9758107718300572,172.78,168.24,170.21,530993.25,37.21455137453288,4.31140260787548,68233.6868,68423.5465
1712750400000,167.92,0.9547945769975688,170.68,162.28,167.92,1526488.64,34.21589931573753,4.603445278741518,68277.72320000001,68430.718
1712764800000,171.31,0.9359212098734906,173.08,167.0,171.31,899262.55,41.70444722326722,4.708913473117124,68366.9492,68442.4319
1712779200000,173.31,0.963860386533152,175.5,170.22,173.31,599718.56,45.636328796255576,4.749705367894472,68481.7708,68457.4993
1712793600000,172.76,0.9802612601475255,173.38,171.09,172.76,438468.34,44.74260434362171,4.5740121273305805,68580.5062,68467.4377
1712808000000,174.46,0.9758931882803807,175.99,171.65,174.46,536804.15,48.124251064616445,4.557296975378397,68685.9462,68480.4967
1712822400000,170.52,0.9898215683850496,175.4,170.14,170.52,503011.45,41.74748959758731,4.607490048565656,68761.0936,68489.1758
1712836800000,173.39,0.9573494869575968,175.4,170.07,173.39,1288677.37,47.23244977069514,4.659097902239538,68838.3738,68497.7326
1712851200000,174.63,0.9810854246507603,176.32,172.0,174.63,655163.38,49.44721838939754,4.634876623508142,68926.37199999999,68508.531
1712865600000,172.37,0.9913050644908722,175.65,172.0,172.37,339072.8,45.68369923999799,4.5645282932575615,69009.7764,68517.12115
1712880000000,174.06,0.9725965302674413,174.34,172.33,174.06,396620.46,48.820665499490666,4.382061986596306,69113.6418,68531.03995
1712894400000,173.25,0.9864424939217868,175.98,172.92,173.25,537406.83,47.40744726829181,4.287628987553713,69209.65639999999,68543.29365
1712908800000,172.67,0.9797667614455845,173.65,171.34,172.67,283295.16,46.37232403557793,4.14636977415702,69315.3364,68552.12975
1712923200000,167.36,0.9750690237771458,172.71,166.49,167.36,849612.89,38.15783705654016,4.29448621886009,69380.4504,68552.13045
1712937600000,149.26,0.931223472205052,167.82,141.0,149.26,3242380.93,23.122249502318994,5.903451488941512,69390.25660000001,68538.50805
1712952000000,153.16,0.782049697119545,154.36,148.73,153.16,1532779.95,29.562616086150697,5.883919239731405,69379.6272,68528.1165
1712966400000,151.77,0.8142745291960275,153.46,145.47,151.77,1697661.28,28.641651658097146,6.034353579750591,69352.8382,68516.9183
1712980800000,151.02,0.8028186426010632,155.0,150.55,151.02,1431561.25,28.132393698573594,5.921185466911262,69332.0128,68509.37150000001
1712995200000,151.23,0.7966374088268019,153.39,149.46,151.23,675791.9,28.515653642918636,5.778957933560456,69321.933,68503.14940000001
1713009600000,148.99,0.7982857378332715,153.0,148.0,148.99,1089273.72,26.86963258449677,5.7233180811632804,69336.8382,68486.42945
1713024000000,133.73,0.7799068694111345,149.64,130.0,133.73,3995824.38,18.875883100957367,6.717366789651616,69303.0384,68452.9335
1713038400000,138.47,0.6541393662174969,143.46,116.0,138.47,6554307.53,26.218406326871914,8.198983447533644,69217.7162,68412.50605000001
1713052800000,134.91,0.6932047636708286,140.96,130.45,134.91,2765871.2,24.429965635700256,8.364056058424099,69138.2192,68369.8438
1713067200000,144.06,0.6637820909053447,144.56,133.85,144.06,1976732.53,36.43217932555551,8.53162348282238,69071.0928,68331.7748
1713081600000,138.84,0.7391931429513331,145.6,138.25,138.84,1375202.09,33.19328986807835,8.447221805477923,68998.65359999999,68294.51005
1713096000000,137.99,0.6962541723327976,143.27,135.49,137.99,2062759.51,32.683752552375424,8.399563105086644,68922.4326,68254.8094
1713110400000,141.78,0.6892487740553015,143.16,133.44,141.78,2453291.92,37.30504307974685,8.493880026151883,68852.4418,68215.5334
1713124800000,151.25,0.7204021922775786,152.84,139.83,151.25,1794513.43,47.080832348443565,8.81646002428389,68803.5986,68185.32555
1713139200000,148.11,0.7986154036345653,151.27,146.4,148.11,1218605.26,44.59772074642748,8.534570022549326,68741.1628,68154.26655
1713153600000,153.75,0.7726542217826678,156.06,146.08,153.75,1582258.89,49.726621743778416,8.637815020938659,68688.51960000001,68128.3257
1713168000000,150.95,0.8190546833147897,155.0,150.79,150.95,980783.06,47.38148092795003,8.32154251944304,68617.561,68097.33915
1713182400000,143.31,0.7959780772242139,152.24,141.39,143.31,2141173.52,41.6145449478051,8.50214662519711,68521.657,68055.9074
1713196800000,137.89,0.7331767420777187,144.56,133.56,137.89,2472010.33,38.074108119061115,8.680564723397316,68400.5392,68007.0859
1713211200000,138.51,0.6884246095520664,140.17,135.4,138.51,937593.68,38.71640091197914,8.401238671726079,68278.0642,67961.0111
1713225600000,134.6,0.6935344294721225,140.57,133.62,134.6,1223011.06,36.168617867248756,8.297578766602786,68155.82400000001,67909.04490000001
1713240000000,137.87,0.6613095973956401,138.9,130.14,137.87,1443161.96,39.74012382008224,8.330608854702588,68038.94,67861.2638
1713254400000,136.18,0.6881773602010962,138.04,129.77,136.18,1552370.57,38.539929194106676,8.326279650795259,67911.65639999999,67810.40225
1713268800000,127.62,0.6744138129970741,136.19,127.43,127.62,2410381.2,33.08892125970827,8.357259675738455,67732.9278,67753.09324999999
1713283200000,132.14,0.6037004986195245,135.43,126.4,132.14,2309035.2,38.06992492957085,8.40531255604285,67539.2764,67702.2804
1713297600000,136.22,0.6410351506160629,137.96,131.63,136.22,856751.91,42.24904107880153,8.257075944896933,67379.6646,67667.0273
1713312000000,137.41,0.6745786458977212,138.24,134.88,137.41,803624.48,43.44772423630641,7.907284805975725,67221.185,67639.16195000001
1713326400000,139.46,0.6844686199365393,142.77,136.67,139.46,1850617.34,45.54462342674112,7.778193034120318,67054.7418,67598.70645
1713340800000,134.29,0.7013639922528537,140.25,134.0,134.29,909203.07,41.37770298266236,7.66903638882601,66880.9426,67570.5616
1713355200000,128.71,0.6586722709852887,135.15,127.59,128.71,2819684.71,37.40044963623964,7.661248075338437,66679.36180000001,67529.8449
1713369600000,134.62,0.6128487246054312,137.91,126.87,134.62,2066828.4,43.58553011489269,7.902587498528548,66483.9118,67496.16785
1713384000000,131.84,0.6614744302962872,138.0,131.61,131.84,1109527.27,41.50799717651999,7.794545534347937,66324.1792,67461.76935
1713398400000,135.58,0.6385626571063584,136.65,129.65,135.58,1118786.56,45.28643344083703,7.737792281894513,66183.9238,67426.88935
1713412800000,129.43,0.669303993077018,136.83,128.96,129.43,1209374.8,40.637716511428444,7.747235690330619,66024.5654,67385.2805
1713427200000,135.81,0.6187827090287221,137.0,127.62,135.81,1512577.78,46.74509510673033,7.863861712449861,65893.5202,67352.2697
1713441600000,138.99,0.6711995714344584,141.5,131.95,138.99,2159574.21,49.53217827775859,7.9843001615605855,65776.76860000001,67322.60095000001
1713456000000,140.29,0.6975728355379733,141.53,135.51,140.29,966096.32,50.668792221730996,7.843993007163401,65665.4494,67298.70610000001
1713470400000,142.07,0.7082869740800264,144.25,139.55,142.07,838658.15,52.25439060234242,7.6194220780803,65561.7046,67274.1286
1713484800000,136.54,0.7229571022376067,142.08,128.5,136.54,3176402.61,47.18068251640653,8.045177643931707,65395.7276,67248.4967
1713499200000,143.32,0.6772983887583961,146.93,136.2,143.32,3220539.01,53.1827127761013,8.236950669365157,65274.0496,67244.72945
1713513600000,144.44,0.7330943256273952,146.01,142.31,144.44,1380028.93,54.11038137486609,7.912882764410503,65154.431000000004,67236.3882
1713528000000,146.19,0.7423249680636255,147.49,141.67,146.19,1462528.08,55.591063036187315,7.763391138381182,65028.4546,67230.3907
1713542400000,145.49,0.7567478468702353,147.46,143.61,145.49,1010461.3,54.82898035296857,7.483863199925383,64915.29640000001,67217.2395
1713556800000,142.5,0.7511435282482383,145.73,139.97,142.5,895401.6,51.576555430814665,7.360730114216426,64791.6566,67196.50205
1713571200000,142.4,0.726418593151193,143.5,139.66,142.4,956835.99,51.46659509861561,7.109249391772395,64661.5832,67173.5984
1713585600000,143.51,0.7255944286479581,145.0,141.59,143.51,749691.07,52.672748795550845,6.845017292360081,64540.683,67151.4371
1713600000000,141.55,0.7348250710841885,143.57,140.0,141.55,639597.43,50.29584409912526,6.611087485762932,64395.280999999995,67130.11290000001
1713614400000,147.19,0.718589030370462,147.8,140.96,147.19,724923.15,56.39376876811128,6.627438379637008,64276.1678,67113.06275
1713628800000,151.2,0.7651543248032305,151.99,146.32,151.2,1205586.89,60.138281582514196,6.559049923948651,64155.41640000001,67096.12795
1713643200000,151.22,0.7981209049326244,152.39,149.1,151.22,579339.14,60.156658506879836,6.325546357952319,64067.282199999994,67083.49495000001
1713657600000,150.63,0.798203321382948,153.5,148.07,150.63,822390.07,59.28831291749694,6.261578760955724,64033.802599999995,67074.66495
1713672000000,151.12,0.7934231672641858,151.74,149.88,151.12,448813.19,59.80721539641094,5.9471802780303165,63994.4854,67062.3683
1713686400000,151.46,0.7974615733300366,152.65,149.57,151.46,597151.87,60.18641290397934,5.742381686742438,63955.9546,67059.1583
1713700800000,150.14,0.8002637326410351,151.74,148.4,150.14,630630.77,57.90242485267015,5.570782994832264,63907.898,67060.85565
1713715200000,148.0,0.789384761198335,150.32,146.68,148.0,645148.72,54.30447184321599,5.432869923772815,63851.458,67068.13895
1713729600000,148.8,0.771665224378786,150.8,147.46,148.8,502666.91,55.419697227603734,5.2833792149319,63796.761000000006,67072.58545
1713744000000,150.35,0.7784233733053117,151.5,146.63,150.35,1037867.97,57.579864541403055,5.253852128151051,63815.0708,67079.143
1713758400000,153.62,0.7911155066551283,156.64,149.93,153.62,1179394.19,61.78673605997795,5.357862690425974,63856.18060000001,67099.356
1713772800000,153.28,0.8181481023612313,154.64,152.23,153.28,594572.4,61.108154253606486,5.147301069681261,63904.97899999999,67119.4393
1713787200000,153.45,0.8153459430502327,154.95,151.55,153.45,890901.31,61.33679807133922,5.0224938504183125,63935.580599999994,67134.62195
1713801600000,154.55,0.816582189805085,156.11,152.41,154.55,686201.58,62.85836268815047,4.928030003959862,63982.755,67150.28110000001
1713816000000,156.95,0.8257304157909919,158.5,154.12,156.95,578422.71,66.00211103381136,4.888885003677015,64035.522000000004,67166.37585000001
1713830400000,155.51,0.8454279474183046,159.33,155.43,155.51,670154.05,62.57952088014545,4.818250360557229,64080.849799999996,67169.6286
1713844800000,153.62,0.8335599785717228,156.82,153.04,153.62,692920.52,58.30592221911703,4.744089620517427,64089.6088,67160.925
1713859200000,154.08,0.8180656859109078,155.6,153.16,154.08,535694.48,59.03910399217518,4.579511790480468,64107.7248,67157.8727
1713873600000,157.92,0.8217744261754645,159.77,153.57,157.92,1099818.14,64.63054482556322,4.695260948303293,64110.83920000001,67155.04455
1713888000000,157.48,0.8535871760003296,160.0,157.12,157.48,552829.62,63.55990435442012,4.565599451995914,64123.3254,67152.2467
1713902400000,154.75,0.8499608521860964,157.78,154.57,154.75,550855.3,57.22570608893138,4.468770919710492,64160.2292,67151.52785
1713916800000,156.73,0.8273787447974615,158.89,154.42,156.73,862194.63,60.3147545087544,4.468858711159743,64226.36980000001,67158.44985
1713931200000,157.84,0.843614785511188,159.8,156.26,157.84,939702.02,61.97273504948682,4.402511660362619,64290.587999999996,67164.098
1713945600000,159.33,0.8528454279474182,159.39,156.5,159.33,559650.23,64.13857271131289,4.29447511319386,64362.8984,67167.04565
1713960000000,151.51,0.865043062595294,159.67,151.1,151.51,1788056.88,48.5195802882927,4.599869747965727,64384.7768,67159.20615
1713974400000,149.83,0.8006758148926525,153.85,147.4,149.83,1488552.87,45.931760515918725,4.732021908825317,64402.4026,67157.91695
1713988800000,147.78,0.7867474347879836,150.49,145.58,147.78,853806.37,42.92333209705353,4.744734629623508,64452.9504,67159.97970000001
1714003200000,146.03,0.7700168953723162,149.6,144.75,146.03,841499.69,40.485546706531984,4.7522535846504,64484.162000000004,67162.0551
1714017600000,146.3,0.755511600115383,148.55,144.73,146.3,666118.79,41.04190667090665,4.685664042889658,64488.654,67163.16185
1714032000000,144.8,0.7577368442741171,147.5,143.13,144.8,902302.33,38.86801469890408,4.663116611254684,64489.0382,67164.688
1714046400000,147.81,0.7453743767255945,148.47,142.09,147.81,1206599.98,45.14675700403258,4.785751139022206,64505.800200000005,67162.49065
1714060800000,146.86,0.7701817282729633,149.6,146.53,146.86,972860.17,43.623861658255144,4.663197486234905,64548.8416,67163.0781
1714075200000,144.84,0.7623521654922323,148.9,144.71,144.84,828084.31,40.49586267900102,4.629397665789554,64632.70939999999,67160.04955
1714089600000,143.25,0.7456216260765649,145.09,141.44,143.25,933837.03,38.17549095521955,4.559440689661729,64699.8872,67157.59125
1714104000000,143.45,0.7326822433757777,144.85,142.4,143.45,429890.93,38.6516666594405,4.40876635468589,64759.8788,67159.02595
1714118400000,143.15,0.7343305723822475,144.6,142.26,143.15,482312.43,38.176680816173494,4.260997329351184,64804.9992,67160.43115
1714132800000,142.7,0.7317756624222195,146.19,141.11,142.7,1024734.16,37.43357663128718,4.319497520111812,64851.502,67155.0301
1714147200000,142.65,0.7280669221576626,144.25,141.69,142.65,406828.41,37.34659156751762,4.193819125818112,64874.3846,67147.0703
1714161600000,139.23,0.7279845057073391,143.81,138.74,139.23,471750.55,31.888313055892667,4.25640347397396,64879.8108,67137.55355
1714176000000,136.3,0.6994684138954134,140.22,132.88,136.3,1188124.86,28.09929756396366,4.476660368690106,64871.9102,67123.7485
1714190400000,136.15,0.675237977500309,137.23,135.54,136.15,430598.99,27.916418973507845,4.277613199497956,64861.845199999996,67102.5327
1714204800000,135.89,0.6741665636461037,136.81,135.26,135.89,365673.1,27.581338200844257,4.082783685248102,64883.385200000004,67080.0934
1714219200000,137.72,0.6718589030370461,139.83,135.68,137.72,596368.54,33.62062156331348,4.087584850587524,64851.4766,67060.7462
1714233600000,142.3,0.6870235298965673,142.5,137.46,142.3,842271.15,45.80247655055674,4.155614504116985,64821.10399999999,67043.45599999999
1714248000000,141.31,0.7247702641447233,143.04,140.0,141.31,398025.27,43.925945469798116,4.075927753822914,64801.60019999999,67011.80565000001
1714262400000,143.83,0.7166110355626983,144.82,140.74,143.83,459454.4,49.58772703048156,4.076218628549848,64795.5276,66977.1093
1714276800000,143.54,0.7373799810442165,144.47,142.88,143.54,763064.64,48.9748875468236,3.89863158365343,64797.4774,66947.28675
1714291200000,141.2,0.7349899039848352,143.93,140.89,141.2,476500.19,44.22539905835399,3.837300756249615,64788.037599999996,66912.59125
1714305600000,141.98,0.7156220381588164,142.96,141.11,141.98,491143.12,46.10173920962422,3.695350702231785,64779.61319999999,66877.85935
1714320000000,142.06,0.7221329377343717,144.0,141.79,142.06,269220.83,46.30127423854402,3.589254223500944,64780.0796,66843.046
1714334400000,137.99,0.7227922693369596,142.34,137.03,137.99,492530.38,38.49359481802768,3.7121646361080196,64746.285,66807.3891
1714348800000,134.93,0.6892487740553015,138.93,134.52,134.93,635721.83,33.86928653706531,3.762010019243161,64694.5496,66771.3991
1714363200000,134.96,0.6640293402563152,136.77,134.0,134.96,604121.523,33.95305789103311,3.691152160725793,64643.737400000005,66733.459
1714377600000,134.68,0.6641941731569619,136.71,133.67,134.68,573284.528,33.52618563240243,3.6446412921025235,64585.4574,66692.79905
1714392000000,136.49,0.6618865125479044,137.68,133.94,136.49,842632.269,38.875969635072046,3.651452628380915,64543.2256,66659.36445
1714406400000,134.98,0.6768863065067788,136.68,133.38,134.98,1077050.195,36.254579977569826,3.6263488692108505,64498.2928,66623.19765
1714420800000,137.77,0.6644414225079325,138.69,134.05,137.77,535073.152,43.79563840870566,3.6987525214100745,64474.739,66598.15765000001
1714435200000,136.51,0.6876004450488317,139.77,134.98,136.51,573186.102,41.41293308749271,3.776698769880785,64456.93880000001,66573.1376
1714449600000,135.1,0.6771335558577493,136.77,134.66,135.1,876377.0,38.86476115765854,3.657648857746444,64421.090599999996,66541.53135
1714464000000,128.78,0.6652655870111674,135.53,128.26,128.78,1198528.552,29.96482120806482,3.9156739393359845,64331.109,66501.10345000001
1714478400000,127.76,0.6133432233073721,130.39,126.7,127.76,1121239.215,28.817829908020784,3.899554372240556,64227.445999999996,66453.09255
1714492800000,123.04,0.6048543289240532,127.75,121.21,123.04,1432050.873,24.20131798750849,4.088871917080517,64095.755600000004,66396.3214
1714507200000,126.77,0.566036180821692,128.81,123.01,126.77,825173.746,33.29542067476213,4.211095351574765,63989.308000000005,66343.22945
1714521600000,126.23,0.5966951003420283,127.57,123.77,126.23,812778.056,32.684051279837675,4.181731397890853,63863.7332,66290.46830000001
1714536000000,120.58,0.5923270284748836,126.9,118.47,120.58,1564562.694,27.081014333453325,4.485179155184364,63677.346600000004,66224.06525
1714550400000,123.06,0.5456793175917912,123.09,118.6,123.06,1211712.457,32.547096641712514,4.485523501242624,63506.6158,66161.3465
1714564800000,123.4,0.566201013722339,125.03,121.41,123.4,947679.055,33.28545634644759,4.423700394011008,63322.34,66096.80649999999
1714579200000,129.73,0.5690031730333375,135.97,122.64,129.73,2451603.724,45.29221877793898,5.05986465158165,63140.5496,66030.86495
1714593600000,134.64,0.6212552025384267,135.21,128.81,134.64,1002989.285,52.44198129646112,5.155588605040104,62979.4578,65976.7898
1714608000000,130.06,0.661639263196934,134.98,128.66,130.06,1006311.599,46.35616691027136,5.238760847537239,62798.6268,65915.67425
1714622400000,131.39,0.6238925289487781,135.5,128.19,131.39,938585.422,48.23482665767678,5.3867065012845785,62623.9684,65854.82695
1714636800000,138.74,0.6347715003914781,138.97,131.08,138.74,1256214.232,57.16308750813449,5.565513179764251,62462.9988,65798.7553
1714651200000,139.09,0.6954300078295628,140.46,135.06,139.09,1317598.233,57.53865529068337,5.55369080978109,62315.6638,65745.81515000001
1714665600000,138.05,0.6983970000412081,139.84,136.96,138.05,530073.122,55.96842541531783,5.362712894796727,62171.255600000004,65691.65295
1714680000000,137.58,0.6898256892075658,140.9,135.55,137.58,694683.013,55.234814757804585,5.361804830882675,62060.265600000006,65636.95605
1714694400000,141.01,0.6858696995920386,141.96,136.72,141.01,761263.867,59.415641533593956,5.353104485819627,61975.1504,65586.07585
1714708800000,137.23,0.7141385420529937,141.55,136.68,137.23,592756.775,53.48703442761362,5.318597022546797,61873.1734,65534.118650000004
1714723200000,136.88,0.6829851238307165,139.18,135.88,136.88,633247.046,52.960093957821584,5.174411520936312,61773.355,65480.991050000004
1714737600000,142.09,0.6801005480693946,143.97,136.47,142.09,1544438.09,59.375899027327584,5.340524983726575,61726.81,65437.936100000006
1714752000000,142.77,0.7230395186879301,143.16,141.14,142.77,396575.749,60.14004683525713,5.103344627746106,61690.9318,65396.422750000005
1714766400000,143.69,0.7285614208596034,145.0,142.45,143.69,596574.029,61.203336481259484,4.920962868621385,61665.85319999999,65358.927149999996
1714780800000,144.22,0.736308567190011,145.0,142.22,144.22,439188.913,61.834952783013904,4.768036949434143,61625.390999999996,65317.42965
1714795200000,143.96,0.7405118061565089,146.5,143.71,143.96,792832.95,61.30765515241963,4.626748595903132,61594.6048,65275.82475
1714809600000,146.49,0.7384513948984217,149.14,143.92,146.49,586964.44,64.48165139533228,4.669123696195766,61584.4462,65242.25125
1714824000000,146.18,0.7595500061812338,148.26,145.6,146.18,456236.343,63.791145146665095,4.525614860753211,61571.0906,65212.322400000005
1714838400000,147.4,0.7567478468702353,147.5,145.25,147.4,320023.304,65.36314580411715,4.363070942127981,61564.63380000001,65184.62825
1714852800000,146.05,0.7668850702600238,147.87,145.8,146.05,212757.29,62.14783782452676,4.199280160547411,61572.4102,65162.9027
1714867200000,144.62,0.75567643301603,147.25,143.1,144.62,543704.63,58.84572791670325,4.19576014907974,61562.287800000006,65130.842300000004
1714881600000,145.64,0.7438908806197717,146.0,144.14,145.64,460898.888,60.459550970344985,4.028920138431188,61561.625,65101.277649999996
1714896000000,146.63,0.7523797750030906,146.74,145.11,146.63,230166.448,62.01643553972015,3.857568699971817,61577.1774,65087.05595000001
1714910400000,147.49,0.760456587134792,148.0,145.35,147.49,384927.688,63.36586053944778,3.7713137928309735,61606.4138,65076.9217
1714924800000,146.07,0.7676268183129352,147.88,145.67,146.07,303431.932,59.60073691649141,3.659791379057333,61626.769799999995,65068.207949999996
1714939200000,145.73,0.7558412659166769,146.13,144.7,145.73,208720.677,58.70134860741394,3.500520566267524,61647.974799999996,65063.81795
1714953600000,146.28,0.753121523056002,148.08,145.4,146.28,329110.456,59.75921426010032,3.441911954391273,61658.26440000001,65053.576400000005
1714968000000,148.73,0.7574895949231467,149.34,145.93,148.73,402238.186,64.162893357376,3.43963252907761,61679.8398,65048.9602
1714982400000,153.99,0.7778464581530474,156.89,148.73,153.99,1552163.984,71.39939645985591,3.776801634143495,61683.4786,65038.84904999999
1714996800000,153.82,0.8211150945728768,156.31,149.72,153.82,1400349.58,70.90108992158953,3.9777443745618166,61677.8088,65026.32915
1715011200000,153.48,0.8197964313677011,154.21,150.84,153.48,646364.885,69.85108846418524,3.9343340620931158,61672.528600000005,65012.13035
1715025600000,152.82,0.8169942720567025,155.74,152.5,152.82,457214.476,67.75350870782877,3.8847387719436077,61665.032400000004,64998.77625
1715040000000,153.89,0.8113899534347055,158.05,151.92,153.89,804075.532,69.3599304635619,4.045114573947638,61655.212400000004,64986.053700000004
1715054400000,155.13,0.8202085136193183,156.27,153.13,155.13,550076.5,71.1534012823215,3.980463532951379,61666.2338,64974.58575
1715068800000,154.97,0.8305929863600773,159.19,154.84,154.97,914361.312,70.57933097241575,4.006858994883423,61690.44899999999,64963.93785
1715083200000,154.71,0.8291919067045782,157.07,152.01,154.71,950603.511,69.59668735278922,4.08208335239175,61717.259000000005,64952.18225
1715097600000,151.19,0.8269666625458441,155.5,150.77,151.19,689629.914,57.85313702716877,4.128363112935196,61733.3392,64935.71395
1715112000000,148.03,0.7979560720319776,152.43,147.76,148.03,577632.827,49.739085790887785,4.167051462011254,61718.7994,64909.034400000004
1715126400000,149.5,0.7719948901800799,149.96,147.2,149.5,517330.2,53.03871926426789,4.066547786153309,61716.9318,64881.00435
1715140800000,146.42,0.7841101083776322,152.0,145.74,146.42,988747.045,46.195601576955255,4.223222944285214,61683.771799999995,64849.6054
1715155200000,145.39,0.7586434252276754,147.0,144.78,145.39,568455.844,44.14440248817983,4.0801355911219845,61655.68,64821.50245
1715169600000,145.86,0.7502369472946798,148.94,144.4,145.86,767439.347,45.33713993795294,4.112983048898985,61638.1668,64798.21415
1715184000000,145.48,0.7541105204598839,149.12,144.65,145.48,790333.054,44.50957511096137,4.138484259691915,61657.667400000006,64776.721399999995
1715198400000,142.18,0.7509786953475912,145.93,140.0,142.18,900959.851,38.01924968451149,4.266449669713922,61665.59099999999,64741.73345
1715212800000,144.14,0.7236988502905178,144.87,141.92,144.14,431615.652,43.30698149579618,4.172417550448643,61713.34,64713.073449999996
1715227200000,143.27,0.7398524745539209,145.89,142.09,143.27,715446.301,41.61007108906587,4.145816296845168,61724.96319999999,64680.236150000004
1715241600000,142.8,0.7326822433757777,144.01,140.61,142.8,550536.29,40.68265719374444,4.0925437042133685,61741.1224,64646.56605
1715256000000,146.47,0.7288910866608975,148.0,141.62,146.47,809945.075,50.04540767618341,4.255933439626699,61834.3038,64617.40125
1715270400000,150.86,0.7591379239296163,150.98,145.73,150.86,709853.806,58.48642894411162,4.326938193939077,61925.4328,64591.33505
1715284800000,152.57,0.7952363291713025,153.39,149.25,152.57,694742.784,61.23422395949636,4.31358546580057,62049.193,64566.185099999995
1715299200000,153.93,0.8093295421766185,155.0,151.34,153.93,479082.477,63.31402497161677,4.266900789671958,62168.426799999994,64539.46600000001
1715313600000,154.34,0.8206205958709358,155.75,152.27,154.34,516045.972,63.94208839811795,4.210693590409674,62262.6878,64510.3761
1715328000000,155.01,0.8240820867845221,155.18,152.97,155.01,398796.996,64.99668942262048,4.067786905380412,62379.822799999994,64479.834
1715342400000,146.94,0.829521572505872,155.4,145.34,146.94,1475250.359,47.12032164803501,4.495802126424669,62444.7616,64437.654050000005
1715356800000,147.17,0.7630939135451434,148.78,145.12,147.17,852954.227,47.562976329982,4.436101974537193,62487.9078,64394.45390000001
1715371200000,146.01,0.7649070754522601,148.05,144.49,146.01,402645.177,45.494502575492014,4.373523262070251,62518.6246,64350.73514999999
1715385600000,143.64,0.7554291836650596,147.7,143.33,143.64,580791.517,41.521414675714645,4.373271600493803,62546.24039999999,64309.0546
1715400000000,145.78,0.7358964849383937,146.46,143.54,145.78,295266.609,46.098803150297734,4.269466486172818,62585.39859999999,64267.34524999999
1715414400000,144.25,0.7533687724069724,145.86,143.12,144.25,303068.822,43.47846432981349,4.160218880017617,62604.6728,64223.470550000005
1715428800000,145.65,0.7407590555074793,147.04,143.86,145.65,400013.452,46.476479071254126,4.090203245730644,62644.3416,64175.8483
1715443200000,146.44,0.7523797750030906,146.71,144.81,146.44,271612.524,48.147840585214745,3.9337601567498837,62681.39980000001,64119.5483
1715457600000,145.42,0.7588082581283224,146.54,145.09,145.42,166279.89,46.14428494730353,3.756348716982034,62664.104799999994,64064.80835
1715472000000,146.4,0.7504841966456504,146.95,145.2,146.4,165344.663,48.36738643556688,3.6130380943404603,62641.3584,64010.62835
1715486400000,144.22,0.7586434252276754,147.8,143.65,144.22,313948.17,44.014855426211184,3.651392516173285,62600.118200000004,63956.62835
1715500800000,145.07,0.7406766390571556,146.36,143.83,145.07,288121.494,46.053310605354234,3.5712930507323364,62568.5582,63905.93335
1715515200000,145.2,0.7475996208843284,145.72,144.0,145.2,231009.327,46.374902848301495,3.4390578328228836,62537.7576,63861.108400000005
1715529600000,144.96,0.7486710347385337,146.4,144.35,144.96,199633.536,45.8317033777777,3.3398394161926785,62488.4134,63814.16465
1715544000000,143.43,0.7466930399307702,145.27,142.5,143.43,224490.437,42.420431896411635,3.299136600750345,62445.909799999994,63775.2646
1715558400000,140.13,0.7340009065809534,145.94,138.35,140.13,937470.432,36.16759490238664,3.605626843553892,62390.88619999999,63736.11075
1715572800000,143.56,0.7068858944245271,144.2,137.78,143.56,734323.068,45.20793114506007,3.806653497585756,62359.732800000005,63702.052599999995
1715587200000,145.62,0.7351547368854823,147.5,143.55,145.62,1028681.532,49.80578173080554,3.816892533472487,62349.7742,63669.9917
1715601600000,147.26,0.7520501092017967,148.28,144.8,147.26,654899.727,53.17461721204292,3.7928287810815937,62335.076799999995,63638.3203
1715616000000,148.81,0.7656488235051715,150.88,145.79,148.81,745705.742,56.16882382949305,3.8854838681471944,62321.337999999996,63608.96875
1715630400000,147.54,0.7783409568549883,149.61,146.76,147.54,306849.422,53.168870031300145,3.8115207347081106,62291.5666,63580.38255
1715644800000,146.34,0.7678740676639056,148.27,145.7,146.34,403642.992,50.42821100969589,3.7228406822289615,62263.737,63542.4049
1715659200000,146.54,0.757901677174764,149.09,143.71,146.54,648225.377,50.88263999501915,3.841209204926893,62224.20480000001,63499.426450000006
1715673600000,146.59,0.7597148390818806,147.48,145.36,146.59,359150.5,51.00356624770641,3.718265690289256,62182.844399999994,63454.16095
1715688000000,142.92,0.7601269213334981,148.42,141.84,142.92,1127654.752,42.6947236927138,3.9226752838400225,62127.7816,63409.419050000004
1715702400000,143.8,0.7298800840647792,144.68,141.82,143.8,624451.867,45.00806789251969,3.846769906422879,62075.6408,63367.48585
1715716800000,142.03,0.737132731693246,143.91,141.9,142.03,226807.883,41.38893006885109,3.7155720559641017,62034.5504,63325.3733
1715731200000,143.96,0.7225450199859892,144.18,141.21,143.96,309201.85,46.44574926394092,3.662316909109523,62009.150200000004,63282.8249
1715745600000,144.29,0.7384513948984217,144.62,143.12,144.29,471707.757,47.283254786195855,3.5078657013159855,61989.7472,63243.76895
1715760000000,144.19,0.7410887213087732,146.08,143.11,144.19,519164.028,47.043171972417944,3.469446722650558,61974.301,63201.218499999995
1715774400000,151.61,0.7403469732558619,154.06,143.64,151.61,1831283.631,62.32801045905934,3.9659148138898055,61995.4094,63171.024000000005
1715788800000,154.92,0.8014999793958875,155.0,150.99,154.92,766870.207,66.91547356296479,3.9690637557548185,62045.7254,63146.5351
1715803200000,158.52,0.8287798244529606,158.88,154.25,158.52,987046.73,71.0453040555651,4.016273487486616,62095.04579999999,63130.831099999996
1715817600000,163.11,0.8584497465694153,163.9,158.14,163.11,1019708.931,75.28190175554595,4.1408253812375735,62153.3534,63126.48815
1715832000000,162.78,0.8962788972678948,163.64,161.31,162.78,605216.847,74.43860125333978,4.011480711149174,62229.9642,63121.618650000004
1715846400000,163.73,0.8935591544072197,164.79,161.77,163.73,514599.316,75.29651638275678,3.9406606603528034,62302.1604,63118.3349
1715860800000,160.45,0.9013063007376272,163.74,157.6,160.45,1033162.377,66.94247882850152,4.097756327470462,62374.378000000004,63110.1967
1715875200000,159.08,0.8744385379321713,160.55,156.46,159.08,748831.648,63.76044853644851,4.0972023040797145,62433.246999999996,63099.330949999996
1715889600000,159.37,0.8631474842378538,159.59,157.41,159.37,278593.646,64.14892686270224,3.9602592823597353,62492.4896,63087.12699999999
1715904000000,162.19,0.865372728396588,162.85,159.32,162.19,588047.871,67.7673232921592,3.929526476476897,62560.5912,63091.109599999996
1715918400000,169.2,0.8887790002884575,170.0,161.0,169.2,1166813.444,74.62371501723499,4.2917031567285475,62664.4694,63103.42175
1715932800000,167.46,0.9464705155148966,170.0,167.21,167.46,610247.53,70.60882066870663,4.184438645533651,62755.221399999995,63117.324
1715947200000,169.69,0.9321300531586104,170.93,165.78,169.69,703522.0,72.64045883714556,4.253407313709819,62874.06020000001,63130.977999999996
1715961600000,168.89,0.950426505130424,174.0,166.19,168.89,769476.707,70.75102412981482,4.507449648444832,62993.9402,63145.38769999999
1715976000000,169.44,0.9439156055548685,169.85,167.35,169.44,259079.289,71.30365767126341,4.36406038784163,63091.238999999994,63159.60285
1715990400000,173.2,0.948366093872337,174.86,168.65,173.2,634933.988,74.80794714274901,4.495913217281514,63181.041600000004,63173.485
1716004800000,172.31,0.9795195120946141,173.9,172.05,172.31,284887.151,72.54957682096132,4.30691941604712,63257.301400000004,63179.6108
1716019200000,174.4,0.972019615115177,176.06,172.13,174.4,660216.982,74.49666391335805,4.279996600615183,63342.7946,63189.87395000001
1716033600000,172.42,0.9894094861334322,174.7,171.65,172.42,560069.633,69.46938073693472,4.19213970057124,63417.7068,63192.6729
1716048000000,172.25,0.9730086125190587,172.65,170.0,172.25,474927.8,69.03859936946054,4.081986864816153,63489.9666,63197.9354
1716062400000,172.4,0.9716075328635595,173.65,171.62,172.4,259438.443,69.21996691944474,3.9354163744721418,63609.7102,63209.66735
1716076800000,174.32,0.9728437796184118,175.16,171.98,174.32,311572.914,71.51970376102864,3.881458062009846,63738.775,63229.01285
1716091200000,174.17,0.9886677380805208,175.5,172.35,174.17,287616.612,71.07292965784102,3.829211057580572,63869.264,63248.5351
1716105600000,171.76,0.9873490748753451,174.58,170.79,171.76,471822.501,64.14021734047026,3.8264102677533893,64001.226,63270.405099999996
1716120000000,168.29,0.9674867103473853,171.84,165.96,168.29,801343.507,55.71353214624401,3.9730952486281472,64118.6532,63287.27355
1716134400000,169.3,0.9388882020851361,171.79,167.24,169.3,524725.023,57.465182800399205,4.014302730868993,64225.6532,63301.96975
1716148800000,169.93,0.947377096468455,171.7,168.21,169.93,299903.517,58.56605423834794,3.97685253580692,64327.64979999999,63324.52880000001
1716163200000,172.15,0.9524869163885111,173.5,167.47,172.15,515680.309,62.27164155576084,4.123505926106426,64438.2742,63344.29775
1716177600000,178.03,0.970700951910001,178.66,171.8,178.03,1242368.097,69.9399488527108,4.3189697885273945,64558.2572,63359.4565
1716192000000,177.7,1.01916182470021,179.41,175.69,177.7,642669.749,69.0912068893947,4.276186232204009,64679.5412,63375.217399999994
1716206400000,179.01,1.0166893311905056,179.5,175.33,179.01,523227.566,70.61564089036392,4.268601501332293,64811.541,63395.828149999994
1716220800000,187.25,1.027321053282235,188.32,178.11,187.25,1411629.653,77.97427731029208,4.6929871083799855,64988.620800000004,63432.8529
1716235200000,186.7,1.0952322083487862,187.7,182.25,186.7,1354993.624,76.59546753039012,4.747059457781414,65189.173200000005,63488.561250000006
1716249600000,184.27,1.0906168871306712,188.89,182.79,184.27,940460.074,70.65116894463927,4.843698067939884,65386.7312,63539.8695
1716264000000,181.28,1.070672106152388,185.03,180.02,181.28,915949.111,64.06314184707755,4.8555767773727485,65574.61720000001,63587.8741
1716278400000,180.4,1.046029587505666,183.84,180.39,180.4,596580.736,62.22410327248702,4.755178436131838,65773.8172,63633.5841
1716292800000,176.75,1.0388593563275228,181.41,176.0,176.75,1152303.911,55.15214212861371,4.8019514049795635,65923.6696,63676.82865
1716307200000,175.3,1.0086949355091275,178.92,174.37,175.3,697821.692,52.594827991358,4.78395487605245,66054.6294,63710.269
1716321600000,178.15,0.9969093831128693,178.63,175.15,178.15,424664.54,56.831725202645416,4.690815242048702,66197.5562,63743.517199999995
1716336000000,177.95,1.0202332385544155,179.29,176.51,177.95,396884.921,56.45043180208385,4.554328439045223,66333.21680000001,63775.910599999996
1716350400000,179.89,1.0185849095479456,183.09,174.96,179.89,824944.422,59.30270063990344,4.809733550541992,66468.7152,63807.1352
1716364800000,178.06,1.0345737009107017,181.35,178.02,178.06,436735.778,55.60322135336432,4.704038296931849,66613.6686,63846.89015
1716379200000,181.39,1.0195739069518275,182.77,176.09,181.39,826542.885,60.43944455530896,4.845178418579574,66782.0788,63876.43375
1716393600000,178.36,1.0469361684592242,185.0,177.35,178.36,851111.089,54.610206714460155,5.045522817252462,66938.85680000001,63900.26739999999
1716408000000,176.95,1.0219639840112087,180.8,176.29,176.95,936681.032,52.0923753471767,5.007271187448716,67086.43699999999,63923.91465
1716422400000,178.79,1.010425680965921,179.37,175.62,178.79,379238.549,55.00762108778993,4.917466102630951,67243.42940000001,63949.519100000005
1716436800000,177.44,1.0255078913751183,178.86,176.25,177.44,729990.36,52.48414448458367,4.75264709530017,67406.5604,63979.09925
1716451200000,175.67,1.0144640870317714,177.98,172.59,175.67,963573.065,49.29134759340377,4.798172302778728,67567.215,64009.23285
1716465600000,172.7,0.9997939588741911,176.99,168.82,172.7,1271448.966,44.40947263180025,5.039017138294534,67684.83420000001,64029.80675000001
1716480000000,170.92,0.9752338566777928,175.25,170.54,170.92,534440.056,41.74120620795281,5.015515914130639,67779.4902,64047.27079999999
1716494400000,176.16,0.9606461449705359,181.04,165.35,176.16,1720230.634,51.06277271738165,5.7779790631213075,67844.38100000001,64063.0773
1716508800000,172.01,1.0037499484897185,176.15,171.53,172.01,782830.773,44.93113736700539,5.695980558612642,67882.09300000001,64078.204249999995
1716523200000,166.16,0.9695471216054724,172.01,165.12,166.16,1309117.631,38.00346184147642,5.781267661568881,67901.0816,64089.28095
1716537600000,166.34,0.921333498166234,166.62,162.5,166.34,932422.118,38.31859615776428,5.662605685742533,67928.5736,64100.1809
1716552000000,167.29,0.9228994107223801,169.12,165.11,167.29,951745.55,40.050600122824456,5.544562422475209,67972.2504,64116.0599
1716566400000,168.33,0.9307289735031111,170.61,164.73,168.33,600377.852,41.971609884962426,5.5685222494412665,68024.494,64135.469750000004
1716580800000,167.7,0.9393002843367536,168.75,166.66,167.7,243166.718,41.1121864349929,5.320056374481176,68079.11619999999,64153.00125
1716595200000,169.66,0.9341080479663739,169.8,165.9,169.66,356935.032,44.89278235549858,5.218623776303949,68150.5362,64174.10050000001
1716609600000,168.99,0.9501792557794536,170.16,168.11,168.99,242806.162,43.85628059716293,4.992293506567952,68220.9104,64193.16435000001
1716624000000,168.61,0.9447397700581036,170.55,168.37,168.61,394336.979,43.24641088190028,4.791415398955956,68291.3132,64210.17020000001
1716638400000,167.83,0.9416079449458112,168.91,166.48,167.83,389874.692,41.956671422832066,4.622742870459102,68342.1824,64224.92220000001
1716652800000,167.23,0.9351794618205794,168.08,166.35,167.23,283289.871,40.945103109145435,4.4161183797120245,68400.9288,64241.311449999994
1716667200000,168.35,0.9302344748011702,168.66,166.55,168.35,244200.399,43.67500361222687,4.251395638304022,68442.8382,64257.792400000006
1716681600000,166.28,0.9394651172374004,168.4,164.81,166.28,375134.79,39.99511355713179,4.204153092710877,68483.3508,64270.53665
1716696000000,165.33,0.9224049120204393,167.02,164.56,165.33,420874.581,38.396189052830834,4.079570728945815,68529.6738,64283.140799999994
1716710400000,164.02,0.9145753492397083,165.65,162.23,164.02,715298.217,36.244425167470695,4.032458534021115,68573.47099999999,64296.64029999999
1716724800000,162.85,0.9038612106976552,165.85,162.37,162.85,623994.432,34.39069428259103,3.992997210162464,68612.6908,64310.3813
1716739200000,162.71,0.894136069559484,163.49,161.14,162.71,622801.152,34.165519189198704,3.875640266579432,68646.9452,64324.679050000006
1716753600000,163.41,0.8929822392549553,164.16,161.0,163.41,368014.817,36.40754040777513,3.824523104680901,68680.626,64335.1196
1716768000000,165.38,0.8988338072279225,166.65,163.26,165.38,580611.171,42.35710218662857,3.7934857400608375,68719.8422,64347.0646
1716782400000,165.52,0.9149874314913256,166.43,163.83,165.52,421905.521,42.766903262087126,3.70823675862792,68754.4054,64358.2114
1716796800000,167.74,0.9162236782461779,168.08,165.0,167.74,517665.741,48.963049097181006,3.6633627044402126,68779.68639999999,64367.34199999999
1716811200000,171.04,0.9343552973173443,171.47,166.68,171.04,725623.665,56.501680563121305,3.743836796980197,68840.6746,64386.05675000001
1716825600000,168.65,0.9615527259240944,172.28,166.98,168.65,660496.813,50.66477634529459,3.854991311481612,68879.2748,64399.4992
1716840000000,170.15,0.9418551942967814,171.67,168.36,170.15,353714.144,53.884691034848785,3.816063360661495,68930.2058,64423.6308
1716854400000,167.4,0.9543000782956278,172.09,166.05,167.4,701626.042,47.73378296372317,3.974915977757102,68970.53159999999,64444.00199999999
1716868800000,166.09,0.9316355544566696,167.58,164.92,166.09,462066.447,45.09315196303918,3.880993407917311,68998.9314,64461.02404999999
1716883200000,169.81,0.9209214159146164,170.38,165.88,169.81,542867.486,53.037987176766805,3.925208164494646,69033.22439999999,64481.56335
1716897600000,168.28,0.9514979189846293,173.24,166.72,168.28,1229770.337,49.84350735294514,4.110550438459315,69064.2032,64503.3438
1716912000000,170.39,0.9390530349857832,170.78,166.0,170.39,605597.764,53.96171256081337,4.1583682642836495,69092.805,64526.159100000004
1716926400000,168.68,0.9562780731033913,170.74,168.31,168.68,237323.267,50.35337043835067,4.034913388263389,69112.37299999999,64547.47135
1716940800000,172.35,0.9421848600980756,172.55,167.44,172.35,378770.046,56.99925245123356,4.111705289101719,69088.9616,64567.8829
1716955200000,170.8,0.9724316973667944,173.93,170.79,170.8,519578.268,53.72800151040944,4.042297768451598,69018.9672,64585.125700000004
1716969600000,168.28,0.9597395640169778,171.06,167.56,168.28,565052.797,48.82214252304145,4.003562213562199,68948.559,64602.03745
1716984000000,168.6,0.9388882020851361,170.0,167.0,168.6,608571.457,49.45330512582974,3.931879198307756,68878.5758,64617.54835
1716998400000,169.41,0.9416079449458112,171.86,167.53,169.41,614669.599,51.09734124062648,3.960316398428631,68801.31139999999,64632.66215
1717012800000,168.32,0.9482012609716899,169.94,167.77,168.32,259635.127,48.797275105311165,3.832436655683728,68757.82,64653.40815
1717027200000,169.99,0.93921786788643,170.97,167.9,169.99,336282.029,52.337216550780525,3.7779768945634613,68734.4642,64675.2889
1717041600000,165.0,0.9529814150904521,170.89,164.23,165.0,714643.545,42.81267417924597,3.983835687808928,68683.18860000001,64694.36165
1717056000000,166.2,0.9117731899287098,167.28,163.55,166.2,498420.891,45.386611706167685,3.965704567251147,68640.4144,64718.03665
1717070400000,168.48,0.9217455804178513,169.66,166.0,168.48,625043.108,49.99209448571125,3.943868526733208,68616.7296,64745.8563
1717084800000,168.42,0.9404541146412824,173.0,167.88,168.42,757940.496,49.87290394650643,4.027877917680836,68595.0674,64774.810699999995
1717099200000,166.88,0.9401244488399885,168.43,166.18,166.88,375436.978,46.789416164317586,3.900886637846491,68552.9928,64801.81279999999
1717113600000,167.24,0.9273498990398482,167.56,165.52,167.24,237144.66,47.60493578753855,3.7679661637145982,68530.9596,64827.7313
1717128000000,166.62,0.9303993077018172,167.68,165.0,166.62,294917.926,46.289137395563024,3.6902542948778416,68511.12700000001,64851.29635
1717142400000,168.75,0.9252070713314378,168.98,166.03,168.75,343860.024,51.272100335444094,3.6373789881008523,68489.1988,64872.9369
1717156800000,164.81,0.9426793588000165,170.94,164.75,164.81,1015530.491,43.27451254253558,3.819709060379363,68438.8296,64889.437300000005
1717171200000,166.33,0.910289693822887,167.01,163.67,166.33,456687.321,46.72688802915862,3.785444127495123,68392.7952,64910.42225
1717185600000,165.65,0.9228994107223801,167.04,165.04,165.65,244595.966,45.39580389453094,3.657912404102614,68382.07539999999,64930.422300000006
1717200000000,167.02,0.9172126756500597,167.82,165.64,167.02,229778.357,48.57425529993662,3.5523472323809995,68392.382,64950.34640000001
1717214400000,166.85,0.9285037293443772,167.45,166.3,166.85,150431.556,48.199330985453685,3.3807510014966407,68385.63059999999,64972.913700000005
1717228800000,166.88,0.9271026496888778,167.36,166.56,166.88,181278.299,48.275205032504246,3.1964116442468815,68381.0054,64999.818199999994
1717243200000,167.31,0.9274323154901717,167.95,166.78,167.31,179675.638,49.418817144267784,3.0516679553721033,68391.7124,65026.274699999994
1717257600000,167.45,0.9308938064037582,167.66,166.85,167.45,134291.591,49.80791556118687,2.8915488157026674,68399.78779999999,65053.763499999994
1717272000000,166.14,0.93188280380764,167.77,165.69,166.14,195043.487,46.224703126243995,2.8335810431524777,68388.5956,65077.4024
1717286400000,166.2,0.9212510817159103,167.1,165.42,166.2,225049.675,46.414847421108234,2.7511823972130154,68362.0654,65101.4129
1717300800000,165.02,0.9217455804178513,166.53,164.93,165.02,211143.197,43.181075554207844,2.668955083126371,68345.4856,65120.6879
1717315200000,166.05,0.9120204392796802,166.16,164.0,166.05,276064.453,46.6735634961338,2.6326011486173444,68335.359,65143.70555
1717329600000,165.16,0.9205093336629991,166.29,164.61,165.16,260463.365,44.14837338940323,2.56455820943039,68323.12400000001,65168.672699999996
1717344000000,163.12,0.9132566860345324,165.37,161.32,163.12,498173.663,38.94695834851729,2.670661194471077,68295.76959999999,65201.335349999994
1717358400000,163.15,0.8962788972678948,163.74,161.73,163.15,198683.633,39.060663540013316,2.6234711091517156,68272.4742,65236.17925
1717372800000,163.59,0.896526146618865,165.23,161.79,163.59,372640.329,40.80205232937832,2.6817946013551643,68257.024,65281.62855
1717387200000,165.35,0.9002348868834219,165.79,162.64,165.35,305890.845,47.29037745694301,2.71523784411551,68249.34659999999,65322.80205
1717401600000,164.83,0.9147401821403551,166.85,164.51,164.83,271345.305,45.696750628255224,2.688435140964402,68249.4742,65366.9719
1717416000000,164.83,0.9103721102732104,167.21,163.0,164.83,699068.522,45.696750628255224,2.7971183451812314,68254.9768,65427.54835
1717430400000,166.93,0.9105369431738575,166.99,163.5,166.93,502979.788,53.09925851423203,2.846609891954001,68256.3586,65484.075999999994
1717444800000,164.89,0.9278443977417892,167.2,164.43,164.89,226091.743,46.47191894616667,2.8411377568144283,68255.5968,65543.6955
1717459200000,166.47,0.9110314418757984,166.83,164.31,166.47,190345.46,51.51893326360522,2.8181993456133982,68260.9304,65604.77425
1717473600000,165.24,0.9239708245765854,167.0,164.91,165.24,239324.311,47.74484495805997,2.766185106641013,68271.0496,65658.01755
1717488000000,165.51,0.9139160176371203,165.84,164.45,165.51,212597.783,48.63437598321079,2.66788617045237,68272.698,65715.5824
1717502400000,167.91,0.9159764288952075,167.92,165.29,167.91,514163.916,55.83175343371927,2.665180015420058,68308.73079999999,65779.402
1717516800000,169.47,0.9359212098734906,170.39,167.78,169.47,673334.684,59.77700048679631,2.6612385857471956,68348.51759999999,65838.7217
1717531200000,171.78,0.9486957596736308,171.87,168.29,171.78,295187.861,64.79206641633036,2.7268644010509684,68351.7974,65895.09015
1717545600000,172.97,0.9677339596983557,174.86,171.11,172.97,657174.08,67.06986524765519,2.7999455152616135,68385.5488,65953.0725
1717560000000,173.43,0.9775415172868503,174.32,172.31,173.43,334179.815,67.93348418592043,2.743520835600069,68420.8202,66013.76945
1717574400000,172.85,0.9813326740017307,174.11,172.1,172.85,319926.489,65.59749540554424,2.6911264902000656,68479.24840000001,66070.02649999999
1717588800000,174.74,0.9766349363332921,175.14,170.0,174.74,608786.209,69.30188812271567,2.8660460266143457,68556.96840000001,66131.97279999999
1717603200000,172.97,0.9921292289941073,175.6,172.5,172.97,485955.894,62.513073391388836,2.8827570247133205,68614.77,66191.9171
1717617600000,173.54,0.9775415172868503,173.8,172.75,173.54,154201.102,63.74477570905993,2.75184580866237,68669.4484,66239.0034
1717632000000,173.85,0.9823216714056126,174.4,173.16,173.85,191872.533,64.42930153397356,2.643856822329344,68721.9626,66283.91679999999
1717646400000,172.6,0.9848765813656406,174.1,171.54,172.6,297740.336,59.54712954269326,2.6378670493058194,68774.4242,66324.61409999999
1717660800000,173.08,0.974409692174558,173.44,172.14,173.08,249692.324,60.7762506159501,2.542305117212547,68821.23599999999,66366.84415
1717675200000,172.99,0.9785305146907323,173.7,172.4,172.99,326983.198,60.40564770870211,2.4535690374116497,68888.298,66408.549
1717689600000,169.12,0.9777063501874974,173.07,168.65,169.12,550779.569,47.10446803193744,2.594028391882245,68942.61600000001,66441.5799
1717704000000,170.15,0.9458111839123089,170.85,167.51,170.15,499170.274,50.24470800096138,2.6473120781763706,69011.0146,66477.52935
1717718400000,170.57,0.9543000782956278,170.6,168.99,170.57,216253.466,51.50887048336577,2.573218358306629,69085.4726,66512.87185
1717732800000,172.01,0.9576791527588906,172.54,170.44,172.01,360360.142,55.66779322906262,2.5394170469990125,69154.6242,66548.96165
1717747200000,172.2,0.9696295380557958,172.4,170.93,172.2,213503.695,56.201561764879756,2.4630301150705116,69226.26,66591.28194999999
1717761600000,170.15,0.9711130341616185,172.85,169.15,170.15,481914.219,49.303928667255576,2.5513851068511886,69296.7996,66628.1553
1717776000000,162.01,0.9543000782956278,170.36,152.92,162.01,1898650.271,32.33434979618025,3.6148575992189627,69325.5594,66655.13215
1717790400000,162.5,0.8872955041826349,163.23,161.03,162.5,368170.298,33.81117989886884,3.513796342131893,69342.05619999999,66679.7669
1717804800000,162.7,0.8913339102484855,163.13,161.88,162.7,258142.126,34.44013397090934,3.3520966034081865,69357.6358,66707.5272
1717819200000,163.6,0.8928998228046316,163.78,160.88,163.6,243250.122,37.326271505722886,3.3198039888790305,69382.2364,66735.37819999999
1717833600000,160.48,0.9003173033337453,163.64,160.05,160.48,256348.258,32.057541471308895,3.339103703959098,69398.8388,66762.8749
1717848000000,160.15,0.8745209543824947,161.35,158.28,160.15,517805.179,31.550272291718798,3.319882010819162,69423.9392,66787.3212
1717862400000,159.85,0.8718836279721432,161.05,158.82,159.85,299465.812,31.068959972634815,3.2420332957606517,69446.14480000001,66813.60345000001
1717876800000,157.83,0.8694111344624386,159.98,157.37,157.83,214871.153,27.974396531742443,3.1968880603491754,69488.0424,66841.9957
1717891200000,157.78,0.8527630114970949,158.8,156.52,157.78,246099.469,27.900319228170815,3.1313960560385197,69519.61,66872.1926
1717905600000,159.01,0.8524333456958008,159.79,157.26,159.01,231686.374,32.62673399230931,3.088439194892911,69554.72260000001,66902.84485
1717920000000,159.44,0.8625705690855895,159.81,158.58,159.44,188814.247,34.24946234534036,2.955693538114845,69587.7702,66933.48585
1717934400000,161.63,0.8660320599991758,161.87,159.21,161.63,406224.583,41.92186252111572,2.9345725711066413,69625.30140000001,66962.68059999999
1717948800000,162.13,0.8840812626200188,163.04,160.55,162.13,245826.972,43.541695884292714,2.902817387456165,69666.2952,66993.77975
1717963200000,162.12,0.8882020851361931,162.39,161.27,162.12,126253.355,43.515555205100746,2.775473288352152,69705.4324,67023.31805
1717977600000,159.87,0.8881196686858697,162.18,159.65,159.87,138509.877,37.989199100199706,2.7579394820412837,69742.6212,67056.084
1717992000000,157.62,0.8696583838134091,160.56,157.46,157.62,258944.499,33.418654223023836,2.782372376181191,69773.364,67091.04355
1718006400000,159.46,0.8510322660403016,160.22,157.54,159.46,259285.866,39.79750334978172,2.775060063596821,69807.0524,67123.94305
1718020800000,162.38,0.8661144764494991,163.18,157.7,162.38,430002.589,48.267830171858975,2.968270059054192,69853.95479999999,67163.23365000001
1718035200000,160.44,0.8901800799439568,162.92,160.05,160.44,359656.582,43.853235188755015,2.9612507691217482,69878.7404,67199.47064999999
1718049600000,159.05,0.8743561214818476,160.67,158.17,159.05,313877.541,40.96244411536205,2.928304285613052,69906.697,67235.80524999999
1718064000000,156.07,0.8627354019862363,159.75,154.81,156.07,668886.146,35.55165035973417,3.071996836640691,69921.23800000001,67267.228
1718078400000,153.39,0.8381752997898381,156.18,152.4,153.39,524456.185,31.519327693770066,3.122568491166356,69917.329,67299.11375
1718092800000,153.89,0.8161701075534675,155.3,152.72,153.89,427270.454,33.04512762550456,3.0838135989401887,69887.473,67325.1618
1718107200000,147.67,0.8202909300696417,154.58,146.29,147.67,955897.839,25.448823427738787,3.455684056158748,69834.2286,67350.11839999999
1718121600000,149.23,0.7689454815181109,149.8,145.2,149.23,725789.378,29.80702639837719,3.537420909290268,69800.7688,67381.8835
1718136000000,149.31,0.7818024477685745,150.27,148.07,149.31,344282.775,30.032916288932157,3.441890844340964,69754.74799999999,67407.65939999999
1718150400000,149.65,0.7825441958214859,149.88,145.44,149.65,410129.708,31.048510968038826,3.513184355459466,69718.808,67432.41979999999
1718164800000,151.79,0.7853463551324844,151.98,149.58,151.79,285277.311,37.2248864586282,3.43367118721236,69691.6826,67454.3179
1718179200000,151.74,0.8029010590513866,153.56,150.93,151.74,358621.513,37.14117467583622,3.3762661024114773,69663.8468,67478.62925
1718193600000,158.84,0.8026538097004161,161.84,151.5,158.84,1247662.624,53.226396843636934,3.873675666524943,69678.2542,67511.90915
1718208000000,153.33,0.8611694894300902,159.81,151.16,153.33,1221325.229,43.848712994231064,4.21484169034459,69649.79560000001,67533.0756
1718222400000,155.22,0.8156756088515268,155.63,152.8,155.22,328840.009,47.27986472944474,4.115924426748547,69606.17540000001,67569.75545
1718236800000,151.55,0.8311699015123418,155.21,149.65,151.55,511186.403,41.922881592773386,4.21978696769508,69547.2022,67603.5453
1718251200000,152.09,0.80108789714427,152.84,150.78,152.09,239058.25,42.94719633687337,4.065516470002574,69490.94159999999,67638.1694
1718265600000,149.63,0.8055383854617381,152.47,149.05,149.63,369201.817,39.527020215432735,4.019408150716676,69426.7898,67673.20985
1718280000000,146.87,0.7852639386821608,152.3,146.13,146.87,661130.594,36.057510923029454,4.173021854236914,69332.19,67700.4673
1718294400000,147.73,0.7624345819425558,148.94,146.23,147.73,410496.886,37.88700293241123,4.068520293219993,69244.836,67730.0673
1718308800000,147.29,0.7694399802200519,148.41,146.03,147.29,382215.161,37.29900322023955,3.947911700847136,69148.69619999999,67758.06145
1718323200000,147.5,0.765896072856142,148.52,145.89,147.5,354002.109,37.795209204241054,3.853775150786628,69057.9772,67786.06145
1718337600000,147.62,0.7677092347632586,149.0,146.8,147.62,359458.373,38.09668199050195,3.735648354301868,68973.91679999999,67816.4564
1718352000000,148.1,0.768615815716817,148.75,147.16,148.1,286751.237,39.362611274698395,3.582387757566021,68893.6368,67846.9864
1718366400000,143.78,0.7726542217826678,149.0,143.0,143.78,703646.662,32.85121473480844,3.755074346311305,68801.0474,67874.8464
1718380800000,141.8,0.7369678987925989,144.1,139.67,141.8,1096607.766,30.371389730937537,3.8032833215747837,68688.04759999999,67896.7165
1718395200000,143.05,0.7206494416285492,145.15,141.43,143.05,382995.346,33.77039079227801,3.7973345128908704,68582.9274,67919.84144999999
1718409600000,144.94,0.730869081468661,144.95,142.92,144.94,220506.983,38.64718616530553,3.6710963333986655,68498.695,67944.1503
1718424000000,143.78,0.7464457905797998,145.58,143.64,143.78,333384.199,36.853517761587995,3.5474465952987626,68404.2536,67967.11529999999
1718438400000,144.5,0.7369678987925989,144.64,143.0,144.5,192093.539,38.75356451419226,3.4112004099202786,68310.859,67992.86505
1718452800000,145.19,0.7429018832158899,145.43,144.02,145.19,230343.787,40.598222448561515,3.268257523497401,68214.97940000001,68012.7733
1718467200000,144.66,0.7485062018378869,145.78,144.1,144.66,205542.915,39.611338675362795,3.1548105575333016,68104.07359999999,68029.8568
1718481600000,145.52,0.7442205464210656,145.69,143.85,145.52,165053.499,42.07201600883818,3.0608955177094943,68006.40779999999,68045.98805
1718496000000,144.01,0.7513083611488853,145.58,143.88,144.01,134400.928,39.06233385391267,2.96368869501596,67944.2278,68060.8546
1718510400000,144.49,0.7388634771500391,145.28,143.08,144.49,231329.466,40.51898205218703,2.9091395025148192,67882.4418,68077.4857
1718524800000,145.0,0.7429018832158899,145.74,143.82,145.0,149891.103,42.10256850738951,2.838486680906619,67823.6584,68097.50755
1718539200000,148.53,0.7470227057320641,148.8,144.8,148.53,314665.793,51.689767217464556,2.921451917984718,67766.2704,68120.8946
1718553600000,148.78,0.7760332962459308,149.36,147.6,148.78,266388.046,52.292286596295604,2.8384910667000964,67710.2022,68144.71435000001
1718568000000,151.3,0.7780937075040179,151.35,148.38,151.3,309204.091,57.98110109703386,2.8478845619358037,67655.1394,68169.16064999999
1718582400000,147.36,0.7989450694358594,151.79,147.08,147.36,359464.384,48.28632676284464,2.980892807511816,67590.3792,68192.28805
1718596800000,146.61,0.7664729880084066,149.23,145.81,146.61,517419.431,46.686074929290044,3.0122576069752567,67527.61,68215.2606
1718611200000,143.94,0.7602917542341452,147.28,141.66,143.94,672321.274,41.422990950364934,3.198524920762739,67458.7664,68234.59665
1718625600000,141.23,0.7382865619977746,144.64,140.77,141.23,601364.887,36.87865226708354,3.2464874264225414,67380.21359999999,68250.46145
1718640000000,144.57,0.7159517039601103,146.82,139.85,144.57,825894.678,44.90153745419329,3.5124526102495026,67326.69959999999,68271.5855
1718654400000,143.27,0.7434787983681542,144.66,141.27,143.27,436495.158,42.63034105942116,3.5037059952316802,67266.6134,68280.4816
1718668800000,135.62,0.7328470762764248,143.82,127.95,135.62,2496519.16,32.28225362026464,4.387012709857989,67182.4082,68277.95045
1718683200000,136.71,0.6696336588783122,137.87,134.74,136.71,663131.523,34.71396119467842,4.297226087725275,67102.89559999999,68275.28050000001
1718697600000,137.16,0.6786994684138954,138.85,135.61,137.16,629381.282,35.73989881488863,4.22170993860204,67017.9516,68272.23355
1718712000000,136.01,0.6824906251287756,137.85,132.88,136.01,1241846.308,34.25828092668155,4.275159228701894,66925.9918,68265.05045
1718726400000,133.14,0.6729303168912514,136.16,130.41,133.14,687486.899,30.82396576211643,4.380504998080331,66824.75779999999,68254.59240000001
1718740800000,137.41,0.6491943791980879,138.47,132.03,137.41,839611.538,40.397451082194706,4.527611783931735,66726.9418,68251.3746
1718755200000,140.15,0.6844686199365393,141.5,135.96,140.15,798872.438,45.6000493460413,4.599925227936611,66645.2058,68252.46035000001
1718769600000,139.98,0.7070507273251742,141.9,139.49,139.98,564477.195,45.335639122478426,4.44350199736971,66560.9436,68252.91875
1718784000000,137.96,0.7057320641199983,140.29,137.0,137.96,496134.669,42.20412105163614,4.361108997557587,66495.8636,68251.04609999999
1718798400000,136.92,0.6889191082540074,138.92,135.51,136.92,413227.521,40.647386861797834,4.293172640589188,66442.9,68243.7214
1718812800000,136.67,0.6805126303210121,139.05,135.59,136.67,685889.796,40.262922357228376,4.233660309118532,66402.74,68237.04144999999
1718827200000,135.62,0.6783698026126014,136.82,134.47,135.62,578175.849,38.61107655618951,4.099113144181493,66377.33780000001,68225.9378
1718841600000,133.06,0.6697160753286356,137.24,132.6,133.06,533789.76,34.85632538968328,4.137747919597102,66332.99740000001,68216.6478
1718856000000,137.18,0.6485350475955001,138.18,132.53,137.18,760721.402,44.25223156821936,4.245765925340167,66303.8894,68210.822
1718870400000,139.34,0.6826554580294226,141.29,136.42,139.34,626276.454,48.450159364737516,4.290354073530155,66279.1464,68206.946
1718884800000,133.27,0.7003749948489718,139.74,132.55,133.27,800804.873,39.45803079417919,4.497471639706572,66226.6984,68196.66715
1718899200000,134.25,0.6503482095026167,135.83,131.9,134.25,481940.057,41.35060493973492,4.456937951156103,66172.1298,68185.96304999999
1718913600000,133.55,0.6583426051839948,134.91,133.42,133.55,304147.962,40.37961401464582,4.245013811787811,66074.8496,68176.19485
1718928000000,132.68,0.6526558701116744,134.85,131.71,132.68,476782.883,39.14917027328195,4.166084253802967,66014.314,68164.16244999999
1718942400000,131.43,0.6454856389335312,133.34,130.64,131.43,471843.473,37.38642724074379,4.061363949959899,65933.0668,68150.5946
1718956800000,132.08,0.6351835826430956,132.8,129.66,132.08,547796.669,38.926382545478965,3.995552239248479,65858.96800000001,68133.59354999999
1718971200000,131.4,0.6405406519141221,133.76,129.4,131.4,761219.099,37.876855140929514,4.021584222159301,65779.1122,68115.63145
1718985600000,132.64,0.6350187497424485,133.95,128.76,132.64,567403.184,41.00073138530311,4.105042492005064,65708.9526,68100.1415
1719000000000,134.6,0.6450735566819137,135.38,131.92,134.6,405028.719,45.65270645458458,4.058968028290417,65662.42360000001,68086.4099
1719014400000,135.07,0.6613920138459637,135.28,133.0,135.07,281944.938,46.737234856119834,3.93189888341253,65616.8924,68077.8771
1719028800000,134.86,0.6651831705608439,136.74,134.52,134.86,379616.762,46.29272451382017,3.8096203917402067,65571.8322,68069.10704999999
1719043200000,134.52,0.6633700086537272,134.94,133.7,134.52,235382.591,45.537574805462484,3.6260760780444783,65522.2574,68057.05725000001
1719057600000,134.25,0.6606502657930523,134.79,133.9,134.25,205145.2,44.911043189918395,3.4306420724698716,65470.2994,68044.46695
1719072000000,134.47,0.6584250216343182,135.0,133.91,134.47,173415.597,45.56820056311484,3.263453353007738,65415.4796,68030.971
1719086400000,133.69,0.6603205999917582,134.62,133.16,133.69,123710.803,43.583112910056286,3.1346352563643287,65372.8798,68015.1811
1719100800000,134.77,0.6538921168665264,135.09,133.59,134.77,212031.417,47.02430047818572,3.017875595195448,65350.802200000006,67987.26185
1719115200000,134.72,0.6626282606008158,135.0,134.21,134.72,101906.33,46.881728631559255,2.8587416241100585,65318.2278,67952.1051
1719129600000,134.03,0.6622161783491985,134.83,133.48,134.03,134263.525,44.860393699641136,2.7509743652450562,65279.6994,67917.39235
1719144000000,131.58,0.6566118597272015,134.4,131.43,131.58,244230.612,38.5111395519179,2.7666190534418376,65240.0396,67883.4709
1719158400000,131.46,0.636419829397948,132.53,130.43,131.46,281907.731,38.22576472691071,2.71900340676742,65196.6362,67848.5698
1719172800000,128.69,0.635430831994066,131.54,128.22,128.69,518061.616,32.27955718646112,2.761931734855461,65134.515999999996,67815.4849
1719187200000,126.23,0.6125190588041374,129.79,126.0,126.23,638034.592,28.099162574691547,2.8353651823657846,65068.662000000004,67783.36495
1719201600000,125.2,0.5923270284748836,126.69,123.21,125.2,976442.957,26.548840030105737,2.8814105264825147,64993.217000000004,67744.90325
1719216000000,127.07,0.5839205505418881,127.5,122.0,127.07,1201541.584,33.70081432498051,3.0684526317337637,64896.136000000006,67701.5844
1719230400000,126.31,0.5991675938517328,129.95,125.64,126.31,839888.262,32.32328927790016,3.157134586609923,64787.68979999999,67657.22935000001
1719244800000,127.49,0.5929863600774714,130.38,125.85,127.49,1066240.103,36.65280757286031,3.2551964018520714,64643.9676,67605.0823
1719259200000,132.33,0.6026290847653192,132.66,125.04,132.33,861350.279,50.609732752984385,3.566968087434066,64515.5776,67554.2693
1719273600000,135.79,0.6426834796225327,136.58,131.2,135.79,679433.479,57.77239185807914,3.696470366903063,64410.37899999999,67512.5949
1719288000000,134.82,0.6711171549841347,136.86,134.56,134.82,662791.505,55.34900342555437,3.596722483552845,64290.544799999996,67470.1876
1719302400000,137.8,0.6631227593027568,139.16,133.47,137.8,800601.431,60.79055324739643,3.746242306156213,64189.857599999996,67428.8951
1719316800000,139.43,0.6877652779494787,139.9,136.45,139.43,812689.943,63.416764116630546,3.7250821414307707,64102.6176,67389.2749
1719331200000,138.75,0.7011167429018832,139.6,137.01,138.75,600620.231,61.56420056168318,3.6440048456142873,64025.7828,67349.2386
1719345600000,136.58,0.6953475913792392,139.0,135.86,136.58,407525.115,55.94745350389344,3.6080044994989797,63954.543,67317.88865
1719360000000,138.46,0.6775456381093665,140.41,136.14,138.46,544461.078,59.40312188078971,3.6552898923919104,63859.4246,67291.56910000001
1719374400000,137.94,0.6931223472205053,138.8,136.33,137.94,407065.09,58.04677945193251,3.570626328649631,63763.7384,67260.32095
1719388800000,137.32,0.688836691803684,138.17,136.03,137.32,340422.215,56.393441237030004,3.4684387337460847,63682.643599999996,67228.08810000001
1719403200000,136.88,0.6837268718836279,139.49,136.07,136.88,481893.583,55.19199230270102,3.464978824192794,63598.5506,67199.64775
1719417600000,137.76,0.6801829645197179,137.83,134.85,137.76,439031.238,57.157895785145485,3.4303374796075956,63511.2308,67167.89785000001
1719432000000,136.81,0.6872707792475378,138.46,136.26,136.81,290554.862,54.38391989697035,3.342456231064197,63434.4106,67130.59049999999
1719446400000,137.52,0.6795236329171302,137.94,135.61,137.52,284568.837,56.09875632216591,3.2701379288453247,63366.913,67090.19714999999
1719460800000,135.91,0.685292784439774,137.73,135.2,135.91,263693.309,51.38175615427046,3.2172709339278014,63279.286799999994,67051.41725
1719475200000,139.05,0.6721061523880166,139.47,135.52,139.05,454528.939,58.67918676510946,3.269608724361529,63195.127199999995,67013.6081
1719489600000,147.77,0.6978200848889438,151.21,138.52,147.77,2627684.289,71.48110239571606,3.9424938154785627,63120.1094,66977.7185
1719504000000,148.46,0.7698520624716694,149.44,146.61,148.46,494099.961,72.2146680333472,3.863029971515807,63044.909400000004,66939.44515
1719518400000,149.71,0.7755387975439898,150.52,148.07,149.71,326392.101,73.5423763794058,3.762099259264679,62980.5988,66903.32549999999
1719532800000,147.54,0.7858408538344254,150.84,146.51,147.54,524051.981,67.5112599464486,3.8026635978886314,62919.522000000004,66866.68975
1719547200000,145.37,0.7679564841142291,147.59,143.79,145.37,469424.833,62.03271155216828,3.802473340896587,62847.034799999994,66826.98695
1719561600000,145.5,0.7501545308443565,146.2,144.77,145.5,289064.716,62.230453750663116,3.633010959403972,62777.035,66790.06885
1719576000000,143.23,0.7511435282482383,146.93,140.86,143.23,1057901.804,56.67932111075823,3.807081605160831,62681.098399999995,66748.67815
1719590400000,140.98,0.7323525775744838,143.97,140.12,140.98,649630.663,51.75162442797622,3.8101472047921994,62560.17600000001,66703.62225
1719604800000,140.03,0.7138912927020232,141.64,139.01,140.03,348957.27,49.783596023669816,3.7258509758784704,62472.1082,66661.5215
1719619200000,141.77,0.7060617299212922,142.6,139.97,141.77,311564.641,53.2874896218373,3.647575906172865,62386.3482,66620.8138
1719633600000,142.0,0.7204846087279021,142.52,140.1,142.0,276607.098,53.74690902375496,3.559891912874804,62309.994399999996,66583.53695
1719648000000,142.66,0.7222977706350187,143.26,141.49,142.66,312632.007,55.11122407523974,3.4320424905266025,62241.9182,66544.68144999999
1719662400000,142.68,0.7277372563563687,143.0,141.2,142.68,238770.011,55.154392337472146,3.3154680269175603,62180.0056,66506.99465
1719676800000,141.72,0.727819672806692,142.83,140.82,141.72,145414.337,52.54245310077945,3.2222203107091647,62125.7534,66470.1103
1719691200000,140.28,0.7199901100259611,141.82,139.67,140.28,183997.449,48.80861572708367,3.1456331456585107,62070.84659999999,66423.17444999999
1719705600000,138.3,0.7081221411793793,141.09,138.02,138.3,301986.888,44.161570063199136,3.1402307781114738,62004.1728,66381.366
1719720000000,140.64,0.6918036840153295,141.12,137.09,140.64,397920.75,50.19654253422314,3.203785722532083,61951.8618,66341.8239
1719734400000,141.18,0.7111715498413483,141.79,140.34,141.18,273357.972,51.49926820817134,3.0785153137797905,61896.5128,66309.37240000001
1719748800000,143.83,0.7155396217084931,144.0,140.58,143.83,318899.058,57.38967303045032,3.102907077081233,61840.4708,66279.49190000001
1719763200000,144.82,0.7372975645938928,145.9,142.75,144.82,339680.834,59.374704466879045,3.1062708572897164,61795.7022,66247.6767
1719777600000,146.61,0.7455392096262413,147.62,143.79,146.61,454824.687,62.753347355850025,3.157965796054737,61765.0008,66219.66635
1719792000000,147.61,0.7602917542341452,149.13,145.97,147.61,480564.952,64.52819351990918,3.1581110963365413,61747.854400000004,66194.73335
1719806400000,148.3,0.7685333992664937,148.71,147.17,148.3,224585.498,65.74124388235595,3.0425317323125043,61728.170999999995,66169.13059999999
1719820800000,146.14,0.7742201343388141,149.09,145.87,146.14,408230.012,58.94552073175923,3.055208037147325,61693.09,66138.29394999999
1719835200000,148.5,0.7565005975192648,148.72,146.04,148.5,527808.963,63.397484573633015,3.0284074630653737,61667.442599999995,66114.22395
1719849600000,147.32,0.7759508797956071,149.36,146.6,147.32,418704.782,59.89987229681971,3.0092355014178485,61645.1492,66091.5399
1719864000000,146.67,0.766225738657436,148.26,146.0,146.67,220358.629,58.00161212632117,2.9557186798880015,61621.269,66069.1442
1719878400000,149.16,0.7608686693864095,149.91,146.14,149.16,278596.94,62.857529613597826,3.0138816313245735,61601.0468,66048.50365
1719892800000,147.43,0.7813903655169571,149.95,146.98,147.43,371612.774,57.852652764906246,3.0107472290871042,61589.44639999999,66023.3915
1719907200000,149.68,0.7670499031606709,150.1,146.88,149.68,354728.174,62.08138031376727,3.0256938555808826,61588.846600000004,65996.96055
1719921600000,148.39,0.7855936044834549,151.87,147.22,148.39,701234.403,58.45987428520127,3.141715723039391,61578.688200000004,65968.77815
1719936000000,152.79,0.7750442988420488,153.82,147.65,152.79,630246.386,65.79023836941224,3.3580217428222907,61591.6312,65939.3886
1719950400000,154.03,0.8113075369843822,155.0,152.33,154.03,439642.615,67.5292548062398,3.3088773326206975,61617.4608,65907.41215
1719964800000,150.56,0.8214447603741707,154.5,149.2,150.56,618380.397,58.558373381404856,3.451100380290648,61651.0862,65869.087
1719979200000,146.4,0.792928668562245,150.57,146.39,146.4,674137.142,49.98534279697799,3.5031646388413167,61662.6204,65831.6762
1719993600000,144.07,0.7584785923270283,147.28,142.77,144.07,853579.574,45.92947214202247,3.5750814503526507,61644.28880000001,65790.92719999999
1720008000000,141.68,0.7393579758519799,144.34,140.94,141.68,835975.866,42.151321421621525,3.562575632470319,61634.310600000004,65750.9835
1720022400000,140.43,0.7196604442246672,143.23,139.12,140.43,649808.432,40.284829353670716,3.6016773730081524,61603.979799999994,65707.59035
1720036800000,140.84,0.7093583879342317,142.05,139.01,140.84,557460.522,41.20446923530996,3.5615575606504284,61571.9514,65672.55535
1720051200000,137.08,0.7127374623974946,142.75,132.21,137.08,1350869.938,35.76474456755595,4.060017734889683,61514.4822,65629.66035
1720065600000,134.38,0.6816664606255408,137.35,133.82,134.38,495106.184,32.45167666546209,4.022159325254705,61442.76180000001,65583.06025000001
1720080000000,132.73,0.6596612683891705,135.95,132.25,132.73,824979.017,30.586945691521592,3.9991479448793683,61359.2792,65533.293399999995
1720094400000,135.4,0.6458977211851484,135.96,129.58,135.4,1278998.16,36.90503484480921,4.169208805959413,61287.6788,65485.833
1720108800000,134.0,0.667902913421519,135.98,133.66,134.0,536722.825,35.100918528549826,4.037122462676598,61224.446,65438.94825
1720123200000,127.86,0.6563646103762311,135.66,127.2,127.86,744136.034,28.51671276509292,4.353042286771126,61136.08900000001,65385.74189999999
1720137600000,123.67,0.605678493427288,129.16,121.0,123.67,2287258.567,25.061866961849688,4.624967837716047,61020.6486,65323.11305
1720152000000,126.72,0.5713108336423951,127.72,121.0,126.72,1542140.713,31.5616551598673,4.7746129921649,60891.64980000001,65256.35405
1720166400000,130.13,0.5963654345407343,130.86,122.07,130.13,1409241.491,38.03302006577948,5.061426349867409,60780.6336,65194.8392
1720180800000,134.93,0.6244694441010425,134.99,128.36,134.93,1370420.45,45.80179964478724,5.17346732487688,60697.9934,65139.5442
1720195200000,134.97,0.6641117567066386,136.58,133.71,134.97,770605.602,45.86271018018457,5.008933944528531,60603.3814,65080.6137
1720209600000,134.32,0.664359006057609,135.79,133.92,134.32,289804.408,44.97811044292445,4.784724377062207,60504.4372,65023.0468
1720224000000,134.44,0.6590019367865825,137.83,132.33,134.44,507174.323,45.18830086821574,4.8358154929863355,60403.6372,64966.41205
1720238400000,136.94,0.6599909341904644,137.38,133.55,136.94,375964.828,49.515243525711234,4.763971529201596,60301.6278,64910.6139
1720252800000,138.75,0.6805126303210121,140.62,136.44,138.75,705959.189,52.442432477944976,4.722259277115768,60199.69279999999,64852.356949999994
1720267200000,141.88,0.6954300078295628,142.15,137.8,141.88,554434.256,57.07720989646129,4.6956693287503555,60119.0522,64794.41335
1720281600000,142.82,0.7213087732311368,143.54,140.72,142.82,414481.745,58.3887694280765,4.561692948125329,60042.412000000004,64738.3033
1720296000000,143.05,0.7290559195615444,144.35,142.17,143.05,315904.795,58.721132301536684,4.391572023259235,59985.774399999995,64681.377550000005
1720310400000,142.12,0.7309514979189847,143.33,140.29,142.12,427734.683,56.747402367098836,4.295031164455005,59942.5688,64625.17480000001
1720324800000,139.09,0.7232043515885771,142.11,138.06,139.09,531839.68,50.760976140437755,4.278243224136791,59881.411799999994,64567.97525
1720339200000,139.89,0.6983145835908847,140.68,138.75,139.89,220905.554,52.19490586691016,4.110511565269877,59815.37179999999,64509.42415
1720353600000,137.07,0.7048254831664399,140.8,135.47,137.07,568430.771,46.999112240714545,4.197617882036315,59730.8342,64448.483100000005
1720368000000,137.33,0.6817488770758644,139.6,136.76,137.33,288342.957,47.51784580552661,4.100645176176578,59651.8096,64389.45935
1720382400000,131.64,0.6838092883339515,137.85,131.23,131.64,553551.724,38.611467871372206,4.280599092163966,59546.8458,64316.5234
1720396800000,130.71,0.6369143280998886,132.97,127.77,130.71,1196437.187,37.378308010350565,4.346270585580826,59428.8982,64240.20545
1720411200000,132.59,0.629167181769481,134.01,129.88,132.59,531793.243,41.44925175849876,4.330822686610767,59326.20480000001,64166.7763
1720425600000,140.61,0.6448263073309431,142.0,132.35,140.61,1457928.673,54.91435751908909,4.710763923281427,59251.31859999999,64097.80845
1720440000000,137.43,0.7107594675897309,141.99,133.53,137.43,1499266.764,50.0039342409968,4.978566500189897,59135.9888,64020.61605
1720454400000,138.29,0.6847158692875097,138.61,135.0,138.29,522437.463,51.27292762109009,4.880811750176334,59034.335,63948.14405
1720468800000,139.81,0.6918036840153295,141.0,137.2,139.81,500494.678,53.51853168035949,4.803610910878025,58934.2694,63873.81715000001
1720483200000,140.44,0.7042485680141756,141.2,136.45,140.44,633380.571,54.45540602295283,4.799781560101024,58837.1,63803.2592
1720497600000,142.12,0.7094408043845551,143.45,140.06,142.12,686274.179,56.947439694943895,4.6990828772366635,58723.9966,63733.3034
1720512000000,141.92,0.7233691844892239,144.33,140.19,141.92,748625.334,56.55074100277578,4.659148386005475,58603.803,63665.19345
1720526400000,140.52,0.7216384390324307,143.08,138.61,140.52,555655.699,53.72924137478394,4.645637787005084,58487.786400000005,63597.471150000005
1720540800000,142.12,0.710100135987143,143.13,140.08,142.12,444211.259,56.40620810858389,4.531663659361863,58391.784799999994,63530.93114999999
1720555200000,141.42,0.7233691844892239,143.54,140.85,141.42,295526.564,54.909468220281894,4.40011625512173,58290.1268,63464.68114999999
1720569600000,141.73,0.7176000329665801,141.81,138.6,141.73,316105.422,55.472965132115185,4.315107951184464,58189.1914,63403.18375
1720584000000,144.17,0.7200725264762845,146.2,141.69,144.17,732120.246,59.73792680722538,4.329028811814145,58110.751399999994,63344.0784
1720598400000,142.79,0.7401821403552148,144.5,142.27,142.79,333513.526,56.44493766688587,4.179098182398848,58017.818,63281.59
1720612800000,141.18,0.7288086702105739,143.17,139.97,141.18,893122.928,52.788871845897944,4.109162597941786,57919.212,63214.53845000001
1720627200000,141.07,0.7154572052581694,142.68,140.31,141.07,245853.737,52.538481249345864,3.984936698088802,57810.4124,63142.99865
1720641600000,141.98,0.7147154572052582,142.47,140.21,141.98,180110.034,54.46279292628601,3.861726933939601,57725.96779999999,63076.070199999995
1720656000000,140.3,0.7222153541846953,143.23,139.08,140.3,372589.443,50.40006747754517,3.882317867229628,57638.54579999999,63017.6352
1720670400000,142.1,0.7083693905303499,142.53,140.1,142.1,316925.397,54.33092820935661,3.7785808767132267,57559.666399999995,62961.814699999995
1720684800000,143.52,0.7231219351382535,143.98,142.1,143.52,388262.689,57.211844626353,3.642967956947996,57515.4664,62908.544649999996
1720699200000,138.45,0.7348250710841885,146.1,137.68,138.45,1130045.603,46.04365947444394,3.9841845314517097,57446.1064,62847.6437
1720713600000,136.57,0.6929575143198582,139.01,136.4,136.57,555116.066,42.71398825688291,3.886028493490872,57385.94639999999,62787.7041
1720728000000,135.73,0.6773808052087197,137.64,135.64,135.73,600154.932,41.27766318368807,3.7513121725272387,57329.0192,62727.2535
1720742400000,136.53,0.6706226562821938,138.19,134.05,136.53,604270.385,43.235405560322974,3.7790755887752923,57273.877400000005,62664.523499999996
1720756800000,135.41,0.6771335558577493,137.07,134.11,135.41,442513.463,41.16619059236008,3.7205701895770558,57211.8446,62603.5059
1720771200000,135.65,0.6679853298718423,135.93,133.92,135.65,603534.052,41.808879341978205,3.5983866046072674,57173.8754,62543.2267
1720785600000,138.85,0.6699633246796061,139.36,135.44,138.85,715854.335,49.69884488540166,3.6213589899924634,57173.7556,62487.81850000001
1720800000000,138.49,0.696336588783121,140.55,137.72,138.49,353223.948,48.89564111891528,3.5648333478501457,57170.037000000004,62428.8601
1720814400000,139.46,0.6933695965714757,139.53,136.66,139.46,210132.248,51.18486291185252,3.5152023944322788,57165.01899999999,62370.7624
1720828800000,138.75,0.7014464087031771,139.97,138.28,138.75,178728.061,49.43915234332732,3.384830794829973,57155.62659999999,62311.28109999999
1720843200000,139.38,0.6955948407302096,139.5,137.94,139.38,159528.148,51.03497120907715,3.2544857380564034,57178.0328,62253.892
1720857600000,140.12,0.7007046606502657,140.94,138.43,140.12,219143.25,52.91484672207267,3.2013081853380885,57244.153,62198.496
1720872000000,140.37,0.7068858944245271,140.62,139.25,140.37,188173.119,53.563474827768886,3.0705004578139397,57332.4646,62146.129199999996
1720886400000,139.82,0.7088638892322907,140.83,139.2,139.82,203194.443,51.87054125139072,2.9676075679700884,57395.2222,62091.88165
1720900800000,141.9,0.704330984464499,143.6,139.1,141.9,408410.6,57.35937487873435,3.077064170257939,57446.0626,62037.571149999996
1720915200000,143.96,0.7213911896814602,145.18,141.87,143.96,676589.303,61.98350201362356,3.0937024438109435,57506.0772,61987.4479
1720929600000,144.77,0.7384513948984217,145.98,143.88,144.77,474102.335,63.65260074271836,3.022723697824447,57574.7416,61940.05795
1720944000000,144.88,0.7452095438249474,147.0,144.66,144.88,720084.235,63.884498165487166,2.9739577194084155,57648.5236,61898.23345000001
1720958400000,145.9,0.7460337083281823,146.04,143.43,145.9,471994.902,66.04763869414315,2.9479607394506706,57718.083600000005,61860.80255000001
1720972800000,145.22,0.7544401862611777,145.98,144.59,145.22,191689.36,63.32458107990681,2.8366778294899073,57781.775,61825.93244999999
1720987200000,147.66,0.7489182840895041,148.56,145.09,147.66,463006.622,68.3646630148576,2.8819151273834853,57851.373600000006,61798.6996
1721001600000,151.39,0.7689454815181109,152.18,147.0,151.39,682570.4,74.20131470648273,3.046064046856094,57947.171200000004,61774.903900000005
1721016000000,153.23,0.7997692339390943,154.5,150.72,153.23,516924.356,76.50421408737552,3.0984880435092306,58039.371,61752.5333
1721030400000,151.64,0.8148514443482918,154.45,150.93,151.64,542423.212,70.63648002937887,3.128596040401427,58129.18199999999,61727.7683
1721044800000,152.94,0.8018296451971814,154.3,151.63,152.94,468685.64,72.49403975501052,3.095839180372755,58242.3022,61705.63015
1721059200000,155.33,0.8124613672889108,157.0,152.53,155.33,693164.397,75.55566562274632,3.193993524631844,58359.9422,61683.448
1721073600000,159.38,0.8322413153665471,159.95,155.22,159.38,525080.517,79.68266066694699,3.303708272872426,58517.916600000004,61658.3987
1721088000000,157.88,0.8654551448469114,160.22,156.08,157.88,609662.816,74.65532979557844,3.3634433962386803,58669.9374,61644.49480000001
1721102400000,154.49,0.8532575101990356,158.81,153.68,154.49,858285.401,64.71756065014277,3.48962601079306,58810.681399999994,61617.649900000004
1721116800000,157.32,0.8251535006387274,157.63,152.57,157.32,684591.138,68.48864762129489,3.601795581450699,58982.403399999996,61599.005750000004
1721131200000,160.98,0.848559772530597,161.6,154.47,160.98,706170.732,72.5717099657941,3.8538101827756486,59162.928,61584.7729
1721145600000,161.94,0.8787241933489923,162.49,158.88,161.94,765542.187,73.54016816358336,3.836395169720246,59323.15640000001,61571.9001
1721160000000,160.62,0.8865537561297235,162.01,159.06,160.62,363853.18,69.88623041703781,3.7730812290259417,59508.8058,61564.77
1721174400000,160.92,0.875757201137347,163.8,160.02,160.92,479266.664,70.24804333193956,3.7735754269526605,59693.2928,61560.25825
1721188800000,160.6,0.8783121110973751,162.56,160.07,160.6,325242.976,69.29170058393721,3.681891467884614,59864.1604,61552.6832
1721203200000,160.84,0.8755099517863766,163.61,159.53,160.84,568840.531,69.62568923949553,3.7103277916071424,60015.2678,61542.58185
1721217600000,158.08,0.8775703630444637,162.16,157.82,158.08,568765.129,61.360591222243535,3.7553043779209183,60167.4112,61531.677
1721232000000,156.83,0.8549058392055054,158.31,154.68,156.83,647534.941,58.00236595934072,3.746354065212281,60310.5666,61519.4259
1721246400000,155.5,0.8445213664647464,157.28,154.87,155.5,250932.849,54.57960189401853,3.6509002034114038,60442.7862,61507.90585
1721260800000,158.93,0.8335599785717228,159.94,155.5,158.93,428246.273,60.975426968059935,3.7072644745963035,60582.8476,61504.63115
1721275200000,158.66,0.8618288210326781,160.0,157.06,158.66,343638.157,60.25614149952086,3.652459869267996,60715.207599999994,61497.7512
1721289600000,159.45,0.859603576873944,159.87,158.0,159.45,285775.846,61.68048409081334,3.5251413071774254,60846.76739999999,61490.201850000005
1721304000000,156.37,0.8660320599991758,161.6,156.01,156.37,757587.982,53.61324649661109,3.6726312138076094,60937.97,61477.5075
1721318400000,156.98,0.840730209749866,157.7,155.07,156.98,513383.306,54.87213047746712,3.598157555678494,61039.23,61463.68274999999
1721332800000,159.22,0.8457576132195985,160.62,156.36,159.22,256072.56,59.24599102574906,3.6454320159871725,61164.9946,61452.04225
1721347200000,161.83,0.8642188980920591,162.1,156.07,161.83,469982.846,63.66497781606342,3.815758300559517,61303.653999999995,61442.89375
1721361600000,161.42,0.8858120080768122,165.62,160.66,161.42,937245.193,62.51818034054873,3.897489850519552,61423.01720000001,61430.222550000006
1721376000000,162.65,0.8823505171632257,164.0,159.14,162.65,693105.014,64.57950635313611,3.9662405754824417,61553.97720000001,61420.07255000001
1721390400000,168.8,0.8925701570033377,169.09,162.27,168.8,1217660.574,72.67208894211377,4.170080534376552,61706.882600000004,61417.924900000005
1721404800000,170.46,0.9431738575019575,172.42,168.25,170.46,1067559.874,74.3739784960436,4.170074781921083,61874.468,61421.24705
1721419200000,169.13,0.9568549882556558,170.54,167.79,169.13,299959.739,70.58132654321194,4.06864086892672,62059.6278,61420.983049999995
1721433600000,169.57,0.9458111839123089,171.8,168.26,169.57,328326.569,71.10626854958215,4.0308808068605275,62244.107800000005,61421.180499999995
1721448000000,168.57,0.9495199241768656,170.39,168.5,168.57,228489.282,68.13074503849474,3.877960749227632,62428.55559999999,61420.60755
1721462400000,168.03,0.9411958626941938,169.84,167.65,168.03,210786.073,66.51216192504293,3.757392124282801,62619.9492,61421.916000000005
1721476800000,169.28,0.9369102072773724,169.73,167.27,169.28,253424.777,68.38453495946845,3.6647212582625994,62814.3104,61425.181000000004
1721491200000,172.42,0.9471298471174846,174.56,168.87,172.42,682814.058,72.53825910006235,3.8093840255295564,63014.7196,61432.215
1721505600000,173.6,0.9730086125190587,175.1,172.42,173.6,343955.287,73.92470930889735,3.7287137379917317,63193.2388,61441.074799999995
1721520000000,173.14,0.9827337536572299,175.5,172.74,173.14,275200.655,72.39038347584923,3.65951989956375,63385.1452,61443.47149999999
1721534400000,171.33,0.9788601804920262,173.8,170.97,171.33,291310.485,66.53836704636609,3.6002684781663405,63561.403000000006,61444.459800000004
1721548800000,172.88,0.964025219433799,173.03,171.24,172.88,194913.261,68.85993788875375,3.4709635868687445,63742.7228,61451.35975
1721563200000,175.4,0.9767173527836156,176.66,171.31,175.4,625577.637,72.23295122781116,3.605180473520977,63922.596399999995,61458.8172
1721577600000,177.98,0.9975687147154572,178.18,170.27,177.98,1177737.502,75.19530135717517,3.912667582555193,64100.356799999994,61469.097299999994
1721592000000,184.49,1.018832158898916,185.17,177.42,184.49,1119796.871,80.77010468590382,4.1867627552298226,64287.05100000001,61486.39399999999
1721606400000,180.94,1.0724852680595045,185.0,180.33,180.94,499283.977,71.3525693232737,4.221279701284835,64472.1636,61503.7331
1721620800000,178.39,1.0432274281946676,181.81,177.65,178.39,521582.385,65.44935569205498,4.216902579764489,64632.8032,61514.036499999995
1721635200000,180.59,1.022211233362179,180.98,176.71,180.59,607399.011,67.91562053437096,4.2206952526384525,64793.8004,61524.596549999995
1721649600000,179.88,1.0403428524333456,181.86,177.0,179.88,782779.816,66.27151086188702,4.266359877449992,64933.8376,61533.28145
1721664000000,182.86,1.0344088680100547,183.0,178.61,182.86,433965.015,69.59813639251189,4.275191314774991,65096.497,61548.391800000005
1721678400000,178.9,1.0589689702064533,183.38,177.11,178.9,500599.321,60.98965038618929,4.417677649433919,65245.4572,61561.44185
1721692800000,179.1,1.0264144723286768,180.54,177.14,179.1,325891.767,61.250335723550954,4.344986388760068,65396.61720000001,61574.40175
1721707200000,176.06,1.027980384884823,179.1,173.73,176.06,700281.957,55.21098152438634,4.418201646705778,65512.179000000004,61582.4099
1721721600000,175.62,1.003008200436807,178.73,174.1,175.62,689537.161,54.37528736107171,4.433330100512507,65592.7418,61589.84
1721736000000,176.49,0.9993818766225738,178.39,172.18,176.49,909551.263,55.79989879050377,4.560235093333041,65667.6196,61593.46585
1721750400000,171.98,1.0064696913503934,176.99,169.72,171.98,924762.954,47.51692019741427,4.753789729523539,65729.2598,61590.296650000004
1721764800000,173.03,0.9694647051551489,174.73,171.16,173.03,345802.23,49.40013528117539,4.669233320271857,65787.46,61595.82055
1721779200000,173.65,0.9780360159887913,174.49,170.9,173.65,377962.013,50.52894021653057,4.592145225966725,65841.67420000001,61600.8341
1721793600000,174.25,0.9830634194585237,174.6,172.21,174.25,376866.013,51.65298459287456,4.434849138397672,65868.75140000001,61606.87415
1721808000000,177.76,0.9880908229282565,178.52,173.66,177.76,573383.328,57.706972721984684,4.465217057083554,65901.0684,61616.18340000001
1721822400000,177.76,1.017101413442123,182.08,176.21,177.76,970674.431,57.706972721984684,4.5655586958633005,65966.6882,61626.055250000005
1721836800000,178.2,1.017101413442123,182.5,176.44,178.2,1008473.011,58.463144455379535,4.672304503301636,66004.806,61635.46525
1721851200000,178.06,1.0206453208060327,180.33,175.53,178.06,537818.917,58.107151588635276,4.681425610208663,66014.76120000001,61643.685150000005
1721865600000,170.53,1.0195739069518275,179.59,167.95,170.53,1374518.87,42.956285244571895,5.178466638050902,65993.3244,61642.993050000005
1721880000000,169.4,0.9574319034079202,172.99,169.29,169.4,582160.398,41.21937478323969,5.072861878190125,65975.1246,61642.945250000004
1721894400000,168.81,0.9481188445213664,171.28,167.04,168.81,612108.729,40.30305527016748,5.013371744033688,65943.0114,61641.78800000001
1721908800000,170.43,0.9432562739522808,172.06,165.71,170.43,956375.087,43.98516146384594,5.108845190888425,65933.66900000001,61643.142400000004
1721923200000,168.13,0.9566901553550088,172.5,166.66,168.13,718766.723,40.19455311887673,5.161070534396394,65933.0346,61645.27614999999
1721937600000,171.85,0.9376519553302838,172.9,165.42,171.85,615457.621,48.00012630065707,5.326708353368082,65954.5534,61652.7405
1721952000000,175.75,0.9683932913009438,176.94,171.69,175.75,785348.341,54.678553190143255,5.321229185270362,66003.678,61666.4755
1721966400000,176.75,1.0003708740264556,177.77,175.6,176.75,412264.57,56.230799297106266,5.09614138632248,66059.7294,61679.61825
1721980800000,178.81,1.0086949355091275,180.06,176.75,178.81,410006.17,59.321610435394334,4.968559858728017,66108.8678,61694.14755000001
1721995200000,181.53,1.025590307825442,185.01,177.49,181.53,870527.279,63.03352723593069,5.150805583104585,66166.70800000001,61709.87125
1722009600000,182.21,1.048089998763753,182.97,180.71,182.21,305737.999,63.91992092426305,4.944319470025685,66231.34800000001,61728.114
1722024000000,183.06,1.0537767338360735,183.7,181.11,183.06,246718.887,65.04811531665504,4.776153793595277,66318.7454,61747.183950000006
1722038400000,182.66,1.0607821321135695,184.29,181.29,182.66,246642.029,64.03338953152274,4.6492856654813295,66403.6054,61765.425050000005
1722052800000,185.84,1.057403057650307,186.22,182.53,185.84,386293.47,68.2710098327353,4.580765260804092,66484.5806,61789.5584
1722067200000,185.4,1.0835290724028517,187.37,184.21,185.4,424352.214,67.0931037834045,4.479282027889513,66562.2782,61816.29779999999
1722081600000,182.52,1.0799851650389418,188.33,181.54,182.52,846154.294,59.818126719103375,4.644333311611693,66665.27799999999,61848.237799999995
1722096000000,181.48,1.0563316437961017,183.33,179.42,181.48,608447.295,57.39779715699543,4.59188093221086,66747.878,61883.00805
1722110400000,183.92,1.0475955000618122,186.81,178.11,183.92,1006962.754,61.349117841468335,4.885318008481512,66789.0726,61918.270599999996
1722124800000,184.31,1.067787530391066,186.77,182.39,184.31,344588.629,61.95648364746124,4.849223865018549,66804.7464,61961.441750000005
1722139200000,183.84,1.0710017719536817,184.86,181.16,183.84,310164.278,60.71817872911732,4.767136446088654,66822.7636,61997.77955
1722153600000,185.26,1.0672106152388017,186.0,183.01,185.26,295189.496,63.11671142457854,4.640198128510893,66847.4434,62030.4466
1722168000000,184.11,1.0788313347344127,186.63,183.69,184.11,503317.994,59.92547003436722,4.518755405045829,66869.0978,62065.245800000004
1722182400000,184.78,1.0694358593975355,185.59,183.13,184.78,231458.337,61.15767280618838,4.371701447542557,66901.664,62099.8676
1722196800000,184.9,1.0748753451188857,185.4,182.61,184.9,216755.223,61.386676272975095,4.258722772718088,66930.1616,62132.067
1722211200000,192.25,1.075946758973091,193.35,184.4,192.25,985656.065,72.19844377284953,4.593814003238224,66972.635,62168.92805000001
1722225600000,192.35,1.1364404335105285,193.98,189.87,192.35,661795.217,72.3120358080412,4.559255860149778,67020.39600000001,62207.53805
1722240000000,190.84,1.1372645980137635,192.41,190.26,190.84,343557.559,67.80683767802928,4.387166155853366,67068.5696,62245.757750000004
1722254400000,186.95,1.1248197140149174,193.2,184.89,186.95,911668.552,57.813905254523235,4.6673685732924115,67096.60979999999,62277.677650000005
1722268800000,186.84,1.0927597148390815,187.49,184.1,186.84,658727.528,57.55559906917953,4.576127960914383,67105.07100000001,62306.96659999999
1722283200000,182.57,1.091935550335847,186.89,181.57,182.57,463155.393,48.49741813589374,4.629261677991926,67097.4848,62333.55075
1722297600000,182.58,1.0566613095973953,183.95,179.3,182.58,660171.202,48.51785277034925,4.630742986706786,67081.24440000001,62361.6007
1722312000000,182.39,1.0567437260477193,184.95,181.25,182.39,473595.406,48.12713232141085,4.564261344799158,67056.9776,62392.03575
1722326400000,181.02,1.055095397041249,182.89,180.07,181.02,308880.449,45.29467505130184,4.439671248742075,67030.8576,62419.719249999995
1722340800000,181.01,1.043804343346932,182.66,178.7,181.01,717444.454,45.273729886891,4.405409016689069,67010.4578,62446.829249999995
1722355200000,177.97,1.0437219268966085,181.59,176.28,177.97,535129.039,39.320961069472204,4.470022658354136,66978.758,62470.50425
1722369600000,179.16,1.0186673259982693,179.94,175.39,179.16,379277.943,42.507658282343584,4.475735325614556,66961.2406,62493.564249999996
1722384000000,180.91,1.0285573000370873,181.72,178.08,180.91,289169.282,46.922248479932804,4.416039945213515,66917.7592,62516.60425
1722398400000,183.13,1.0429801788436972,185.1,178.09,183.13,539209.315,51.96153579147348,4.6013228062696925,66891.599,62539.1919
1722412800000,181.72,1.0612766308155106,184.57,181.34,181.72,361162.462,48.79295664287885,4.503371177250428,66863.9994,62560.52109999999
1722427200000,180.08,1.049573494869576,184.28,179.73,180.08,564000.713,45.330513587736874,4.506701807446826,66860.0792,62585.670999999995
1722441600000,176.59,1.0361396134668481,182.68,174.99,176.59,741388.094,38.98974176167077,4.734080249772053,66831.69559999999,62603.50515
1722456000000,171.71,1.0072938558536284,177.0,171.61,171.71,755932.661,32.20602521701254,4.7809316605026195,66792.57539999999,62621.3351
1722470400000,168.62,0.9670746280957677,172.91,168.52,168.62,760011.128,28.790272304232076,4.753007970466718,66760.5754,62640.396499999995
1722484800000,168.23,0.9417727778464581,169.74,166.0,168.23,816652.984,28.381134247891524,4.680650258290525,66728.427,62659.90024999999
1722499200000,169.69,0.9384761198335186,169.94,168.01,169.69,507949.121,32.262006653279556,4.4841752398412025,66700.8578,62679.4615
1722513600000,162.67,0.9505089215807474,171.46,161.25,162.67,1311560.649,25.193097087378177,4.893162722709689,66637.4298,62688.73300000001
1722528000000,162.4,0.8927349899039848,162.91,157.91,162.4,1299028.95,24.96651255132987,4.900793956801854,66578.5102,62700.3314
1722542400000,167.37,0.8903449128446036,168.48,161.2,167.37,828294.783,36.319995229017444,5.0707372456017215,66562.07059999999,62721.571500000005
1722556800000,164.32,0.931388305105699,169.43,161.52,164.32,569896.964,33.01816294339065,5.273541728058741,66541.2142,62739.33045
1722571200000,161.44,0.9061688713067128,165.32,159.06,161.44,587759.321,30.22407791098496,5.344003033197402,66516.97559999999,62755.2174
1722585600000,164.37,0.8824329336135492,165.42,160.41,164.37,571993.561,36.144402291307145,5.320145673683301,66528.304,62774.02585
1722600000000,156.76,0.9065809535583303,167.65,152.8,156.76,1872429.405,29.211752647674174,6.000849554134494,66513.9442,62783.46585
1722614400000,151.3,0.8439444513124819,157.46,150.01,151.3,900783.174,25.44132508128277,6.104360300267746,66484.6956,62788.8337
1722628800000,152.77,0.7988626529855358,155.06,150.0,152.77,1050155.509,28.130905509874268,6.029763135962907,66418.8446,62787.73585
1722643200000,153.56,0.8111427040837351,154.05,148.62,153.56,1008143.72,29.600675205268402,5.986922911965557,66362.9242,62787.08165
1722657600000,151.64,0.8175711872089669,153.56,151.18,151.64,496917.129,28.096763852772554,5.729285561110875,66280.1654,62781.53165
1722672000000,152.38,0.8017472287468577,152.58,148.35,152.38,654037.996,29.581745379176866,5.622193735317242,66177.71280000001,62773.94010000001
1722686400000,146.2,0.8078460460707957,153.59,146.02,146.2,859088.183,24.94784143009477,5.761322754223152,66057.4816,62761.945900000006
1722700800000,140.42,0.7568302633205587,147.61,140.0,140.42,1656324.11,21.548029854585465,5.893371128921499,65915.9616,62749.86545000001
1722715200000,142.52,0.7092759714839081,143.97,140.07,142.52,770443.555,25.519407056311593,5.750987476855678,65778.72119999999,62737.6909
1722729600000,144.32,0.7266658425021634,146.08,141.81,144.32,653389.135,28.844352711874464,5.645202657080273,65633.6212,62725.23199999999
1722744000000,140.82,0.7413359706597437,144.48,140.57,140.82,446692.187,26.378476050167066,5.521259610145968,65482.9412,62712.602
1722758400000,143.51,0.7126550459471711,144.52,139.4,143.51,593549.302,31.24358631434562,5.4925982094212555,65344.9012,62701.38864999999
1722772800000,135.19,0.7346602381835414,145.12,135.0,135.19,1396293.139,25.607147282250097,5.823126908748309,65165.8878,62683.66875
1722787200000,142.0,0.6661721679647257,143.0,131.22,142.0,2960801.969,35.81401759283882,6.248617843837716,64986.8434,62665.79699999999
1722801600000,138.33,0.7222153541846953,143.93,137.35,138.33,986989.553,33.17255794304846,6.2722879978493085,64773.1834,62646.861600000004
1722816000000,126.14,0.6919685169159764,139.37,121.93,126.14,4875818.79,26.247780140204114,7.0699817122886435,64486.0808,62606.62045
1722830400000,122.9,0.5915028639716486,130.13,110.0,122.9,7364427.947,24.767850119070772,8.002840161410884,64181.6346,62559.31405
1722844800000,115.96,0.5649647669674867,123.9,110.56,115.96,2953604.585,21.91726448191291,8.38406586416725,63849.6156,62511.0741
1722859200000,130.44,0.5077677504429884,132.65,110.03,130.44,5592308.081,37.96096628429063,9.400918302441017,63584.820199999995,62478.3295
1722873600000,128.76,0.627106770511394,135.53,126.7,128.76,2324503.279,37.01079184838587,9.360138423695231,63297.502,62443.7499
1722888000000,129.78,0.6131783904067251,135.1,128.33,129.78,1156895.137,38.025071449428104,9.175128536288428,63024.97819999999,62412.91270000001
1722902400000,138.62,0.621667284790044,141.1,129.4,138.62,1712722.807,46.122315705389646,9.355476497982112,62776.052800000005,62392.88585
1722916800000,141.98,0.6945234268760043,144.0,137.5,141.98,1135041.577,48.857429821107345,9.15151389098339,62531.055,62371.8429
1722931200000,139.47,0.7221329377343717,142.11,136.34,139.47,1354575.129,46.940384840571504,8.909977184484577,62248.30180000001,62352.38295
1722945600000,145.9,0.7013639922528537,146.37,136.11,145.9,1979241.765,52.12301711439194,9.006407385592821,61985.861399999994,62343.31295000001
1722960000000,146.33,0.7544401862611777,148.45,144.97,146.33,1157598.21,52.457451499765945,8.611664000907618,61729.5708,62338.330649999996
1722974400000,144.4,0.7579840936250877,149.59,143.25,144.4,1023464.146,50.744112320914596,8.449402286557074,61487.931000000004,62327.740699999995
1722988800000,151.62,0.742077718712655,151.78,142.33,151.62,1519113.543,56.471708042535276,8.520873551802996,61279.11,62320.6326
1723003200000,152.46,0.8016648122965343,155.0,150.0,152.46,1391114.126,57.096781206323556,8.269382583817068,61081.83439999999,62319.9871
1723017600000,151.61,0.8085053776733836,154.92,150.65,151.61,1114660.331,56.217046798211314,7.983712399258705,60888.901999999995,62328.66405
1723032000000,148.46,0.8014999793958875,154.52,146.24,148.46,2098382.063,52.96042217377635,8.004875799311653,60671.75199999999,62337.0613
1723046400000,143.16,0.7754563810936661,149.45,142.35,143.16,1269386.659,47.929447858395434,7.940241813646535,60435.4562,62333.424900000005
1723060800000,144.77,0.7318580788725428,147.54,142.21,144.77,979650.865,49.498858336031496,7.753795969814639,60213.8192,62325.78569999999
1723075200000,153.09,0.7452095438249474,156.38,141.4,153.09,1677591.963,56.75294925315928,8.269953400542164,60036.19359999999,62328.707299999995
1723089600000,153.65,0.8136976140437631,155.53,151.44,153.65,775602.045,57.19859443294623,7.971385300503438,59856.3034,62331.5308
1723104000000,154.12,0.8183953517122017,155.72,152.97,154.12,634580.568,57.5935598300451,7.5984292076103355,59681.55359999999,62336.08335
1723118400000,160.6,0.8222689248774054,160.76,152.5,160.6,1897336.179,62.703656386356414,7.645684264209597,59545.6342,62350.19350000001
1723132800000,155.81,0.8755923682367,162.82,155.18,155.81,1102402.691,57.21515752701807,7.645278245337481,59412.0442,62363.60895
1723147200000,163.13,0.8360324720814275,163.7,155.36,163.13,1215620.514,62.6023801816496,7.694901227813374,59318.1642,62385.449
1723161600000,158.94,0.8963613137182181,163.54,158.23,158.94,789470.253,58.093293231059896,7.524551140112419,59240.1954,62402.950999999994
1723176000000,157.92,0.8619112374830016,159.12,155.68,157.92,601792.028,57.016653700488234,7.232797487247247,59164.906800000004,62416.1182
1723190400000,156.62,0.8534223430996826,159.69,155.32,156.62,486896.796,55.602278040732536,7.028311952443872,59099.291399999995,62429.57715
1723204800000,151.13,0.8428730374582766,157.37,151.11,151.13,1073969.175,49.9653130553048,6.973432527269309,59008.9242,62441.77835
1723219200000,153.6,0.7974615733300366,154.25,150.72,153.6,498646.758,52.307965665155415,6.727473061035787,58929.067599999995,62457.88545
1723233600000,156.28,0.8179832694605844,157.36,151.5,156.28,647960.223,54.78181019112804,6.665510699533232,58887.6954,62477.948300000004
1723248000000,154.17,0.8400708781472781,158.75,153.27,154.17,539441.409,52.4739848172436,6.580831363852285,58828.011999999995,62494.382000000005
1723262400000,155.43,0.8225985906786993,155.44,152.54,155.43,257080.066,53.7275919076393,6.317914837862837,58737.7716,62519.30295
1723276800000,154.85,0.8329006469691349,155.9,153.6,154.85,285896.71,53.03412210641273,6.030920920872636,58664.005600000004,62548.107299999996
1723291200000,153.96,0.82828532575102,155.23,152.8,153.96,306125.587,51.92656414944087,5.773712283667446,58591.042,62571.426699999996
1723305600000,154.51,0.8209502616722297,155.36,153.0,154.51,334625.776,52.585554595962975,5.5298756919769145,58518.1708,62590.738900000004
1723320000000,154.01,0.8254007499896978,155.15,153.65,154.01,162669.685,51.88918024948148,5.242027428264278,58468.3208,62616.54885000001
1723334400000,155.69,0.8212799274735236,157.05,153.65,155.69,305350.519,54.089144635115424,5.110454040531115,58437.3496,62639.58735
1723348800000,156.69,0.8352083075781924,156.85,154.8,156.69,240837.454,55.396568964598075,4.8918501804931775,58432.523,62662.29925
1723363200000,153.66,0.8433675361602175,158.0,153.03,153.66,433119.6,50.68656422901416,4.89743231045795,58407.9862,62679.8032
1723377600000,148.73,0.8183129352618783,153.8,148.03,148.73,874422.829,44.11440763583828,4.959758573996668,58377.2918,62694.85545
1723392000000,145.78,0.7777640417027237,149.75,145.63,145.78,570357.267,40.71264398251544,4.899775818711192,58331.3264,62705.820949999994
1723406400000,141.57,0.7534511888572959,145.86,141.2,141.57,1044226.586,36.39887921528628,4.882648974517537,58287.9982,62711.998849999996
1723420800000,143.92,0.7186714468207854,144.84,141.2,143.92,642700.767,40.20730692116542,4.793888333480572,58253.268200000006,62715.2363
1723435200000,145.94,0.7380393126468042,146.77,142.21,145.94,637838.061,43.34758128609129,4.777182023946246,58212.8006,62718.359350000006
1723449600000,150.25,0.7547698520624716,150.79,143.58,150.25,1123595.082,49.44810981386966,4.950954736521512,58195.1346,62726.717800000006
1723464000000,147.58,0.7903737586022169,150.51,143.01,147.58,1428232.394,46.1338440985685,5.133029398198547,58191.8022,62732.864700000006
1723478400000,143.75,0.7682861499155232,148.26,142.94,143.75,563823.407,41.80530611354921,5.146384441184365,58154.7618,62735.6246
1723492800000,146.29,0.7367206494416285,147.53,141.84,146.29,550755.528,45.46004213314478,5.18521412395691,58159.97440000001,62743.85935
1723507200000,143.66,0.7576544278237936,147.36,142.92,143.66,571580.082,42.48486016120904,5.1319845436742755,58155.6212,62752.0992
1723521600000,145.99,0.7359789013887171,147.04,142.96,145.99,338497.037,45.865088122523176,5.0568427905546836,58177.1622,62759.660200000006
1723536000000,145.88,0.7551819343140891,146.38,143.24,145.88,389080.239,45.72845004632637,4.919925448372205,58275.9448,62765.9702
1723550400000,146.08,0.7541929369102073,147.67,144.66,146.08,573081.756,46.043194243443125,4.783502202059905,58411.9062,62772.374
1723564800000,146.55,0.7559236823670005,149.82,144.88,146.55,725839.961,46.823664679823565,4.794680616198483,58601.5092,62782.584800000004
1723579200000,146.65,0.7597148390818806,147.89,145.72,146.65,267576.348,46.99932692762889,4.6072034293271615,58726.8304,62798.5105
1723593600000,145.14,0.7606214200354391,147.27,143.58,145.14,472220.864,44.603315922276586,4.541688898660936,58876.485199999996,62816.3846
1723608000000,145.73,0.7482589524869164,145.73,144.09,145.73,349703.151,45.76669956298572,4.334425405899439,59014.38940000001,62834.25525
1723622400000,148.01,0.7530391066056784,149.04,144.83,148.01,502402.34,50.125668639339914,4.325537876906621,59127.0122,62856.16955
1723636800000,146.7,0.7719124737297565,152.18,144.5,146.7,1737243.494,47.75090447106398,4.565142314270434,59195.726200000005,62867.8133
1723651200000,144.24,0.76111591873738,147.24,143.76,144.24,552718.507,43.57591557925524,4.487632148965405,59269.3486,62876.25125
1723665600000,143.71,0.7407590555074793,144.7,142.36,143.71,312860.291,42.70950507926888,4.334229852610731,59314.8966,62878.5982
1723680000000,144.7,0.736308567190011,145.4,143.17,144.7,363414.779,44.912796387423256,4.183927720281394,59348.4466,62882.93305
1723694400000,142.51,0.7446326286726831,144.88,141.04,142.51,494293.133,41.143310004534406,4.1593614545470095,59389.2138,62883.7894
1723708800000,143.13,0.7265010096015163,143.52,141.29,143.13,384782.119,42.611786652871636,4.021549922079367,59426.880999999994,62888.4462
1723723200000,145.95,0.7316108295215724,146.6,142.05,145.95,853657.213,48.861515380776446,4.059296356216554,59482.1196,62896.008799999996
1723737600000,139.99,0.754852268512795,147.64,137.78,139.99,1407053.887,39.15599972607284,4.473632330772513,59483.8012,62888.576100000006
1723752000000,142.58,0.7057320641199983,144.92,138.7,142.58,725837.685,44.33092273604858,4.598372878574476,59512.7324,62882.128249999994
1723766400000,141.99,0.727077924753781,144.43,140.74,141.99,549226.593,43.424853415666945,4.5334891015334415,59575.348,62878.45635
1723780800000,144.53,0.7222153541846953,144.82,141.6,144.53,398509.224,48.32183145742618,4.43966845142391,59641.8046,62874.7212
1723795200000,141.97,0.7431491325668603,144.88,141.71,141.97,468558.923,44.1719126009637,4.348977847750772,59668.8098,62869.39045
1723809600000,137.91,0.7221329377343717,142.63,136.3,137.91,1164412.479,38.521613477904914,4.490479430054288,59686.3612,62859.4357
1723824000000,140.94,0.6885894424527135,141.45,136.1,140.94,1129523.219,44.25286019105126,4.551873756478981,59733.6188,62857.357149999996
1723838400000,139.04,0.7136440433510527,141.93,139.0,139.04,325090.167,41.63196752930038,4.436025631016197,59722.5502,62851.31015
1723852800000,138.89,0.6979025013392672,140.3,137.61,138.89,336457.036,41.42338600998042,4.31130951451504,59717.4274,62847.52205
1723867200000,139.45,0.6966662545844149,139.73,138.62,139.45,153552.675,42.58001328499343,4.082644549192536,59668.6676,62839.7725
1723881600000,139.12,0.70128157580253,140.17,138.12,139.12,280709.719,42.053053710502375,3.9374556528216393,59624.24220000001,62822.21875
1723896000000,140.18,0.6984794164915318,141.85,138.94,140.18,417691.902,44.43193825347198,3.864065963334379,59594.733,62804.9587
1723910400000,141.11,0.7072979766761446,141.65,140.1,141.11,229458.066,46.50686434989126,3.698775537381924,59571.092000000004,62790.05465
1723924800000,141.93,0.7149627065562287,141.99,140.68,141.93,143724.705,48.338585111099306,3.5281487132832154,59564.72720000001,62772.3846
1723939200000,141.17,0.7216384390324307,143.31,141.0,141.17,343882.71,46.7410724532783,3.441138090905843,59537.847200000004,62752.3617
1723953600000,141.55,0.715374788807846,142.0,140.56,141.55,159697.699,47.672259747922716,3.2981996558411395,59512.555199999995,62726.60795
1723968000000,144.62,0.718589030370462,147.31,141.3,144.62,618589.536,54.58131468526188,3.491899680423914,59504.278600000005,62702.9673
1723982400000,145.8,0.7438908806197717,146.69,144.0,145.8,559253.861,56.93495393047341,3.4346211318222055,59484.7184,62687.8122
1723996800000,146.44,0.7535336053076193,146.61,144.09,146.44,319602.163,58.20016379117666,3.3692910509777634,59460.4684,62667.62355
1724011200000,142.42,0.7588906745786458,147.07,142.28,142.42,351020.774,48.55142785332649,3.4707702616222087,59418.69760000001,62635.3691
1724025600000,143.23,0.7257592615486049,143.47,141.59,143.23,440968.92,50.33797422904537,3.357143814363479,59373.105599999995,62603.226200000005
1724040000000,142.3,0.7324349940248073,143.51,141.91,142.3,371127.413,48.26563153605132,3.2316335419089444,59324.6792,62570.517199999995
1724054400000,142.33,0.7248526805950467,143.35,140.33,142.33,477455.399,48.33951501019408,3.2165168603440186,59270.918,62533.993650000004
1724068800000,143.86,0.7250175134956938,144.66,141.67,143.86,637842.393,52.096907535703245,3.2003370846051604,59216.5628,62500.399849999994
1724083200000,142.95,0.7377096468455103,146.19,142.6,142.95,566771.705,49.77791457151362,3.2281701499905067,59182.5304,62471.61885
1724097600000,144.29,0.7301273334157496,144.54,142.63,144.29,446192.123,53.08928401930648,3.1340151392768987,59168.7546,62445.1913
1724112000000,145.58,0.7410887213087732,147.9,143.36,145.58,585218.75,56.09078288900812,3.234442629328548,59188.71600000001,62425.3583
1724126400000,147.47,0.7518028598508263,148.83,145.4,147.47,552787.108,60.11711391762127,3.2484110129479378,59232.95079999999,62409.54
1724140800000,145.4,0.7674619854122882,147.71,145.17,145.4,397066.922,54.24972897943824,3.1978102263088006,59273.1372,62387.8087
1724155200000,142.16,0.7503193637450035,146.43,141.0,142.16,844334.156,46.58568038755601,3.3572523530010296,59276.1556,62358.59635
1724169600000,144.02,0.7236164338401945,144.3,141.63,144.02,374493.53,50.87615781628157,3.308162899215243,59269.36140000001,62332.3663
1724184000000,142.27,0.7389458936003627,144.55,142.22,142.27,267567.13,47.04711106195648,3.2382941206998694,59245.49,62309.74470000001
1724198400000,142.53,0.7245230147937529,143.1,141.55,142.53,237964.103,47.677179167365836,3.1177016835070206,59251.0104,62288.56970000001
1724212800000,143.18,0.7267482589524868,143.83,142.23,143.18,221892.062,49.301303679422126,3.009294420399378,59258.317599999995,62267.19010000001
1724227200000,141.31,0.7320229117731899,143.54,140.93,141.31,327767.853,44.97595159004481,2.98077339037085,59264.7404,62242.370800000004
1724241600000,140.36,0.7165286191123749,142.52,138.7,140.36,778075.938,42.91603636012306,3.0407181482015053,59270.2154,62221.459749999995
1724256000000,143.43,0.7087814727819673,143.66,139.67,143.43,495266.718,50.76390994406016,3.1085239947585412,59325.015400000004,62208.72975
1724270400000,142.79,0.7340833230312771,144.42,142.09,142.79,458615.185,49.24400126985825,3.0529151379900727,59358.690800000004,62185.326049999996
1724284800000,141.73,0.7287262537602505,143.25,140.63,141.73,367535.696,46.747502170818855,3.0219926281336393,59353.2658,62152.28425
1724299200000,143.33,0.7200725264762845,143.69,141.43,143.33,215092.605,50.80189008853827,2.96756458326695,59361.209,62123.9058
1724313600000,144.53,0.7333415749783657,144.83,142.62,144.53,412878.815,53.652004032586134,2.913452827319311,59368.8742,62097.5762
1724328000000,142.63,0.7431491325668603,144.88,142.0,142.63,459225.955,48.828686187246056,2.9110633396536456,59358.741799999996,62066.80180000001
1724342400000,142.74,0.7275724234557216,143.6,142.4,142.74,194277.906,49.11390804173154,2.7888445296783844,59338.9644,62035.92335
1724356800000,143.22,0.7283965879589567,143.74,142.68,143.22,176391.741,50.412759272066474,2.665355634701357,59357.767400000004,62003.67755
1724371200000,144.48,0.7324349940248073,145.73,143.19,144.48,394577.656,53.749989283314186,2.656401660794117,59391.81100000001,61970.524099999995
1724385600000,145.15,0.7426546338649194,145.93,144.38,145.15,290473.643,55.46629240328924,2.5773729707373954,59439.52859999999,61940.17065000001
1724400000000,143.49,0.7482589524869164,145.49,143.4,143.49,258500.997,50.469104061839715,2.5425606156847245,59485.5026,61908.0224
1724414400000,144.4,0.7346602381835414,147.1,142.68,144.4,794478.983,52.9705136182053,2.6766634288501003,59554.9562,61882.17769999999
1724428800000,149.7,0.742077718712655,150.2,144.07,149.7,1140217.992,64.2838840178803,2.9233303267893787,59652.6258,61865.92195
1724443200000,153.26,0.7857584373841017,154.08,149.68,153.26,902840.891,69.57773930990757,3.028806732018709,59739.7138,61850.28814999999
1724457600000,153.25,0.8151811101495859,154.67,151.97,153.25,682026.849,69.54655629110863,3.005320536874515,59875.404800000004,61832.33810000001
1724472000000,154.61,0.8150162772489389,155.39,153.15,154.61,469237.757,71.42240217483254,2.9506547842406197,60010.8836,61813.08640000001
1724486400000,157.34,0.8263073309432563,158.74,154.34,157.34,674573.856,74.78058389811326,3.0541794425091475,60131.1838,61793.21140000001
1724500800000,159.46,0.8486421889809207,159.78,156.97,159.46,473152.892,77.03721670753333,3.0367380537584943,60241.56399999999,61776.911400000005
1724515200000,160.57,0.8661144764494991,162.3,159.26,160.57,847811.757,78.14013937064053,3.0369710499186033,60357.776,61760.38435000001
1724529600000,160.67,0.8753451188857295,161.16,157.28,160.67,592283.838,78.24153296818172,3.0971874034958455,60479.495,61745.85005
1724544000000,158.3,0.8761692833889643,160.76,157.36,158.3,453547.492,69.95939913772035,3.1188168746747125,60567.8474,61725.194749999995
1724558400000,156.12,0.8566365846622986,159.05,155.25,156.12,515774.129,63.31986367043153,3.1674728121979485,60667.72060000001,61706.876
1724572800000,157.28,0.8386697984917789,158.7,155.8,157.28,400078.004,65.21181340656389,3.148367611326665,60762.0314,61688.8756
1724587200000,159.35,0.8481476902789797,159.92,156.93,159.35,442477.253,68.34914970627025,3.137055639089045,60859.7146,61676.6564
1724601600000,159.1,0.865372728396588,160.32,158.48,159.1,321078.043,67.55673544130393,3.044408807725542,60960.7204,61664.2134
1724616000000,158.92,0.8633123171385009,162.0,158.41,158.92,496128.782,66.95484374808369,3.083379607173718,61057.3582,61652.39335
1724630400000,160.11,0.8617464045823545,160.16,157.38,160.11,355285.264,68.92593574160236,3.061709635232738,61150.1942,61645.288250000005
1724644800000,159.11,0.8716363786211728,161.12,158.34,159.11,415355.927,65.3958365726599,3.0415875184303998,61232.8946,61633.74325
1724659200000,160.38,0.8633947335888243,162.0,158.46,160.38,537114.893,67.66109595159475,3.077188409971085,61323.3262,61622.774699999994
1724673600000,157.64,0.8736967898792599,161.71,155.95,157.64,986703.849,58.728636989824984,3.268817809258866,61402.509000000005,61610.04734999999
1724688000000,158.0,0.851114682490625,159.4,155.53,158.0,632485.003,59.48543469489769,3.3117593943118044,61468.888600000006,61594.92234999999
1724702400000,157.12,0.854164091152594,159.28,156.4,157.12,391453.105,56.74617960352886,3.2809194375752466,61528.28880000001,61578.212349999994
1724716800000,158.53,0.8469114435241274,159.0,157.04,158.53,305926.513,59.93009333973692,3.186568049177015,61593.5212,61564.80234999999
1724731200000,157.72,0.8586145794700621,159.69,157.25,157.72,349204.724,57.31978412939558,3.1332417599500855,61683.020399999994,61552.433899999996
1724745600000,154.26,0.8519388469938598,158.03,153.33,154.26,623715.154,47.751945623974436,3.2451530628107927,61756.6234,61544.05095
1724760000000,153.75,0.8233403387316107,155.82,152.67,153.75,729614.03,46.51934704950412,3.238356415467165,61820.762200000005,61531.92659999999
1724774400000,154.98,0.8191370997651131,155.55,153.25,154.98,381663.758,49.879547543816095,3.171330957219511,61894.8634,61521.95665
1724788800000,146.79,0.8292743231549016,155.06,145.03,146.79,1260251.587,34.386916011570435,3.661235888846689,61912.3786,61495.07725
1724803200000,148.17,0.7616928338896444,148.32,145.37,148.17,498076.761,37.887660717088515,3.610433325357639,61925.6082,61469.76225000001
1724817600000,143.97,0.7731487204846086,149.3,143.73,143.97,714595.854,32.248279803317686,3.7504023735463803,61908.857800000005,61433.76739999999
1724832000000,147.16,0.7385338113487452,148.1,142.72,147.16,773723.574,39.601625222052434,3.8668022040073526,61895.1742,61398.23234999999
1724846400000,144.11,0.7647422425516133,148.54,143.11,144.11,786781.233,35.62089036886525,3.9784591894353976,61856.687600000005,61358.77954999999
1724860800000,144.26,0.739687641653274,145.63,140.53,144.26,1020666.907,35.96182045045589,4.058569247332868,61824.2882,61316.6638
1724875200000,143.95,0.7409238884081262,146.37,141.6,143.95,477022.705,35.54290307713313,4.1093857296662355,61828.475600000005,61274.03824999999
1724889600000,143.32,0.7384513948984217,145.02,142.94,143.32,292776.969,34.65927458477297,3.964429606118648,61821.0578,61229.79375
1724904000000,144.66,0.7332591585280422,145.38,143.16,144.66,408471.103,38.179713089669406,3.8398274913958876,61832.45940000001,61188.17319999999
1724918400000,145.63,0.7442205464210656,146.85,144.38,145.63,393458.317,40.67159304768127,3.7419826705818955,61847.40060000001,61149.5185
1724932800000,146.06,0.752297358552767,147.36,144.73,146.06,556821.085,41.79170741006345,3.6625553369689046,61868.7604,61113.235049999996
1724947200000,140.28,0.7557588494663534,146.8,138.57,140.28,852825.151,32.821505105895085,3.9888013843282697,61866.6976,61068.47565000001
1724961600000,140.0,0.708039724729056,141.4,138.05,140.0,417464.204,32.45805111730711,3.943172714019107,61863.641800000005,61021.0507
1724976000000,138.75,0.7058968970206452,141.11,138.42,138.75,387340.997,30.81737357130173,3.8536603773034583,61812.882000000005,60974.98075
1724990400000,139.02,0.6955124242798862,139.92,137.15,139.02,540680.413,31.621380072333324,3.7762560646389245,61775.1834,60931.85375
1725004800000,138.66,0.6978200848889438,140.06,138.35,138.66,317539.056,31.10236573044807,3.628666345736145,61752.1254,60889.12899999999
1725019200000,133.32,0.6946882597766514,140.73,132.49,133.32,1341211.748,24.641518814536482,3.958047321040705,61694.33899999999,60841.79965
1725033600000,135.98,0.6508427082045577,137.91,132.04,135.98,1131431.907,32.19712321386412,4.094615369537798,61641.6176,60796.11975
1725048000000,137.99,0.672683067540281,138.48,135.65,137.99,320593.048,37.311841198361336,4.004285700285097,61615.949400000005,60753.5147
1725062400000,138.29,0.6892487740553015,139.23,137.5,138.29,264961.297,38.062832305257984,3.8418367216933036,61594.4296,60709.11474999999
1725076800000,137.59,0.6917212675650058,138.77,137.38,137.59,130327.815,36.95050865924491,3.6667055272866405,61568.81279999999,60663.34034999999
1725091200000,137.01,0.6859521160423621,137.85,135.79,137.01,300188.45,36.011465611228815,3.551940846766166,61539.3664,60612.20694999999
1725105600000,136.63,0.6812543783739234,137.29,135.57,136.63,177030.014,35.37711727047764,3.421087929140011,61498.111800000006,60559.5996
1725120000000,134.97,0.6780401368113075,136.7,134.49,134.97,178614.814,32.66977980372799,3.334581648487152,61460.3982,60505.979550000004
1725134400000,135.35,0.664359006057609,136.3,134.51,135.35,179088.355,33.91651179395885,3.2242543878809284,61409.21699999999,60460.3295
1725148800000,134.07,0.6674908311699014,135.62,132.88,134.07,279306.294,31.781738436699683,3.189664788746577,61307.12439999999,60416.435300000005
1725163200000,132.81,0.6569415255284954,134.09,131.09,132.81,397081.784,29.79376215216398,3.1761173038361075,61195.9524,60374.90505
1725177600000,131.91,0.6465570527877365,132.84,130.18,131.91,436844.474,28.42601391985265,3.139251782133528,61084.122599999995,60333.057649999995
1725192000000,134.29,0.6391395722586227,134.87,130.0,134.29,529518.341,36.70149751932539,3.2628766548382764,60962.162599999996,60289.38265
1725206400000,135.23,0.658754687435612,135.92,131.87,135.23,363573.128,39.668499814161606,3.319099750921256,60854.3424,60249.082599999994
1725220800000,128.5,0.6665842502163433,136.15,127.66,128.5,922120.72,29.137873636748978,3.6884497687125952,60720.859599999996,60204.511849999995
1725235200000,130.21,0.6110355626983145,130.7,128.27,130.21,567146.12,33.93669358089872,3.598560499518837,60591.4878,60163.56680000001
1725249600000,127.66,0.6251287757036305,130.37,126.8,127.66,639972.608,30.607929746945516,3.5965204638389205,60459.30739999999,60120.36675
1725264000000,131.83,0.6040301644208184,132.93,127.22,131.83,789983.861,40.82913146262608,3.7474832878504265,60345.7274,60082.1868
1725278400000,132.54,0.638480240656035,133.45,130.0,132.54,511501.253,42.38521545103521,3.7262344815753954,60239.121999999996,60043.75675
1725292800000,133.05,0.6443318086290023,133.87,131.71,133.05,286378.41,43.5339223299961,3.614360590034295,60130.443600000006,60005.48665
1725307200000,134.94,0.6484526311451765,135.39,132.81,134.94,351333.302,47.69578973961748,3.54047769074613,60030.443,59969.247350000005
1725321600000,135.51,0.6641941731569619,138.13,134.21,135.51,401897.702,48.918605695599624,3.5675864271214057,59928.9146,59938.51815
1725336000000,134.6,0.6687270779247537,135.89,133.54,134.6,337314.591,47.02828784423671,3.480615968041305,59826.7546,59910.93815
1725350400000,134.36,0.6613095973956401,134.64,132.77,134.36,279259.928,46.51774295518581,3.365571970324067,59725.8948,59886.61810000001
1725364800000,129.8,0.6593316025878766,135.5,129.31,129.8,667203.267,38.06275060613108,3.5673168295866335,59607.8546,59853.600150000006
1725379200000,130.95,0.621832117690691,132.21,129.31,130.95,374791.042,40.976404278504155,3.5196513417590176,59491.5946,59820.458900000005
1725393600000,127.54,0.6313100094778918,131.61,127.15,127.54,566915.395,35.62484629536705,3.5868191030619454,59370.6986,59793.36454999999
1725408000000,127.7,0.60312358346726,128.89,122.6,127.7,1200406.418,36.04689088685676,3.7799034528432345,59236.918399999995,59759.524399999995
1725422400000,130.3,0.6044422466724358,131.44,126.55,130.3,505116.797,42.629074116398456,3.859196063354432,59115.1584,59716.4843
1725436800000,128.43,0.6257881073062183,130.71,128.11,128.43,398907.541,39.481641456274915,3.769253487400544,58987.2184,59676.3034
1725451200000,133.83,0.6104586475460502,134.13,127.88,133.83,1032149.438,50.78240466186381,3.946449666871934,58891.85220000001,59646.15304999999
1725465600000,133.19,0.6548811142704083,134.98,132.58,133.19,474295.422,49.600247079095915,3.83598897638108,58804.6724,59613.14305
1725480000000,133.64,0.6496888779000288,134.66,132.89,133.64,203183.493,50.47325684825829,3.688418335211004,58729.90779999999,59585.9175
1725494400000,131.6,0.6533976181645855,134.38,131.28,131.6,292498.457,46.53776885757133,3.646388454124503,58630.57600000001,59558.42675
1725508800000,133.1,0.6365846622985947,134.26,130.84,133.1,373792.043,49.64669913922663,3.630217850258466,58585.378,59536.7106
1725523200000,132.83,0.6489471298471174,133.87,131.69,132.83,315818.006,49.093293902780346,3.5266308609542905,58526.758,59510.720700000005
1725537600000,130.61,0.6467218856883835,135.58,130.16,130.61,905450.033,44.68298548018965,3.661871513743271,58474.258599999994,59482.290700000005
1725552000000,128.44,0.6284254337165699,131.14,127.85,128.44,622556.003,40.82253324065082,3.6353092627616084,58396.758799999996,59452.99385
1725566400000,129.41,0.6105410639963736,129.91,128.13,129.41,251922.51,43.185470024937906,3.5027871725643505,58340.3588,59429.498849999996
1725580800000,130.7,0.6184530432274282,131.56,128.66,130.7,301311.701,46.25877697503108,3.4597309459526113,58294.1418,59411.208849999995
1725595200000,128.09,0.6292495982198048,131.18,127.41,128.09,352960.505,41.38139139918878,3.481893021241711,58229.5296,59386.74035
1725609600000,130.24,0.6075740717847283,131.07,128.02,130.24,395152.434,46.39532149587358,3.4510435197244447,58166.689399999996,59363.0608
1725624000000,128.09,0.6254584415049244,134.29,126.86,128.09,1540693.7,42.482108258956224,3.7352546968869835,58055.912000000004,59331.4159
1725638400000,125.14,0.6075740717847283,128.33,123.81,125.14,1350756.163,37.774249651231116,3.7913079328236283,57925.2564,59294.6073
1725652800000,125.05,0.5833436353896237,126.0,120.0,125.05,1553377.867,37.637211979403396,3.949071651907655,57788.916000000005,59268.9921
1725667200000,125.17,0.5826018873367124,125.74,124.13,125.17,267590.862,37.96038614147559,3.7819951053428227,57680.1342,59241.79835
1725681600000,127.62,0.5835084682902707,128.5,125.09,127.62,581101.736,44.306202000340825,3.755424026389764,57578.67399999999,59222.42335
1725696000000,126.99,0.6037829150698479,127.8,126.68,126.99,277926.611,43.08577601106429,3.5671794530762084,57484.5538,59224.598999999995
1725710400000,128.84,0.5986730951497918,129.5,126.88,128.84,362828.133,47.646255780109946,3.499523777856479,57394.731799999994,59235.12805
1725724800000,128.31,0.6138377220093131,129.18,126.26,128.31,438243.079,46.4967758867511,3.458129222295302,57294.892,59250.448099999994
1725739200000,127.71,0.6096344830428154,128.43,126.44,127.71,183906.544,45.16826215780507,3.3532628492742096,57216.20940000001,59249.64695
1725753600000,128.28,0.6046070795730828,128.51,126.9,128.28,178898.772,46.725555495906626,3.228744074326051,57130.268800000005,59254.31145000001
1725768000000,129.59,0.6092224007911979,130.13,127.85,129.59,279081.718,50.22448581363768,3.1609766404456185,57036.514,59256.39865
1725782400000,130.08,0.6201013722338978,130.97,129.2,130.08,401820.542,51.50741063011779,3.061621166128075,56942.9954,59250.8504
1725796800000,126.74,0.6240573618494252,130.27,126.61,126.74,468335.182,43.3126657894229,3.104362511404642,56834.8354,59239.285449999996
1725811200000,128.71,0.5966126838917047,129.36,126.63,128.71,251368.3,48.51557260249071,3.077622332018597,56739.1558,59234.92045
1725825600000,130.15,0.6127663081551078,131.7,128.34,130.15,392415.352,51.984702685032865,3.097792165445839,56656.42399999999,59227.240249999995
1725840000000,128.59,0.6246342770016895,131.02,127.93,128.59,398593.615,48.195903285658204,3.097235582199708,56581.60399999999,59218.987850000005
1725854400000,129.31,0.611777310751226,129.4,127.51,129.31,253676.248,50.00694440361523,3.011004469185443,56501.604400000004,59213.74785
1725868800000,129.44,0.6176288787241934,131.0,129.19,129.44,432690.029,50.34448594299115,2.925218435672197,56436.41760000001,59205.762200000005
1725883200000,128.41,0.6187827090287221,130.21,126.96,128.41,686717.726,47.60213797968055,2.94841711883847,56374.56480000001,59198.08765000001
1725897600000,134.98,0.6102113981950797,135.0,128.26,134.98,1246366.438,61.86979395680789,3.219244467492865,56351.54520000001,59198.71845
1725912000000,135.08,0.6644414225079325,137.09,133.72,135.08,646912.822,62.03922517922705,3.230012719814803,56328.04520000001,59203.455949999996
1725926400000,132.91,0.6651831705608439,135.2,132.79,132.91,312201.941,56.20304665918976,3.171440382685174,56288.26,59212.28354999999
1725940800000,134.96,0.6473812172909712,135.29,132.5,134.96,262327.359,60.028568736424695,3.1441946410648036,56286.5942,59222.70560000001
1725955200000,135.23,0.6642765896072856,135.48,134.02,135.23,306765.681,60.51772049271471,3.0238950238458875,56276.31399999999,59223.596900000004
1725969600000,134.14,0.6665018337660196,136.4,133.37,134.14,561300.332,57.46060711643921,3.024331093571181,56257.2742,59220.60945
1725984000000,136.65,0.6575184406807597,138.0,133.77,136.65,599603.802,62.19641307927954,3.1104503011732385,56247.8742,59223.766950000005
1725998400000,135.63,0.6782049697119545,136.79,135.14,135.63,262972.105,59.306936127350404,3.0061324225180077,56229.8342,59214.806749999996
1726012800000,133.65,0.6698809082292824,135.91,133.28,133.65,452040.703,54.05698327869041,2.9792658209095784,56197.4254,59201.83195
1726027200000,132.45,0.6533976181645855,133.64,131.07,132.45,543558.781,51.1043563490653,2.950746833701752,56149.022800000006,59176.962
1726041600000,132.0,0.6435076441257674,132.45,130.36,132.0,329135.648,50.001408544621455,2.889264917008768,56102.7628,59154.16
1726056000000,131.17,0.6397989038612107,133.33,128.2,131.17,990257.309,47.94599308774316,3.0493174229367144,56054.547399999996,59133.3483
1726070400000,132.7,0.6330407549346848,133.57,131.05,132.7,620795.533,51.873355539742874,3.0115090355840906,56024.81739999999,59117.9996
1726084800000,132.42,0.645650471834178,133.11,131.99,132.42,203595.444,51.11332294451869,2.876401247328084,56017.077399999995,59105.63845
1726099200000,135.62,0.6434252276754441,136.0,132.38,135.62,514934.084,58.58214495800199,2.929515443947507,56020.811799999996,59093.39495
1726113600000,134.9,0.6696336588783122,136.25,134.31,134.9,286283.118,56.49088894734501,2.858835769379828,56033.8204,59079.8958
1726128000000,134.79,0.6637820909053447,135.39,134.21,134.79,236081.501,56.161034832045786,2.7389189287098388,56061.90059999999,59067.99655
1726142400000,133.56,0.6629579264021099,136.78,133.42,133.56,577772.743,52.47155974981595,2.7832818623734226,56077.2212,59051.3467
1726156800000,135.74,0.6526558701116744,135.76,133.48,135.74,404865.94,57.76716691930553,2.747333157918178,56113.5212,59038.68230000001
1726171200000,136.05,0.6707050727325174,136.72,135.07,136.05,253421.923,58.47569081033875,2.66895221806688,56113.4876,59026.76445
1726185600000,134.44,0.6733423991428689,136.21,134.35,134.44,205186.864,53.459457836560425,2.6111699167763898,56109.24680000001,59010.91204999999
1726200000000,134.58,0.6600733506407878,134.85,133.73,134.58,202180.594,53.83034839506881,2.504657779863791,56112.015,58996.841049999995
1726214400000,132.58,0.6612271809453166,134.67,132.5,132.58,341690.021,47.95136832782413,2.480753652730662,56126.728599999995,58980.771499999995
1726228800000,136.59,0.6447438908806198,136.69,131.7,136.59,829288.449,57.8831976583997,2.6599855346784724,56176.9742,58972.8234
1726243200000,138.04,0.6776280545596902,138.21,135.96,138.04,693534.991,60.796297247713056,2.6307008536300103,56237.8938,58968.1976
1726257600000,139.02,0.6897432727572425,139.8,137.92,139.02,442651.106,62.67534781511907,2.5770793640850114,56328.333600000005,58970.05115
1726272000000,139.43,0.6977376684386204,139.8,138.49,139.43,250546.182,63.46433662117542,2.4865736952217965,56413.7208,58973.592450000004
1726286400000,137.51,0.7011167429018832,139.55,137.39,137.51,309745.016,57.3504935479923,2.4632470027059554,56492.883599999994,58980.7202
1726300800000,136.79,0.685292784439774,137.57,136.51,136.79,241295.446,55.20285099045369,2.3630150739412445,56555.251399999994,58986.70465000001
1726315200000,137.39,0.6794412164668068,138.16,136.57,137.39,218833.18,56.65939382206612,2.3077997115168705,56636.6856,58992.7116
1726329600000,136.58,0.6843037870358922,137.87,135.6,136.58,253206.869,54.10196038703752,2.3050997321228093,56712.9038,58992.5031
1726344000000,137.14,0.6776280545596902,137.35,136.58,137.14,123206.605,55.59427061080249,2.195449751256893,56831.864199999996,58991.431399999994
1726358400000,137.45,0.6823257922281287,137.95,137.06,137.45,134422.788,56.438625271662055,2.1022033404528284,56964.2972,58996.99115
1726372800000,137.16,0.6847982857378332,137.58,136.82,137.16,131208.944,55.377803054031745,2.0063316732776277,57088.9578,59001.23795
1726387200000,135.61,0.6824082086784522,137.19,135.12,135.61,230673.018,49.971426275556,2.010879410900654,57212.5898,59006.040499999996
1726401600000,135.76,0.6695512424279886,136.4,134.63,135.76,339282.145,50.47531719668207,1.993673738693465,57333.578,59011.527299999994
1726416000000,133.46,0.6709523220834879,135.82,132.93,133.46,565454.691,43.277485440694846,2.057697043072502,57444.6224,59016.7684
1726430400000,131.37,0.6518317056084393,133.5,130.43,131.37,449415.154,37.97774134074445,2.1300043971387512,57531.6624,59015.0671
1726444800000,130.62,0.6347715003914781,131.85,129.25,130.62,451354.791,36.26165111831324,2.16357551162884,57615.083999999995,59003.841799999995
1726459200000,131.25,0.6285902666172167,131.42,130.4,131.25,232901.137,38.76474137908142,2.081891546512493,57710.0888,58995.46155
1726473600000,131.89,0.6337825029875962,132.4,130.69,131.89,274376.17,41.28724761959964,2.0553278646187443,57795.308800000006,58984.01735
1726488000000,131.46,0.6388923229076523,132.38,129.96,131.46,468964.675,40.09225735445195,2.0813758742888333,57864.2176,58968.85569999999
1726502400000,131.13,0.6355132484443895,131.79,128.91,131.13,486903.241,39.15561740063841,2.1384204546967736,57931.9758,58952.0913
1726516800000,131.47,0.6327110891333909,131.92,129.95,131.47,221888.291,40.6929510907809,2.1263904222184324,58022.515600000006,58945.982800000005
1726531200000,131.12,0.6355132484443895,131.96,130.12,131.12,222296.471,39.5841769561525,2.105933963488545,58096.9754,58941.82715
1726545600000,132.25,0.6326286726830675,132.85,130.73,132.25,202792.089,44.81247019407681,2.1069386803822203,58173.4842,58941.887149999995
1726560000000,131.95,0.6419417315696213,133.35,131.75,131.95,330055.937,43.73048569973326,2.070728774640633,58252.804000000004,58945.07720000001
1726574400000,134.67,0.6395516545102403,135.55,130.91,134.67,783039.99,54.46534858870014,2.2542481478805887,58376.0338,58960.45285
1726588800000,132.23,0.6618040960975811,134.94,131.0,132.23,603509.993,45.989426848929305,2.3746589944605465,58470.0962,58966.566
1726603200000,131.54,0.6416944822186508,132.72,131.2,131.54,198151.431,43.90848908622175,2.313611923427651,58568.655999999995,58969.72175
1726617600000,131.68,0.6360901635966538,132.15,130.22,131.68,255751.193,44.45763667070476,2.286211071754248,58637.065,58987.0344
1726632000000,131.35,0.6373264103515061,131.84,130.6,131.35,246504.0,43.379564793130506,2.211481709486088,58704.7852,59001.46915
1726646400000,129.42,0.6344418345901842,131.35,128.08,129.42,456959.209,37.63196760443251,2.2870901588085095,58771.2104,59011.24915
1726660800000,127.67,0.6185354596777516,130.35,127.07,127.67,642086.541,33.320913658855844,2.358012290322187,58815.422600000005,59016.1101
1726675200000,129.49,0.6041125808711418,133.08,127.24,129.49,1266234.207,40.903329014270035,2.6067256981563176,58872.0224,59024.40005
1726689600000,134.34,0.6191123748300159,134.45,128.47,134.34,442252.108,55.44386651661807,2.8476738625737226,58975.302200000006,59042.844699999994
1726704000000,138.01,0.6591667696872295,138.67,134.27,138.01,999355.336,62.88552555989754,2.958554300961312,59058.62179999999,59055.0177
1726718400000,138.56,0.6894136069559483,139.11,137.6,138.56,564479.964,63.85969694845166,2.8550861366069333,59147.781800000004,59071.114649999996
1726732800000,139.48,0.69394651172374,139.63,138.27,139.48,422239.326,65.49135727717291,2.748294269706437,59264.2996,59088.55
1726747200000,142.96,0.7014464087031771,143.0,139.43,142.96,929065.979,70.85206216020322,2.806987536155977,59393.140400000004,59108.080200000004
1726761600000,143.04,0.7302097498660733,144.04,142.46,143.04,675018.579,70.96373055292801,2.7193455692876918,59522.2204,59128.65455
1726776000000,142.89,0.730869081468661,143.82,140.9,142.89,540276.166,70.41897945679257,2.733678028624284,59647.155600000006,59146.45395
1726790400000,144.66,0.7295504182634853,144.7,141.18,144.66,419182.097,73.04814000702785,2.789843883722548,59770.28880000001,59167.7988
1726804800000,151.04,0.7441381299707421,152.5,144.45,151.04,1383792.624,79.96164305139482,3.1655693205995097,59894.02480000001,59187.96285
1726819200000,150.58,0.7968846581777723,151.8,150.0,150.58,640849.467,78.40012147885086,3.068028654842403,59998.1704,59208.475750000005
1726833600000,147.88,0.792928668562245,151.15,145.92,147.88,1179429.019,69.78574913180651,3.222455179496518,60098.486999999994,59226.37875
1726848000000,146.67,0.7707586434252276,148.42,144.81,146.67,571089.404,66.27144276601373,3.250136952389623,60193.50980000001,59240.30435
1726862400000,146.66,0.7607862529360859,147.98,146.14,146.66,293758.004,66.24175318932264,3.1494128843617935,60307.290199999996,59256.989649999996
1726876800000,145.97,0.7607862529360859,148.0,144.95,145.97,363723.322,64.10762243379577,3.1423119640502373,60397.321599999996,59272.8956
1726891200000,147.45,0.7549346849631187,147.75,144.61,147.45,314466.29,66.59370115465325,3.142146823760934,60496.495599999995,59296.21395
1726905600000,147.21,0.7671323196109943,147.93,146.44,147.21,214389.796,65.79780163596409,3.0241363363494393,60601.37159999999,59317.97854999999
1726920000000,147.64,0.7651543248032305,150.25,146.71,147.64,436739.539,66.56874012787375,3.0609837408959075,60702.545,59341.3075
1726934400000,147.38,0.7686982321671405,148.79,147.17,147.38,385344.115,65.60580385724792,2.9580563308319148,60809.194800000005,59365.34069999999
1726948800000,149.41,0.7666378209090534,149.89,147.21,149.41,202070.154,69.33547716349705,2.9381951643439193,60882.826400000005,59389.38930000001
1726963200000,148.09,0.7834507767750442,149.92,147.12,148.09,267602.431,64.44200366588352,2.9283240811764952,60950.0666,59410.08165
1726977600000,147.17,0.7724069724316974,148.98,146.37,147.17,233435.959,61.20001253441474,2.905586646806744,60998.8266,59427.56915
1726992000000,144.87,0.7648246590019367,147.57,144.12,144.87,405502.064,53.89951680680951,2.944473314891976,61047.9192,59438.39325
1727006400000,143.13,0.7458688754275354,145.18,142.63,143.13,349731.529,49.12519966626514,2.91629664954255,61098.198800000006,59447.032199999994
1727020800000,144.68,0.731528413071249,145.45,142.41,144.68,322955.602,53.10972257274477,2.925132603146653,61167.27100000001,59460.238099999995
1727035200000,144.63,0.7442205464210656,145.78,141.12,144.63,586735.303,52.96561373729182,3.049051702921892,61241.3262,59484.00425
1727049600000,147.73,0.7440557135204185,149.07,142.13,147.73,746473.284,60.179927057175966,3.3269765812846144,61332.2062,59508.2143
1727064000000,145.52,0.7695223966703753,148.22,145.17,145.52,399654.211,53.839796625502274,3.307192539764286,61403.32199999999,59530.88939999999
1727078400000,143.57,0.7513083611488853,145.65,143.07,143.57,589751.609,48.94041566532896,3.2552502154954093,61468.9042,59551.4646
1727092800000,144.21,0.7351547368854823,145.5,142.59,144.21,714090.678,50.53151202311368,3.2305894858171658,61537.3442,59570.9946
1727107200000,143.31,0.7404293897061852,145.03,142.76,143.31,410051.486,48.254305121144164,3.1619759511159407,61603.305199999995,59590.6817
1727121600000,144.79,0.7330943256273952,145.2,142.42,144.79,366352.505,52.07878114665905,3.1346919546076593,61663.39680000001,59609.822649999995
1727136000000,146.63,0.7452919602752708,146.9,143.09,146.63,611812.965,56.39383666346391,3.1829282435642554,61728.3124,59617.59265
1727150400000,147.19,0.7605390035851154,147.35,145.35,147.19,373567.601,57.64389263734418,3.0984333690239514,61816.870800000004,59629.6121
1727164800000,146.46,0.7650719083529072,148.76,145.95,146.46,564864.493,55.41381911230812,3.0778309855222408,61914.9358,59644.2593
1727179200000,145.52,0.7590555074792928,148.53,144.16,145.52,893748.021,52.59233252079356,3.1701287722706524,61999.9136,59655.13769999999
1727193600000,148.24,0.7513907775992088,148.47,145.34,148.24,586034.197,59.084290863985665,3.167262431394177,62112.480599999995,59669.91894999999
1727208000000,152.73,0.7736432191865495,154.0,147.99,152.73,985475.654,67.09470612585582,3.370315114866021,62240.1008,59689.19545
1727222400000,152.0,0.8108130382824412,153.93,151.03,152.0,684281.54,64.87100321422562,3.336721178089877,62370.421,59709.95545
1727236800000,149.77,0.8047142209585033,152.25,148.97,149.77,475956.078,58.49333953902992,3.3326696653691714,62483.00779999999,59727.2929
1727251200000,150.98,0.7863353525363663,151.01,149.43,150.98,321445.425,60.748279029328586,3.207478974985658,62598.568,59743.51640000001
1727265600000,150.42,0.7963077430255078,153.0,149.71,150.42,481193.695,59.14674816540828,3.2133733339152535,62694.5734,59755.64835
1727280000000,149.99,0.7916924218073926,151.97,148.84,149.99,465199.543,57.88482995587196,3.2074180957784497,62776.583600000005,59767.84745
1727294400000,147.98,0.7880660979931593,150.88,147.28,147.98,300177.065,52.27083453665587,3.2354596603657026,62816.9138,59775.94225000001
1727308800000,149.22,0.771500391478139,149.73,146.57,149.22,440585.273,55.160067451711,3.230069684625295,62887.84079999999,59775.36975
1727323200000,151.81,0.7818848642188979,151.86,148.7,151.81,368625.037,60.53391696563353,3.2250647071520615,62958.6024,59774.443900000006
1727337600000,152.91,0.8032307248526805,153.18,150.46,152.91,631447.222,62.58482387543409,3.1889886566412,63036.2824,59777.2538
1727352000000,157.11,0.8122965343882638,158.05,151.09,157.11,1623413.963,69.17211605461836,3.4583466097382574,63132.302800000005,59781.82395
1727366400000,155.51,0.8469114435241274,158.04,155.35,155.51,759217.725,64.51241746810689,3.4034647090426673,63229.60400000001,59785.8542
1727380800000,155.55,0.8336423950220463,156.41,153.85,155.55,427931.543,64.57666270431494,3.343217229825334,63344.500199999995,59791.84415
1727395200000,155.72,0.8338896443730167,156.42,153.89,155.72,413126.047,64.86776385444831,3.28513028483781,63450.6606,59797.6212
1727409600000,157.47,0.8353731404788395,158.89,155.63,157.47,633937.891,67.80114617434145,3.2833352644922513,63524.6612,59804.13625
1727424000000,156.08,0.8498784357357727,159.23,155.73,156.08,601504.132,63.28153263785999,3.298811317028519,63591.0484,59810.81795
1727438400000,159.03,0.8382577162401614,161.43,155.21,159.03,1314036.048,68.13614426060025,3.507467651526482,63669.2888,59821.5067
1727452800000,157.59,0.862652985535913,159.66,157.02,157.59,591819.318,63.708311584503605,3.4455056764174468,63729.5398,59830.4271
1727467200000,157.64,0.8507850166893312,158.59,157.31,157.64,171237.562,63.79628652098637,3.2908266995304865,63781.858,59838.616050000004
1727481600000,158.65,0.851114682490625,159.43,157.59,158.65,254639.035,65.60980696093577,3.1871962209925946,63838.0934,59847.997800000005
1727496000000,156.39,0.8595211604236206,158.88,156.15,156.39,349917.818,58.54310410185484,3.1545393480645516,63895.6138,59856.017850000004
1727510400000,157.17,0.8408950426505128,157.58,155.0,157.17,421409.008,60.138867681151126,3.113500823202799,63936.73079999999,59864.43295
1727524800000,156.87,0.8474059422260684,158.01,156.2,156.87,281619.199,59.19509195585274,3.0203936215454563,63978.6174,59874.39354999999
1727539200000,156.88,0.8448510322660403,157.45,156.41,156.88,149390.602,59.21806638863918,2.878936934292209,64024.2974,59883.71855
1727553600000,156.75,0.8448510322660403,157.07,155.63,156.75,123858.679,58.754934403192195,2.7761557246999082,64078.37760000001,59895.3459
1727568000000,157.83,0.8438620348621584,158.53,156.23,157.83,289281.926,61.45215080040265,2.742144601507058,64138.513399999996,59907.710549999996
1727582400000,155.48,0.8527630114970949,158.2,155.12,155.48,494071.653,53.286516716753404,2.7662771299708386,64184.0326,59920.9256
1727596800000,156.75,0.8333951456710759,156.87,155.09,156.75,228785.256,56.63975987808571,2.6958287635443505,64240.0796,59934.535200000006
1727611200000,157.28,0.8439444513124819,158.0,155.54,157.28,356987.428,57.99489228063161,2.6789838518626117,64293.28600000001,59948.78035
1727625600000,159.42,0.8481476902789797,159.66,156.67,159.42,317848.76,63.02034807707996,2.701199291015283,64350.667,59966.48945
1727640000000,158.46,0.8659496435488524,161.78,157.89,158.46,663683.453,59.57690104616331,2.786113627371335,64399.34760000001,59985.953850000005
1727654400000,156.19,0.8580376643177978,159.77,155.24,156.19,822234.147,52.29989502992091,2.910676939701954,64426.34939999999,59998.212199999994
1727668800000,156.86,0.8392467136440432,157.75,155.2,156.86,423087.023,54.08262476464261,2.8849143011518157,64450.6104,60023.94725
1727683200000,155.6,0.8447686158157168,156.95,153.74,155.6,624921.419,50.27708153863634,2.9081347082123985,64464.879199999996,60044.899399999995
1727697600000,154.16,0.8343841430749577,157.38,154.01,154.16,513507.529,46.269941846964315,2.9411250861972276,64477.38739999999,60069.701550000005
1727712000000,155.06,0.8225161742283759,155.73,153.96,155.06,371424.622,49.00553891550908,2.8574732943259957,64491.467399999994,60087.466550000005
1727726400000,152.49,0.830016071207813,156.94,151.73,152.49,485507.466,42.3714215422044,3.0255109161598535,64504.9768,60109.1045
1727740800000,155.09,0.8089174599250009,155.27,151.48,155.09,373286.222,49.77858359970971,3.080117279291294,64516.246399999996,60133.22764999999
1727755200000,156.79,0.8302633205587835,157.15,154.81,156.79,330208.935,53.94665699177823,3.027251759341916,64525.5896,60158.282750000006
1727769600000,156.46,0.8441917006634523,157.34,155.93,156.46,354792.109,53.026651737498796,2.9117337765317792,64513.1896,60181.24724999999
1727784000000,149.61,0.8415543742531009,156.69,146.12,149.61,1510357.836,38.39089158553988,3.458752792493794,64494.7902,60196.4721
1727798400000,145.42,0.7849342728808669,149.99,142.55,145.42,1525464.791,32.48469375058794,3.7431275930299512,64461.2092,60204.91675
1727812800000,145.13,0.7504841966456504,146.4,142.29,145.13,897131.526,32.11641596400939,3.7693327649563844,64404.9648,60205.045699999995
1727827200000,147.21,0.7480117031359459,148.03,143.42,147.21,554540.038,37.582231908541026,3.829380424602358,64374.003,60217.50805
1727841600000,147.75,0.7651543248032305,148.96,146.22,147.75,394164.311,38.95641740909921,3.7515675371307617,64341.75119999999,60229.35
1727856000000,146.14,0.7696872295710223,148.48,145.18,146.14,493674.727,36.384426329618655,3.719312713049992,64302.5514,60240.01
1727870400000,147.46,0.7563357646186178,147.68,142.74,147.46,751961.671,39.8885573558616,3.8065046621178493,64268.833199999994,60253.02455
1727884800000,139.98,0.7672971525116413,148.4,138.61,139.98,1085645.235,29.85341984862299,4.233897186252288,64203.0666,60256.9946
1727899200000,140.18,0.7056496476696748,141.71,138.61,140.18,537620.137,30.357918284230834,4.15290453009141,64152.852399999996,60269.766050000006
1727913600000,142.88,0.7072979766761446,142.96,138.68,142.88,650144.345,36.95047111499238,4.161982777942024,64096.2854,60283.585900000005
1727928000000,139.9,0.7295504182634853,142.88,139.82,139.9,281809.426,33.21339202438982,4.0832697223747365,64029.5514,60292.59595000001
1727942400000,136.85,0.7050727325174104,140.08,135.25,136.85,911085.328,29.882245077290435,4.13660759934797,63955.64619999999,60300.2596
1727956800000,135.58,0.6799357151687477,138.57,133.11,135.58,1132465.548,28.596139755059383,4.231135627965971,63891.609599999996,60307.9921
1727971200000,137.31,0.6693864095273417,137.44,133.64,137.31,455650.991,32.83669234758871,4.200340225968402,63835.56939999999,60317.567149999995
1727985600000,136.82,0.6836444554333044,137.88,135.24,136.82,311192.207,32.25244326021691,4.088887352684944,63780.71039999999,60326.297999999995
1728000000000,137.33,0.6795236329171302,138.68,135.95,137.33,361584.878,33.5771355796991,3.9918239703503064,63736.1202,60336.777949999996
1728014400000,139.56,0.683891704784275,139.77,137.28,139.56,363318.138,39.17736693063902,3.884550829611,63701.9528,60349.12619999999
1728028800000,140.1,0.7021057403057651,141.03,139.17,140.1,510596.308,40.48589149803586,3.739940056067358,63660.662800000006,60363.75435
1728043200000,142.43,0.7067210615238803,142.67,138.05,142.43,1156905.994,45.894719384696856,3.8028014806339736,63621.0822,60380.72635
1728057600000,143.89,0.725924094449252,144.54,141.86,143.89,525490.006,49.021191288929636,3.7226013748744022,63580.5624,60401.36375
1728072000000,143.24,0.7378744797461572,144.55,142.6,143.24,202256.629,47.69966623551366,3.595986990954803,63517.701799999995,60420.70875
1728086400000,141.83,0.7325174104751309,144.0,141.71,141.83,367130.138,44.87365781776078,3.502702205886602,63460.72039999999,60437.4487
1728100800000,143.8,0.7208966909795196,144.58,141.56,143.8,250457.35,49.38560453055207,3.468223476894703,63398.76440000001,60461.32035
1728115200000,143.45,0.737132731693246,144.93,143.3,143.45,225404.318,48.62415114905401,3.3369217999736525,63335.0442,60483.510299999994
1728129600000,142.9,0.7342481559319238,144.16,142.5,142.9,205279.882,47.38766964037969,3.217141671404106,63269.19699999999,60506.60865
1728144000000,142.16,0.7296328347138087,143.02,142.01,142.16,208110.961,45.70367602970358,3.0594886948752427,63197.4196,60523.740999999995
1728158400000,142.59,0.7236988502905178,142.98,141.06,142.59,218835.167,46.88485279618541,2.9780966452412962,63118.45939999999,60541.34105
1728172800000,142.69,0.7271603412041043,143.68,142.0,142.69,165988.747,47.172671718801965,2.8853754562954896,63042.872800000005,60558.534400000004
1728187200000,142.97,0.7279845057073391,143.42,142.09,142.97,109664.283,48.021976231819494,2.774277209417239,62966.454000000005,60572.6188
1728201600000,144.02,0.7302097498660733,144.33,142.63,144.02,203994.539,51.19096676338562,2.6975431230302944,62887.21720000001,60587.573449999996
1728216000000,146.0,0.7389458936003627,146.7,143.95,146.0,374636.487,56.56831796749056,2.7012900428138447,62825.1372,60605.6135
1728230400000,145.42,0.7551819343140891,146.52,144.89,145.42,321447.486,54.668327295447966,2.6247693254700004,62761.8046,60623.4104
1728244800000,146.48,0.7504841966456504,146.75,144.31,146.48,233339.858,57.47920611421531,2.6115715165078575,62705.820199999995,60648.88495
1728259200000,149.94,0.7591379239296163,151.0,145.88,149.94,663108.029,65.08877975479498,2.790744979614439,62661.9504,60676.3075
1728273600000,148.02,0.7878188486421889,150.54,146.63,148.02,508341.434,58.800265364006805,2.870691766784836,62615.430199999995,60706.52880000001
1728288000000,147.43,0.7719124737297565,149.21,145.65,147.43,436724.342,56.97851639428476,2.919928069157348,62561.8206,60738.936100000006
1728302400000,148.71,0.7671323196109943,152.4,146.38,148.71,973354.797,59.882447554963875,3.1413617785032524,62525.3124,60773.464100000005
1728316800000,147.09,0.7775167923517533,149.43,145.49,147.09,590377.942,54.837376029104924,3.19840736575302,62479.114,60807.5091
1728331200000,143.96,0.7643301602999958,147.26,143.5,143.96,435848.407,46.658196527349475,3.238521125342089,62408.5672,60827.9591
1728345600000,144.71,0.7385338113487452,145.6,143.5,144.71,354596.447,48.63516866822702,3.1571981878176536,62341.9868,60850.81805000001
1728360000000,143.08,0.7446326286726831,145.05,142.17,143.08,392602.919,44.753068830908774,3.1373983172592514,62276.346399999995,60872.563500000004
1728374400000,144.49,0.7311987472699552,144.62,142.64,144.49,296039.278,48.57683452519331,3.054727008883592,62237.753,60900.00645000001
1728388800000,142.8,0.7427370503152428,145.52,141.17,142.8,638560.043,44.592993361569484,3.1472465082490513,62192.273,60925.671
1728403200000,143.74,0.7288910866608975,144.06,141.75,143.74,319303.449,47.187389396850016,3.087443186231262,62160.794799999996,60953.408599999995
1728417600000,143.49,0.736638232991305,144.7,142.67,143.49,152726.017,46.562923589818105,3.011911530071886,62132.7764,60984.331
1728432000000,143.94,0.7346602381835414,145.34,143.09,143.94,278138.842,47.89946399366539,2.957489277923894,62110.897800000006,61016.001299999996
1728446400000,143.17,0.7382041455474513,144.31,142.68,143.17,223581.008,45.78906731469289,2.862668615215044,62089.8816,61046.485199999996
1728460800000,143.2,0.7318580788725428,143.5,142.47,143.2,244629.291,45.889098042166204,2.731763714128255,62059.412000000004,61074.54519999999
1728475200000,142.83,0.7321053282235134,143.34,140.19,142.83,627352.123,44.791342150290326,2.7616377345476657,62024.8136,61107.10375
1728489600000,141.12,0.7291383360118681,142.9,139.75,141.12,390227.73,40.025770283126434,2.7893778963656897,61970.7732,61132.268200000006
1728504000000,139.33,0.7149627065562287,141.11,138.66,139.33,307589.067,35.73922265672745,2.7658509037681407,61930.916600000004,61165.22325
1728518400000,139.89,0.7002925783986484,140.41,137.66,139.89,250535.327,37.97711702661137,2.7647186963561308,61913.102600000006,61201.878300000004
1728532800000,139.69,0.7049078996167634,140.92,139.48,139.69,158599.588,37.47516317220746,2.6700959323306925,61914.987,61236.56345000001
1728547200000,140.44,0.7033419870606171,140.5,137.43,140.44,366584.628,40.64346322983709,2.6986605085927855,61905.2176,61273.778900000005
1728561600000,138.67,0.7094408043845551,140.83,136.2,138.67,668834.55,36.00633275978917,2.836613329407588,61886.45680000001,61306.2957
1728576000000,138.11,0.6947706762269749,139.09,135.52,138.11,581698.327,34.65900235688399,2.88899809159276,61857.7222,61333.3021
1728590400000,139.03,0.6902377714591833,139.07,137.14,139.03,263530.487,38.716193208208765,2.820498227907563,61826.7698,61361.03405
1728604800000,140.83,0.6979025013392672,141.56,138.68,140.83,282670.374,45.80637310547678,2.824748354485594,61835.2496,61392.084
1728619200000,141.17,0.7126550459471711,142.12,140.64,141.17,345131.351,47.05246020700268,2.7286949005937666,61835.7578,61424.65315
1728633600000,141.97,0.7154572052581694,142.7,140.98,141.97,277900.419,49.967523171199076,2.6566452648370693,61829.9754,61458.51255
1728648000000,144.41,0.7221329377343717,145.52,141.88,144.41,635720.649,57.629640917971344,2.72688488877728,61856.636399999996,61497.62654999999
1728662400000,145.45,0.7421601351629784,146.62,143.92,145.45,476034.987,60.4124513646094,2.7249645395789037,61903.0618,61540.2762
1728676800000,145.53,0.7506490295462974,146.41,145.15,145.53,251631.138,60.626673782389055,2.6203242153232673,61941.031800000004,61584.5412
1728691200000,145.14,0.7513083611488853,146.6,144.71,145.14,226350.195,58.95187276425387,2.5681581999430327,61971.671800000004,61625.69615
1728705600000,145.58,0.7482589524869164,145.98,145.15,145.58,182601.834,60.284866932142954,2.4447183285185305,62011.969,61665.18425
1728720000000,146.26,0.7518028598508263,147.28,145.47,146.26,226761.658,62.32130707668913,2.399381305052921,62051.667400000006,61704.2938
1728734400000,146.09,0.757407178472823,147.27,145.71,146.09,368372.02,61.472669239851484,2.3394254975491413,62085.94439999999,61745.2112
1728748800000,146.79,0.7559236823670005,147.19,146.08,146.79,183006.235,63.666613161192494,2.2516093905813443,62116.9478,61783.8869
1728763200000,146.4,0.7617752503399677,147.32,146.34,146.4,160587.606,61.5631791569426,2.1607801483969618,62143.611399999994,61822.988
1728777600000,145.3,0.7584785923270283,147.06,145.13,145.3,207924.317,55.948577453689076,2.1442958520828936,62150.497599999995,61851.10185000001
1728792000000,146.42,0.7495776156920921,146.99,145.27,146.42,130473.372,59.95331874894043,2.113989005505544,62165.6472,61880.10925
1728806400000,146.47,0.7587258416779988,148.39,146.4,146.47,335381.441,60.12758917338971,2.1051326479694326,62179.634000000005,61910.292199999996
1728820800000,145.34,0.7591379239296163,148.11,144.45,145.34,421852.527,54.36917349875257,2.2161946016859035,62182.69639999999,61935.3459
1728835200000,146.03,0.7498248650430626,146.53,144.7,146.03,229003.539,57.07262675902075,2.188609272994054,62193.78279999999,61962.8775
1728849600000,147.74,0.7554291836650596,148.86,145.65,147.74,274419.637,62.93363382754288,2.2615657534944793,62207.83,61994.247599999995
1728864000000,152.51,0.769604813120699,152.58,146.8,152.51,665709.532,73.71463150483893,2.5128824853877307,62256.8602,62025.9875
1728878400000,153.04,0.8089174599250009,153.5,150.9,153.04,672420.437,74.59868257911451,2.5191051650028924,62308.117600000005,62060.91189999999
1728892800000,153.16,0.8132855317921456,154.02,152.04,153.16,558063.924,74.80529792447123,2.4805976532169725,62368.94560000001,62101.41445
1728907200000,156.71,0.814192112745704,158.1,152.57,156.71,1112894.316,79.99058223642834,2.6984121065586173,62447.36539999999,62147.20444999999
1728921600000,155.66,0.8434499526105409,156.9,154.56,155.66,674354.9,75.06937369957649,2.672811241804431,62524.115,62192.9115
1728936000000,157.59,0.8347962253265752,158.08,155.41,157.59,303612.036,77.77588630565386,2.6726104388184013,62591.3946,62239.825300000004
1728950400000,155.46,0.8507850166893312,158.44,155.0,155.46,427593.676,68.8874756074056,2.7274239789028014,62646.767,62278.897800000006
1728964800000,155.13,0.8333127292207524,156.34,153.71,155.13,418196.243,67.598527596107,2.720465123266887,62703.1436,62320.40150000001
1728979200000,152.41,0.8305105699097539,155.5,151.8,152.41,570629.375,57.97041448706127,2.790431900176394,62740.5272,62356.23635
1728993600000,153.29,0.8081757118720895,159.73,150.3,153.29,1902788.307,59.95753062675134,3.2646867644495075,62790.3274,62395.655549999996
1729008000000,155.16,0.8154283595005564,156.4,153.07,155.16,705256.48,63.866983488165715,3.2693519955602577,62867.02220000001,62440.216499999995
1729022400000,154.76,0.8308402357110478,155.28,152.0,154.76,455561.03,62.462180766738605,3.270112567305954,62935.473,62488.027050000004
1729036800000,154.23,0.8274611612477849,156.1,153.0,154.23,426999.019,60.56138568031474,3.257961669641243,63009.7526,62531.56695
1729051200000,153.67,0.8230106729303168,154.96,153.01,153.67,335143.618,58.53451056857844,3.164535836095441,63104.7232,62575.768
1729065600000,155.88,0.818477768162525,158.41,153.4,155.88,695558.972,63.698076781244275,3.296354704945766,63210.0216,62626.011750000005
1729080000000,155.71,0.8366918036840152,156.89,153.69,155.71,706255.482,63.04768739296337,3.289472226021068,63318.6216,62674.21515
1729094400000,154.35,0.8352907240285161,155.97,154.1,154.35,398717.079,57.94997801447361,3.188081352733849,63420.701400000005,62723.499650000005
1729108800000,154.28,0.8239996703341986,155.14,153.64,154.28,289142.18,57.69141825088763,3.06750411325286,63527.3414,62763.262800000004
1729123200000,154.62,0.8235051716322578,155.73,153.56,154.62,324914.862,58.65631840153647,3.0033966765919407,63634.4588,62802.549849999996
1729137600000,152.61,0.8263073309432563,154.78,151.6,152.61,514128.336,51.219441854469785,3.016011199692517,63737.3126,62836.57575
1729152000000,151.31,0.8097416244282359,153.47,151.11,151.31,400878.283,47.06330207993553,2.969153256857336,63826.8798,62869.29105000001
1729166400000,152.89,0.7990274858861829,153.25,150.77,152.89,562090.574,52.145763734397654,2.934213738510383,63933.1574,62906.55365
1729180800000,149.38,0.8120492850372932,152.92,147.66,149.38,659192.346,42.4054371105134,3.1003413286167834,64025.95739999999,62942.2217
1729195200000,150.5,0.7832035274240737,150.98,149.27,150.5,203605.547,45.87930608325255,3.001031233715583,64128.073,62979.9506
1729209600000,151.88,0.7923517534099805,153.25,149.56,151.88,356195.818,49.88985103153589,3.0502432884501838,64258.541399999995,63018.677599999995
1729224000000,153.89,0.8037252235546214,154.23,151.88,153.89,264163.307,55.107937215066066,3.0002259107037417,64405.215,63058.56095
1729238400000,153.0,0.8203733465199654,154.3,152.85,153.0,222102.857,52.50099319295956,2.8894954885106183,64541.9492,63096.2913
1729252800000,154.72,0.8128734495405283,155.24,152.14,154.72,451185.415,56.75837572046589,2.904531525045576,64698.65619999999,63138.98805
1729267200000,154.84,0.8270490789961676,156.65,153.62,154.84,378066.496,57.04763196239826,2.913493558970892,64845.5764,63182.025550000006
1729281600000,154.94,0.8281204928503729,155.18,153.77,154.94,157680.225,57.303945721338785,2.8061011619015424,64998.3492,63222.48850000001
1729296000000,154.56,0.8288622409032843,156.05,154.2,154.56,300313.228,55.937918390695984,2.7378082217657194,65172.8038,63265.34745
1729310400000,154.56,0.8258128322413153,155.14,154.12,154.56,157520.967,55.937918390695984,2.615107634496738,65333.2068,63311.42015
1729324800000,153.83,0.8258128322413153,155.04,153.45,153.83,204435.089,53.11683649636001,2.541885660604114,65482.732800000005,63358.9962
1729339200000,156.51,0.8197964313677011,157.5,153.8,156.51,366210.094,60.91086620121623,2.624608113418105,65633.7776,63405.57535
1729353600000,156.37,0.8418840400543948,156.97,155.32,156.37,266727.712,60.346481765340535,2.554993248173955,65773.91979999999,63453.1653
1729368000000,159.79,0.8408126262001895,159.85,156.13,159.79,429297.076,68.1180387588793,2.638208016161529,65896.2988,63505.646850000005
1729382400000,159.03,0.8689166357604977,160.62,158.14,159.03,484070.978,65.06625141932761,2.6269074435785638,65998.33859999999,63556.8669
1729396800000,158.78,0.862652985535913,160.64,158.58,158.78,334334.928,64.0497207824142,2.5864140547515215,66115.0986,63607.68695
1729411200000,159.2,0.8605925742778258,159.42,158.38,159.2,143790.479,65.0379452422108,2.475955907983555,66232.1388,63659.487
1729425600000,160.01,0.8639716487410887,161.5,157.58,160.01,696462.858,66.92618869442703,2.5791019145561576,66349.3072,63709.14
1729440000000,160.38,0.870812214117938,161.22,159.3,160.38,325550.572,67.78215931161031,2.532023206373574,66460.73479999999,63756.27649999999
1729454400000,167.4,0.8737792063295833,167.94,160.14,167.4,1110489.01,78.92611354504844,2.9083072630611766,66578.22480000001,63795.758949999996
1729468800000,169.51,0.9316355544566696,170.14,167.2,169.51,959229.609,81.04802558975862,2.9105710299853778,66697.0244,63840.618950000004
1729483200000,168.64,0.9489430090246013,171.76,168.58,168.64,710586.26,77.5794518662655,2.929815956414992,66803.18,63881.619000000006
1729497600000,166.42,0.9419376107471051,169.62,165.72,166.42,748290.681,69.41578734502788,2.9991148166710646,66913.694,63920.2591
1729512000000,165.27,0.9235587423249679,167.07,160.99,165.27,1169396.5,65.566753982352,3.2191780440517017,67003.64480000001,63954.82415
1729526400000,167.81,0.9140808505377673,168.08,163.02,167.81,779341.428,69.57899928639213,3.3506653266194375,67107.67820000001,63994.40915
1729540800000,166.17,0.9350146289199324,168.16,166.06,166.17,440914.264,64.36407664967093,3.261332089003763,67210.642,64034.15075
1729555200000,166.45,0.9214159146165574,167.9,162.99,166.45,629835.746,64.8484860836785,3.379094082646351,67303.75600000001,64070.8109
1729569600000,167.11,0.9238059916759384,168.96,166.18,167.11,384501.494,66.02096803476088,3.3363016481716117,67394.3956,64099.02095
1729584000000,167.88,0.9291630609469649,169.21,163.53,167.88,871885.734,67.38767487566439,3.5037086733022114,67454.3788,64124.92675
1729598400000,167.78,0.9355915440721967,170.99,164.79,167.78,1383386.758,67.01070856900134,3.6963009109234832,67507.6068,64150.86815
1729612800000,168.48,0.9348497960192853,169.16,166.0,168.48,521137.171,68.34557913929768,3.657993703000377,67558.8652,64175.05585
1729627200000,167.59,0.9404541146412824,169.26,166.77,167.59,324938.599,64.75772793490015,3.5745655813574913,67589.9852,64196.415649999995
1729641600000,165.51,0.9332838834631392,167.96,164.49,165.51,481949.862,57.20020317297451,3.5670966112605274,67612.8392,64215.566199999994
1729656000000,165.74,0.9160588453455308,166.51,164.34,165.74,422094.692,57.78686091859408,3.467303996170489,67628.2062,64235.08795
1729670400000,166.41,0.9178720072526475,166.94,164.13,166.41,533380.616,59.527215866588186,3.42035371072974,67648.4862,64248.44715000001
1729684800000,168.13,0.9234763258746445,169.48,164.97,168.13,982150.075,63.668301512116834,3.4981855885347577,67660.1802,64261.940350000004
1729699200000,173.02,0.9377343717806073,173.76,164.7,173.02,1491480.318,72.33489688817562,3.895458046496561,67681.6264,64277.10035
1729713600000,170.85,0.9779535995384679,174.3,170.0,170.85,598736.729,64.93268153521899,3.9243539003182355,67694.5594,64294.673650000004
1729728000000,174.14,0.9601516462685953,175.03,170.5,174.14,741675.611,69.95304502800083,3.9676143360097904,67699.41900000001,64316.69380000001
1729742400000,173.56,0.987184241974698,175.26,172.78,173.56,479471.912,68.10203208589454,3.8613561691519473,67700.3978,64336.30395
1729756800000,173.85,0.9823216714056126,174.38,171.0,173.85,650630.252,68.5501335111224,3.826973585641094,67704.198,64358.286049999995
1729771200000,175.43,0.984794164915317,177.22,173.72,175.43,989938.915,70.94498295181268,3.803618329523873,67718.7718,64381.33705
1729785600000,177.4,0.9978159640664277,177.9,174.65,177.4,541594.094,73.64020899508418,3.7640741631293104,67727.0732,64407.437150000005
1729800000000,177.19,1.0141344212304775,179.3,176.49,177.19,489741.336,72.86427202947593,3.695926008620074,67736.03899999999,64432.588650000005
1729814400000,174.68,1.0123212593233608,177.47,174.38,174.68,463099.85,64.16207449956431,3.652645579432926,67741.639,64456.610700000005
1729828800000,171.9,0.9917171467424897,175.06,171.46,171.9,627458.319,56.16170011381787,3.648885180902002,67739.8782,64477.52575
1729843200000,173.65,0.9687229571022375,174.14,170.66,173.65,791411.831,59.5785198145186,3.636821953694716,67749.966,64502.524699999994
1729857600000,172.45,0.9831458359088474,177.6,171.15,172.45,1070221.229,56.33600276005181,3.837763242716521,67757.7026,64526.294749999994
1729872000000,167.95,0.9732558618700291,173.04,165.11,167.95,1411688.62,46.1849901715804,4.130065868236768,67757.254,64546.624749999995
1729886400000,164.9,0.936168459224461,168.84,159.12,164.9,1354427.217,40.81673000822194,4.529346877648427,67739.4074,64566.8558
1729900800000,165.64,0.9111138583261218,165.94,162.43,165.64,756858.338,42.5611653755673,4.456536386387825,67740.8874,64585.6258
1729915200000,167.35,0.9171302591997361,169.18,165.3,167.35,615142.398,46.48642986821472,4.415355215931551,67732.6116,64602.77195
1729929600000,168.65,0.931223472205052,170.3,167.33,168.65,428038.029,49.32184112862264,4.312115557650726,67724.2636,64616.69195
1729944000000,168.63,0.9420200271974285,169.5,167.23,168.63,447795.694,49.27858161225356,4.166250160675675,67702.59939999999,64633.380300000004
1729958400000,171.52,0.9417727778464581,172.31,168.36,171.52,406811.281,55.37004155695809,4.150803720627412,67692.1192,64652.095049999996
1729972800000,170.88,0.9655911319899452,173.25,170.65,170.88,356057.056,53.828314139198,4.040032026296882,67659.2674,64669.46885
1729987200000,172.14,0.9602340627189186,173.26,170.26,172.14,327998.924,56.40210649749685,3.9657440244185334,67632.8986,64689.42390000001
1730001600000,173.27,0.970700951910001,173.52,171.66,173.27,241256.159,58.62942299964777,3.8153337369600675,67608.4188,64708.744000000006
1730016000000,174.02,0.9799315943462313,175.53,173.17,174.02,486763.009,60.08689249470966,3.7113813271772065,67581.97940000001,64728.7642
1730030400000,175.77,0.9862776610211398,177.05,174.02,175.77,615231.128,63.33287533348487,3.6627112323788347,67570.8884,64749.92455
1730044800000,177.21,1.0007005398277495,177.8,174.74,177.21,603237.421,65.79774809524888,3.619660430066061,67566.0824,64771.78285
1730059200000,176.63,1.012486092224008,178.27,176.58,176.63,331645.13,63.93353083328139,3.4818275422041998,67561.97780000001,64796.091400000005
1730073600000,175.74,1.0077059381052458,177.19,174.68,175.74,433482.77,61.07403917131289,3.4124112891896132,67552.89,64813.26765000001
1730088000000,175.69,1.0003708740264556,176.75,173.14,175.69,610018.978,60.90921994791527,3.426524768533213,67553.6404,64834.031749999995
1730102400000,176.95,0.9999587917748382,178.59,175.62,176.95,517918.064,63.57678329837647,3.3939158564951266,67564.956,64855.500649999994
1730116800000,173.39,1.0103432645155972,177.95,173.25,173.39,952863.091,52.6456115810341,3.487207581031188,67567.28,64878.755
1730131200000,176.42,0.9810030082004366,178.05,172.45,176.42,747135.632,59.09247775419608,3.638121325243248,67591.4794,64907.71485
1730145600000,178.29,1.0058103597478056,179.8,175.75,178.29,615911.686,62.48682240771231,3.6675412305830166,67618.2038,64940.0476
1730160000000,181.81,1.0213046524086207,182.3,177.14,181.81,938342.581,67.88818524789647,3.774145428398517,67666.8008,64978.8308
1730174400000,180.16,1.0503976593728108,182.78,179.5,180.16,448778.814,63.28808379584927,3.7388493263700515,67706.5204,65018.160599999996
1730188800000,180.8,1.0367989450694357,181.84,180.0,180.8,383186.997,64.29859069648337,3.603217231629334,67756.7608,65057.84894999999
1730203200000,180.61,1.0419911814398153,180.97,178.37,180.61,803468.06,63.737688872272905,3.5315588579415236,67834.52100000001,65100.59864999999
1730217600000,178.17,1.040425268883669,183.38,178.1,178.17,1011413.565,56.875938944169974,3.6564475109457004,67920.484,65141.309499999996
1730232000000,179.42,1.0203980714550622,180.31,176.41,179.42,460919.922,59.29365636114856,3.673844117306722,68028.39199999999,65178.84645
1730246400000,180.09,1.0307825441958214,180.84,176.94,180.09,370309.562,60.569699756373616,3.689998108927671,68117.81199999999,65216.461149999996
1730260800000,178.69,1.0361396134668481,181.36,178.16,178.69,299898.567,56.5785924483139,3.6549982440042674,68214.82179999999,65251.73114999999
1730275200000,175.71,1.0246837268718836,179.33,175.2,175.71,482466.835,49.15404245577617,3.688926940861107,68306.7012,65284.82105
1730289600000,173.93,1.0000412082251615,177.29,173.15,173.93,819078.994,45.327811592266755,3.721146445085313,68399.88799999999,65317.82765
1730304000000,174.29,0.9855359129682284,175.79,173.01,174.29,457150.209,46.23928530037006,3.653921699007791,68490.3452,65349.750949999994
1730318400000,174.87,0.9885029051798739,177.06,173.03,174.87,464208.584,47.75064824634106,3.680784434792949,68591.5946,65381.4446
1730332800000,174.35,0.9932006428483126,176.56,174.1,174.35,321939.588,46.488785919118065,3.5935855465934528,68689.0098,65414.92335
1730347200000,174.5,0.9889149874314912,176.0,173.11,174.5,366556.37,46.92449781148913,3.543329436122491,68788.8336,65448.15954999999
1730361600000,175.0,0.9901512341863435,176.36,173.31,175.0,307230.696,48.43179892337537,3.5080916192565996,68891.7116,65478.97074999999
1730376000000,170.65,0.9942720567025177,175.45,169.3,170.65,774730.622,38.25339228188864,3.6967993607382694,68967.06480000001,65502.950699999994
1730390400000,168.7,0.958420900811802,170.73,168.53,168.7,485890.136,34.72983044302357,3.5898851206855347,69040.6262,65524.420999999995
1730404800000,168.69,0.942267276548399,170.29,167.56,168.69,405181.886,34.71217234964256,3.5284647549222816,69121.9976,65547.7854
1730419200000,167.15,0.942267276548399,169.42,165.38,167.15,623504.618,32.01275748549793,3.5650029867135467,69179.9574,65566.01535
1730433600000,165.96,0.9294927267482588,167.63,165.05,165.96,318584.095,30.06699935555511,3.4946456305197207,69232.0584,65583.09385
1730448000000,167.88,0.9197675856100878,168.77,165.55,167.88,399859.004,36.74712999164228,3.475028085482598,69287.8354,65604.0243
1730462400000,164.09,0.9355915440721967,174.0,163.43,164.09,1214760.554,30.544706527477658,3.981811793662412,69333.1292,65623.5781
1730476800000,166.6,0.9044381258499196,167.81,163.69,166.6,547041.504,38.00742194613523,3.9916823798293826,69372.7694,65641.4585
1730491200000,166.1,0.9250422384307907,167.12,163.93,166.1,221912.672,37.1510863177894,3.934419352698712,69408.66519999999,65660.18185
1730505600000,167.0,0.9210038323649401,168.61,166.05,167.0,200310.291,39.7811440983912,3.836246541791662,69434.46919999999,65678.38769999999
1730520000000,167.64,0.9282564799934067,167.7,165.66,167.64,149039.417,41.65106232863536,3.707943217377971,69466.78180000001,65699.4472
1730534400000,166.04,0.9335311328141096,167.86,165.85,166.04,175577.333,38.437614629432275,3.5866615589938315,69498.78180000001,65724.7188
1730548800000,163.82,0.9203445007623521,166.44,162.11,163.82,561620.362,34.464469523253456,3.639757161922842,69536.0058,65748.8746
1730563200000,165.15,0.9021304652408619,165.41,163.0,165.15,310917.928,38.56178971748968,3.5519173646426387,69564.09,65777.32740000001
1730577600000,166.17,0.9130918531338855,166.93,164.94,166.17,205808.272,41.578469610385284,3.4403518385967367,69597.7846,65806.39405
1730592000000,161.94,0.9214159146165574,166.61,160.84,161.94,546931.303,34.10060446538999,3.6067552786969705,69628.3824,65830.85350000001
1730606400000,163.53,0.8867185890303703,164.08,161.79,163.53,220131.9,38.57270886076054,3.512701330218617,69662.3642,65856.20265
1730620800000,163.62,0.8997403881814809,164.85,162.65,163.62,269145.554,38.82577210256379,3.418936949488715,69691.2614,65879.37955
1730635200000,159.99,0.9004821362343923,164.61,157.82,159.99,858274.481,32.9326759978603,3.6597271673823797,69712.9196,65899.60445
1730649600000,161.06,0.8705649647669675,161.83,158.06,161.06,472307.046,36.01557657761207,3.667603798283639,69743.7396,65924.32945
1730664000000,162.53,0.8793835249515803,163.83,160.5,162.53,378519.545,40.089999485290775,3.64348924126338,69781.5296,65955.06515000001
1730678400000,162.82,0.8914163266988091,165.04,160.48,162.82,417272.601,40.88968724367496,3.7089542954588532,69818.927,65991.5245
1730692800000,161.41,0.8939712366588372,163.85,161.35,161.41,333015.378,38.21852168170543,3.6226004172117925,69849.43179999999,66030.5856
1730707200000,164.08,0.8822681007129022,164.93,160.07,164.08,537401.339,45.48139671073459,3.7109861016966654,69879.4946,66065.7968
1730721600000,163.03,0.9042732929492727,165.0,161.62,163.03,545222.22,43.32441859060048,3.6873442372897602,69908.3346,66100.38985
1730736000000,159.59,0.8957019821156301,163.47,159.14,159.59,499971.452,37.11421236997244,3.7332482203404926,69922.8938,66133.84980000001
1730750400000,157.95,0.8672683067540281,160.0,155.11,157.95,686368.335,34.57005790978795,3.815873347459028,69924.0542,66163.7298
1730764800000,159.66,0.8537520089009765,159.71,156.86,159.66,523891.823,39.24645914437913,3.746882394069097,69931.9142,66203.99475000001
1730779200000,162.04,0.867762805455969,162.47,159.35,162.04,415795.449,45.12507033703336,3.7021050802070192,69949.36,66245.21830000001
1730793600000,162.39,0.8874603370832818,163.08,161.03,162.39,438574.074,45.95329495555767,3.5840975744779473,69971.0088,66281.9485
1730808000000,165.94,0.8902624963942802,167.94,161.84,165.94,906118.809,53.60246112130572,3.7638048905866652,69995.4982,66325.51845
1730822400000,164.09,0.9196851691597642,169.3,163.36,164.09,702230.803,49.658214755282366,3.9192473984019034,70000.34240000001,66366.6747
1730836800000,166.62,0.9043557093995961,167.71,163.11,166.62,451545.913,54.58038088533418,3.9678725842303386,70017.8986,66410.32725
1730851200000,184.94,0.9252894877817611,185.0,166.4,184.94,2795820.854,74.22942416836239,5.0130245424996,70112.2696,66476.88990000001
1730865600000,183.83,1.0761940083240613,188.36,182.69,183.83,2737315.058,72.19159966742208,5.059951360892486,70180.44320000001,66539.9808
1730880000000,186.72,1.066963365887831,186.85,180.11,186.72,1538526.527,74.1791611952936,5.17995483511445,70247.12060000001,66606.5809
1730894400000,185.51,1.0908641364816418,188.7,184.26,185.51,1582449.543,71.8632410225164,5.1271009183205605,70312.7212,66670.8527
1730908800000,188.36,1.0808917459924998,188.37,184.74,188.36,762675.735,73.92795958082826,5.02016513844052,70400.152,66742.72125
1730923200000,186.59,1.1043804343346932,190.01,186.42,186.59,968448.275,70.46936058092311,4.9180104856947695,70463.5516,66811.216
1730937600000,189.08,1.0897927226274364,191.95,185.84,189.08,943625.655,72.4238607793286,5.0031525938594275,70513.7886,66874.61605000001
1730952000000,188.01,1.1103144187579843,190.04,186.0,188.01,533907.606,70.27151857876973,4.934355980012326,70554.21179999999,66937.97395
1730966400000,186.04,1.101495858573371,189.35,185.96,186.04,421008.629,66.36120961191972,4.824044838582872,70604.4518,67002.394
1730980800000,192.66,1.0853422343099681,192.78,185.96,192.66,645310.267,71.99978669040783,4.9666130643983815,70681.0858,67072.31150000001
1730995200000,197.0,1.1397370915234681,197.84,190.94,197.0,1165655.328,74.96278615503897,5.1047121312270685,70772.0138,67144.06345
1731009600000,196.35,1.1755058309638602,197.78,194.13,196.35,500822.335,73.70480440227784,5.000804121853706,70847.9448,67212.5146
1731024000000,198.15,1.1703135945934808,201.0,195.64,198.15,1108673.897,74.95806211984198,5.026460970292729,70929.3204,67282.72615
1731038400000,200.38,1.185148555651708,200.8,197.39,200.38,631342.985,76.45524612322008,4.910999472414679,71005.3954,67353.1786
1731052800000,203.06,1.2034450076235215,205.0,198.09,203.06,946547.727,78.14626165906381,5.0537852243850585,71077.0098,67423.4576
1731067200000,200.99,1.225450199859892,205.0,198.41,200.99,1122845.525,73.74089479691695,5.163514851214698,71157.2204,67495.85115
1731081600000,199.55,1.2083899946429306,202.1,196.21,199.55,918186.556,70.75280023994735,5.215406647556504,71250.95199999999,67569.90445
1731096000000,199.85,1.196522025796349,200.19,197.1,199.85,401647.498,71.01630179236894,5.063591887016754,71368.7476,67638.8533
1731110400000,198.97,1.1991593522067003,200.26,197.21,198.97,384331.266,69.05106287635776,4.919763895086985,71493.7356,67707.40375
1731124800000,200.26,1.191741871677587,202.41,198.96,200.26,454222.138,70.34652471184727,4.814780759723628,71618.477,67775.94959999999
1731139200000,202.18,1.2025384266699635,203.45,199.91,202.18,435627.473,72.21096529399954,4.72372499117194,71760.8194,67840.7326
1731153600000,198.4,1.2181975522314252,202.56,197.35,198.4,548164.264,63.71712009709836,4.758458920373945,71901.74339999999,67904.67215
1731168000000,197.75,1.187044134009148,199.59,194.86,197.75,563185.032,62.35879065147831,4.7564261403472345,72025.8016,67970.01955
1731182400000,199.89,1.181769481188445,201.99,197.4,199.89,447774.823,65.0039571679886,4.7445385588938604,72171.5954,68035.14885
1731196800000,201.42,1.1994066015576705,204.91,198.68,201.42,933412.981,66.80028714260922,4.850642947544299,72330.3546,68104.26865
1731211200000,205.06,1.2119339020068405,209.0,200.92,205.06,1532725.432,70.65895495056864,5.081311308433992,72517.0818,68187.31049999999
1731225600000,206.59,1.2420159063749123,207.39,204.02,206.59,766237.375,72.12546622781593,4.959074786402991,72721.9622,68273.38154999999
1731240000000,212.23,1.2546256232744057,213.3,203.47,212.23,1687775.148,76.74056806893019,5.306998015945636,72919.5646,68360.25175
1731254400000,208.47,1.3011085012568508,215.27,206.25,208.47,1506892.234,68.58765090264995,5.572212443378091,73122.3844,68445.87665
1731268800000,210.07,1.270202332385544,213.97,199.73,210.07,1541585.06,70.0459941388512,6.191340125993942,73341.9212,68536.28665
1731283200000,210.0,1.2833065479869779,212.38,208.13,210.0,1104263.249,69.89311210357349,6.052672974137232,73583.9658,68633.12015
1731297600000,208.01,1.2827296328347135,210.26,204.16,208.01,1304102.32,65.51531428264308,6.056053475984571,73818.653,68727.8632
1731312000000,217.62,1.2662463427700168,217.67,206.6,217.62,1420235.651,73.98842625075463,6.414192513414244,74093.73520000001,68826.56285
1731326400000,219.0,1.3455309679812089,221.0,214.47,219.0,1966256.845,74.94062433190477,6.422464476741799,74406.9776,68935.47665
1731340800000,217.82,1.3569044381258497,222.0,216.03,217.82,1544799.191,72.49681562116855,6.390145585545956,74761.84460000001,69054.9877
1731355200000,222.13,1.347096880537355,224.0,216.67,222.13,1595649.712,75.62360945671827,6.457278043721246,75172.9864,69186.64765
1731369600000,220.64,1.382618370626777,222.57,215.0,220.64,1382615.072,72.55272363745951,6.536758183455442,75560.3556,69321.72505
1731384000000,221.84,1.3703383195285777,221.92,216.02,221.84,1080563.086,73.48652100603088,6.4912754560657655,75964.5028,69463.4617
1731398400000,211.13,1.3803107100177197,225.21,208.49,211.13,2565229.966,55.37798163507169,7.221898637775354,76326.6566,69594.913
1731412800000,210.53,1.2919602752709438,213.98,204.71,210.53,2023993.824,54.56674004838363,7.36819159221997,76686.9366,69723.573
1731427200000,213.17,1.287180121152182,215.35,206.61,213.17,1048890.887,57.51576371775733,7.466177907061399,77085.168,69860.78439999999
1731441600000,211.64,1.3088556475872584,215.46,210.08,211.64,900697.824,55.276441332271666,7.317165199414156,77471.288,69996.59765
1731456000000,203.18,1.2961635142374415,213.2,203.02,203.18,1201202.752,44.87297220629505,7.521653399456,77856.88799999999,70133.64125
1731470400000,205.22,1.2266040301644205,207.27,200.67,205.22,1580697.641,47.44173281696791,7.455821013780573,78247.00779999999,70268.7893
1731484800000,207.71,1.2433345695800881,209.45,203.85,207.71,1036765.168,50.475175961903915,7.323262369939103,78635.5356,70404.06625
1731499200000,216.4,1.263856265710636,217.3,205.95,216.4,3143850.083,59.303144688741696,7.610886486372026,79108.45599999999,70563.39285
1731513600000,210.87,1.3353937445914201,220.44,210.31,210.87,2538588.379,52.84733161898491,7.790823165916882,79536.1256,70708.48604999999
1731528000000,215.13,1.2898998640128567,215.5,205.93,215.13,1332948.776,56.75302470280365,7.917907225494247,79950.8298,70849.0668
1731542400000,219.44,1.3250916883009847,219.5,212.05,219.44,1161417.537,60.33295099699981,7.884485280816086,80369.65039999998,70983.32185
1731556800000,218.12,1.360530761940083,220.73,215.16,218.12,1187523.435,58.729498911598796,7.719164903614937,80797.5986,71124.46895
1731571200000,216.04,1.349651790497383,222.8,213.51,216.04,1439076.389,56.19510569032063,7.831367410499586,81140.4652,71269.08824999999
1731585600000,210.84,1.332426752379775,217.96,209.03,210.84,1675961.205,50.34578404090051,7.909841166892472,81432.0072,71394.99035000001
1731600000000,215.62,1.2896526146618865,217.12,209.85,215.62,973308.821,54.98431162156316,7.864138226400153,81735.8468,71527.62575
1731614400000,209.57,1.3289652614661887,215.61,206.78,209.57,1021236.321,48.77385847527803,7.933842638800143,81996.3986,71648.46625
1731628800000,209.02,1.2791857254708037,212.88,208.03,209.02,854240.333,48.240416064949045,7.713568164600132,82244.29179999999,71774.55725000001
1731643200000,209.18,1.2745704042526886,210.66,204.48,209.18,781583.976,48.417161270575,7.6040275814144085,82485.09199999999,71896.58615
1731657600000,213.58,1.2760539003585114,213.93,207.82,213.58,668365.831,53.1545761057422,7.497311325599094,82778.9568,72031.73084999999
1731672000000,208.32,1.3121523056001976,215.33,206.71,208.32,1187285.686,47.534260892677146,7.577503373770588,83052.7134,72159.74050000001
1731686400000,212.38,1.2688836691803682,213.52,208.04,212.38,745734.316,51.77298696921734,7.427681704215547,83365.3512,72298.8233
1731700800000,218.45,1.302344748011703,220.5,212.25,218.45,1033881.782,57.324207627667946,7.4864187253430075,83664.7988,72442.8371
1731715200000,221.35,1.3522891169077345,221.61,215.88,221.35,695595.979,59.71029428189871,7.360960244961366,83959.2316,72585.42564999999
1731729600000,218.91,1.3761898875015455,221.99,218.45,218.91,604384.784,56.83112384522526,7.088034513178413,84264.42440000002,72726.66320000001
1731744000000,218.9,1.3561626900729387,219.76,216.61,218.9,573347.932,56.819031602745255,6.806746333665667,84570.0024,72861.0117
1731758400000,215.03,1.3560802736226152,221.8,213.72,215.03,1255500.894,52.19084775209303,6.89769302411812,84857.4566,72990.51335000001
1731772800000,216.27,1.3241851073474267,217.0,213.35,216.27,644934.013,53.49787598441323,6.665714950966826,85160.7722,73121.41425
1731787200000,215.71,1.3344047471875387,217.36,214.01,215.71,430705.698,52.795895383593404,6.4288781687549115,85443.95619999999,73244.99885
1731801600000,221.37,1.329871842419747,221.5,212.1,221.37,1013895.458,58.69521616686718,6.64110115670099,85710.6618,73366.54115
1731816000000,237.23,1.3764371368525157,239.9,221.37,237.23,2914764.352,70.00666889629103,7.490308216936634,85991.48220000001,73488.8752
1731830400000,234.81,1.5070672106152387,242.33,234.29,234.81,1525599.255,66.99201181684329,7.5295719157268755,86278.3366,73615.29615000001
1731844800000,233.96,1.4872048460872789,236.01,229.4,233.96,1370098.384,65.91828780377375,7.463888207460669,86552.9552,73738.4025
1731859200000,235.4,1.4801994478097829,235.59,231.21,235.4,732717.657,66.8865702549505,7.243610478356335,86824.09300000001,73861.62405
1731873600000,237.47,1.4920674166563648,238.4,231.59,237.47,876349.098,68.28160306705523,7.212638301330883,87094.81480000001,73980.79400000001
1731888000000,244.18,1.5091276218733258,244.47,234.01,244.18,1090259.67,72.34827668205637,7.444592708378678,87384.088,74099.28600000001
1731902400000,242.05,1.5644290600403838,245.27,239.39,242.05,1225463.041,69.31041259965131,7.332836086351631,87684.9368,74222.51479999999
1731916800000,242.5,1.5469567725718052,248.44,239.74,242.5,1335868.167,69.60082790326946,7.430490651612229,87946.3202,74338.41055
1731931200000,243.33,1.5506655128363618,245.0,238.04,243.33,1538522.327,70.1616859953728,7.39688417649707,88215.86300000001,74465.09545
1731945600000,236.28,1.557423661762888,243.94,234.26,236.28,1484981.217,60.03052765573705,7.559963878175851,88431.148,74578.66315
1731960000000,239.79,1.4994024807351547,240.9,235.7,239.79,810755.939,62.90266056358,7.39139502973472,88646.549,74692.23359999999
1731974400000,240.61,1.5282482383483742,243.39,237.54,240.61,605954.565,63.561423176942284,7.281295384753668,88880.1292,74810.73359999999
1731988800000,243.32,1.5349239708245765,244.62,238.7,243.32,767785.754,65.72749170367919,7.184060000128407,89105.1292,74930.73359999999
1732003200000,246.07,1.5573412453125641,247.0,241.93,246.07,1000511.18,67.8180904327497,7.0330557144049495,89305.925,75050.98670000001
1732017600000,240.58,1.5800057691515224,247.5,238.36,240.58,1355505.965,59.955299909391854,7.183551734804595,89531.58279999999,75176.43075
1732032000000,243.54,1.534841554374253,244.54,240.09,243.54,831755.328,62.48102546339588,6.98829803946141,89753.4602,75308.20795
1732046400000,237.63,1.559154407219681,244.23,233.4,237.63,1034100.61,55.01933993411314,7.262705322357022,89918.4852,75431.80859999999
1732060800000,233.81,1.510528701528825,237.91,230.37,233.81,988197.469,50.7966927532238,7.2825120850458065,90037.2408,75557.80855
1732075200000,235.94,1.4789632010549303,236.36,231.47,235.94,600896.449,52.96438283642266,7.111618364685393,90121.2886,75684.95155
1732089600000,237.55,1.4965179049738326,238.78,234.77,237.55,740021.915,54.59277430925063,6.890074195779293,90229.43239999999,75814.44780000001
1732104000000,238.37,1.5097869534759136,242.54,235.5,238.37,1256475.335,55.43894905047816,6.900783181795057,90344.56480000001,75948.29915
1732118400000,233.0,1.5165451024024394,239.14,230.95,233.0,1227279.959,48.99919670194885,6.9928700973811235,90481.4538,76079.78915
1732132800000,235.48,1.4722874685787282,238.06,231.73,235.48,659332.349,51.784684551115085,6.945522233282473,90634.545,76207.54520000001
1732147200000,235.82,1.4927267482589524,238.7,229.6,235.82,947135.404,52.1703699457779,7.099413502333724,90776.4218,76343.49574999999
1732161600000,241.47,1.4955289075699507,242.78,235.66,241.47,1355972.203,58.15992847369511,7.100883966452744,90955.6218,76485.91579999999
1732176000000,239.97,1.5421766184530432,243.49,239.79,239.97,836635.152,56.14957797357985,6.857963683134692,91172.4016,76633.5407
1732190400000,248.86,1.5298141509045204,253.0,239.95,248.86,2652802.398,64.07526138735955,7.300251991482215,91358.7216,76775.168
1732204800000,253.93,1.6030823752420982,259.8,248.3,253.93,2057972.415,67.66473116480671,7.6002339920906286,91561.9304,76923.86564999999
1732219200000,256.37,1.6447850991057813,257.5,252.89,256.37,745422.422,69.25676676296945,7.386645849798442,91677.4726,77074.3166
1732233600000,262.48,1.664977129435035,264.39,252.37,262.48,1254399.555,72.86021852076176,7.717599717669981,91850.3324,77227.5892
1732248000000,259.22,1.7152511641323607,262.8,257.84,259.22,859120.939,68.26279699874738,7.5206283092649855,92026.3024,77381.5677
1732262400000,259.26,1.6884658177772283,260.96,256.23,259.26,639525.348,68.28923676581834,7.321297715746056,92204.96960000001,77534.9796
1732276800000,256.38,1.6887130671281985,260.35,252.48,256.38,1165926.264,64.14567753298178,7.360490736049911,92362.86120000001,77686.4096
1732291200000,254.04,1.664977129435035,256.38,251.47,254.04,742551.805,60.911749018216014,7.185455683474918,92514.61880000001,77839.70825
1732305600000,256.9,1.6456916800593397,257.91,253.28,256.9,493657.994,63.344181528204295,7.0029231346552825,92733.49900000001,77991.0383
1732320000000,257.2,1.669262784851856,257.74,253.34,257.2,672673.182,63.60006081060261,6.817000053608477,92917.55260000001,78141.83020000001
1732334400000,258.26,1.6717352783615607,264.0,256.9,258.26,1065572.417,64.54190042281176,6.837214335493587,93142.25779999999,78289.4745
1732348800000,256.14,1.6805538385461734,259.46,255.8,256.14,481658.902,61.13484061396399,6.6102704543868995,93346.49339999999,78436.92450000001
1732363200000,259.71,1.6629167181769478,263.6,255.91,259.71,1063832.656,64.5304000532112,6.687393993359265,93562.2534,78586.3545
1732377600000,254.39,1.6924218073927553,260.3,254.15,254.39,1057963.362,56.59518874279977,6.649008708119318,93717.50839999999,78732.68445
1732392000000,254.89,1.648493839370338,256.06,252.69,254.89,495082.708,57.128773121238424,6.4147938003965095,93902.04819999999,78884.34135
1732406400000,258.57,1.6527794947871597,259.78,254.49,258.57,487862.368,60.9351668229863,6.3344513860824705,94058.4924,79036.52685000001
1732420800000,256.63,1.6831087485062015,259.2,254.06,256.63,325702.121,58.01103464568317,6.249133429933721,94206.472,79191.7946
1732435200000,248.39,1.6670375406931222,256.75,248.0,248.39,759958.191,47.56943270699481,6.427766756367027,94327.032,79341.24465000001
1732449600000,244.17,1.5991263856265707,250.21,240.93,244.17,1137321.457,43.273581012194605,6.631497702340811,94422.7116,79483.74220000001
1732464000000,248.58,1.5644290600403838,250.44,243.66,248.58,481607.787,48.5069433208675,6.6421050093164675,94525.71819999999,79628.84655
1732478400000,252.73,1.6006098817323935,254.76,248.14,252.73,472793.888,52.90966659790863,6.640526080079577,94673.295,79781.9354
1732492800000,252.46,1.6349775415172867,253.18,245.7,252.46,422026.138,52.5945914464573,6.700488502931037,94809.26620000001,79934.0145
1732507200000,253.28,1.6325874644579055,254.06,251.65,253.28,428781.919,53.50025005145868,6.394025038435963,94958.47460000002,80087.1212
1732521600000,252.17,1.639428029834755,256.7,251.26,252.17,512275.365,52.05062273672718,6.325880392833393,95117.2792,80242.65115
1732536000000,244.97,1.6302798038488482,252.55,235.04,244.97,1501239.747,43.76665965735703,7.124746079059581,95226.2744,80388.39224999999
1732550400000,239.65,1.5709399596159392,246.13,237.26,239.65,902760.797,38.84701537963508,7.249407073412469,95305.98019999999,80529.66965
1732564800000,234.18,1.5270944080438456,241.15,231.21,234.18,932552.351,34.547079173211515,7.441592282454435,95360.98019999999,80663.6025
1732579200000,237.45,1.4820126097168993,239.62,233.57,237.45,581716.011,38.901028444678154,7.34219283370769,95449.3802,80803.5625
1732593600000,235.73,1.5088803725223552,239.66,234.97,235.73,429029.649,37.488435517795715,7.152750488442855,95527.97459999999,80939.14779999999
1732608000000,227.73,1.4947047430667162,236.6,221.8,227.73,1596305.161,31.719131162387995,7.698982596411221,95561.74,81064.86625
1732622400000,227.36,1.4288539992582519,232.64,225.81,227.36,1195646.773,31.47784768471415,7.636912410953275,95583.60200000001,81193.31585
1732636800000,229.03,1.4258045905962828,232.49,223.4,229.03,743026.327,33.92110117871074,7.740704381599469,95611.77720000001,81315.30535
1732651200000,230.69,1.439568137800305,232.2,227.4,230.69,466897.535,36.35055395198509,7.530654068628077,95604.8902,81436.62505
1732665600000,231.51,1.453249268554003,233.81,228.14,231.51,447197.765,37.57156214900768,7.397750206583216,95644.485,81558.0161
1732680000000,234.34,1.4600074174805289,234.99,227.51,234.34,688861.36,41.72639095279007,7.403625191827273,95707.14660000001,81685.0105
1732694400000,235.0,1.4834136893723988,237.08,232.04,235.0,644926.872,42.68443489283913,7.2347948209824695,95745.94639999999,81811.81045
1732708800000,240.59,1.4886883421931016,240.91,232.61,240.59,862990.426,50.1585044192983,7.310880905198006,95824.6664,81951.93065
1732723200000,239.07,1.534841554374253,241.14,237.71,239.07,602868.978,48.313614131467205,7.03367512625529,95924.1858,82094.54165
1732737600000,241.96,1.5222318374747599,243.33,238.78,241.96,560438.896,51.93359709503465,6.856269760094199,95993.6082,82235.40715
1732752000000,240.01,1.5461326080685707,245.28,238.1,240.01,608824.179,49.4185737515112,6.8793933486589,96038.4794,82378.5143
1732766400000,238.02,1.5300614002554906,241.15,236.61,238.02,477551.913,46.92129646087918,6.712293823754693,96098.2568,82521.52094999999
1732780800000,236.9,1.513742943091441,239.14,234.37,236.9,485457.648,45.526875083848694,6.573558550629357,96166.49719999998,82664.21100000001
1732795200000,233.06,1.5043474677545634,237.73,232.8,233.06,548113.357,41.02521424599592,6.456161511298687,96209.6324,82804.20675
1732809600000,235.47,1.472781967280669,237.04,233.06,235.47,369360.186,44.719634823191384,6.279292831920208,96242.929,82944.11415
1732824000000,237.59,1.492644331808629,238.35,234.9,237.59,204725.777,47.81646210367412,6.07720048678305,96261.0092,83087.9016
1732838400000,241.98,1.5100342028268843,243.11,236.55,241.98,433940.472,53.611659812008135,6.111686166298546,96312.81639999998,83234.96345
1732852800000,237.65,1.546215024518894,242.2,237.54,237.65,447424.957,47.95480623874998,6.007994297277222,96339.5862,83377.6249
1732867200000,245.22,1.510693534429472,245.49,237.66,245.22,437609.464,56.580485639465934,6.138851847471706,96368.382,83527.36660000001
1732881600000,243.5,1.5730003708740266,246.77,242.09,243.5,722253.073,54.37536614991418,6.03464814408087,96390.53120000001,83681.4439
1732896000000,241.14,1.5589071578687104,244.55,239.97,241.14,555307.178,51.414496530973125,5.930744705217951,96377.62599999999,83832.45235
1732910400000,243.33,1.5393744591420444,245.3,240.95,243.33,294270.935,53.92192313525194,5.817834369130956,96393.386,83980.7924
1732924800000,242.88,1.557423661762888,243.35,239.01,242.88,396034.436,53.3130758917606,5.712274771335889,96369.5898,84124.7425
1732939200000,244.23,1.5537973379486543,245.13,241.57,244.23,403145.97,54.95624950932702,5.5585408590976115,96338.915,84268.5509
1732953600000,241.46,1.564758725841678,245.4,240.06,241.46,473016.555,50.99064516060887,5.542930797733496,96287.5448,84411.25289999999
1732968000000,239.87,1.5420942020027197,243.08,238.65,239.87,430330.505,48.81327493407925,5.463435740752533,96236.97899999999,84552.40234999999
1732982400000,239.92,1.528907569950962,240.55,238.82,239.92,248706.455,48.88718934153729,5.19676175927021,96199.965,84693.73184999998
1732996800000,237.6,1.5292372357522561,241.17,237.5,237.6,328022.895,45.59707208748211,5.087707347893764,96154.8448,84833.3008
1733011200000,235.67,1.5101990357275312,239.89,234.1,235.67,487475.916,43.0041994681244,5.137871108758495,96099.985,84966.83465
1733025600000,235.46,1.4942102443647751,236.89,235.02,235.46,255635.379,42.71954532057502,4.904451743847173,96051.6044,85099.38845000001
1733040000000,237.09,1.4925619153583056,238.74,235.35,237.09,406584.084,45.722701152358766,4.796276619286663,96020.44879999998,85230.24220000001
1733054400000,238.5,1.5059957967610336,239.32,236.15,238.5,427256.11,48.25022947777009,4.680114003623329,95989.79220000001,85360.29245
1733068800000,236.29,1.517698932706968,239.41,235.05,236.29,392769.247,44.734028733099514,4.6572487176502335,95964.76699999999,85488.92605000001
1733083200000,236.8,1.4993200642848312,239.08,234.2,236.8,466152.218,45.71713313425689,4.6731595235323615,95940.4706,85612.8419
1733097600000,228.47,1.5035233032513289,238.2,228.0,228.47,1055358.25,34.82156983109388,5.067933843280049,95920.0656,85732.57985
1733112000000,228.62,1.4348704001318664,230.3,225.93,228.62,1030548.148,35.121419092058915,5.018081425902904,95886.6174,85848.8977
1733126400000,224.77,1.436189063337042,228.8,222.84,224.77,981319.997,31.15919147784858,5.085361324052697,95825.189,85963.37110000002
1733140800000,229.21,1.4045411464128241,229.6,221.61,229.21,1108682.271,39.61924017373953,5.292835515191789,95797.528,86087.47115
1733155200000,223.98,1.4410516339061277,229.94,220.0,223.98,1072476.231,34.27583245109396,5.624775835535233,95768.24740000001,86206.6312
1733169600000,225.72,1.3978654139366218,225.86,221.21,225.72,619675.378,37.305359475320984,5.55514899013986,95767.0296,86325.5276
1733184000000,227.95,1.412370709193555,229.32,223.15,227.95,891614.977,41.05538456607046,5.599066919415583,95762.2164,86446.81434999999
1733198400000,226.92,1.4306671611653683,230.98,225.14,226.92,794241.934,39.86918394139967,5.6162764251716135,95715.21560000001,86562.84065
1733212800000,225.59,1.4221782667820497,228.5,222.9,225.59,637575.453,38.32919766072194,5.61511382337364,95656.99979999999,86676.01199999999
1733227200000,223.22,1.411134462438703,226.34,215.0,223.22,1975367.144,35.68413441743161,6.024034264561237,95609.70379999999,86792.33875
1733241600000,228.16,1.391601763712037,228.43,220.27,228.16,859986.446,44.310759320336274,6.176603245664006,95554.51400000001,86908.35175
1733256000000,233.92,1.4323979066221617,239.6,227.73,233.92,1759818.774,52.338142238817305,6.583274442402291,95551.4966,87034.5002
1733270400000,237.7,1.4798697820084887,240.6,233.92,237.7,1034788.874,56.7446681817919,6.590183410802128,95573.5134,87162.89145
1733284800000,236.58,1.5110232002307658,241.0,235.79,236.58,577204.7,55.11861564741402,6.49159888145912,95645.0894,87294.37544999999
1733299200000,235.98,1.501710141344212,237.87,235.02,235.98,578192.381,54.22220989107366,6.23148467564061,95679.6176,87428.47755000001
1733313600000,233.72,1.4968475707751268,236.15,229.92,233.72,868228.627,50.86653149204487,6.231378627380567,95718.7596,87560.82310000001
1733328000000,232.67,1.4783038694523427,234.04,224.67,232.67,1040032.523,49.33876515121085,6.455565868281956,95815.81539999999,87696.86125
1733342400000,229.15,1.4696501421683767,236.23,225.78,229.15,868417.1,44.51216242728466,6.740882591976101,95931.3018,87842.859
1733356800000,232.93,1.4405571352041868,238.59,222.95,232.93,1364017.561,50.151629482457594,7.37653383540638,96156.90400000001,88011.339
1733371200000,233.89,1.4716281369761404,238.23,231.39,233.89,845891.258,51.49980931558074,7.33820999002021,96362.3228,88175.03944999998
1733385600000,241.79,1.479704949107842,242.37,233.51,241.79,925690.016,60.876944333244886,7.446909276447339,96561.901,88339.87405
1733400000000,239.06,1.5447315284130712,244.77,236.21,239.06,1532559.651,56.79070129184118,7.5264157567011,96715.798,88497.26455
1733414400000,233.07,1.5223142539250831,242.93,232.35,233.07,1029702.196,49.01639611813258,7.744528916936737,96828.9982,88644.36455
1733428800000,235.84,1.4729468001813164,240.65,225.0,235.84,1693689.311,52.270341857404055,8.309205422869827,96856.7906,88782.12684999999
1733443200000,241.98,1.4956937404705979,247.0,234.31,241.98,1489011.608,58.58072279172893,8.622119321236267,96878.9366,88923.25329999998
1733457600000,239.3,1.5462974409692174,242.93,237.67,239.3,518071.449,55.15313518228047,8.381967941147964,96924.4452,89067.0723
1733472000000,234.13,1.524292248732847,240.51,233.61,234.13,667868.649,49.175577942726896,8.276113088208822,96976.409,89215.52094999999
1733486400000,238.02,1.4815181110149584,240.0,230.92,238.02,1168002.056,53.27868056435775,8.333533581908194,97056.6156,89370.08380000001
1733500800000,239.7,1.5135781101907937,240.43,237.04,239.7,790352.518,54.96947685551381,7.9804240403433235,97176.37520000001,89535.48945000001
1733515200000,236.87,1.5275064902954627,240.73,235.34,236.87,503247.547,51.58302554147927,7.795393751747371,97271.0492,89693.73915
1733529600000,234.86,1.5041826348539167,237.44,234.12,234.86,383017.26,49.26174653816186,7.4757227694797015,97354.65220000001,89846.8423
1733544000000,236.21,1.4876169283388962,236.59,234.32,236.21,269612.208,50.86118524874068,7.10388542880258,97429.8766,89999.98835000001
1733558400000,238.15,1.498743149132567,239.36,235.01,238.15,452308.489,53.14690518826249,6.907179326745255,97490.46940000002,90152.84905000002
1733572800000,240.84,1.514731940495323,243.2,237.17,240.84,736213.35,56.18994328083839,6.844523660549165,97573.08859999999,90308.5391
1733587200000,241.67,1.5369843820826636,242.54,238.88,241.67,528918.206,57.115451841870666,6.617057684795653,97629.87940000002,90464.96280000001
1733601600000,238.14,1.5437425310091895,243.61,237.83,238.14,563551.925,52.07661106045602,6.557267850167392,97666.12980000001,90620.8927
1733616000000,240.66,1.514649524044999,241.51,237.6,240.66,375225.184,55.120544270732,6.3681772894411495,97718.2316,90781.2868
1733630400000,237.6,1.5355008859768409,241.07,236.6,237.6,340971.378,50.893332047995656,6.23259319733821,97762.5338,90940.41230000001
1733644800000,235.96,1.5101990357275312,237.78,233.22,235.96,504876.189,48.736092538776184,6.113122254671196,97823.75660000001,91097.7031
1733659200000,237.35,1.4966003214241559,237.64,234.47,237.35,399372.368,50.64558997853493,5.902899236480395,97886.3292,91252.7932
1733673600000,236.51,1.5080562080191207,237.68,234.09,236.51,332128.251,49.4469303471067,5.7376921481603675,97962.98899999999,91409.24795000002
1733688000000,237.02,1.5012156426422711,237.75,234.6,237.02,270264.181,50.21731589431941,5.552856994720342,98052.27260000001,91566.59595
1733702400000,231.83,1.5054188816087692,237.28,230.17,231.83,600467.245,43.03075051507057,5.664081495097461,98093.6958,91717.07020000002
1733716800000,231.59,1.4625623274405568,232.8,228.11,231.59,609335.59,42.72624777375588,5.594504245447642,98157.06619999999,91868.0927
1733731200000,225.99,1.460666749083117,231.82,225.29,225.99,687605.72,36.275788775308655,5.66132537077281,98192.10059999999,91986.79239999998
1733745600000,224.29,1.4145135369019655,231.76,222.89,224.29,1289855.446,34.56956736807122,5.89051641571761,98218.88119999999,92108.99795
1733760000000,221.95,1.4005851567972967,226.15,221.7,221.95,756941.269,32.31640163110306,5.787622386023497,98218.1098,92222.9895
1733774400000,216.63,1.3812172909712777,225.75,203.0,216.63,3447378.438,27.869046921669494,6.9992207870218195,98223.07879999999,92337.88185
1733788800000,215.8,1.3372893229488605,221.06,206.96,215.8,1579723.2,27.239215233880984,7.506419302234546,98218.144,92443.42404999999
1733803200000,217.34,1.3304487575720114,218.74,212.14,217.34,673894.842,30.382945984848078,7.441675066360651,98218.3692,92551.5463
1733817600000,216.21,1.343140890921828,218.59,215.08,216.21,558496.931,29.379855680046376,7.160841133049176,98243.14459999999,92664.91885
1733832000000,206.55,1.3339102484855978,218.6,206.27,206.55,1792172.941,22.531532473249513,7.530066766402805,98236.3206,92769.4249
1733846400000,212.1,1.2545432068240823,212.77,203.21,212.1,1829416.341,32.29601754868504,7.675061997374033,98250.877,92874.9774
1733860800000,213.6,1.2999546709523222,216.29,211.34,213.6,585003.475,34.6919472708464,7.480414711847315,98241.77699999999,92977.64395
1733875200000,219.39,1.3123995549511682,219.4,211.51,219.39,1157200.493,43.06714065649323,7.509670803858222,98273.42559999999,93081.98414999999
1733889600000,218.44,1.3601186796884654,220.32,216.9,218.44,487675.48,42.11286762777311,7.21755146072549,98303.30520000002,93189.3677
1733904000000,224.79,1.352371533358058,225.41,218.31,224.79,757343.603,50.07579210689411,7.209154927816527,98347.5702,93301.3768
1733918400000,228.38,1.4045411464128241,230.29,224.06,228.38,1227630.79,53.93392496020734,7.139215290115345,98443.80300000001,93422.44255
1733932800000,229.77,1.4342110685292782,230.51,227.29,229.77,729220.471,55.37199007583728,6.859271340821392,98566.49700000002,93548.38380000001
1733947200000,227.29,1.4457493715745664,230.65,226.77,227.29,329413.971,52.23862742854424,6.646466245048435,98675.34620000001,93671.87020000002
1733961600000,230.36,1.4252276754440185,231.97,225.67,230.36,564657.113,55.58892364216972,6.621718656116405,98787.2916,93792.43664999999
1733976000000,230.01,1.4506119421436516,232.98,228.98,230.01,589396.092,55.1142613295943,6.434453037822377,98880.29759999999,93912.38769999999
1733990400000,229.59,1.4475625334816828,233.53,228.3,229.59,489415.772,54.51272712900593,6.348420677977921,98972.0596,94032.47244999999
1734004800000,231.3,1.4441834590184202,233.28,228.61,231.3,713361.866,56.5901098889861,6.228533486693783,99076.2262,94158.81275
1734019200000,227.24,1.458276672023736,234.69,226.59,227.24,764584.495,50.67289981909607,6.362209666215655,99142.04440000001,94273.7838
1734033600000,226.96,1.4248980096427244,229.73,225.71,226.96,437688.729,50.282410445129756,6.1949089757716775,99227.27399999999,94392.20575
1734048000000,227.17,1.42242551613302,228.44,224.27,227.17,462297.585,50.58994558112905,6.050272620359414,99277.663,94509.8266
1734062400000,224.81,1.42432109449046,227.51,223.09,224.81,436732.221,47.0664516625108,5.933824576048027,99308.5166,94627.08929999999
1734076800000,225.61,1.4048708122141176,227.27,223.89,225.61,313522.212,48.37895015774954,5.751408534901741,99256.304,94742.82635
1734091200000,221.13,1.4112992953393497,226.71,220.7,221.13,806287.154,42.08569903103673,5.769879353837332,99209.0452,94848.0303
1734105600000,223.28,1.3743767255944286,223.89,220.6,223.28,577586.481,45.73400711337944,5.5927451142775215,99186.9538,94956.12195
1734120000000,224.79,1.3921786788643014,224.92,223.07,224.79,293101.118,48.20198885310457,5.325406177543413,99189.59860000001,95064.77305
1734134400000,226.23,1.4046235628631474,227.0,223.62,226.23,315834.832,50.513373710984645,5.186448593433169,99250.79860000001,95176.4681
1734148800000,225.97,1.4164915317097293,227.51,225.14,225.97,252162.415,50.078854378616874,4.985273693902228,99348.36600000001,95283.73805
1734163200000,224.36,1.414431120451642,226.75,224.06,224.36,234050.285,47.36197863015551,4.8213255729092115,99425.34,95383.59684999999
1734177600000,222.56,1.4010796554992375,224.64,220.42,222.56,390030.055,44.45797985346556,4.778373746272839,99495.0716,95486.17695000001
1734192000000,218.03,1.3861622779906868,222.55,216.73,218.03,538423.095,38.122764804422815,4.853489907253352,99559.95,95582.07465
1734206400000,219.93,1.3489924588947955,220.91,215.13,219.93,425153.789,41.86466256215323,4.9196691995923985,99602.15019999999,95668.87694999999
1734220800000,219.44,1.3646515844562572,221.79,218.87,219.44,237204.326,41.17314655569271,4.776835685335797,99608.02679999999,95747.035
1734235200000,217.27,1.360530761940083,221.86,215.68,217.27,321325.475,38.166481152768185,4.877061707811812,99647.8518,95812.45549999998
1734249600000,218.41,1.3425639757695633,220.14,216.47,218.41,250492.736,40.619737635482146,4.790843014396681,99715.288,95885.57539999999
1734264000000,220.88,1.3520418675567643,221.5,217.38,220.88,434467.38,45.65110996674007,4.74292565622549,99781.2642,95954.1787
1734278400000,221.24,1.3724811472369882,222.49,220.49,221.24,279372.061,46.3644349520691,4.547002395066526,99853.9232,96034.6657
1734292800000,224.27,1.3753657229983103,225.5,216.22,224.27,608046.031,52.06683491559673,4.885073652561774,99948.08279999999,96123.82565
1734307200000,221.25,1.4002554909960025,227.56,220.45,221.25,714254.97,46.73368447278435,5.043996963093077,100038.1794,96203.21565
1734321600000,223.13,1.3754481394486338,223.89,220.6,223.13,328578.162,50.15637672117618,4.918711465729285,100141.3954,96288.41955
1734336000000,214.1,1.3908600156591253,223.33,213.61,214.1,813002.402,37.644308531580165,5.261660646748622,100217.8588,96371.5295
1734350400000,216.98,1.3166027939176659,218.09,213.26,216.98,828831.24,42.565447291940664,5.230827743409435,100350.9968,96466.40955
1734364800000,218.33,1.3401738987101826,221.74,216.81,218.33,773070.137,44.76595222627092,5.209340047451619,100488.636,96560.9782
1734379200000,216.19,1.3514649524045,218.97,215.86,216.19,405672.29,42.017762488175535,5.059387186919359,100611.569,96628.57144999999
1734393600000,215.45,1.3337454155849506,216.69,211.36,215.45,636926.779,41.078649866213006,5.078716673567976,100746.8792,96711.93635
1734408000000,215.57,1.3276465982610126,216.54,213.0,215.57,390459.451,41.30773653857954,4.968808339741691,100860.80239999999,96794.0891
1734422400000,221.59,1.3286355956648945,223.84,215.5,221.59,815531.483,51.496086290274626,5.209607744045856,101015.15179999999,96878.44555000002
1734436800000,220.53,1.3783327152099558,227.55,217.0,220.53,1459005.949,49.85502067852656,5.591064333756868,101153.19099999999,96956.9908
1734451200000,227.45,1.3695141550253431,228.95,219.86,227.45,1197008.0,59.03340954810195,5.84098830991709,101320.93940000002,97031.91095
1734465600000,223.15,1.426628755099518,228.6,221.65,223.15,678805.086,52.59167208742728,5.920203430637296,101487.3742,97122.83969999998
1734480000000,217.5,1.3911896814604194,226.04,217.13,217.5,790234.641,45.557265349564,6.1337603284489175,101641.24740000001,97199.33965
1734494400000,215.91,1.344541970577327,218.3,213.55,215.91,730731.195,43.782486362300894,6.0349203049882805,101780.73300000001,97283.96545
1734508800000,217.85,1.3315201714262166,218.94,215.31,217.85,490241.569,46.52006612563683,5.8631402832034025,101942.65980000001,97368.01605
1734523200000,217.73,1.3474265463386492,218.78,214.64,217.73,669104.738,46.36965042561308,5.74005883440316,102087.3018,97452.09875
1734537600000,211.69,1.3464375489347673,218.34,211.68,211.69,809950.025,39.454660760553445,5.805768917660076,102189.20779999999,97517.4816
1734552000000,206.53,1.296575596489059,212.8,204.8,206.53,2075664.395,34.694556162436484,5.962499709255786,102280.1122,97576.27459999999
1734566400000,208.84,1.2541311245724647,209.27,199.39,208.84,1467696.235,38.2842792583457,6.2423211585946605,102386.8452,97630.3509
1734580800000,211.81,1.273251741047513,212.14,207.23,211.81,474502.436,42.649235816424024,6.147155361552185,102488.11660000001,97683.4734
1734595200000,210.48,1.2977294267935877,211.82,207.82,210.48,493751.111,41.24251117089038,5.993787121441315,102589.1478,97739.4632
1734609600000,205.44,1.2866032059999175,211.09,202.4,205.44,916062.494,36.349662299205775,6.186373755624078,102656.05299999999,97787.27484999999
1734624000000,191.88,1.2451477314872046,206.92,187.0,191.88,2673643.576,27.051105383524913,7.167347058793785,102634.19520000002,97817.425
1734638400000,193.81,1.1333910248485595,198.14,187.64,193.81,1376994.034,29.80351363070011,7.405393697451372,102576.19959999999,97852.1283
1734652800000,196.36,1.1493798162113156,199.81,191.7,196.36,854901.748,33.380076155400474,7.455722719061989,102495.8658,97882.1572
1734667200000,191.37,1.170396011043804,197.4,188.11,191.37,905679.58,30.14347750203129,7.586742524843275,102430.0164,97918.38525
1734681600000,176.01,1.1291053694317386,191.59,175.26,176.01,3711774.893,22.811377355204698,8.2112609159259,102263.97859999999,97930.76585
1734696000000,189.89,1.0026785346355134,191.27,175.83,189.89,2390741.136,37.585548539495036,8.727599421931192,102193.81120000001,97962.96995
1734710400000,191.63,1.116990151234186,193.16,188.29,191.63,1003012.388,39.15771955173367,8.452056606078964,102128.96280000001,97995.129
1734724800000,194.48,1.1313306135904724,194.78,187.91,194.48,927273.923,41.74605330407646,8.339052562787609,102049.12879999999,98032.85615
1734739200000,194.28,1.1548193019326658,196.69,193.05,194.28,528147.445,41.61226874068485,8.003405951159921,102009.25159999999,98070.07345000001
1734753600000,198.81,1.1532533893765196,201.98,194.2,198.81,699382.876,45.84555449809562,7.9874483832199275,101989.9658,98115.99350000001
1734768000000,192.94,1.190423208472411,198.97,192.2,192.94,637078.819,41.63324009847724,7.900487784418504,101960.62559999998,98153.961
1734782400000,186.65,1.1420447521325254,193.1,183.21,186.65,1638530.182,37.642119545122426,8.042595799817182,101908.585,98183.00134999999
1734796800000,181.52,1.0902872213293775,187.5,178.3,181.52,968865.502,34.71883443311269,8.125267528401668,101846.89819999998,98217.97085000001
1734811200000,181.45,1.0479251658631061,183.39,178.72,181.45,771567.793,34.679258399598325,7.878462704944405,101795.2748,98242.88325
1734825600000,182.56,1.0475130836114888,183.95,179.96,182.56,634879.227,35.926512988089655,7.600715368876946,101705.9154,98274.81379999999
1734840000000,184.32,1.0564964766967486,184.81,177.88,184.32,657457.804,37.94963789261372,7.552807128242878,101601.63519999999,98303.54460000001
1734854400000,186.69,1.0710017719536817,186.98,183.71,186.69,432240.986,40.66648246626333,7.246892333368385,101501.90079999999,98331.911
1734868800000,181.87,1.0906168871306712,187.87,179.03,181.87,693725.917,37.107950901248465,7.360685738127787,101372.9752,98350.69955
1734883200000,178.49,1.0509745745250751,184.05,177.85,178.49,559463.028,34.80775625551583,7.277779613975803,101238.0264,98366.62219999998
1734897600000,180.52,1.0231178143157373,182.41,176.88,180.52,595602.01,37.320716729136336,7.152938212977531,101109.2494,98380.59360000001
1734912000000,186.24,1.0398483537314047,187.38,176.48,186.24,1037423.947,43.88454069522094,7.420585483479137,101003.4816,98394.58
1734926400000,182.25,1.0869081468661144,187.73,179.91,182.25,606463.68,40.68403589685371,7.449115091802055,100883.1618,98410.04609999999
1734940800000,183.59,1.0539415667367207,186.67,181.74,183.59,459780.73,42.20839834701732,7.269178299530478,100767.1338,98429.50825
1734955200000,180.87,1.065067787530391,185.76,180.73,180.87,686549.878,39.963342040623616,7.109236992421159,100597.4994,98431.5082
1734969600000,187.43,1.0426505130424033,189.66,180.74,187.43,689750.403,47.25062011840505,7.238577207248218,100404.96639999999,98429.45890000001
1734984000000,190.11,1.096715704454609,193.48,186.73,190.11,737695.392,49.924779816521585,7.2036788353019165,100248.51559999998,98430.16639999999
1734998400000,189.97,1.1188857295916264,190.41,186.13,189.97,375780.849,49.782799799567094,6.994844632780351,100070.43159999998,98431.91014999998
1735012800000,191.51,1.1176494828367742,191.96,189.29,191.51,257323.343,51.41943174735514,6.685927159010327,99865.8156,98431.6433
1735027200000,192.95,1.1303416161865907,193.98,190.56,192.95,407272.056,52.963133392192745,6.452646647652445,99662.14199999999,98424.64570000001
1735041600000,197.79,1.1422095850331724,199.0,191.28,197.79,733727.358,57.81517564851847,6.543171887105842,99528.28619999999,98431.58565000001
1735056000000,195.25,1.182099146989739,198.64,194.99,195.25,654307.132,54.630297680091125,6.3365167523125665,99404.7482,98429.61615
1735070400000,197.09,1.1611653686075738,198.0,193.35,197.09,281166.934,56.49973801799854,6.2160512700045265,99251.37960000001,98439.57405
1735084800000,199.87,1.1763299954670954,201.85,196.4,199.87,513957.079,59.23291051911402,6.161333322147059,99080.30679999999,98440.5723
1735099200000,198.13,1.1991593522067003,200.59,197.69,198.13,265967.188,56.82625813450533,5.928380941993699,98920.8202,98439.40834999998
1735113600000,195.79,1.184983722751061,200.54,195.0,195.79,389010.519,53.668210341045196,5.9006394461370055,98741.64260000002,98434.7639
1735128000000,198.27,1.1656982733753656,199.45,195.05,198.27,302283.386,56.43171744794199,5.793450914270075,98575.9272,98431.4953
1735142400000,199.25,1.1859727201549426,199.45,196.0,199.25,228659.454,57.51022942918896,5.626061563250782,98420.13140000001,98432.23600000002
1735156800000,197.44,1.1941319487369677,200.13,195.61,197.44,258766.861,54.81147596380397,5.547057165875725,98279.15400000001,98436.064
1735171200000,196.62,1.1792969876787405,199.71,195.71,196.62,355191.704,53.58466238992255,5.436553082598889,98129.53959999999,98435.64115
1735185600000,193.43,1.172374005851568,196.61,193.35,193.43,361587.903,48.990750297601,5.281799290984684,97961.26460000001,98429.7811
1735200000000,189.8,1.1461655746486998,193.84,188.23,189.8,485546.149,44.333060894165634,5.305242198771493,97779.9012,98414.9268
1735214400000,188.7,1.1163308196315982,190.16,187.57,188.7,311724.892,42.99897056672936,5.111296327430672,97615.7438,98402.33695
1735228800000,189.17,1.1071825936456914,190.97,187.4,189.17,274392.553,43.77746904218818,5.0012037326141945,97437.22219999999,98390.69825000002
1735243200000,188.46,1.1109737503605719,190.05,186.54,188.46,257122.899,42.82592907411225,4.89468918028461,97264.4834,98377.65625
1735257600000,189.44,1.1052045988379282,190.5,187.28,189.44,262123.463,44.61537274864943,4.775068524549995,97136.4838,98372.22545
1735272000000,186.67,1.1133638274199527,191.17,185.58,186.67,305766.839,40.734579296719275,4.833277915653565,97034.49879999999,98359.38725
1735286400000,191.32,1.0904520542300242,194.39,186.65,191.32,484388.581,48.78776317509567,5.0409009216783085,96949.6834,98353.14865
1735300800000,184.13,1.128693287180121,191.42,183.3,184.13,398186.84,39.785500338752975,5.260836570129856,96808.02699999999,98333.86215
1735315200000,186.9,1.0694358593975355,187.33,182.74,186.9,277037.898,44.06744455927048,5.212919672263438,96654.02719999998,98321.212
1735329600000,184.22,1.0923476325874646,187.0,183.13,184.22,219006.024,41.027571536337746,5.116996838530335,96526.4106,98313.1996
1735344000000,185.03,1.0702600239007707,186.01,183.82,185.03,183303.245,42.322596633370935,4.907925635778168,96474.31439999999,98304.57405
1735358400000,185.13,1.0769357563769728,186.32,184.26,185.13,172811.415,42.49050347893373,4.704502376079729,96412.717,98286.98379999999
1735372800000,187.19,1.0777599208802076,187.36,185.0,187.19,183668.43,45.97929376001228,4.537037920645464,96365.69320000001,98271.26395
1735387200000,190.18,1.0947377096468454,191.3,186.5,190.18,326507.097,50.658146820133965,4.555820926313645,96297.98840000002,98253.2637
1735401600000,193.76,1.1194626447438907,195.35,189.64,193.76,348568.007,55.61505995076615,4.6382622887198135,96344.064,98237.46205
1735416000000,195.5,1.1488853175093745,196.1,192.71,195.5,279989.673,57.83236768895287,4.549100696668398,96310.2316,98233.95925000001
1735430400000,194.78,1.163225779865661,195.7,192.42,194.78,261346.132,56.57295764967886,4.458450646906369,96271.3596,98236.47385
1735444800000,196.04,1.1573742118926937,197.37,194.07,196.04,226220.927,58.28498733151526,4.375704172127344,96220.6916,98247.784
1735459200000,196.09,1.167593851732806,197.34,194.88,196.09,216117.187,58.355148449151955,4.238868159832534,96171.5938,98250.62685
1735473600000,195.14,1.1681707668850703,197.71,192.91,195.14,336831.566,56.413695140622394,4.278949005558782,96081.01620000001,98254.25390000001
1735488000000,192.71,1.1603412041043393,195.48,192.16,192.71,217764.295,51.677629551794,4.210452648018868,95988.0324,98260.5341
1735502400000,189.94,1.1402315902254092,192.81,188.57,189.94,301909.912,46.84932478053719,4.212563173160378,95912.237,98265.1601
1735516800000,191.38,1.1174022334858036,194.4,189.08,191.38,332906.435,49.49128236028844,4.291665803648922,95841.31060000001,98275.3542
1735531200000,192.36,1.1291877858820618,193.73,189.58,192.36,245144.784,51.26666296814996,4.2815468176739975,95770.10380000001,98284.18664999999
1735545600000,193.51,1.1374294309144104,194.14,191.52,193.51,249320.98,53.33934374750367,4.162864902125853,95708.6792,98290.86235
1735560000000,187.32,1.1469073227016113,194.82,185.99,187.32,596411.939,42.78998823399413,4.496231694831148,95627.0786,98283.5276
1735574400000,196.21,1.0958091235010505,196.3,185.89,196.21,593100.561,56.190995438416145,4.918643716628925,95573.3938,98288.77285000001
1735588800000,191.38,1.1689949313883048,196.47,189.1,191.38,399100.789,49.41800221259133,5.093740594012574,95521.6804,98274.95305
1735603200000,189.96,1.1291877858820618,192.05,188.33,189.96,282814.546,47.601401210678645,4.995616265868819,95475.1412,98254.36105
1735617600000,190.07,1.117484649936127,190.77,188.04,190.07,283226.206,47.76159780308954,4.833786532592476,95428.6308,98239.34925000001
1735632000000,193.79,1.1184736473400088,194.96,190.0,193.79,448946.097,52.995308853222845,4.842801780264442,95392.7814,98233.15550000001
1735646400000,198.44,1.1492149833106686,198.76,193.01,198.44,595922.956,58.58142211050541,4.907601653102696,95392.94120000002,98233.71720000001
1735660800000,193.81,1.1874562162607654,199.27,193.22,193.81,460862.38,51.960011866894064,4.989201535023933,95357.63040000001,98227.29155
1735675200000,189.31,1.149297399760992,194.82,189.2,189.31,390206.077,46.46314300104289,5.03425856823651,95364.14300000001,98220.13584999999
1735689600000,190.43,1.112209997115424,192.66,189.08,190.43,300383.879,47.93934554858087,4.930382956219615,95380.008,98213.72865
1735704000000,190.06,1.121358223101331,190.62,189.32,190.06,200370.138,47.4736372563223,4.671069887918215,95356.06060000001,98203.92925
1735718400000,191.36,1.1183912308896855,191.86,188.0,191.36,282560.942,49.33593126407869,4.6131363244954855,95337.97840000002,98188.20065
1735732800000,191.91,1.129022952981415,192.15,189.14,191.91,303578.959,50.141338547617,4.498626587031524,95341.9734,98182.2401
1735747200000,193.1,1.1336382741995303,193.91,189.25,193.1,292988.472,51.92219563776538,4.510153259386414,95346.54280000001,98169.1859
1735761600000,194.28,1.143445831788025,195.33,193.1,194.28,275277.712,53.68862337212618,4.3472851694302435,95272.37860000001,98152.0475
1735776000000,198.54,1.153170972926196,199.7,193.43,198.54,596298.24,59.47709717678562,4.4846219430423675,95220.9634,98140.4505
1735790400000,205.91,1.1883627972143238,206.89,198.54,205.91,818936.965,67.13132165764114,4.760720375682197,95164.1318,98132.2605
1735804800000,208.51,1.2490213046524086,208.88,205.66,208.51,492598.555,69.33209491824738,4.650668920276326,95138.20199999999,98132.72535000001
1735819200000,206.77,1.2705319981868382,210.48,205.45,206.77,692607.425,66.14040639369728,4.677763997399445,95105.6156,98131.0835
1735833600000,206.69,1.2561091193802285,209.07,204.67,206.69,397816.106,65.98999190339305,4.657923711870914,95093.81819999998,98136.33225000002
1735848000000,208.31,1.2554497877776403,208.44,205.2,208.31,226666.691,67.59699888652659,4.556643446737278,95063.11439999999,98138.02915000002
1735862400000,208.05,1.2687188362797213,208.45,205.63,208.05,285439.789,67.04941702781971,4.432597486256043,95023.99,98138.24225000001
1735876800000,207.95,1.2666584250216342,210.0,207.09,207.95,385288.935,66.82519760837721,4.32384052295204,94961.478,98137.72230000001
1735891200000,214.51,1.2658342605183992,215.18,207.6,214.51,785327.584,73.16491283917348,4.556423342741181,94916.7262,98139.82645
1735905600000,217.36,1.319981868380929,218.7,212.09,217.36,855675.834,75.36732542081462,4.703107389688237,94912.7534,98145.06835000002
1735920000000,217.1,1.3434705567231218,219.83,216.46,217.1,608719.343,74.76448249075679,4.607885433281935,94970.6774,98152.48395
1735934400000,217.99,1.341245312564388,218.04,215.81,217.99,330635.071,75.48727558268337,4.438036473761796,95013.3034,98158.21475
1735948800000,216.97,1.3486627930935013,218.18,215.67,216.97,409005.05,72.90986893764617,4.300319582778813,95055.25839999999,98163.3211
1735963200000,216.71,1.3401738987101826,217.96,215.58,216.71,300841.337,72.23284847785423,4.1631538982946115,95104.864,98168.75460000001
1735977600000,216.45,1.337948654551448,216.73,214.4,216.45,307779.925,71.51767150062977,4.0322143341307095,95134.295,98175.78279999999
1735992000000,214.32,1.335970659743685,217.66,213.54,214.32,517489.082,65.77236526100907,4.038484738835659,95185.3586,98184.07255000001
1736006400000,215.58,1.3182511229241354,215.96,213.73,215.58,213635.313,67.43875449243833,3.909307257490256,95209.63620000001,98199.26045
1736020800000,216.67,1.3287180121152182,217.27,215.41,216.67,194960.683,68.85154170025012,3.7629281676695245,95282.5712,98205.12295
1736035200000,217.96,1.3377014052004779,218.99,215.27,217.96,446040.445,70.48378290377933,3.7598618699788444,95351.3304,98216.98274999998
1736049600000,216.47,1.3483331272922077,219.05,215.97,216.47,299171.901,66.17063524596323,3.7113003078374995,95430.7252,98229.1235
1736064000000,213.93,1.3360530761940084,216.57,212.91,213.93,332411.755,59.48773904231025,3.7076360001348205,95491.65959999998,98236.93485000002
1736078400000,213.59,1.3152017142621666,214.61,211.61,213.59,528394.801,58.63408975282689,3.657090571553762,95564.59939999999,98249.32975000002
1736092800000,212.79,1.3122347220505215,214.29,211.46,212.79,293290.116,56.576842551504555,3.598012673585635,95631.09539999999,98264.78785000001
1736107200000,213.41,1.3057238224749659,214.54,212.54,213.41,201731.527,57.812246757930104,3.483868911186661,95709.4218,98278.19320000001
1736121600000,215.61,1.310833642395022,216.99,211.56,215.61,407522.331,61.94908427983236,3.6228782746733286,95789.61799999999,98296.23805
1736136000000,215.22,1.3289652614661887,216.9,213.9,215.22,357605.372,60.81070054252218,3.5783869693395194,95869.992,98313.5831
1736150400000,216.26,1.3257510199035727,216.27,213.23,216.26,283782.476,62.77514701104794,3.539930757243841,95951.74380000001,98331.03145000001
1736164800000,221.62,1.334322330737215,222.14,215.77,221.62,920232.208,70.87759233851872,3.7420785602978506,96089.26200000002,98358.82715
1736179200000,220.0,1.3784975481106028,223.18,217.34,220.0,618459.488,66.18838122275376,3.8919300917051474,96224.955,98386.96119999999
1736193600000,218.22,1.365146083158198,220.44,217.55,218.22,267760.983,61.38299216474576,3.8203636565833503,96379.44459999999,98419.42515000001
1736208000000,217.34,1.3504759550006182,219.11,216.23,217.34,332023.177,59.09859655765205,3.7531948239702553,96541.3484,98441.91734999999
1736222400000,216.04,1.343305723822475,217.45,215.49,216.04,267074.144,55.79516587489734,3.62510947940095,96699.8806,98457.3048
1736236800000,214.06,1.3325091688300985,216.77,212.88,214.06,497502.634,51.10925422619181,3.644030230872312,96842.04359999999,98446.6391
1736251200000,207.76,1.3162731281163718,214.36,205.36,207.76,1416679.796,39.687939127542,4.026599500095718,96926.4558,98425.2199
1736265600000,204.56,1.264268347962253,209.09,203.52,204.56,746652.762,35.36495366515261,4.136842392946023,96977.03259999999,98394.64525
1736280000000,202.17,1.237895083858738,204.99,201.8,202.17,482365.771,32.516183581222194,4.069210793449878,97073.5206,98372.95825
1736294400000,198.67,1.2181975522314252,203.28,196.71,198.67,811404.522,28.85096801277284,4.247838593917743,97115.68380000001,98360.44425
1736308800000,195.71,1.1894342110685292,199.57,193.14,195.71,897448.314,26.164841777010494,4.403707265780762,97172.98460000001,98354.00155000002
1736323200000,195.5,1.1649565253224545,198.0,194.45,195.5,644966.998,25.98003494288004,4.342728175367851,97225.4912,98340.9997
1736337600000,197.8,1.1633081963159844,199.57,194.86,197.8,674808.365,31.672358397625217,4.368961877127289,97278.1516,98327.77584999999
1736352000000,194.32,1.1821815634400625,197.97,188.34,194.32,1060441.487,28.14551637735147,4.74475031447534,97278.3758,98308.6472
1736366400000,197.48,1.1534182222771663,198.3,193.67,197.48,357760.544,35.20158078838962,4.736553863441388,97271.34799999998,98287.4003
1736380800000,194.35,1.1795442370297111,199.06,194.15,194.35,433836.763,31.863867069615054,4.748942873195574,97268.5684,98250.33985000002
1736395200000,190.11,1.1537478880784604,195.55,189.76,190.11,482716.979,27.99194822657104,4.823304096538749,97261.48019999999,98217.74360000002
1736409600000,191.18,1.1188033131413029,192.83,189.12,191.18,434027.698,30.29392531033338,4.74378237535741,97254.024,98188.5716
1736424000000,192.22,1.1275394568755923,193.07,185.07,192.22,993576.041,32.550918355580336,4.976369348546167,97265.2224,98162.7657
1736438400000,185.89,1.1361931841595583,192.81,185.72,185.89,525562.213,26.852012438227376,5.127342966507156,97234.52139999998,98124.21365
1736452800000,184.95,1.084105987555116,187.59,182.0,184.95,737427.499,26.12066900790326,5.16038989747093,97196.9124,98088.19605
1736467200000,189.14,1.0763588412247085,189.56,184.95,189.14,432214.297,34.662968201658714,5.121076333365864,97178.29359999999,98056.28944999998
1736481600000,191.78,1.1108089174599247,193.02,188.38,191.78,516491.013,39.416138378813635,5.086713738125447,97176.31039999999,98029.59265
1736496000000,191.97,1.1324844438950015,192.87,191.13,191.97,507468.756,39.755821063914595,4.847662756830772,97177.58279999999,98005.2883
1736510400000,187.28,1.1342151893517947,192.18,183.51,187.28,1220525.027,34.5989806992409,5.120686845628575,97135.7612,97975.56735
1736524800000,190.22,1.0954794576997569,192.07,183.85,190.22,675075.977,39.86485506536297,5.342066356655105,97107.64260000002,97953.69685000001
1736539200000,187.68,1.1197098940948613,190.5,186.71,187.68,291117.012,37.08658838677358,5.2312044740368835,97073.06459999998,97927.76735
1736553600000,186.37,1.0988585321630195,188.79,185.61,186.37,322477.373,35.704521014236974,5.084689868748534,97010.8488,97898.29719999999
1736568000000,186.24,1.0879795607203195,187.2,185.04,186.24,305434.037,35.562887482119294,4.87578344955221,96956.08020000001,97863.98104999999
1736582400000,186.69,1.0869081468661144,186.88,184.01,186.69,712008.859,36.50187031647368,4.732513203155624,96907.34719999999,97841.6551
1736596800000,186.95,1.0906168871306712,188.25,185.87,186.95,320258.807,37.07243908809057,4.564476545787365,96869.47239999998,97815.82385
1736611200000,187.75,1.0928421312894054,187.99,185.66,187.75,207932.707,38.8919180545067,4.404871078231126,96819.306,97796.62780000002
1736625600000,188.09,1.0992706144146371,191.91,187.49,188.09,336374.273,39.690039169372525,4.40595171550033,96760.87879999999,97780.56775
1736640000000,187.31,1.1021551901759592,188.6,186.54,187.31,207032.089,38.44935960745418,4.238383735821736,96681.4866,97768.32815000002
1736654400000,186.57,1.095726707050727,187.5,185.6,186.57,180009.041,37.259390605341046,4.071356326120184,96604.48,97753.56504999999
1736668800000,186.68,1.0896278897267893,186.99,185.17,186.68,184152.342,37.568701030239914,3.910545159968744,96525.58200000001,97740.1806
1736683200000,190.45,1.0905344706803477,191.0,186.17,190.45,302015.114,47.179915435301254,3.976220505685263,96461.58239999998,97729.55789999999
1736697600000,188.9,1.1216054724523012,190.76,188.63,188.9,244077.756,44.16919513291363,3.84434761242203,96396.79980000001,97714.1966
1736712000000,188.51,1.1088309226521615,189.98,186.59,188.51,213630.793,43.41842852869407,3.8118942115347414,96334.54219999998,97708.62795
1736726400000,185.03,1.1055342646392219,191.99,184.21,185.03,562485.334,37.32231127778662,4.09533033928226,96256.6016,97700.6916
1736740800000,182.46,1.0768533399266496,186.98,181.5,182.46,495409.913,33.57333837685729,4.194235315047812,96163.99639999999,97685.6778
1736755200000,175.41,1.0557547286438373,182.53,175.23,175.41,1194661.187,25.890456507176296,4.416075649687254,96017.2616,97652.94175000001
1736769600000,178.8,0.9976511311657806,180.34,168.88,178.8,2001562.696,33.74213212729896,4.919213103281023,95894.36120000001,97626.8875
1736784000000,177.6,1.0256727242757655,179.81,174.45,177.6,769065.433,32.43225201521571,4.950697881618093,95787.7722,97596.98535
1736798400000,182.87,1.0157003337866237,183.81,176.61,182.87,646741.05,42.91336745807271,5.111362318645371,95717.91459999999,97567.85765
1736812800000,184.19,1.0590513866567766,184.63,181.88,184.19,484091.845,45.20607404205701,4.942693581599273,95653.55,97536.5511
1736827200000,185.61,1.0700951910001233,186.91,184.2,185.61,368483.769,47.642172126964546,4.783929754342182,95583.5578,97505.24609999999
1736841600000,187.06,1.0817159104957348,190.09,185.6,187.06,551061.885,50.08266789513861,4.76293477188917,95533.7672,97482.85695
1736856000000,186.85,1.0935838793423167,190.11,184.69,186.85,674968.359,49.72119645910092,4.809868002468515,95476.82620000001,97462.71525000001
1736870400000,187.08,1.091935550335847,187.91,185.72,187.08,427393.873,50.14560411690594,4.622734573720764,95422.3824,97443.61215
1736884800000,187.57,1.0938311286932874,188.81,185.82,187.57,231355.333,51.09276620040486,4.506110675597853,95310.64059999998,97417.43075000001
1736899200000,189.73,1.0978695347591376,189.74,187.03,189.73,358905.827,55.13883914461788,4.377817055912293,95220.63859999999,97406.60975
1736913600000,190.0,1.1156714880290106,190.77,188.35,190.0,285611.254,55.6329403938228,4.237972980489987,95121.95360000001,97393.09505
1736928000000,186.98,1.1178143157374212,190.7,185.84,186.98,406200.026,49.11662861160218,4.282403481883558,95023.0356,97378.2605
1736942400000,196.52,1.0930069641900524,198.03,185.99,196.52,1295869.18,63.61497887462851,4.836517518891875,94969.5878,97372.5726
1736956800000,201.9,1.1716322577986567,202.35,196.43,201.9,705589.874,68.98244017401878,4.913909124685312,94949.86860000002,97370.03025000001
1736971200000,205.86,1.2159723080726914,206.04,201.89,205.86,716434.419,72.22974964382618,4.85934418720779,95000.7704,97373.1512
1736985600000,201.99,1.2486092224007912,206.29,201.36,201.99,523044.45,65.0610916861038,4.86439103097866,95061.2914,97363.22965
1737000000000,203.14,1.2166316396752792,203.5,201.46,203.14,253830.604,66.13662423519938,4.6626488144801845,95118.19900000001,97355.10835000001
1737014400000,212.78,1.2262743643631269,212.98,198.47,212.78,1076998.371,73.5006238058583,5.366031042017314,95170.8692,97340.4619
1737028800000,209.07,1.3055589895743192,217.14,205.36,209.07,2243710.689,67.4237788843802,5.824171681873218,95243.6508,97327.82275
1737043200000,214.19,1.2750649029546295,215.44,208.83,214.19,1137533.386,70.98859129072405,5.880302276025129,95349.29639999999,97321.9888
1737057600000,211.14,1.317344541970577,214.54,208.53,211.14,475138.157,66.33194480889661,5.889566399166191,95439.16700000002,97313.7997
1737072000000,211.1,1.2922075246219147,215.35,209.84,211.1,593063.203,66.27054739141988,5.862454513511463,95575.32379999998,97312.49065
1737086400000,213.27,1.291795442370297,213.83,210.94,213.27,420155.717,68.00095651336332,5.650136333974932,95702.9216,97312.59315000002
1737100800000,218.77,1.3096798120904933,219.7,213.22,218.77,841428.75,71.93145030716789,5.709412310119579,95867.1156,97315.11205
1737115200000,218.6,1.3550088597684098,222.11,216.39,218.6,1242379.461,71.63854463099183,5.710168573682468,96082.68380000001,97326.4516
1737129600000,217.16,1.3536077801129105,221.93,215.66,217.16,643975.957,69.0727951140819,5.75015653270515,96330.0778,97342.26904999999
1737144000000,219.51,1.3418222277166523,221.22,216.46,219.51,643469.75,70.90421384286647,5.679431066083353,96526.74699999999,97349.13639999999
1737158400000,220.47,1.3611900935426713,228.8,217.29,220.47,1777777.778,71.64296115198661,6.095900275648829,96759.7516,97350.67074999999
1737172800000,232.89,1.3690196563234023,238.15,219.85,232.89,4459351.333,79.05302785255287,6.967621684531056,96965.1368,97342.45955
1737187200000,238.95,1.4713808876251697,245.0,230.75,238.95,3331213.692,81.58197630967118,7.487791564207408,97163.0,97337.49459999999
1737201600000,257.75,1.5213252565212014,260.0,238.91,257.75,3192526.156,86.87573049662012,8.459377881049736,97364.5266,97335.37544999999
1737216000000,255.35,1.6762681831293524,270.67,242.51,255.35,5468270.001,83.573353511075,9.86656517526047,97550.6878,97338.49554999999
1737230400000,261.97,1.6564882350517163,264.68,247.22,261.97,1742842.62,85.24000853943335,10.408953377027581,97767.194,97329.61665000001
1737244800000,255.6,1.711047925165863,265.0,252.08,255.6,1702621.169,77.13059219502625,10.58831385009704,97960.33299999998,97321.62109999999
1737259200000,271.53,1.6585486463098034,277.99,254.17,271.53,4419693.792,81.7950112018667,11.533434289375823,98169.1532,97317.1634
1737273600000,286.24,1.7897556352247905,295.83,266.28,286.24,6221741.09,84.86482283057275,12.820331840134694,98372.27879999999,97304.6471
1737288000000,270.58,1.9109902336506366,289.72,262.95,270.58,4324670.285,71.11634792751636,13.816736708696505,98586.0786,97295.3001
1737302400000,269.5,1.782008488894383,275.41,264.04,269.5,1583882.291,70.27083815599589,13.64196980093247,98817.5656,97292.25854999998
1737316800000,252.42,1.7731075122594468,278.43,236.68,252.42,6799058.973,58.4379003278849,15.649686243723009,98955.99180000002,97266.52404999999
1737331200000,241.38,1.6321753822062883,252.76,229.44,241.38,4943604.559,52.30676122717283,16.197565797742794,99108.8452,97243.60424999999
1737345600000,261.9,1.541352453949808,264.3,239.0,261.9,3270310.516,60.58441896546718,16.847739669332594,99359.25839999999,97248.53880000001
1737360000000,260.6,1.7105534264639222,273.29,256.64,260.6,2305897.425,59.87541306181316,16.83361540723741,99631.59419999999,97265.91485
1737374400000,254.06,1.6997568714715456,261.74,249.91,254.06,1997796.985,56.305491008345605,16.476214306720454,99844.27700000002,97269.45105
1737388800000,246.26,1.64593892941031,256.77,232.07,246.26,3268470.713,52.30036256340198,17.063627570526133,100033.0076,97262.76754999999
1737403200000,242.19,1.5816540981579925,250.99,241.51,242.19,1093495.363,50.290189449345675,16.521939886917124,100176.76980000001,97251.9249
1737417600000,237.86,1.547945769975687,245.21,232.1,237.86,1804666.693,48.16902290893651,16.278229894994475,100342.48479999999,97252.51585
1737432000000,236.84,1.512424279886265,239.15,230.0,236.84,1311050.383,47.65906541681766,15.769070616780583,100491.36460000002,97261.44105000001
1737446400000,239.44,1.503852969052623,242.15,235.59,239.44,1166623.965,49.13723401944083,15.111279858439113,100681.145,97274.26655
1737460800000,240.92,1.5253636625870521,244.84,235.77,240.92,1246259.894,50.00280206746425,14.679759868550605,100888.20020000002,97285.6987
1737475200000,253.41,1.537561297234928,260.06,239.79,253.41,1506736.697,56.69975173788553,15.079062735082704,101211.8026,97308.60545
1737489600000,250.33,1.6404994436889604,255.99,246.69,250.33,847399.625,54.75212680735041,14.666272539719655,101492.20399999998,97335.92525
1737504000000,254.11,1.6151151769893273,256.97,248.43,254.11,727096.055,56.717141791437626,14.228681644025396,101757.9606,97377.9267
1737518400000,258.51,1.646268595211604,259.78,252.4,258.51,786417.302,58.95178178031178,13.73949009802358,101968.93400000001,97416.04125
1737532800000,257.76,1.6825318333539372,258.94,252.22,257.76,613638.275,58.398323001631155,13.238097948164752,102173.71380000001,97456.01310000001
1737547200000,257.3,1.6762681831293524,264.98,254.48,257.3,1468496.895,58.03842024016571,13.042519523295843,102360.034,97487.7505
1737561600000,265.29,1.672641859315119,266.31,253.22,265.29,1123495.792,62.375784417589124,13.045910985917569,102521.6732,97547.2806
1737576000000,257.36,1.73841018667326,272.03,255.64,257.36,1504283.297,56.17009150280644,13.284774486923455,102666.3734,97580.8558
1737590400000,248.85,1.67313635801706,258.48,246.38,248.85,1002455.204,50.377750898932426,13.200147737857495,102784.84240000001,97607.58205
1737604800000,249.53,1.602835125891128,250.71,245.02,249.53,663669.155,50.814219058565556,12.663708613724818,102907.8306,97632.1062
1737619200000,244.19,1.608439444513125,249.92,242.33,244.19,654669.237,47.296040067665636,12.301300855601614,103000.37800000001,97654.39134999999
1737633600000,249.39,1.5645114764907073,254.76,242.19,249.39,1651199.113,50.86368809135143,12.32049365163007,103159.62139999999,97685.50894999999
1737648000000,246.84,1.607450447109243,256.32,245.27,246.84,985709.887,49.108135986321805,12.229744105085063,103299.77859999999,97713.04875
1737662400000,253.11,1.586351835826431,258.38,243.62,253.11,1845060.127,53.36985386786593,12.410476669007556,103398.13699999999,97744.9606
1737676800000,252.23,1.6381093666295792,256.46,247.18,252.23,823363.858,52.70278644655542,12.186871192649871,103479.07399999998,97778.0742
1737691200000,259.7,1.630774302550789,264.44,250.6,259.7,1099152.265,57.55282430962588,12.30495182174631,103570.06300000001,97816.84825000001
1737705600000,266.82,1.6923393909424318,267.34,259.68,266.82,894766.51,61.59522090926208,11.973169548764428,103688.9044,97858.9769
1737720000000,262.28,1.7511023200230762,270.18,260.84,262.28,1028557.948,57.81439525723964,11.785086009566971,103810.1042,97907.22559999999
1737734400000,262.06,1.7136028351258907,265.49,260.45,262.06,516069.254,57.62979249255803,11.30329415174076,103942.1488,97950.5239
1737748800000,253.37,1.7117896732187743,262.39,252.74,253.37,852384.734,50.738207551956705,11.185201712330704,104053.63539999998,97997.98779999999
1737763200000,252.74,1.6400873614373428,253.71,248.08,252.74,779460.056,50.268879279706454,10.788401590021367,104149.33940000001,98049.81705
1737777600000,247.28,1.6348951250669632,252.74,246.49,247.28,654188.153,46.273900462848275,10.464230047876983,104237.313,98095.81559999999
1737792000000,249.97,1.5898957431903409,250.78,246.33,249.97,558270.81,48.44764309984264,10.034642187314342,104309.6982,98139.0448
1737806400000,253.68,1.6121481847776817,254.7,248.25,253.68,540860.567,51.3700008887145,9.778596316791889,104378.844,98186.51370000001
1737820800000,258.5,1.6427246878476942,260.78,253.08,258.5,770950.307,54.943549149753196,9.630125151306752,104435.1952,98232.1274
1737835200000,256.41,1.6823670004532902,259.75,255.59,256.41,400259.408,53.12073091944484,9.239401926213413,104450.1322,98289.60979999999
1737849600000,258.42,1.6651419623356818,259.96,253.58,258.42,495989.214,54.6780225814814,9.035158931483881,104434.68199999999,98349.69795
1737864000000,258.95,1.6818725017513494,260.16,257.36,258.95,329320.155,55.10155332279001,8.589790436377891,104453.0994,98400.28235000001
1737878400000,255.59,1.6861581571681705,258.95,252.79,255.59,398760.583,51.79688539637185,8.416233976636613,104478.27679999999,98452.63205
1737892800000,254.58,1.6583838134091566,257.55,253.32,254.58,410981.141,50.810416228569885,8.117217264019713,104521.18200000002,98506.30115
1737907200000,256.28,1.6502245848271315,258.0,253.83,256.28,292138.02,52.451858623991654,7.835273173732589,104551.02880000001,98559.71629999999
1737921600000,240.5,1.6642353813821238,256.63,240.32,240.5,1100826.411,39.33172510824763,8.440610804180261,104512.04960000001,98581.31629999999
1737936000000,235.8,1.534017389871018,242.68,232.88,235.8,1695886.273,36.41040950392657,8.5377100324531,104452.32220000001,98600.38905
1737950400000,227.53,1.4954464911196272,235.81,221.71,227.53,1931884.113,31.918143711434908,8.93501645870645,104342.158,98602.31125
1737964800000,225.85,1.4271232538014589,227.99,220.89,225.85,1123592.728,31.079265183386042,8.803943854513134,104217.70040000002,98605.96949999999
1737979200000,233.66,1.4132772901471133,237.67,223.71,233.66,1670740.655,39.09332825569421,9.172233579190765,104136.5986,98621.10800000001
1737993600000,226.53,1.4778093707504016,235.9,223.92,226.53,1799482.605,35.08264499752417,9.372788323534284,104043.33439999999,98630.07005
1738008000000,234.89,1.4190464416697572,237.9,226.48,234.89,695034.468,42.527818637892445,9.519017728996122,103986.26400000001,98647.88430000002
1738022400000,236.69,1.4879465941401904,237.8,233.06,236.69,493190.108,44.016577536608885,9.177659319782114,103914.9904,98665.9733
1738036800000,238.74,1.5026167222977704,244.0,236.66,238.74,703484.208,45.7404645567915,9.046397939797677,103944.1534,98682.7739
1738051200000,238.25,1.5195945110644082,239.72,235.32,238.25,396489.689,45.38075828879802,8.714512372669272,103961.555,98701.60809999998
1738065600000,237.49,1.5155561049985575,240.23,233.75,237.49,645380.633,44.79238383768809,8.554904346050039,103874.7018,98726.8981
1738080000000,232.19,1.5092924547739728,237.78,230.3,232.19,574850.598,40.81790883557784,8.478125464189322,103758.4028,98760.54025
1738094400000,227.06,1.4656941525528493,232.6,225.01,227.06,670054.851,37.36222133981878,8.414687931032942,103685.9534,98787.00344999999
1738108800000,231.2,1.4233320970865784,232.0,226.79,231.2,344250.45,41.655152078420514,8.185781650244875,103652.8848,98816.6832
1738123200000,234.41,1.4574525075205007,234.78,229.83,234.41,301325.233,44.813360984754816,7.954654389513097,103662.80099999999,98851.50430000002
1738137600000,231.99,1.4839906045246631,235.9,230.14,231.99,299006.613,42.92683734554497,7.797893361690734,103657.0008,98882.64510000002
1738152000000,228.4,1.4638809906457328,232.03,226.0,228.4,604067.515,40.221760680284405,7.6716152644271105,103656.8354,98917.02519999999
1738166400000,231.68,1.4344583178802488,236.12,222.63,231.68,1359642.651,43.71181365672001,8.087214174110889,103653.3502,98950.18325000002
1738180800000,228.16,1.4614084971360282,238.49,227.61,228.16,935901.376,40.94879671691547,8.286698875960111,103649.155,98995.9807
1738195200000,240.24,1.4323979066221617,241.01,226.84,240.24,733229.267,52.131430962623526,8.706934670534388,103612.4482,99048.2107
1738209600000,238.9,1.5320393950632545,242.13,237.2,238.9,648069.727,50.97818411068554,8.437153622639075,103592.2132,99102.3759
1738224000000,241.77,1.5209131742695843,241.94,238.01,241.77,383272.852,53.35809498607822,8.115214078164856,103586.22559999999,99155.90449999999
1738238400000,241.09,1.5445666955124244,244.7,239.11,241.09,712173.922,52.705210200615234,7.934841644010222,103595.81019999999,99211.81455
1738252800000,241.13,1.538879960440104,243.42,238.72,241.13,486005.19,52.74184120203494,7.7037815265809195,103608.0278,99266.59674999998
1738267200000,238.31,1.5393744591420444,242.2,238.3,238.31,378515.015,49.812642242226104,7.432082846110852,103618.8864,99317.975
1738281600000,235.95,1.5159681872501751,239.19,235.13,235.95,417851.749,47.43815962518511,7.191219785674363,103613.1756,99364.5585
1738296000000,235.73,1.4966003214241559,238.41,234.92,235.73,240051.315,47.212226836945966,6.926846943840481,103622.8136,99409.00129999999
1738310400000,238.76,1.4947871595170394,239.05,234.19,238.76,465802.41,50.69516355222019,6.779215019280447,103668.30859999999,99456.8193
1738324800000,240.09,1.519841760415379,241.82,236.05,240.09,703507.609,52.18643620114661,6.707128232188985,103723.38339999999,99507.77915000002
1738339200000,230.52,1.5308031483084024,240.18,230.17,230.52,711126.27,42.2775965539285,6.943047644175487,103730.74,99544.17790000001
1738353600000,231.77,1.4517657724481803,231.86,228.24,231.77,403826.214,43.779165259416985,6.705687098162953,103674.0608,99583.7701
1738368000000,231.46,1.4621502451889399,236.46,230.61,231.46,449454.296,43.47710210324657,6.644566591151312,103643.6438,99626.9516
1738382400000,230.68,1.4596777516792352,233.08,230.0,230.68,177240.936,42.6791737910439,6.389954691783362,103608.76680000001,99669.09305
1738396800000,228.11,1.4530844356533563,230.93,226.29,228.11,417385.941,40.06975843324883,6.26495792808455,103571.508,99710.62354999999
1738411200000,226.38,1.4319034079202209,229.53,224.83,226.38,481443.38,38.36913978728947,6.153175218935653,103512.04980000001,99752.33475
1738425600000,221.75,1.4177277784645812,227.66,220.86,221.75,383407.867,34.18723825929422,6.199376989011676,103437.0398,99791.06705
1738440000000,213.03,1.3796513784151314,221.76,212.74,213.03,940816.23,27.997979873152985,6.4008500612251265,103332.55320000001,99833.59425
1738454400000,207.11,1.3077018172827297,218.9,206.83,207.11,981358.929,24.7252830675005,6.805789342566188,103201.4716,99857.54334999999
1738468800000,211.78,1.2589112786912267,214.08,206.74,211.78,762187.957,31.52500199414571,6.843947246668604,103096.9276,99891.79959999998
1738483200000,208.68,1.2973173445419708,215.79,207.71,208.68,632307.734,29.612729549781108,6.932236729049416,102970.1716,99923.57465
1738497600000,212.07,1.2717682449416903,214.19,208.24,212.07,625738.954,34.30567177820423,6.862076962688742,102869.38940000001,99956.00525
1738512000000,203.54,1.2997074216013516,212.13,195.0,203.54,2317261.692,29.056114911336138,7.595500036782403,102741.4328,99976.20765000001
1738526400000,203.51,1.2294061894754194,206.78,192.31,203.51,1936645.067,29.03928431390787,8.086535748440804,102597.4888,99987.65060000001
1738540800000,197.92,1.2293237730250959,203.89,175.89,197.92,5016897.629,26.015384031513577,9.508926052123602,102377.1604,99987.0099
1738555200000,199.09,1.1831705608439445,199.97,189.27,199.09,1445560.263,27.712087614198722,9.5940027626862,102188.88360000002,99995.79495000001
1738569600000,198.74,1.1928132855317921,202.15,193.38,198.74,1367106.371,27.50885010865258,9.53514542249433,101989.793,100002.1442
1738584000000,207.02,1.18992870977047,210.0,189.9,207.02,2581912.425,38.921133712129446,10.289777892316163,101866.666,100027.9337
1738598400000,215.2,1.2580871141879917,215.27,203.61,215.2,1317827.5,47.68371593800295,10.387650900007866,101807.8922,100070.1105
1738612800000,216.28,1.325503770552602,218.7,209.89,216.28,1107666.077,48.72955146570138,10.274961550007305,101735.12239999998,100104.58840000002
1738627200000,215.48,1.3344047471875387,219.97,213.89,215.48,652129.033,47.964661782675364,9.975321439292498,101646.0838,100134.60155
1738641600000,204.23,1.3278938476119833,216.08,201.87,204.23,1393539.966,38.752640930394655,10.277798479343035,101562.6442,100153.8827
1738656000000,207.67,1.2350929245477398,210.8,202.43,207.67,751118.204,42.39580114347038,10.141527159389963,101514.08540000001,100173.66955
1738670400000,215.65,1.263526599909342,216.74,207.67,215.65,1074095.205,49.848356418635156,10.064989505147823,101520.06880000001,100191.29550000001
1738684800000,208.29,1.3292949272674828,218.35,208.27,208.29,991416.188,44.17213808147827,10.066061683351549,101522.0416,100201.9294
1738699200000,206.64,1.268636419829398,210.49,202.52,206.64,1161895.791,42.99026938836196,9.916342991683582,101455.06360000001,100208.47
1738713600000,207.38,1.2550377055260227,209.39,205.11,207.38,483143.034,43.71759009376187,9.51374706370618,101421.8632,100212.08129999999
1738728000000,205.07,1.2611365228499607,208.32,203.54,205.07,404922.448,41.91971217690438,9.175622273441453,101337.49519999999,100216.47949999999
1738742400000,206.33,1.2420159063749123,206.94,202.92,206.33,377347.799,43.28967680899909,8.807363539624207,101248.72880000001,100222.158
1738756800000,201.77,1.2524003791156713,207.62,201.42,201.77,569999.384,39.645084732259306,8.621123286793908,101155.2592,100231.21919999999
1738771200000,199.56,1.2148184777681623,202.12,196.42,199.56,899147.828,37.976340379940964,8.412471623451488,101047.41900000001,100234.2813
1738785600000,196.12,1.1966868586969956,200.67,195.14,196.12,420241.544,35.473380501404975,8.206580793204953,100924.1078,100229.7367
1738800000000,200.71,1.168335599785717,201.27,195.93,200.71,353973.639,41.05578017810136,8.001825022261743,100822.73640000001,100223.555
1738814400000,202.0,1.2061647504841968,203.98,200.27,202.0,624228.001,42.55982060364778,7.695266092100189,100759.9382,100223.66215
1738828800000,200.26,1.216796472575926,202.93,198.66,200.26,309073.484,41.03872548850546,7.450604228378748,100696.734,100227.05210000002
1738843200000,191.23,1.2025384266699635,200.65,190.52,191.23,751294.293,34.2061562208748,7.6419896406374095,100588.27940000001,100222.35815
1738857600000,189.9,1.1280339555775332,192.95,188.36,189.9,790564.327,33.32607467281257,7.423990380591879,100455.01940000002,100212.82620000001
1738872000000,189.54,1.1171549841348334,194.66,187.39,189.54,615633.403,33.07799376359796,7.4129910676924595,100346.4908,100207.30824999999
1738886400000,193.31,1.114023159022541,195.87,189.18,193.31,654145.617,38.26111642193865,7.361348848571569,100223.6918,100203.69714999999
1738900800000,192.54,1.1450941607944944,195.36,189.02,192.54,418918.367,37.620234398471474,7.288395359387885,100084.16799999999,100196.37989999999
1738915200000,198.47,1.1388305105699097,198.66,191.69,198.47,465203.274,45.22908565743343,7.265652833717321,99935.24799999999,100194.19009999999
1738929600000,198.07,1.1877034656117362,203.42,195.84,198.07,1340794.299,44.83184657996809,7.288106202737511,99798.28620000002,100194.26615
1738944000000,195.44,1.1844892240491203,199.15,194.62,195.44,534240.034,42.207027557122245,7.091098616827689,99630.24479999999,100190.5508
1738958400000,191.99,1.16273128116372,195.64,188.12,191.99,512295.182,38.98274437851251,7.121734429911425,99449.1008,100182.9399
1738972800000,192.98,1.1343800222524414,194.34,191.38,192.98,329062.388,40.38998519190131,6.824467684917752,99268.86,100176.0379
1738987200000,192.79,1.142456834384143,193.34,189.81,192.79,309755.504,40.19837116526616,6.589148564566484,99098.59959999999,100165.26945
1739001600000,194.39,1.1408909218279968,194.99,191.65,194.39,273834.177,42.66511261936301,6.357066524240307,98934.11039999999,100150.6816
1739016000000,193.41,1.154077553879754,196.45,192.74,193.41,365749.78,41.53501548858379,6.167990343937427,98767.214,100133.30679999999
1739030400000,196.9,1.1460831581983764,198.4,193.2,196.9,407289.949,46.92645804766778,6.098848176513326,98604.0938,100119.9068
1739044800000,199.32,1.1746816664606252,200.88,196.74,199.32,281904.954,50.34577952564913,5.958930449619516,98423.7084,100091.39074999999
1739059200000,206.95,1.194708863889232,207.0,198.52,206.95,503666.491,59.258204419418824,6.139006846075264,98323.462,100068.80465
1739073600000,203.96,1.2575926154860508,207.37,203.8,203.96,447511.437,55.085582861023866,5.955506357069887,98216.0274,100042.9158
1739088000000,201.44,1.2329500968393292,204.58,201.22,201.44,395010.634,51.77650291550279,5.77011304585061,98102.1238,100017.14545
1739102400000,200.7,1.212181151357811,203.05,196.44,200.7,586084.557,50.81124142841445,5.830104971146995,97988.55699999999,99991.26215
1739116800000,199.08,1.2060823340338729,202.24,197.81,199.08,269886.794,48.672001723739314,5.730097473207925,97869.27560000001,99967.43155
1739131200000,200.47,1.192648452631145,203.0,193.53,200.47,676978.547,50.59404606681297,5.9972333679787875,97757.05279999999,99959.984
1739145600000,201.97,1.204186755676433,205.1,195.85,201.97,950196.099,52.654436420829384,6.229573841694588,97659.9604,99961.799
1739160000000,202.77,1.2165492232249557,204.6,199.95,202.77,686800.0,53.76196016299121,6.116747138716404,97595.84399999998,99964.1751
1739174400000,204.5,1.2231425392508346,205.97,202.56,204.5,598303.096,56.150743640681874,5.923408057379517,97564.93,99969.85489999998
1739188800000,203.07,1.237400585156797,209.05,201.48,203.07,938392.157,53.68197455033558,6.041021767566696,97516.43780000001,99977.6629
1739203200000,201.37,1.2256150327605388,204.41,201.03,201.37,504649.566,50.821300973007226,5.850948784169075,97486.6658,99988.8683
1739217600000,200.47,1.211521819755223,203.0,199.27,200.47,362499.63,49.32277057153129,5.699452442442712,97448.34479999999,99998.55355000001
1739232000000,201.11,1.204186755676433,204.66,199.94,201.11,738179.626,50.44184017548008,5.629491553696804,97435.02760000002,100015.37060000001
1739246400000,204.39,1.209461408497136,206.18,201.04,204.39,977810.063,55.82568587211196,5.59452787128989,97446.3952,100031.4124
1739260800000,203.4,1.2364940042032386,205.95,201.2,203.4,683735.412,53.921601243428775,5.534204451912041,97528.6508,100052.0305
1739275200000,199.47,1.2282523591708903,203.4,197.8,199.47,729499.57,47.059715036007916,5.538904133918323,97562.1412,100070.9602
1739289600000,195.65,1.1959451106440846,200.12,195.12,195.65,410134.514,41.52780393063629,5.500410981495586,97560.79980000001,100078.83815
1739304000000,197.96,1.1644620266205135,199.49,195.52,197.96,390879.15,45.685697840497234,5.391095911388758,97499.52380000001,100086.50905
1739318400000,194.33,1.1834178101949147,198.56,193.85,194.33,354024.061,40.77848984981381,5.342446203432418,97367.9092,100103.45744999999
1739332800000,195.19,1.1535830551778137,196.24,193.13,195.19,301343.646,42.358167562927,5.182985760330104,97262.73040000001,100121.04290000001
1739347200000,197.37,1.1607532863559564,198.01,195.09,197.37,278926.39,46.27057379124714,5.021343920306525,97172.02940000001,100133.03550000001
1739361600000,192.0,1.1785552396258292,198.55,188.48,192.0,1549087.937,39.210475499309254,5.381962211713203,97119.39259999999,100139.65324999999
1739376000000,193.7,1.1344624387027649,196.66,189.34,193.7,880298.936,42.21634544993717,5.520393482305117,97084.13979999999,100150.30879999998
1739390400000,196.78,1.1484732352577576,198.48,193.02,196.78,534852.351,47.300667304253174,5.516079662140464,97054.5958,100171.00415000001
1739404800000,198.19,1.1737750855070672,198.19,194.96,198.19,382446.094,49.491675833427024,5.352788257701858,97027.3688,100181.86094999999
1739419200000,193.07,1.1853958050026783,198.47,192.75,193.07,331597.03,42.570454047039576,5.379017667866011,96993.5108,100188.58154999999
1739433600000,191.91,1.1431985824370543,193.52,191.1,191.91,349096.993,41.165829702474966,5.16765926301844,96951.21299999999,100197.17235
1739448000000,191.94,1.1336382741995303,193.12,188.78,191.94,678383.089,41.219846716332775,5.1085407442314095,96913.8844,100205.93054999999
1739462400000,192.68,1.133803107100177,194.6,190.02,192.68,426547.364,42.61931108435465,5.070787833929165,96862.4796,100210.9411
1739476800000,194.25,1.1399843408744383,195.45,192.57,194.25,259701.306,45.57967355365987,4.91430298864851,96832.3176,100221.9305
1739491200000,197.0,1.152841307124902,197.35,194.11,197.0,285494.125,50.40609419030759,4.794709918030757,96827.51719999999,100236.33410000001
1739505600000,196.59,1.1755882474141837,197.37,194.72,196.59,218751.651,49.69840538266418,4.641516352457132,96834.15040000001,100248.0546
1739520000000,199.59,1.172209172950921,201.4,196.35,199.59,733906.766,54.7090415952617,4.670693755853052,96824.78820000001,100259.3804
1739534400000,200.86,1.1969341080479665,202.12,196.45,200.86,689105.007,56.67648372807577,4.742072773292121,96799.36379999999,100272.3831
1739548800000,201.56,1.2073185807887254,205.34,198.84,201.56,932944.276,57.76550598226838,4.867639003771255,96780.61299999998,100290.80984999999
1739563200000,199.39,1.2131701487616926,202.24,198.09,199.39,867484.238,53.29320263133622,4.816379074930452,96783.9608,100302.95275
1739577600000,198.36,1.1953681954918203,200.27,196.76,198.36,414076.402,51.26439584221914,4.723066283863992,96817.36459999999,100317.96740000001
1739592000000,195.9,1.1867968846581778,198.87,195.25,195.9,218487.323,46.69247856696446,4.644275835016564,96833.20280000001,100331.9734
1739606400000,194.85,1.1665224378786008,196.74,193.89,194.85,390328.096,44.85373970973367,4.516113275372525,96836.63380000001,100348.7052
1739620800000,194.66,1.1578687105946346,196.06,193.26,194.66,286063.639,44.512153197392884,4.393533755703059,96854.1572,100368.9201
1739635200000,194.17,1.1563027980384886,195.1,193.32,194.17,158861.554,43.59018086370074,4.206852773152841,96849.79520000001,100402.3235
1739649600000,194.48,1.152346808422961,195.03,192.61,194.48,165483.385,44.37516043498793,4.079220432213352,96835.5088,100429.55305
1739664000000,194.73,1.1547368854823423,195.51,193.05,194.73,235252.677,45.03938998116348,3.9635618299123965,96848.481,100455.728
1739678400000,192.89,1.1567972967404294,196.24,192.34,192.89,215253.651,41.14508565563923,3.9590216992043685,96863.3246,100469.29239999998
1739692800000,193.73,1.1417975027815552,194.0,192.21,193.73,165937.55,43.54494807464701,3.804091577832627,96876.06,100481.6654
1739707200000,190.32,1.148555651708081,193.78,189.23,190.32,597166.256,36.956872135049444,3.8573707508445834,96890.0818,100491.90045
1739721600000,189.23,1.1205340585980959,191.27,187.64,189.23,472254.804,35.127408692979856,3.841129982927115,96908.8512,100494.4526
1739736000000,188.27,1.111468249062513,189.92,186.3,188.27,323515.924,33.55205847773658,3.825334984146605,96914.33879999998,100492.68495
1739750400000,186.34,1.103556269831458,189.72,185.28,186.34,308179.291,30.582606793261306,3.8692396281361328,96907.04559999998,100491.0726
1739764800000,181.35,1.087649894919026,186.49,180.77,181.35,907107.253,24.536256365246274,4.00143679755498,96899.51520000001,100488.6094
1739779200000,184.25,1.046688919108254,185.5,180.12,184.25,666016.011,32.84574816617773,4.099905597729625,96874.77880000001,100482.33970000001
1739793600000,180.36,1.0705072732517409,186.94,179.84,180.36,811889.169,28.33816159068411,4.314198055034651,96846.8114,100474.13025
1739808000000,177.09,1.038529690526229,181.41,174.63,177.09,1137362.38,25.20659317094068,4.490326765389319,96826.3584,100467.97615
1739822400000,177.53,1.0115795112704495,181.3,177.01,177.53,457019.626,26.385403080336232,4.476017710718654,96812.19540000001,100451.91405
1739836800000,177.98,1.0151234186343594,179.09,175.46,177.98,424751.039,27.641475516003254,4.41558787423875,96814.90060000001,100433.68955
1739851200000,165.72,1.018832158898916,178.01,163.93,165.72,1970470.559,18.419963283138443,5.105903026078839,96794.7842,100408.48745000002
1739865600000,168.72,0.9178720072526475,170.92,163.17,168.72,1242682.479,25.012398283756838,5.294767095644636,96771.2914,100389.299
1739880000000,165.95,0.942432109449046,171.5,164.34,165.95,885722.243,23.152048606357496,5.427998017384305,96733.62440000002,100368.03145
1739894400000,165.31,0.9196851691597642,167.11,160.88,165.31,1151366.322,22.731370646117142,5.485283873285427,96662.484,100342.75860000002
1739908800000,169.32,0.9144105163390612,169.78,163.93,169.32,644193.524,31.170264366611065,5.511335025193611,96631.545,100324.63644999999
1739923200000,167.48,0.9474595129187785,170.86,166.66,167.48,554842.05,29.574189377235342,5.4176682376797825,96598.23019999999,100301.10175
1739937600000,168.95,0.9322948860592573,169.84,163.75,168.95,584091.102,32.54589237811197,5.46569193498837,96563.368,100279.60379999998
1739952000000,173.92,0.9444925207071332,174.3,168.42,173.92,651909.877,41.529200892037494,5.495285368203488,96539.67399999998,100256.45814999999
1739966400000,169.74,0.9853710800675813,174.13,168.14,169.74,669116.553,37.05900784965968,5.530622127617526,96493.1694,100228.97434999999
1739980800000,168.7,0.950921003832365,173.44,168.15,168.7,517873.5,36.020141081134945,5.513434832787702,96454.26980000001,100198.81905
1739995200000,168.93,0.9423496929987224,169.96,166.41,168.93,500486.18,36.444466078965334,5.373189487588582,96447.00660000001,100162.04089999999
1740009600000,172.44,0.9443276878064861,172.89,167.66,172.44,466976.708,42.69103931209862,5.36296166704654,96487.2952,100118.1425
1740024000000,171.77,0.9730910289693823,174.96,170.86,171.77,406781.526,41.84558436244769,5.272750119400358,96509.08959999999,100082.0947
1740038400000,173.99,0.9676515432480324,175.15,170.92,173.99,511460.338,45.68393708188402,5.19826796801462,96547.2626,100050.3352
1740052800000,171.61,0.9859479952198459,176.65,171.21,171.61,756247.577,42.44919049285604,5.215534541727862,96563.9464,100020.74530000001
1740067200000,174.98,0.96641529649318,175.46,171.22,174.98,400408.092,48.05756108925006,5.145853503033015,96610.5094,99994.91285000001
1740081600000,176.0,0.9940248073515473,176.54,173.17,176.0,396879.094,49.65668469184625,5.019006824244943,96660.2858,99963.59305
1740096000000,173.28,1.0025137017348662,176.47,173.0,173.28,329030.9,45.62304263378024,4.908363479656018,96679.02440000001,99932.39295
1740110400000,175.86,0.980014010796555,176.8,173.27,175.86,449693.289,49.78934697297201,4.809908945394874,96685.2198,99900.51059999998
1740124800000,177.21,1.0013598714303376,180.28,175.83,177.21,679578.443,51.86748040896539,4.784201163580954,96707.8374,99868.73705
1740139200000,173.17,1.0124036757736843,180.52,170.56,173.17,1089040.987,45.76330231304001,5.15390108046803,96748.51359999999,99833.42164999999
1740153600000,168.42,0.9791074298429966,175.66,168.18,168.42,1109214.476,39.828301788591645,5.3200510032917405,96735.71360000002,99788.03105
1740168000000,168.94,0.9400420323896648,169.97,167.15,168.94,447124.762,40.734451859204185,5.141475931628044,96739.3932,99744.2592
1740182400000,170.35,0.9443276878064861,172.76,168.07,170.35,496900.538,43.23088773603572,5.109227650797469,96752.8194,99694.75455
1740196800000,171.74,0.9559484073020974,173.14,170.09,171.74,293626.835,45.660913156041744,4.962139961454791,96746.4184,99669.53715
1740211200000,173.56,0.9674042938970618,174.14,171.36,173.56,363880.981,48.75405268173355,4.806272821350875,96735.41880000001,99642.9775
1740225600000,174.23,0.982404087855936,174.6,172.66,174.23,280181.574,49.885001610482306,4.601539048397241,96728.377,99590.33424999999
1740240000000,172.64,0.9879259900276094,174.68,172.3,172.64,291277.226,47.22163185428144,4.442857687797438,96723.4256,99532.33825000002
1740254400000,172.07,0.9747393579758519,173.62,171.89,172.07,160946.303,46.26794865274273,4.249082138669051,96715.95800000001,99490.30334999999
1740268800000,170.61,0.9701240367577367,172.3,170.19,170.61,250405.798,43.82642001942299,4.096290557335548,96685.429,99453.91519999999
1740283200000,172.85,0.9580912350105082,173.07,169.95,172.85,209356.917,48.33135469529222,4.026555517525867,96665.59639999998,99425.15939999999
1740297600000,169.59,0.9765525198829685,172.91,169.36,169.59,179421.505,42.934761128527335,3.9925158377025896,96634.8524,99391.0593
1740312000000,166.76,0.949767173527836,169.92,166.6,166.76,417303.443,38.87657248972467,3.9444789921524044,96596.65079999999,99358.29495000001
1740326400000,167.71,0.9263609016359664,168.72,166.75,167.71,244872.649,40.89615125265574,3.8034447784272323,96559.4588,99318.28365
1740340800000,167.94,0.9341904644166976,168.86,166.42,167.94,186950.447,41.40096649902254,3.706055865682432,96531.95439999999,99279.85865000001
1740355200000,161.01,0.9360860427741376,169.69,160.56,161.01,792175.34,32.416814055767304,4.093480446705115,96489.98059999998,99221.868
1740369600000,160.99,0.8790538591502864,161.75,156.88,160.99,1060356.882,32.39496535599824,4.148946129083321,96456.02780000001,99170.509
1740384000000,159.28,0.878806609799316,161.1,155.38,159.28,888129.314,30.50203399717516,4.261164262720227,96421.51340000001,99121.61619999999
1740398400000,152.66,0.8646309803436766,160.41,150.65,152.66,1587066.29,24.526911950587078,4.653938243954495,96363.0128,99067.8121
1740412800000,150.12,0.8102361231301767,155.15,147.86,150.12,1176702.704,22.69029521786625,4.842228369386317,96295.163,99012.02769999999
1740427200000,141.81,0.7893023447480116,152.68,138.0,141.81,2492807.385,17.953567558195346,5.544926343001579,96188.0004,98948.89205
1740441600000,138.95,0.7207318580788725,144.45,138.17,138.95,2532890.988,16.66421187041705,5.597431604215752,96089.90960000001,98886.5117
1740456000000,136.25,0.6971607532863558,142.08,133.0,136.25,3145641.456,15.530287984670977,5.846186489628914,95953.9474,98814.57845
1740470400000,141.28,0.6749907281493385,141.36,131.91,141.28,2158755.072,25.67671068776022,6.103601740369706,95814.42860000001,98748.46915
1740484800000,138.89,0.7162813697614044,141.83,134.53,138.89,1761698.336,24.189884081176714,6.189058758914728,95637.68939999999,98671.0741
1740499200000,145.43,0.6966662545844149,145.57,137.96,145.43,1393019.038,35.24055367782799,6.290554561849389,95475.3708,98601.08789999998
1740513600000,144.33,0.7504841966456504,147.09,143.26,144.33,755005.255,34.334016407248924,6.1148006645744335,95335.78959999999,98518.1723
1740528000000,143.32,0.7415008035603907,145.19,141.63,143.32,600468.922,33.48234478440604,5.932314902819117,95203.16239999999,98443.8221
1740542400000,140.19,0.7332591585280422,144.7,139.63,140.19,513975.694,30.922411924649808,5.87072098118918,95061.9628,98367.8705
1740556800000,138.14,0.7073803931264679,142.21,138.01,138.14,564388.728,29.340181560451057,5.751383768247097,94910.29879999999,98291.49574999999
1740571200000,139.27,0.6904026043598301,140.47,134.61,139.27,1175474.246,31.42315215048167,5.759142070515161,94752.5108,98204.09939999999
1740585600000,131.93,0.6997980796967075,139.79,130.65,131.93,1496871.335,26.051112647899515,6.00063192262122,94516.8438,98096.28385000002
1740600000000,135.32,0.6393868216095933,137.87,130.89,135.32,1017222.134,31.84629665954614,6.070586785291134,94290.916,97988.23440000002
1740614400000,138.57,0.6673259982692546,139.05,134.96,138.57,680370.163,36.94786522406633,5.9291163006274825,94113.3596,97885.5613
1740628800000,140.99,0.6940289281740635,142.9,137.05,140.99,687189.917,40.51824745654935,5.923465136296947,93925.365,97792.56885
1740643200000,140.48,0.7140561256026703,142.46,139.25,140.48,657310.865,40.00413363429232,5.729646197990023,93745.1318,97700.04985000001
1740657600000,139.63,0.7097704701858489,141.26,136.28,139.63,976643.516,39.11336033682415,5.676100040990735,93541.39439999999,97605.62415
1740672000000,136.29,0.7026826554580294,140.15,135.63,136.29,547309.735,35.745203409757366,5.593521466634255,93295.22200000001,97502.8391
1740686400000,137.68,0.6751555610499855,138.21,134.71,137.68,774166.263,38.132904369089246,5.443984219017523,93070.5188,97401.89305
1740700800000,127.62,0.6866938640952734,137.98,127.17,127.62,2182588.471,29.56889185001411,5.82727106051627,92755.4368,97278.87945000001
1740715200000,128.55,0.6037829150698479,129.6,125.55,128.55,1674284.124,31.109202342043943,5.70032312762225,92406.6412,97151.16815000001
1740729600000,133.52,0.6113652284996084,134.72,127.9,133.52,1422048.273,38.81073422565928,5.7803000470778025,92075.80380000001,97028.42295
1740744000000,145.68,0.6524086207607038,147.86,133.0,145.68,2970450.54,52.73364119855075,6.428850043715103,91818.5464,96923.45645
1740758400000,146.36,0.7525446079037375,147.25,143.74,146.36,1135023.251,53.372575389705474,6.2203607548783095,91563.38780000001,96821.61295
1740772800000,148.18,0.7581489265257344,148.72,144.62,148.18,655565.954,55.12118368428392,6.068906415244144,91312.3112,96718.5276
1740787200000,145.67,0.7732311369349322,151.25,145.54,145.67,1276966.738,52.21303212094037,6.043270242726706,91050.472,96619.77365
1740801600000,142.49,0.752627024354061,147.16,142.2,142.49,709308.762,48.7069090722096,5.965893796817656,90779.175,96530.3744
1740816000000,140.35,0.7263361767008695,144.29,139.53,140.35,700454.6,46.4465718291423,5.879758525616394,90508.991,96446.56015
1740830400000,140.39,0.7086990563316438,141.72,138.57,140.39,550358.172,46.49655172478667,5.684775773786652,90241.3958,96375.32005000001
1740844800000,140.53,0.7090287221329375,141.51,138.7,140.53,453811.068,46.68410192184327,5.479434647087606,89978.51800000001,96308.94145000001
1740859200000,143.66,0.7101825524374665,143.82,139.9,143.66,460956.418,50.83368440376504,5.368046458009919,89737.7278,96233.70395
1740873600000,143.85,0.7359789013887171,146.01,142.03,143.85,564432.115,51.08257312920863,5.268900282437782,89549.487,96164.5692
1740888000000,143.79,0.737627230395187,145.17,142.23,143.79,308611.126,50.994783009727726,5.102550262263654,89350.4958,96085.31715
1740902400000,143.49,0.7369678987925989,144.88,142.47,143.49,353233.66,50.52720632330355,4.910225243530536,89146.6322,96002.665
1740916800000,157.46,0.7346602381835414,163.39,140.04,157.46,3502102.972,66.11032405122262,6.227352011849782,88969.4302,95925.85635
1740931200000,172.18,0.8497960192854493,179.85,157.47,172.18,7038818.526,75.03383620073625,7.381826868146225,88908.2702,95879.6563
1740945600000,178.71,0.9709482012609715,179.32,171.66,178.71,1707441.447,77.82349769398866,7.401696377564352,88861.8302,95837.11635
1740960000000,169.88,1.024930976222854,179.47,168.11,169.88,1580531.725,66.9324724259595,7.6844323505954675,88783.23,95788.54505000002
1740974400000,162.26,0.952157250587217,170.57,159.8,162.26,1458640.834,59.229237972489415,7.9048300398386475,88699.4814,95743.68535
1740988800000,161.09,0.889355915440722,163.37,156.83,161.09,1078421.609,58.12312176941412,7.807342179850172,88626.0012,95697.1943
1741003200000,157.78,0.8795483578522274,167.07,154.07,157.78,2546433.118,54.99410723406988,8.178246309860874,88496.5316,95633.59204999998
1741017600000,141.87,0.8523509292454774,159.61,140.05,141.87,2816719.183,43.008936578128484,8.991228716299384,88286.3318,95548.39204999998
1741032000000,142.16,0.7212263567808135,144.97,139.21,142.16,1615455.571,43.25170566252767,8.76042666513514,88102.02040000001,95469.59120000001
1741046400000,136.38,0.7236164338401945,145.08,132.46,136.38,2232567.084,39.628379293510086,9.036110474768345,87866.575,95371.58984999999
1741060800000,136.02,0.6760621420035438,139.58,135.64,136.02,872230.58,39.40694933584584,8.672102583713464,87605.14300000001,95268.85565
1741075200000,136.98,0.6730127333415751,138.58,134.62,136.98,982640.059,40.36390686968781,8.335523827733931,87375.2376,95162.56535
1741089600000,138.59,0.680842296122306,143.39,132.64,138.59,3078325.736,42.017786745360766,8.507986411467222,87117.4984,95051.83029999999
1741104000000,143.16,0.6941937610747105,144.77,130.66,143.16,2027388.825,46.54910694076896,8.908130239219563,86965.19319999998,94966.35810000001
1741118400000,144.79,0.7317756624222195,147.0,141.55,144.79,1196446.05,48.10685090371298,8.661120936418165,86824.35380000001,94874.948
1741132800000,141.82,0.7453743767255945,145.55,141.76,141.82,692820.649,45.50459562224817,8.313183726674012,86682.35159999998,94780.60865000001
1741147200000,142.88,0.7208142745291959,144.1,140.82,142.88,620986.515,46.61453710264228,7.9536706033401545,86603.68379999998,94695.0914
1741161600000,147.13,0.7296328347138087,149.73,142.74,147.13,1044394.142,50.929969142810116,7.884836988815857,86556.89039999999,94622.44039999999
1741176000000,141.66,0.7645774096509662,149.23,140.32,141.66,1339096.426,45.79856501470845,7.958062918186152,86537.3752,94543.21885
1741190400000,144.77,0.7194956113240202,146.47,140.18,144.77,817465.66,48.948004544348606,7.83891556688714,86547.58739999999,94468.28885
1741204800000,146.28,0.7452095438249474,146.84,143.91,146.28,380757.193,50.45335622716162,7.488278740680917,86615.0824,94393.99885
1741219200000,148.73,0.7574895949231467,150.68,144.54,148.73,709517.914,52.88105409686811,7.391973116346567,86688.2376,94340.46229999998
1741233600000,148.62,0.7777640417027237,150.66,147.62,148.62,566337.926,52.75606731276582,7.081117893750383,86741.5592,94285.0469
1741248000000,151.71,0.776939877199489,152.9,148.34,151.71,735590.113,55.90865933618304,6.901038044196784,86790.5592,94230.55094999999
1741262400000,149.03,0.8023241438991223,151.92,145.06,149.03,1205506.065,52.62843757627523,6.898106755325584,86832.5726,94173.82195
1741276800000,143.58,0.7803189516627518,149.43,142.44,143.58,738490.55,46.63614313210006,6.904670558516614,86830.76019999999,94106.30880000001
1741291200000,143.31,0.7354019862364528,145.92,143.19,143.31,496437.093,46.35455327102349,6.606479804336855,86878.0474,94045.5988
1741305600000,140.79,0.7330119091770718,145.57,135.04,140.79,1743676.516,43.70227036378467,6.886731246884223,86940.7326,93972.20705
1741320000000,144.34,0.712325380145877,144.63,140.63,144.34,377834.376,48.19882193450415,6.680536157821064,87023.03439999999,93910.85470000001
1741334400000,143.58,0.7415832200107141,146.21,141.8,143.58,941906.793,47.32731571006886,6.518355003690988,87097.8472,93859.65520000001
1741348800000,144.89,0.7352371533358057,148.13,141.75,144.89,1341666.719,49.03782109100305,6.5084725034273445,87141.5668,93803.72865
1741363200000,146.36,0.7461161247785056,150.88,141.34,146.36,1497217.219,50.962243087533906,6.725010181753961,87163.9968,93748.50615
1741377600000,139.39,0.7581489265257344,147.62,137.5,139.39,1365111.148,42.72416292835742,6.967509454485821,87190.015,93685.78055
1741392000000,139.68,0.7007870771005891,141.09,137.8,139.68,564268.956,43.136037049004095,6.704830207736833,87226.11779999999,93624.01034999998
1741406400000,138.78,0.7030947377096467,141.03,138.33,138.78,358297.853,42.12364619968769,6.418770907184202,87255.88899999998,93566.49309999999
1741420800000,137.58,0.6956772571805333,139.21,136.64,137.58,308873.81,40.75035455043864,6.143858699528189,87365.95780000002,93526.0788
1741435200000,137.21,0.685787283141715,138.75,136.07,137.21,362684.439,40.31394198093132,5.896440220990462,87509.86600000001,93481.41375
1741449600000,138.45,0.6828202909300697,138.92,135.29,138.45,362557.39,42.535068989095095,5.734551633776857,87624.26879999999,93437.04190000001
1741464000000,137.01,0.6930399307701816,138.59,136.32,137.01,179068.945,40.64352122045411,5.487083659935655,87668.6168,93373.94415000001
1741478400000,137.92,0.6811719619235999,138.51,136.53,137.92,188094.016,42.387146439018025,5.236577684225964,87701.93119999999,93295.1227
1741492800000,139.63,0.6885894424527135,139.88,137.67,139.63,239635.902,45.61984250666308,5.02039356392411,87735.0246,93218.50314999999
1741507200000,136.32,0.7027650719083528,139.78,135.61,136.32,461609.247,40.8426182335374,4.959651166500959,87728.888,93140.47469999999
1741521600000,130.16,0.6754852268512794,136.43,129.75,130.16,1072850.434,33.75773698151636,5.082533226036605,87695.69320000001,93063.63664999999
1741536000000,129.19,0.624716693452013,131.54,125.81,129.19,1234090.435,32.7930713629877,5.128780852748275,87655.85459999999,92982.00244999999
1741550400000,126.51,0.6167222977706349,130.59,125.41,126.51,713215.618,30.22330755236065,5.132439363266257,87574.54199999999,92888.93835
1741564800000,126.59,0.5947171055342646,129.11,124.03,126.59,924107.54,30.398642585826096,5.128693694461525,87505.7836,92804.87695
1741579200000,128.11,0.595294020686529,129.25,126.46,128.11,641027.108,33.80225278118361,4.961644144857131,87430.86839999999,92727.65515
1741593600000,129.94,0.6078213211356988,131.57,125.91,129.94,893649.432,37.749182135773516,5.011526705938764,87385.04699999999,92655.36515000001
1741608000000,121.96,0.6229035315448963,130.89,120.18,121.96,1661313.427,29.491628809096426,5.418560512657423,87261.27560000001,92566.26225
1741622400000,119.71,0.5570527877364322,122.36,115.47,119.71,1939570.727,27.654760378653435,5.523663333181893,87120.37460000001,92470.57645
1741636800000,118.32,0.5386739193142951,120.24,117.56,118.32,594441.097,26.554405339104747,5.3205445236689,86943.73200000002,92372.97455
1741651200000,119.96,0.5271356162690072,121.9,112.0,119.96,1982977.936,30.088864936094367,5.6476484862639795,86663.73780000002,92283.73599999999
1741665600000,123.07,0.5405694976717352,124.02,119.75,123.07,832560.438,36.34480195756413,5.5492450229594095,86386.83679999999,92202.7986
1741680000000,124.71,0.5662834301726624,125.81,122.93,124.71,641629.457,39.42317106675885,5.358584664176594,86167.04400000001,92124.62195
1741694400000,125.02,0.5797997280257139,126.27,118.59,125.02,1691558.616,40.0137003259282,5.5244000453068365,85944.41719999998,92039.8051
1741708800000,128.15,0.5822722215354185,128.43,122.84,128.15,924986.727,45.762795634071324,5.529085756356348,85751.69760000001,91960.93519999999
1741723200000,125.35,0.608068570486669,128.25,125.07,125.35,361564.689,41.894637258635264,5.361293916616609,85609.65,91888.93469999998
1741737600000,122.53,0.5850743808464168,127.03,122.47,122.53,525419.366,38.3763512549277,5.30405863685828,85540.0844,91819.6583
1741752000000,123.19,0.5617505254048707,123.53,121.22,123.19,804498.722,39.65368092875486,5.090197305654117,85464.62800000001,91749.12550000001
1741766400000,126.76,0.5672724275765443,126.84,122.88,126.76,716124.83,46.15511295472219,5.0094689266788235,85445.0426,91676.92755
1741780800000,124.57,0.5967775167923517,131.33,123.04,124.57,1376847.32,43.0883600272576,5.2437925747731935,85416.094,91601.83715000002
1741795200000,125.05,0.5785634812708617,126.31,123.31,125.05,601205.659,43.96714680442311,5.083521676575108,85395.65379999999,91527.66680000002
1741809600000,126.62,0.5826018873367124,127.08,123.97,126.62,386406.243,46.857604634289494,4.942555842534029,85409.555,91454.6475
1741824000000,124.97,0.595458853587176,127.46,124.73,124.97,426826.406,44.27278795844903,4.784516139495883,85316.974,91388.0404
1741838400000,124.24,0.5819425557341245,125.36,123.03,124.24,421023.939,43.138970756662694,4.60919355810332,85234.3742,91321.26634999999
1741852800000,126.88,0.5760085713108336,128.03,123.64,126.88,476643.353,48.295961876187974,4.593536875381655,85157.0234,91252.64950000001
1741867200000,124.34,0.59768409774591,128.76,123.6,124.34,775129.671,44.14736769601048,4.633998527140108,85025.52799999999,91176.8235
1741881600000,121.46,0.576750319363745,124.41,121.08,121.46,480135.543,39.95635085272484,4.540855775201528,84833.4708,91097.28050000001
1741896000000,123.37,0.5530967981209048,124.36,120.76,123.37,244826.049,43.768910554898284,4.473651791258562,84688.9014,91023.6407
1741910400000,124.48,0.5686735072320435,125.47,122.98,124.48,338983.028,45.918105289105455,4.331962377597236,84531.6768,90950.1846
1741924800000,124.68,0.5779041496682737,125.63,124.41,124.68,298129.857,46.31624350686787,4.1096793506260045,84362.97360000001,90878.81515000001
1741939200000,126.17,0.5795524786747435,126.6,124.62,126.17,300682.178,49.31018710134945,3.9575593970098604,84195.9364,90808.5809
1741953600000,132.12,0.5917501133226192,134.01,125.46,132.12,1615705.937,59.11574275892424,4.285590868652013,84063.4984,90746.91464999999
1741968000000,134.28,0.6409527341657394,134.71,130.87,134.28,594407.246,61.990278280584015,4.253762949462584,83927.5784,90686.9146
1741982400000,133.54,0.658754687435612,136.03,131.96,133.54,459817.246,60.422893103187036,4.240637024500971,83790.82860000001,90624.38984999999
1741996800000,135.02,0.6524910372110273,135.3,132.91,135.02,333647.227,62.4668951238231,4.108448665608045,83710.1448,90566.52609999999
1742011200000,132.91,0.66485350475955,135.52,132.71,132.91,334792.255,57.87752923694801,4.015702332350328,83588.05320000001,90503.34890000001
1742025600000,133.37,0.6473812172909712,133.69,132.44,133.37,311561.661,58.59177785264012,3.818152165753876,83530.30300000001,90439.79269999999
1742040000000,135.12,0.6511723740058516,135.8,133.09,135.12,391110.277,61.281567032288166,3.7389984396285993,83449.9198,90374.37365000001
1742054400000,134.49,0.6655952528124613,136.53,133.58,134.49,393292.719,59.77618395885923,3.6826414082265555,83356.58020000001,90307.56775
1742068800000,135.86,0.6604854328924052,136.5,134.37,135.86,153673.351,61.96431396312934,3.571738450496087,83274.1892,90243.1665
1742083200000,135.5,0.6716940701363993,136.71,134.13,135.5,240062.093,61.02488608095868,3.5008999897463675,83204.43400000001,90177.9482
1742097600000,134.64,0.6687270779247537,136.23,133.86,134.64,249407.981,58.73405828605959,3.4201214190501967,83153.8782,90112.1639
1742112000000,129.91,0.661639263196934,134.97,129.68,129.91,668997.366,48.05020160546729,3.5536841748323247,83083.6962,90036.1775
1742126400000,128.78,0.6227386986442492,130.87,127.49,128.78,605244.953,45.902016058469364,3.541278162344302,83026.17,89961.4368
1742140800000,126.94,0.6132608068570488,131.28,126.04,126.94,692029.6,42.56503576688499,3.662615436462566,82969.0218,89886.17155000001
1742155200000,126.13,0.598178596447851,127.77,125.21,126.13,308518.899,41.14692187197334,3.5838571910009542,82892.5124,89814.00654999999
1742169600000,128.96,0.5915028639716486,129.23,125.85,128.96,513593.718,47.702689677019606,3.5692959630723142,82841.355,89757.1807
1742184000000,129.26,0.6148267194131949,129.5,126.5,129.26,292741.952,48.3593870396192,3.528631965710006,82788.2634,89696.12904999999
1742198400000,129.18,0.6172992129228994,129.65,128.42,129.18,290792.213,48.185624232552925,3.364443968159293,82736.2438,89637.20635
1742212800000,127.51,0.6165574648699879,130.11,125.55,127.51,738046.904,44.58424680637931,3.4498408275764874,82686.7728,89574.51375
1742227200000,129.84,0.6027939176659661,130.64,126.66,129.84,619998.646,50.179078632495234,3.4877093398924517,82675.9436,89516.45324999999
1742241600000,128.01,0.6219969505913381,129.95,127.77,128.01,252437.661,46.231157941619024,3.394301529900133,82694.53600000001,89457.4225
1742256000000,124.15,0.6069971566324637,128.19,123.49,124.15,835228.345,39.22158204254005,3.4875657063358383,82704.67079999999,89387.13520000002
1742270400000,125.2,0.5751019903572753,125.24,123.0,125.2,635130.84,41.80633681129707,3.3984538701689924,82753.2596,89313.60429999999
1742284800000,123.54,0.5838381340915647,125.96,123.2,123.54,426596.92,38.98369102163197,3.3528500222997777,82763.93179999999,89239.01770000001
1742299200000,122.57,0.5700745868875428,123.78,121.76,122.57,627746.915,37.394871237297586,3.2576464492783646,82749.7606,89166.7176
1742313600000,124.22,0.5621626076564882,124.5,122.44,124.22,398288.045,41.74425134655781,3.1721002743299103,82724.4648,89098.6781
1742328000000,125.33,0.5757613219598632,125.71,123.53,125.33,258798.634,44.53585336831734,3.1012359690206304,82777.8884,89032.26325000002
1742342400000,126.47,0.5849095479457699,126.72,124.2,126.47,363642.447,47.32752905694834,3.059719114090585,82857.415,88969.3103
1742356800000,125.73,0.5943874397329707,126.88,125.39,125.73,481274.591,45.718885528433375,2.947596320226971,82949.2978,88902.2196
1742371200000,128.69,0.5882062059587093,129.53,125.7,128.69,507771.617,52.65149771342948,3.010625154496473,83036.48,88835.9767
1742385600000,132.32,0.6126014752544607,132.73,126.97,132.32,1252852.081,59.48527260508992,3.2070090720324385,83122.642,88774.9215
1742400000000,133.03,0.6426010631722092,134.33,128.18,133.03,1084550.718,60.68062895248204,3.4172227097444074,83196.9028,88717.65060000001
1742414400000,135.33,0.648370214694853,136.08,133.0,135.33,480406.537,64.35005014526061,3.3931353733340934,83309.1768,88667.25835
1742428800000,133.91,0.6673259982692546,136.12,132.82,133.91,460300.543,60.590460476797794,3.386482846667373,83364.917,88607.01120000001
1742443200000,134.01,0.655705278773643,134.96,132.76,134.01,298491.092,60.764308281270814,3.301734071905419,83422.585,88548.59074999999
1742457600000,130.65,0.6564470268265544,134.55,130.31,130.65,499995.902,52.400115153271535,3.3687530667693184,83490.07400000001,88487.83565
1742472000000,128.91,0.6287550995178638,132.3,128.51,128.91,672380.557,48.66433795207078,3.3988421334286545,83534.9534,88424.56315000002
1742486400000,127.94,0.6143322207112539,129.38,126.65,127.94,468944.014,46.66693726668063,3.351067695326607,83558.3602,88357.35915
