timestamp,model_proba,SOL_close,signal
1650830400000,0.28812814,99.23,0
1650844800000,0.2652499,98.05,-1
1650859200000,0.303643,95.13,0
1650873600000,0.25871193,96.75,0
1650888000000,0.2631729,96.95,-1
1650902400000,0.26239967,100.69,0
1650916800000,0.25700384,100.99,0
1650931200000,0.2617332,101.0,0
1650945600000,0.2617332,100.88,0
1650960000000,0.25273,100.51,0
1650974400000,0.30250508,96.53,-1
1650988800000,0.28032744,96.58,-1
1651003200000,0.28789183,95.7,0
1651017600000,0.26407176,96.8,0
1651032000000,0.26380652,99.52,0
1651046400000,0.27331266,99.22,0
1651060800000,0.27686572,98.15,0
1651075200000,0.2731547,97.42,0
1651089600000,0.2755202,98.36,0
1651104000000,0.2678398,99.14,0
1651118400000,0.27997002,99.48,0
1651132800000,0.26062277,99.84,0
1651147200000,0.2790536,97.51,0
1651161600000,0.27557006,98.76,0
1651176000000,0.26444957,98.24,0
1651190400000,0.2715029,97.23,0
1651204800000,0.25217003,97.81,0
1651219200000,0.2971729,95.61,0
1651233600000,0.26197812,96.16,0
1651248000000,0.29745317,92.93,0
1651262400000,0.2683986,93.96,0
1651276800000,0.2975065,94.09,0
1651291200000,0.30515525,94.03,0
1651305600000,0.28730255,93.88,0
1651320000000,0.26944378,92.25,0
1651334400000,0.26482636,91.58,0
1651348800000,0.30349594,84.63,0
1651363200000,0.27640477,88.03,0
1651377600000,0.2750801,88.89,0
1651392000000,0.3118834,88.24,0
1651406400000,0.2616069,90.03,0
1651420800000,0.2944572,88.02,0
1651435200000,0.2650132,89.68,0
1651449600000,0.26563296,89.34,0
1651464000000,0.2581134,89.79,0
1651478400000,0.28934523,86.78,0
1651492800000,0.26479608,87.72,0
1651507200000,0.26998672,87.26,0
1651521600000,0.26322994,87.5,0
1651536000000,0.26508474,88.65,0
1651550400000,0.26989794,88.35,0
1651564800000,0.26710021,88.48,0
1651579200000,0.2807766,87.22,0
1651593600000,0.294793,85.45,0
1651608000000,0.27881145,85.86,0
1651622400000,0.28647456,86.14,0
1651636800000,0.2576831,87.34,0
1651651200000,0.25018895,88.45,0
1651665600000,0.270528,87.19,0
1651680000000,0.24222095,91.64,0
1651694400000,0.22416349,92.77,0
1651708800000,0.23109771,94.32,0
1651723200000,0.23856108,93.19,0
1651737600000,0.23079436,92.31,0
1651752000000,0.3155987,84.95,-1
1651766400000,0.29434922,83.76,-1
1651780800000,0.28582847,84.52,0
1651795200000,0.28941908,82.84,0
1651809600000,0.28798008,82.41,0
1651824000000,0.29617524,81.23,0
1651838400000,0.27856904,81.79,0
1651852800000,0.28142524,81.97,0
1651867200000,0.3198954,81.68,0
1651881600000,0.31821954,80.5,0
1651896000000,0.299298,80.46,0
1651910400000,0.29768077,81.79,0
1651924800000,0.28762007,82.08,0
1651939200000,0.3260917,81.44,0
1651953600000,0.3038224,78.86,0
1651968000000,0.30554026,76.94,0
1651982400000,0.2731145,77.84,0
1651996800000,0.26787528,79.09,0
1652011200000,0.28289247,77.14,0
1652025600000,0.2658028,76.36,0
1652040000000,0.2702878,75.38,0
1652054400000,0.27785793,75.24,0
1652068800000,0.27143717,73.94,0
1652083200000,0.25516197,72.23,0
1652097600000,0.28834686,69.84,0
1652112000000,0.27953184,65.09,0
1652126400000,0.27478257,62.16,0
1652140800000,0.24449813,64.46,0
1652155200000,0.25055546,68.91,0
1652169600000,0.25397792,71.56,0
1652184000000,0.26530832,69.46,0
1652198400000,0.26393446,67.52,0
1652212800000,0.24586797,66.9,0
1652227200000,0.25063527,66.2,0
1652241600000,0.25911638,62.62,0
1652256000000,0.2520819,61.39,0
1652270400000,0.24616075,55.53,0
1652284800000,0.25556785,47.9,0
1652299200000,0.2248114,50.9,0
1652313600000,0.24379994,45.18,0
1652328000000,0.22281645,44.7,0
1652342400000,0.22066772,43.95,0
1652356800000,0.2326791,44.67,0
1652371200000,0.24253802,44.63,0
1652385600000,0.22842626,44.64,0
1652400000000,0.24115689,50.43,0
1652414400000,0.25906703,49.07,0
1652428800000,0.23776011,53.18,0
1652443200000,0.24614218,53.08,0
1652457600000,0.23724584,51.49,0
1652472000000,0.26035953,48.92,0
1652486400000,0.23968597,51.73,0
1652500800000,0.24075714,50.74,0
1652515200000,0.26292223,48.04,0
1652529600000,0.24921058,46.47,0
1652544000000,0.2424997,49.37,0
1652558400000,0.24265009,52.43,0
1652572800000,0.24221799,50.2,0
1652587200000,0.23493475,51.46,0
1652601600000,0.23500307,53.45,0
1652616000000,0.23522921,52.88,0
1652630400000,0.24299414,55.27,0
1652644800000,0.24328923,58.83,0
1652659200000,0.28376,56.09,0
1652673600000,0.2621664,53.79,0
1652688000000,0.25251228,53.82,0
1652702400000,0.25708783,53.29,0
1652716800000,0.24546623,54.0,0
1652731200000,0.25584877,53.79,0
1652745600000,0.23233286,55.77,0
1652760000000,0.24953173,55.78,0
1652774400000,0.23505694,55.67,0
1652788800000,0.24097067,55.17,0
1652803200000,0.24645565,55.19,0
1652817600000,0.2405674,57.02,0
1652832000000,0.26025563,55.09,0
1652846400000,0.2607058,55.42,0
1652860800000,0.2568879,54.2,0
1652875200000,0.27690122,50.4,0
1652889600000,0.24757396,51.72,0
1652904000000,0.25881177,49.93,0
1652918400000,0.23659867,50.63,0
1652932800000,0.23682053,51.08,0
1652947200000,0.245504,51.22,0
1652961600000,0.25217652,53.22,0
1652976000000,0.24609497,51.6,0
1652990400000,0.23283719,52.2,0
1653004800000,0.24905646,51.5,0
1653019200000,0.25292626,52.08,0
1653033600000,0.25678852,53.16,0
1653048000000,0.27482912,49.41,0
1653062400000,0.23338751,50.16,0
1653076800000,0.24238975,49.43,0
1653091200000,0.23731758,50.13,0
1653105600000,0.25176093,50.0,0
1653120000000,0.25386363,49.44,0
1653134400000,0.23761186,50.71,0
1653148800000,0.24792473,50.22,0
1653163200000,0.2881323,50.31,0
1653177600000,0.27288517,50.14,0
1653192000000,0.260771,50.27,0
1653206400000,0.24324413,51.49,0
1653220800000,0.24715324,51.81,0
1653235200000,0.25852925,51.42,0
1653249600000,0.24101122,52.48,0
1653264000000,0.24917264,52.22,0
1653278400000,0.23907565,53.56,0
1653292800000,0.25131616,54.01,0
1653307200000,0.25173023,53.86,0
1653321600000,0.28714976,50.09,0
1653336000000,0.24598002,49.17,0
1653350400000,0.23687206,49.89,0
1653364800000,0.2552181,49.84,0
1653379200000,0.25391027,49.55,0
1653393600000,0.24195021,50.09,0
1653408000000,0.2532654,49.09,0
1653422400000,0.2500143,49.67,0
1653436800000,0.24264106,50.32,0
1653451200000,0.26753217,48.83,0
1653465600000,0.25379273,47.69,0
1653480000000,0.24457154,48.25,0
1653494400000,0.25023448,48.31,0
1653508800000,0.25514907,47.98,0
1653523200000,0.25782022,48.18,0
1653537600000,0.2591432,46.42,0
1653552000000,0.26149577,43.72,0
1653566400000,0.24522068,45.11,0
1653580800000,0.2480456,44.05,0
1653595200000,0.23986508,43.44,0
1653609600000,0.23442197,42.65,0
1653624000000,0.24366984,41.04,0
1653638400000,0.23617977,41.59,0
1653652800000,0.23039514,42.15,0
1653667200000,0.24241042,41.86,0
1653681600000,0.23850219,41.17,0
1653696000000,0.24220106,41.32,0
1653710400000,0.23128836,41.71,0
1653724800000,0.23608892,41.59,0
1653739200000,0.23350342,42.98,0
1653753600000,0.2378459,44.43,0
1653768000000,0.25325242,44.25,0
1653782400000,0.24472348,42.36,0
1653796800000,0.25812328,42.45,0
1653811200000,0.23566376,44.07,0
1653825600000,0.23630427,44.71,0
1653840000000,0.24605171,44.26,0
1653854400000,0.23438822,44.98,0
1653868800000,0.25259522,45.95,0
1653883200000,0.24562985,47.07,0
1653897600000,0.25360325,46.07,0
1653912000000,0.251335,45.84,0
1653926400000,0.24771473,45.67,0
1653940800000,0.25926203,47.22,0
1653955200000,0.24317469,47.7,0
1653969600000,0.2530799,46.36,0
1653984000000,0.23679304,46.59,0
1653998400000,0.24882232,46.35,0
1654012800000,0.26386186,45.53,0
1654027200000,0.23645799,45.77,0
1654041600000,0.24487203,44.78,0
1654056000000,0.24633348,44.59,0
1654070400000,0.24743241,44.6,0
1654084800000,0.28165784,42.93,0
1654099200000,0.28301892,41.29,0
1654113600000,0.27632734,40.11,0
1654128000000,0.26124895,38.85,0
1654142400000,0.24749094,39.68,0
1654156800000,0.2433603,41.04,0
1654171200000,0.24892184,40.7,0
1654185600000,0.24804491,40.45,0
1654200000000,0.24652256,40.85,0
1654214400000,0.2411765,41.15,0
1654228800000,0.24556468,40.32,0
1654243200000,0.27092242,38.25,0
1654257600000,0.23898238,38.05,0
1654272000000,0.25033724,38.17,0
1654286400000,0.25527778,38.28,0
1654300800000,0.25683236,36.3,0
1654315200000,0.29751554,37.34,0
1654329600000,0.30575162,37.0,0
1654344000000,0.27746812,37.77,0
1654358400000,0.28723195,37.51,0
1654372800000,0.28414762,39.0,0
1654387200000,0.26770982,38.3,0
1654401600000,0.28902435,38.83,0
1654416000000,0.25643268,39.47,0
1654430400000,0.2481416,39.82,0
1654444800000,0.24848114,39.65,0
1654459200000,0.25395215,38.52,0
1654473600000,0.25156862,41.77,0
1654488000000,0.24215518,43.05,0
1654502400000,0.24215518,43.92,0
1654516800000,0.253386,42.83,0
1654531200000,0.25110444,42.23,0
1654545600000,0.26040256,42.39,0
1654560000000,0.27809343,39.55,0
1654574400000,0.24072848,39.31,0
1654588800000,0.25531843,38.07,0
1654603200000,0.25023675,39.14,0
1654617600000,0.24984258,40.44,0
1654632000000,0.25223088,39.31,0
1654646400000,0.2658409,38.65,0
1654660800000,0.24369551,39.25,0
1654675200000,0.24498431,39.31,0
1654689600000,0.24589574,39.71,0
1654704000000,0.26737392,38.79,0
1654718400000,0.25259334,38.83,0
1654732800000,0.2525492,39.12,0
1654747200000,0.24856131,39.54,0
1654761600000,0.2523075,41.22,0
1654776000000,0.2518372,40.34,0
1654790400000,0.24541613,39.66,0
1654804800000,0.23680636,39.96,0
1654819200000,0.23355298,40.27,0
1654833600000,0.25386423,40.32,0
1654848000000,0.26090026,39.31,0
1654862400000,0.26477817,37.98,0
1654876800000,0.2645341,37.26,0
1654891200000,0.28923118,37.17,0
1654905600000,0.2788711,37.54,0
1654920000000,0.2759701,37.7,0
1654934400000,0.28788725,35.47,0
1654948800000,0.28654152,33.76,0
1654963200000,0.2750295,34.12,0
1654977600000,0.30671588,33.93,0
1654992000000,0.2906504,32.31,0
1655006400000,0.25056195,33.16,0
1655020800000,0.2756404,32.74,0
1655035200000,0.24872765,34.01,0
1655049600000,0.31482136,32.61,0
1655064000000,0.27566463,30.61,0
1655078400000,0.2593198,28.85,0
1655092800000,0.23457976,27.57,0
1655107200000,0.2237804,26.84,0
1655121600000,0.19682755,27.92,0
1655136000000,0.20111313,28.31,0
1655150400000,0.20721522,28.6,0
1655164800000,0.20144264,28.94,0
1655179200000,0.21264274,31.02,0
1655193600000,0.24964674,29.1,0
1655208000000,0.22563171,31.03,0
1655222400000,0.27230665,29.44,0
1655236800000,0.22624291,29.59,0
1655251200000,0.24817744,28.8,0
1655265600000,0.22808097,27.66,0
1655280000000,0.20414606,28.9,0
1655294400000,0.19578181,29.51,0
1655308800000,0.21246284,31.48,0
1655323200000,0.24079594,34.76,0
1655337600000,0.26547706,33.79,0
1655352000000,0.29580733,32.61,0
1655366400000,0.25231808,31.28,0
1655380800000,0.23332405,31.31,0
1655395200000,0.24790338,30.87,0
1655409600000,0.24533054,30.12,0
1655424000000,0.22027653,30.03,0
1655438400000,0.23983094,31.59,0
1655452800000,0.26323095,31.58,0
1655467200000,0.25738508,31.21,0
1655481600000,0.26197731,31.14,0
1655496000000,0.27761784,30.71,0
1655510400000,0.25920582,30.08,0
1655524800000,0.23751004,28.48,0
1655539200000,0.20579973,30.0,0
1655553600000,0.23232278,29.81,0
1655568000000,0.23304258,28.09,0
1655582400000,0.2024884,32.02,0
1655596800000,0.24992175,30.19,0
1655611200000,0.2473492,29.21,0
1655625600000,0.22145952,32.4,0
1655640000000,0.23469962,33.47,0
1655654400000,0.25050154,33.21,0
1655668800000,0.24569239,34.19,0
1655683200000,0.28583202,32.27,0
1655697600000,0.27069998,32.33,0
1655712000000,0.24465129,36.34,0
1655726400000,0.25700322,35.29,0
1655740800000,0.266761,34.45,0
1655755200000,0.25405872,35.24,0
1655769600000,0.25853828,35.22,0
1655784000000,0.23229027,36.83,0
1655798400000,0.234352,37.15,0
1655812800000,0.23796046,37.95,0
1655827200000,0.25434676,36.6,0
1655841600000,0.25045213,36.42,0
1655856000000,0.27740785,34.7,0
1655870400000,0.26711404,33.86,0
1655884800000,0.26396593,35.48,0
1655899200000,0.2731528,34.75,0
1655913600000,0.26685297,34.4,0
1655928000000,0.28076854,34.12,0
1655942400000,0.26991513,35.13,0
1655956800000,0.26310858,35.97,0
1655971200000,0.2234912,36.91,0
1655985600000,0.22746632,37.22,0
1656000000000,0.22840045,37.57,0
1656014400000,0.21357265,38.15,0
1656028800000,0.19872616,38.93,0
1656043200000,0.20935173,38.33,0
1656057600000,0.19350582,40.28,0
1656072000000,0.22196947,40.09,0
1656086400000,0.20124833,41.16,0
1656100800000,0.1904752,41.91,0
1656115200000,0.21193905,41.41,0
1656129600000,0.18483941,42.17,0
1656144000000,0.2063668,41.86,0
1656158400000,0.23972954,39.86,0
1656172800000,0.20698866,40.36,0
1656187200000,0.20457003,42.22,0
1656201600000,0.20143543,41.41,0
1656216000000,0.19881754,41.32,0
1656230400000,0.18980384,42.08,0
1656244800000,0.21950476,40.62,0
1656259200000,0.20980784,40.69,0
1656273600000,0.24180382,39.39,0
1656288000000,0.211911,40.15,0
1656302400000,0.20264375,40.61,0
1656316800000,0.22863351,40.33,0
1656331200000,0.24488242,38.75,0
1656345600000,0.23924783,38.33,0
1656360000000,0.22283804,38.52,0
1656374400000,0.23158732,37.74,0
1656388800000,0.25967178,38.61,0
1656403200000,0.21308154,39.24,0
1656417600000,0.2508427,37.05,0
1656432000000,0.28239655,35.93,0
1656446400000,0.27838165,35.35,0
1656460800000,0.270054,35.46,0
1656475200000,0.24875829,35.35,0
1656489600000,0.2638318,34.97,0
1656504000000,0.24932286,34.67,0
1656518400000,0.2602547,34.49,0
1656532800000,0.25949338,34.05,0
1656547200000,0.30431095,33.01,0
1656561600000,0.27860072,31.91,0
1656576000000,0.2424097,31.68,0
1656590400000,0.22576354,32.1,0
1656604800000,0.26171556,32.03,0
1656619200000,0.23930077,33.76,0
1656633600000,0.2639284,33.66,0
1656648000000,0.26854628,33.13,0
1656662400000,0.2575667,32.34,0
1656676800000,0.24842708,32.33,0
1656691200000,0.2669477,33.24,0
1656705600000,0.2856159,32.84,0
1656720000000,0.27057987,32.16,0
1656734400000,0.26896295,32.42,0
1656748800000,0.2598235,32.77,0
1656763200000,0.26987427,32.87,0
1656777600000,0.26999092,33.13,0
1656792000000,0.2678823,33.36,0
1656806400000,0.28654993,33.07,0
1656820800000,0.25765398,32.87,0
1656835200000,0.2734059,32.91,0
1656849600000,0.2728267,32.34,0
1656864000000,0.26103735,33.45,0
1656878400000,0.27565342,33.39,0
1656892800000,0.28728792,32.64,0
1656907200000,0.26337826,32.78,0
1656921600000,0.25659537,34.39,0
1656936000000,0.25903353,34.3,0
1656950400000,0.28197607,34.87,0
1656964800000,0.24846089,36.71,0
1656979200000,0.29296374,35.85,0
1656993600000,0.272195,35.92,0
1657008000000,0.30019155,33.98,0
1657022400000,0.25173637,33.87,0
1657036800000,0.26902556,35.71,0
1657051200000,0.25612903,35.4,0
1657065600000,0.24337701,35.56,0
1657080000000,0.24017435,35.96,0
1657094400000,0.2848892,35.62,0
1657108800000,0.2498644,35.74,0
1657123200000,0.23969458,36.28,0
1657137600000,0.24882957,37.04,0
1657152000000,0.26680064,37.09,0
1657166400000,0.27851897,36.82,0
1657180800000,0.25554603,37.26,0
1657195200000,0.2402542,38.29,0
1657209600000,0.21730845,39.01,0
1657224000000,0.22685963,38.46,0
1657238400000,0.21248692,38.64,0
1657252800000,0.24335815,37.51,0
1657267200000,0.25581202,37.21,0
1657281600000,0.24137811,38.58,0
1657296000000,0.22221467,38.96,0
1657310400000,0.24288213,38.12,0
1657324800000,0.2168561,38.33,0
1657339200000,0.21828908,38.61,0
1657353600000,0.22737174,38.18,0
1657368000000,0.22250466,38.05,0
1657382400000,0.21366236,38.4,0
1657396800000,0.22267614,38.06,0
1657411200000,0.23923856,37.38,0
1657425600000,0.25210023,37.29,0
1657440000000,0.25757664,36.93,0
1657454400000,0.23376423,36.69,0
1657468800000,0.23614502,37.3,0
1657483200000,0.26613298,36.71,0
1657497600000,0.27378625,35.81,0
1657512000000,0.26103324,35.19,0
1657526400000,0.25028315,35.16,0
1657540800000,0.24601369,35.19,0
1657555200000,0.25279653,35.36,0
1657569600000,0.28060955,33.42,0
1657584000000,0.24902995,33.63,0
1657598400000,0.2725856,33.5,0
1657612800000,0.24130711,33.93,0
1657627200000,0.2604739,34.21,0
1657641600000,0.27568808,32.95,0
1657656000000,0.2527602,32.68,0
1657670400000,0.24652486,33.05,0
1657684800000,0.2429246,33.7,0
1657699200000,0.25575745,33.97,0
1657713600000,0.27142903,33.22,-1
1657728000000,0.2411625,33.64,0
1657742400000,0.25541273,34.94,0
1657756800000,0.2519878,34.58,0
1657771200000,0.255758,34.35,0
1657785600000,0.27407032,33.81,0
1657800000000,0.25309277,35.16,0
1657814400000,0.22543329,36.36,0
1657828800000,0.2386301,37.15,0
1657843200000,0.2368697,37.36,0
1657857600000,0.25826198,37.46,0
1657872000000,0.25718826,37.71,0
1657886400000,0.26554248,37.69,0
1657900800000,0.24892385,38.82,0
1657915200000,0.23937152,37.36,0
1657929600000,0.26545078,37.21,0
1657944000000,0.28317526,36.43,0
1657958400000,0.25812837,36.75,0
1657972800000,0.25264275,37.94,0
1657987200000,0.20926991,39.42,0
1658001600000,0.21724455,39.58,0
1658016000000,0.21158847,39.89,0
1658030400000,0.23326838,40.35,0
1658044800000,0.23132116,39.78,0
1658059200000,0.24557689,39.28,0
1658073600000,0.22175726,39.01,0
1658088000000,0.2364511,38.62,0
1658102400000,0.23798493,40.56,0
1658116800000,0.26636797,42.13,0
1658131200000,0.25670713,41.63,0
1658145600000,0.25362253,42.31,0
1658160000000,0.27275065,40.04,0
1658174400000,0.2588014,43.52,0
1658188800000,0.27310938,42.99,0
1658203200000,0.2251796,43.48,0
1658217600000,0.22800383,45.54,0
1658232000000,0.2499741,46.58,0
1658246400000,0.2718745,45.42,0
1658260800000,0.2695755,44.87,0
1658275200000,0.25676286,45.45,0
1658289600000,0.27853927,44.41,0
1658304000000,0.2645699,45.33,0
1658318400000,0.26506692,45.35,0
1658332800000,0.29552248,43.21,0
1658347200000,0.26506853,42.04,0
1658361600000,0.25825486,40.02,0
1658376000000,0.22601691,41.05,0
1658390400000,0.22141293,41.76,0
1658404800000,0.23767684,41.88,0
1658419200000,0.25718147,43.8,0
1658433600000,0.2513778,43.11,0
1658448000000,0.2591537,42.66,0
1658462400000,0.23207596,43.05,0
1658476800000,0.26448914,44.14,0
1658491200000,0.28964722,41.69,0
1658505600000,0.28829998,40.2,0
1658520000000,0.24646692,40.54,0
1658534400000,0.23240377,41.08,0
1658548800000,0.23284325,41.33,0
1658563200000,0.2770347,39.6,0
1658577600000,0.23921661,40.2,0
1658592000000,0.25911728,39.36,0
1658606400000,0.23992121,39.97,0
1658620800000,0.2530286,39.61,0
1658635200000,0.24355459,40.72,0
1658649600000,0.24545932,40.89,0
1658664000000,0.23135278,41.21,0
1658678400000,0.24283354,40.83,0
1658692800000,0.24464288,40.93,0
1658707200000,0.29151765,38.09,0
1658721600000,0.24055704,38.57,0
1658736000000,0.24126121,38.88,0
1658750400000,0.26176837,38.49,0
1658764800000,0.26561975,37.95,0
1658779200000,0.27701938,36.65,0
1658793600000,0.25067526,36.21,0
1658808000000,0.25879285,35.65,0
1658822400000,0.25505847,35.81,0
1658836800000,0.27387166,35.0,0
1658851200000,0.24822208,35.02,0
1658865600000,0.23614086,36.25,0
1658880000000,0.262521,35.78,0
1658894400000,0.2601205,36.82,0
1658908800000,0.27375177,36.39,0
1658923200000,0.2675927,37.17,0
1658937600000,0.27624726,39.38,0
1658952000000,0.2583607,40.23,0
1658966400000,0.2789759,39.73,0
1658980800000,0.26011944,39.33,0
1658995200000,0.25224343,40.53,0
1659009600000,0.27245015,41.93,0
1659024000000,0.2559241,42.12,0
1659038400000,0.24270186,42.91,0
1659052800000,0.24786992,43.48,0
1659067200000,0.2665368,43.05,0
1659081600000,0.2725347,41.93,0
1659096000000,0.27181852,42.63,0
1659110400000,0.27482703,41.84,0
1659124800000,0.24828838,41.91,0
1659139200000,0.24678041,41.87,0
1659153600000,0.24325015,42.35,0
1659168000000,0.24546196,42.41,0
1659182400000,0.26155034,46.28,0
1659196800000,0.26393318,45.08,0
1659211200000,0.26974934,43.84,0
1659225600000,0.25698793,43.23,0
1659240000000,0.24341409,43.84,0
1659254400000,0.24586034,44.41,0
1659268800000,0.24933782,44.13,0
1659283200000,0.25113973,43.78,0
1659297600000,0.29703143,42.35,0
1659312000000,0.2396054,43.01,0
1659326400000,0.25284776,42.94,0
1659340800000,0.24891266,42.23,0
1659355200000,0.24855207,42.47,0
1659369600000,0.27677915,41.11,0
1659384000000,0.23596954,41.65,0
1659398400000,0.28287128,40.24,0
1659412800000,0.2527558,40.53,0
1659427200000,0.25671503,40.56,0
1659441600000,0.26516554,41.49,0
1659456000000,0.25779566,41.15,0
1659470400000,0.24839392,39.79,0
1659484800000,0.26615638,38.54,0
1659499200000,0.25481346,38.33,0
1659513600000,0.26199418,39.67,0
1659528000000,0.26475975,40.16,0
1659542400000,0.24623297,40.1,0
1659556800000,0.28510422,38.54,0
1659571200000,0.24885824,39.36,0
1659585600000,0.24929823,39.21,0
1659600000000,0.25465232,38.61,0
1659614400000,0.2700645,38.88,0
1659628800000,0.27273867,38.38,0
1659643200000,0.24770837,38.83,0
1659657600000,0.26061174,40.1,0
1659672000000,0.2591196,40.08,0
1659686400000,0.249617,41.01,0
1659700800000,0.2880826,40.01,0
1659715200000,0.2604947,39.94,0
1659729600000,0.24728747,40.55,0
1659744000000,0.2523269,40.51,0
1659758400000,0.2550036,40.42,0
1659772800000,0.25218835,40.29,0
1659787200000,0.24758588,40.45,0
1659801600000,0.23812895,40.81,0
1659816000000,0.2511809,40.07,0
1659830400000,0.24822246,39.76,0
1659844800000,0.25076747,39.99,0
1659859200000,0.2520766,40.13,0
1659873600000,0.24670637,40.33,0
1659888000000,0.24679342,40.56,0
1659902400000,0.25071293,40.6,0
1659916800000,0.24677537,41.93,0
1659931200000,0.24120419,42.68,0
1659945600000,0.25892344,43.41,0
1659960000000,0.26222098,42.5,0
1659974400000,0.25202903,42.5,0
1659988800000,0.24781656,42.18,0
1660003200000,0.24340141,42.44,0
1660017600000,0.2484709,42.56,0
1660032000000,0.29330748,40.85,-1
1660046400000,0.28520486,40.14,0
1660060800000,0.2576307,40.08,0
1660075200000,0.23649395,40.33,0
1660089600000,0.28205392,39.28,-1
1660104000000,0.24417654,39.68,0
1660118400000,0.24176556,40.04,0
1660132800000,0.2629288,42.08,0
1660147200000,0.2829438,41.31,0
1660161600000,0.24948542,42.47,0
1660176000000,0.2576211,43.82,0
1660190400000,0.2563866,44.52,0
1660204800000,0.2684926,44.08,0
1660219200000,0.2600218,43.46,0
1660233600000,0.25980026,43.37,0
1660248000000,0.25017503,42.77,0
1660262400000,0.25903377,43.4,0
1660276800000,0.23574,43.15,0
1660291200000,0.27373597,42.31,0
1660305600000,0.25210634,43.2,0
1660320000000,0.23472404,44.65,0
1660334400000,0.24504499,45.48,0
1660348800000,0.24914621,47.42,0
1660363200000,0.25595993,47.16,0
1660377600000,0.25672123,46.73,0
1660392000000,0.2544598,46.24,0
1660406400000,0.24637944,46.3,0
1660420800000,0.24288133,46.6,0
1660435200000,0.24878965,46.74,0
1660449600000,0.25339106,47.74,0
1660464000000,0.25373733,46.71,0
1660478400000,0.255222,46.04,0
1660492800000,0.26473355,45.09,0
1660507200000,0.24780114,44.87,0
1660521600000,0.25927424,46.46,0
1660536000000,0.2840574,43.83,0
1660550400000,0.25638857,43.8,0
1660564800000,0.25217548,44.51,0
1660579200000,0.24399295,43.81,0
1660593600000,0.25738618,43.72,0
1660608000000,0.24848136,43.66,0
1660622400000,0.25842404,43.31,0
1660636800000,0.24803847,43.97,0
1660651200000,0.26673558,43.41,0
1660665600000,0.2576601,43.12,0
1660680000000,0.24095,43.08,0
1660694400000,0.2436174,44.0,0
1660708800000,0.26520565,43.14,0
1660723200000,0.24886233,42.77,0
1660737600000,0.2805498,41.11,0
1660752000000,0.26671487,40.76,0
1660766400000,0.25203785,40.54,0
1660780800000,0.24969363,40.82,0
1660795200000,0.25046146,40.92,0
1660809600000,0.25007507,41.33,0
1660824000000,0.2548296,41.18,0
1660838400000,0.24933942,40.78,0
1660852800000,0.260139,39.52,0
1660867200000,0.27657083,38.31,0
1660881600000,0.29815403,36.65,0
1660896000000,0.2998131,36.37,0
1660910400000,0.28282246,36.95,0
1660924800000,0.29349166,37.15,0
1660939200000,0.31971613,35.81,0
1660953600000,0.28793037,36.6,0
1660968000000,0.2833968,37.04,0
1660982400000,0.28900027,36.57,0
1660996800000,0.27976808,36.5,0
1661011200000,0.30255792,34.44,0
1661025600000,0.27531126,35.28,0
1661040000000,0.269318,35.11,0
1661054400000,0.26331547,35.45,0
1661068800000,0.29081905,36.2,0
1661083200000,0.2701058,36.02,0
1661097600000,0.26771474,36.33,0
1661112000000,0.29347503,36.47,0
1661126400000,0.27123412,36.12,0
1661140800000,0.3043199,34.89,0
1661155200000,0.2892656,34.65,0
1661169600000,0.28977135,34.82,0
1661184000000,0.28539792,34.61,0
1661198400000,0.28235206,35.41,0
1661212800000,0.2713431,35.22,0
1661227200000,0.28702712,34.97,0
1661241600000,0.28198546,35.67,0
1661256000000,0.30114427,35.7,0
1661270400000,0.30600938,35.4,0
1661284800000,0.2736024,35.68,0
1661299200000,0.31639722,34.61,0
1661313600000,0.28403208,34.89,0
1661328000000,0.27489403,35.39,0
1661342400000,0.29712558,36.05,0
1661356800000,0.29662734,35.83,0
1661371200000,0.2902305,34.89,0
1661385600000,0.28186545,35.23,0
1661400000000,0.2996518,36.26,0
1661414400000,0.28261855,36.33,0
1661428800000,0.29423136,35.74,0
1661443200000,0.29020956,35.79,0
1661457600000,0.27822202,35.27,0
1661472000000,0.29071364,35.1,0
1661486400000,0.31732675,34.69,0
1661500800000,0.30753976,34.25,0
1661515200000,0.30572522,33.28,0
1661529600000,0.30814508,32.92,0
1661544000000,0.30610842,31.72,0
1661558400000,0.27921644,31.88,0
1661572800000,0.274813,32.23,0
1661587200000,0.27732056,31.99,0
1661601600000,0.29934624,31.35,0
1661616000000,0.28283203,31.33,0
1661630400000,0.2757859,31.53,0
1661644800000,0.27901027,31.41,0
1661659200000,0.28371635,31.79,0
1661673600000,0.27479315,31.77,0
1661688000000,0.27968094,31.85,0
1661702400000,0.2747201,31.7,0
1661716800000,0.3050731,30.44,0
1661731200000,0.2850194,30.69,0
1661745600000,0.27721858,30.58,0
1661760000000,0.27126724,30.7,0
1661774400000,0.27663505,31.79,-1
1661788800000,0.27542818,31.53,0
1661803200000,0.28896567,32.42,0
1661817600000,0.27655667,32.32,0
1661832000000,0.2911702,32.75,0
1661846400000,0.27808213,32.75,0
1661860800000,0.30092555,31.21,0
1661875200000,0.25801432,31.55,0
1661889600000,0.2759567,31.47,0
1661904000000,0.31159142,32.45,0
1661918400000,0.28937736,32.31,0
1661932800000,0.3132138,32.58,0
1661947200000,0.32254356,31.93,0
1661961600000,0.3136959,32.11,0
1661976000000,0.29319543,31.5,0
1661990400000,0.29419518,31.24,0
1662004800000,0.27814594,31.08,0
1662019200000,0.3049634,31.45,0
1662033600000,0.30299038,30.76,0
1662048000000,0.30119973,31.07,0
1662062400000,0.30670586,31.61,0
1662076800000,0.31910878,31.57,0
1662091200000,0.31461412,31.63,0
1662105600000,0.31834632,31.58,0
1662120000000,0.3035955,32.28,0
1662134400000,0.30931053,31.06,0
1662148800000,0.2683126,31.23,0
1662163200000,0.2744246,30.95,0
1662177600000,0.2760104,31.04,0
1662192000000,0.28202906,31.04,0
1662206400000,0.26987213,31.12,0
1662220800000,0.27625415,30.99,0
1662235200000,0.28562328,31.12,0
1662249600000,0.2788464,31.43,0
1662264000000,0.29238048,31.1,0
1662278400000,0.28576556,31.86,0
1662292800000,0.28417656,31.82,0
1662307200000,0.29385337,31.74,0
1662321600000,0.27104452,32.16,0
1662336000000,0.27591532,32.1,0
1662350400000,0.2787208,31.68,0
1662364800000,0.29664725,31.28,0
1662379200000,0.29507354,31.85,0
1662393600000,0.2751183,31.72,0
1662408000000,0.27750894,32.18,0
1662422400000,0.27041706,32.73,0
1662436800000,0.3033709,32.97,0
1662451200000,0.29703912,33.24,0
1662465600000,0.26870206,33.79,0
1662480000000,0.32082486,31.01,-1
1662494400000,0.26236472,30.88,-1
1662508800000,0.2774655,30.88,0
1662523200000,0.26915592,31.1,0
1662537600000,0.27324986,31.15,0
1662552000000,0.27374434,31.5,0
1662566400000,0.26463348,31.95,0
1662580800000,0.29014528,32.69,0
1662595200000,0.29629046,32.45,0
1662609600000,0.28742757,32.37,0
1662624000000,0.28795725,32.89,0
1662638400000,0.27798146,33.4,0
1662652800000,0.29757565,33.47,0
1662667200000,0.2889695,33.61,0
1662681600000,0.32765734,34.74,0
1662696000000,0.29626814,35.38,0
1662710400000,0.2825679,35.37,0
1662724800000,0.30313912,34.97,0
1662739200000,0.29128695,34.8,0
1662753600000,0.2937793,34.67,0
1662768000000,0.30554467,34.69,0
1662782400000,0.28775725,34.36,0
1662796800000,0.30579013,34.74,0
1662811200000,0.2928885,34.5,0
1662825600000,0.29813892,34.92,0
1662840000000,0.29718724,35.03,0
1662854400000,0.30076128,34.76,0
1662868800000,0.3006155,34.62,0
1662883200000,0.3066853,34.77,0
1662897600000,0.28324848,35.24,0
1662912000000,0.29222536,35.27,0
1662926400000,0.28949332,34.99,0
1662940800000,0.29195642,34.91,0
1662955200000,0.28704116,35.46,0
1662969600000,0.27811888,37.71,0
1662984000000,0.28948706,37.14,0
1662998400000,0.2892861,37.64,0
1663012800000,0.3043095,37.44,0
1663027200000,0.27237323,38.79,0
1663041600000,0.26205906,38.54,0
1663056000000,0.27216923,38.46,0
1663070400000,0.28674704,34.73,-1
1663084800000,0.30188859,34.09,0
1663099200000,0.31696466,33.0,0
1663113600000,0.28274485,33.6,0
1663128000000,0.3095558,33.17,0
1663142400000,0.27637652,33.23,0
1663156800000,0.27303526,33.53,0
1663171200000,0.29713985,33.49,0
1663185600000,0.29729223,34.12,0
1663200000000,0.31621724,33.06,0
1663214400000,0.27416557,34.7,0
1663228800000,0.32123902,33.92,0
1663243200000,0.29935732,32.99,0
1663257600000,0.2777922,33.42,0
1663272000000,0.28022963,33.07,0
1663286400000,0.27959946,32.86,0
1663300800000,0.27352175,32.82,0
1663315200000,0.2774701,33.07,0
1663329600000,0.28418657,32.27,0
1663344000000,0.25673833,32.11,0
1663358400000,0.2809484,32.25,0
1663372800000,0.26793736,32.67,0
1663387200000,0.2675272,32.85,0
1663401600000,0.27169722,32.63,0
1663416000000,0.28879938,33.3,0
1663430400000,0.2900089,33.26,0
1663444800000,0.27875313,33.68,0
1663459200000,0.2946843,33.42,0
1663473600000,0.28342998,33.83,0
1663488000000,0.29453698,33.34,0
1663502400000,0.28824267,32.9,0
1663516800000,0.29255748,32.41,0
1663531200000,0.27545118,31.1,0
1663545600000,0.26968944,30.9,0
1663560000000,0.24615033,31.11,0
1663574400000,0.25793564,31.26,0
1663588800000,0.27481416,31.92,0
1663603200000,0.27968538,32.81,0
1663617600000,0.28562546,32.62,0
1663632000000,0.27137798,32.44,0
1663646400000,0.27972865,32.32,0
1663660800000,0.27243322,32.19,0
1663675200000,0.2784836,32.51,0
1663689600000,0.28243962,31.84,0
1663704000000,0.29425365,31.41,0
1663718400000,0.28475025,31.84,0
1663732800000,0.2744247,31.76,0
1663747200000,0.28788775,32.04,0
1663761600000,0.27783728,31.51,0
1663776000000,0.2717926,31.55,-1
1663790400000,0.29121694,30.65,0
1663804800000,0.27382934,31.02,0
1663819200000,0.2813554,31.74,0
1663833600000,0.28557336,32.35,0
1663848000000,0.2962864,31.91,0
1663862400000,0.27961347,32.46,0
1663876800000,0.28622308,32.43,0
1663891200000,0.277639,33.0,0
1663905600000,0.27919498,32.58,0
1663920000000,0.29683232,31.75,0
1663934400000,0.27455565,31.59,0
1663948800000,0.27037126,31.93,0
1663963200000,0.2917046,33.66,0
1663977600000,0.29281408,33.98,0
1663992000000,0.29139605,33.73,0
1664006400000,0.29102322,34.48,0
1664020800000,0.3135953,33.72,0
1664035200000,0.28951505,34.06,0
1664049600000,0.30002525,33.38,0
1664064000000,0.2842052,33.69,0
1664078400000,0.29785958,33.97,0
1664092800000,0.30507535,33.64,0
1664107200000,0.2987526,33.22,0
1664121600000,0.2986236,32.73,0
1664136000000,0.29668152,32.34,0
1664150400000,0.27484813,32.52,0
1664164800000,0.27251405,32.47,0
1664179200000,0.2749216,32.54,0
1664193600000,0.29162773,33.11,0
1664208000000,0.2667915,33.74,0
1664222400000,0.2964481,33.88,0
1664236800000,0.28955823,34.73,0
1664251200000,0.28560984,34.52,0
1664265600000,0.31189132,34.66,0
1664280000000,0.2940104,34.37,0
1664294400000,0.3070628,32.61,-1
1664308800000,0.28622964,32.69,0
1664323200000,0.29714713,32.34,0
1664337600000,0.27923337,32.32,0
1664352000000,0.28203076,32.49,0
1664366400000,0.28320667,33.12,0
1664380800000,0.27472115,33.58,0
1664395200000,0.29747275,33.22,0
1664409600000,0.27170387,33.74,0
1664424000000,0.29179236,33.36,0
1664438400000,0.28087044,33.75,0
1664452800000,0.28545812,34.11,0
1664467200000,0.29841033,33.82,0
1664481600000,0.29261848,33.93,0
1664496000000,0.28391942,34.1,0
1664510400000,0.29791832,34.23,0
1664524800000,0.28516173,33.96,0
1664539200000,0.28629914,34.65,0
1664553600000,0.2925498,33.72,0
1664568000000,0.2988507,33.25,0
1664582400000,0.29007727,33.08,0
1664596800000,0.2756695,33.01,0
1664611200000,0.28031066,33.02,0
1664625600000,0.2827272,32.99,0
1664640000000,0.29228985,32.65,0
1664654400000,0.29025054,32.44,0
1664668800000,0.2712709,32.84,0
1664683200000,0.2736788,32.83,0
1664697600000,0.29210675,32.54,0
1664712000000,0.27846104,32.42,0
1664726400000,0.28667536,32.73,0
1664740800000,0.2853606,32.06,0
1664755200000,0.2803431,32.32,0
1664769600000,0.28163958,32.26,0
1664784000000,0.27777502,32.5,0
1664798400000,0.28305987,32.83,-1
1664812800000,0.2810518,32.95,0
1664827200000,0.2859367,32.89,0
1664841600000,0.29011342,33.1,0
1664856000000,0.2700395,33.73,0
1664870400000,0.28727606,33.67,0
1664884800000,0.2860488,34.17,0
1664899200000,0.28222352,34.1,0
1664913600000,0.28554058,34.09,0
1664928000000,0.30312428,34.08,0
1664942400000,0.28709796,34.12,0
1664956800000,0.28230813,33.52,0
1664971200000,0.27698433,33.68,0
1664985600000,0.28484055,33.87,0
1665000000000,0.2839193,34.04,0
1665014400000,0.3031315,34.32,0
1665028800000,0.29208717,34.05,0
1665043200000,0.30315313,34.14,0
1665057600000,0.2997257,33.83,0
1665072000000,0.2924879,33.64,0
1665086400000,0.31402445,33.36,0
1665100800000,0.29477304,33.62,0
1665115200000,0.30148464,33.33,0
1665129600000,0.28750104,33.35,0
1665144000000,0.2914026,32.91,-1
1665158400000,0.27674764,32.96,0
1665172800000,0.29143125,32.98,0
1665187200000,0.31126663,32.83,0
1665201600000,0.28253278,33.0,0
1665216000000,0.29080567,32.96,0
1665230400000,0.2806699,32.83,0
1665244800000,0.2962806,32.72,0
1665259200000,0.27832806,32.58,0
1665273600000,0.3017171,32.51,0
1665288000000,0.30281976,32.72,0
1665302400000,0.29758826,32.83,0
1665316800000,0.294596,33.11,0
1665331200000,0.2914611,32.96,0
1665345600000,0.2931645,32.92,0
1665360000000,0.28110668,33.04,0
1665374400000,0.28696975,32.9,0
1665388800000,0.275101,32.7,-1
1665403200000,0.27367312,32.6,-1
1665417600000,0.27684087,32.46,-1
1665432000000,0.28363404,31.96,0
1665446400000,0.28540096,31.36,0
1665460800000,0.27876815,31.56,0
1665475200000,0.28435355,31.55,0
1665489600000,0.2805211,31.57,0
1665504000000,0.27489176,31.16,0
1665518400000,0.28699014,30.8,0
1665532800000,0.27880555,30.94,0
1665547200000,0.2791202,31.25,0
1665561600000,0.28535655,31.24,0
1665576000000,0.2713784,31.28,0
1665590400000,0.28160247,31.11,0
1665604800000,0.27409643,31.16,0
1665619200000,0.28818536,30.76,0
1665633600000,0.2821754,29.72,0
1665648000000,0.272425,28.8,0
1665662400000,0.2366276,29.67,0
1665676800000,0.27479425,30.59,0
1665691200000,0.27742758,30.49,0
1665705600000,0.26778278,31.65,0
1665720000000,0.27260575,31.33,0
1665734400000,0.27560163,31.21,0
1665748800000,0.28448093,30.82,0
1665763200000,0.2804794,30.2,0
1665777600000,0.25704107,30.0,0
1665792000000,0.26139632,30.11,0
1665806400000,0.25807196,30.05,0
1665820800000,0.26136053,29.99,0
1665835200000,0.26138657,29.92,0
1665849600000,0.26637447,29.86,0
1665864000000,0.26514128,29.59,0
1665878400000,0.25603628,29.79,0
1665892800000,0.27497372,29.76,0
1665907200000,0.26175982,29.95,0
1665921600000,0.27459836,29.96,0
1665936000000,0.25611007,30.38,0
1665950400000,0.26540303,30.17,0
1665964800000,0.24978559,30.01,0
1665979200000,0.26756987,30.31,0
1665993600000,0.29287332,30.53,0
1666008000000,0.29976556,30.93,0
1666022400000,0.2784909,30.8,0
1666036800000,0.2702413,31.21,0
1666051200000,0.27684858,31.11,0
1666065600000,0.27122355,31.12,0
1666080000000,0.2824434,30.84,0
1666094400000,0.2826047,30.32,0
1666108800000,0.26319325,30.08,-1
1666123200000,0.2667877,30.15,0
1666137600000,0.26584485,30.03,0
1666152000000,0.25099126,30.06,0
1666166400000,0.25624433,29.93,0
1666180800000,0.2566082,29.99,-1
1666195200000,0.26338926,29.76,0
1666209600000,0.26942956,28.86,0
1666224000000,0.24891947,28.91,0
1666238400000,0.2447299,29.25,-1
1666252800000,0.2592987,29.33,0
1666267200000,0.2569674,29.14,-1
1666281600000,0.26575187,28.26,0
1666296000000,0.25803626,28.01,0
1666310400000,0.25441134,28.13,0
1666324800000,0.26133943,27.92,0
1666339200000,0.2504513,27.48,0
1666353600000,0.2581063,27.58,0
1666368000000,0.2470549,28.19,-1
1666382400000,0.2618473,28.1,0
1666396800000,0.29636946,27.82,0
1666411200000,0.27379438,27.77,0
1666425600000,0.25476274,27.99,0
1666440000000,0.25440082,28.0,0
1666454400000,0.2527358,27.82,0
1666468800000,0.26641715,28.01,0
1666483200000,0.25712007,28.36,0
1666497600000,0.26962033,28.42,0
1666512000000,0.26229405,27.96,0
1666526400000,0.24796213,27.94,0
1666540800000,0.26759803,28.81,0
1666555200000,0.27814946,29.28,0
1666569600000,0.27977654,28.62,0
1666584000000,0.26841292,28.54,0
1666598400000,0.2593324,29.13,0
1666612800000,0.2719558,28.45,0
1666627200000,0.26378703,28.41,0
1666641600000,0.26742238,28.3,0
1666656000000,0.26386595,28.47,0
1666670400000,0.27270097,28.44,0
1666684800000,0.28788376,28.22,0
1666699200000,0.27973613,29.69,0
1666713600000,0.30148536,31.5,0
1666728000000,0.33332384,30.86,0
1666742400000,0.3182557,31.11,0
1666756800000,0.31576404,31.34,0
1666771200000,0.32233968,31.25,0
1666785600000,0.3137899,31.42,0
1666800000000,0.3120342,31.27,0
1666814400000,0.3141524,31.29,0
1666828800000,0.31355652,31.44,0
1666843200000,0.3116439,31.65,0
1666857600000,0.31190893,31.37,0
1666872000000,0.30963787,31.3,0
1666886400000,0.32831067,31.42,0
1666900800000,0.33329454,30.58,0
1666915200000,0.31979403,30.68,0
1666929600000,0.318521,30.22,0
1666944000000,0.29774633,30.42,0
1666958400000,0.31540543,31.1,0
1666972800000,0.29745558,32.01,0
1666987200000,0.31461853,32.07,0
1667001600000,0.31160292,32.89,0
1667016000000,0.30325082,33.29,0
1667030400000,0.31690443,32.97,0
1667044800000,0.32293817,33.15,0
1667059200000,0.3068996,32.93,0
1667073600000,0.31428453,32.87,0
1667088000000,0.3069049,33.0,0
1667102400000,0.3001106,33.42,0
1667116800000,0.29605162,32.69,0
1667131200000,0.27920377,32.22,0
1667145600000,0.27239084,32.34,0
1667160000000,0.2684885,32.94,0
1667174400000,0.27043483,32.82,0
1667188800000,0.2758591,33.41,0
1667203200000,0.2823757,34.03,0
1667217600000,0.30605125,33.01,0
1667232000000,0.27851236,32.55,0
1667246400000,0.29172722,32.56,0
1667260800000,0.29057044,32.61,0
1667275200000,0.2997245,33.03,0
1667289600000,0.2960349,32.9,0
1667304000000,0.27592704,32.48,0
1667318400000,0.27980876,32.22,0
1667332800000,0.2785593,32.2,0
1667347200000,0.28706646,32.26,0
1667361600000,0.2867524,31.73,0
1667376000000,0.27591518,31.3,0
1667390400000,0.2676727,31.33,0
1667404800000,0.2686212,30.91,-1
1667419200000,0.2611276,30.8,0
1667433600000,0.27058086,31.64,0
1667448000000,0.27480194,31.64,0
1667462400000,0.26699436,31.26,0
1667476800000,0.2823132,31.2,0
1667491200000,0.2754316,31.31,0
1667505600000,0.28040195,30.85,0
1667520000000,0.2829919,31.94,0
1667534400000,0.2743375,32.39,0
1667548800000,0.27008116,32.31,0
1667563200000,0.26290688,33.13,0
1667577600000,0.28538084,33.5,0
1667592000000,0.29310882,33.74,0
1667606400000,0.28497055,34.7,0
1667620800000,0.286025,35.24,0
1667635200000,0.28293034,35.42,0
1667649600000,0.27405477,37.24,0
1667664000000,0.27088815,37.09,0
1667678400000,0.27295998,36.9,0
1667692800000,0.2860453,36.01,0
1667707200000,0.26515308,36.16,0
1667721600000,0.2932581,35.75,0
1667736000000,0.30243474,35.05,0
1667750400000,0.29546118,34.19,0
1667764800000,0.30766052,32.62,0
1667779200000,0.27292234,32.44,0
1667793600000,0.28774175,30.78,0
1667808000000,0.25948313,31.62,0
1667822400000,0.26656097,32.82,0
1667836800000,0.2840131,32.38,0
1667851200000,0.28432164,29.62,0
1667865600000,0.28767243,26.5,0
1667880000000,0.24109234,27.96,0
1667894400000,0.24212675,28.0,0
1667908800000,0.24941574,27.72,0
1667923200000,0.26916033,23.77,0
1667937600000,0.24361698,24.38,0
1667952000000,0.24467313,22.1,0
1667966400000,0.24875529,19.29,0
1667980800000,0.25196642,20.05,0
1667995200000,0.25619012,16.07,0
1668009600000,0.24848244,13.84,0
1668024000000,0.25238234,14.08,0
1668038400000,0.25247115,15.28,0
1668052800000,0.24473764,15.34,0
1668067200000,0.24667707,14.15,0
1668081600000,0.24736704,17.67,0
1668096000000,0.25791445,17.28,0
1668110400000,0.24328992,17.66,0
1668124800000,0.2687712,16.39,0
1668139200000,0.24839148,17.22,0
1668153600000,0.24593617,18.13,0
1668168000000,0.25369588,16.46,0
1668182400000,0.25221315,16.22,0
1668196800000,0.24721108,16.45,0
1668211200000,0.25638977,15.81,0
1668225600000,0.25642934,15.49,0
1668240000000,0.2593009,15.31,0
1668254400000,0.26254675,14.82,0
1668268800000,0.25441346,15.16,0
1668283200000,0.27929726,14.58,0
1668297600000,0.26236972,14.55,0
1668312000000,0.25216106,13.95,0
1668326400000,0.27511412,13.78,0
1668340800000,0.28448,14.06,0
1668355200000,0.28026444,13.99,0
1668369600000,0.30340523,13.18,0
1668384000000,0.27981758,13.0,0
1668398400000,0.29979247,14.54,0
1668412800000,0.30198634,14.22,0
1668427200000,0.25410774,13.72,0
1668441600000,0.26144344,13.74,0
1668456000000,0.25683767,14.0,0
1668470400000,0.27229857,14.2,0
1668484800000,0.2539121,14.48,0
1668499200000,0.2580728,14.53,0
1668513600000,0.26475632,14.35,0
1668528000000,0.25072435,14.34,0
1668542400000,0.26202205,14.32,0
1668556800000,0.26317155,14.51,0
1668571200000,0.26286602,14.34,0
1668585600000,0.26906708,14.17,0
1668600000000,0.268005,13.77,0
1668614400000,0.24862263,14.12,0
1668628800000,0.25974417,14.27,0
1668643200000,0.24831553,14.25,0
1668657600000,0.25447088,14.27,0
1668672000000,0.26537606,14.22,0
1668686400000,0.24995288,13.52,0
1668700800000,0.26152813,13.45,0
1668715200000,0.2585953,13.65,0
1668729600000,0.2590979,13.72,0
1668744000000,0.2585252,13.62,0
1668758400000,0.2579585,13.57,0
1668772800000,0.27078298,13.37,0
1668787200000,0.2746773,13.17,0
1668801600000,0.26113147,13.27,0
1668816000000,0.31705248,12.88,0
1668830400000,0.25850713,12.85,0
1668844800000,0.2809289,12.85,0
1668859200000,0.30586222,12.72,0
1668873600000,0.2704564,12.79,0
1668888000000,0.26295334,12.84,0
1668902400000,0.26128787,12.92,0
1668916800000,0.2732031,13.06,0
1668931200000,0.27587348,12.55,0
1668945600000,0.25578398,13.0,0
1668960000000,0.2776714,12.76,0
1668974400000,0.2716711,12.27,0
1668988800000,0.24538016,11.75,0
1669003200000,0.23704736,11.72,0
1669017600000,0.23941752,11.81,0
1669032000000,0.24104922,11.92,0
1669046400000,0.26009393,11.42,0
1669060800000,0.23786984,11.83,0
1669075200000,0.2532265,11.61,0
1669089600000,0.25003186,11.51,0
1669104000000,0.25643492,11.04,0
1669118400000,0.24404627,12.06,0
1669132800000,0.25650734,11.84,0
1669147200000,0.2559023,12.44,0
1669161600000,0.2570331,13.08,0
1669176000000,0.25533515,13.13,0
1669190400000,0.25331384,13.34,0
1669204800000,0.25515753,13.08,0
1669219200000,0.24919732,14.06,0
1669233600000,0.26283872,14.36,0
1669248000000,0.24940977,14.61,0
1669262400000,0.27050883,14.42,0
1669276800000,0.28918457,14.09,0
1669291200000,0.2712255,14.44,0
1669305600000,0.27742666,14.44,0
1669320000000,0.2876254,14.59,0
1669334400000,0.28646982,14.2,0
1669348800000,0.28007028,14.24,0
1669363200000,0.29561138,14.31,0
1669377600000,0.28688404,14.15,0
1669392000000,0.30879554,14.23,0
1669406400000,0.30900595,14.03,0
1669420800000,0.2803417,14.37,0
1669435200000,0.28059757,14.48,0
1669449600000,0.28940296,14.75,0
1669464000000,0.30587858,14.42,0
1669478400000,0.30510622,14.24,0
1669492800000,0.30486408,14.17,0
1669507200000,0.27458784,14.27,0
1669521600000,0.27506986,14.31,0
1669536000000,0.27279198,14.35,0
1669550400000,0.28074762,14.41,0
1669564800000,0.2798439,14.31,0
1669579200000,0.26434276,14.12,0
1669593600000,0.2475529,13.1,-1
1669608000000,0.2490613,13.43,0
1669622400000,0.25579387,13.47,0
1669636800000,0.25750637,13.23,0
1669651200000,0.24685359,13.35,0
1669665600000,0.25691676,13.32,0
1669680000000,0.26338097,13.47,0
1669694400000,0.26325047,13.73,0
1669708800000,0.27651063,13.64,0
1669723200000,0.26866964,13.44,0
1669737600000,0.2725159,13.42,0
1669752000000,0.28065404,13.34,0
1669766400000,0.2699688,13.5,0
1669780800000,0.2835963,13.7,0
1669795200000,0.28141037,13.71,0
1669809600000,0.2934545,13.53,0
1669824000000,0.28207222,13.64,0
1669838400000,0.28575158,14.16,0
1669852800000,0.29617512,13.92,0
1669867200000,0.28316224,13.81,0
1669881600000,0.30032697,13.82,0
1669896000000,0.27926016,13.62,0
1669910400000,0.29565233,13.52,0
1669924800000,0.30970332,13.51,0
1669939200000,0.2882244,13.44,0
1669953600000,0.29745454,13.53,0
1669968000000,0.29760423,13.61,0
1669982400000,0.28147998,13.54,0
1669996800000,0.2912172,13.69,0
1670011200000,0.29953432,13.71,0
1670025600000,0.29309064,13.63,0
1670040000000,0.30528653,13.56,0
1670054400000,0.28527778,13.5,0
1670068800000,0.2805849,13.58,0
1670083200000,0.28992623,13.52,0
1670097600000,0.29103878,13.29,0
1670112000000,0.2666741,13.42,0
1670126400000,0.2656602,13.46,0
1670140800000,0.2752358,13.38,0
1670155200000,0.2601012,13.48,0
1670169600000,0.2693312,13.55,0
1670184000000,0.25641862,13.71,0
1670198400000,0.26039195,13.91,0
1670212800000,0.27129677,13.93,0
1670227200000,0.2829981,13.98,0
1670241600000,0.28618246,13.75,0
1670256000000,0.26051888,13.68,0
1670270400000,0.26040486,13.82,0
1670284800000,0.26744637,14.16,0
1670299200000,0.27707702,14.15,0
1670313600000,0.26671433,14.02,0
1670328000000,0.26177654,13.98,0
1670342400000,0.25876036,14.01,0
1670356800000,0.2539717,14.3,0
1670371200000,0.2751491,14.05,0
1670385600000,0.27098778,13.62,-1
1670400000000,0.2614093,13.62,-1
1670414400000,0.2676933,13.68,0
1670428800000,0.2691981,13.58,0
1670443200000,0.2718913,13.49,0
1670457600000,0.26204538,13.45,0
1670472000000,0.2562894,13.51,0
1670486400000,0.25963476,13.5,0
1670500800000,0.2653206,13.57,0
1670515200000,0.25747618,13.73,0
1670529600000,0.27181232,13.69,0
1670544000000,0.26597464,13.75,0
1670558400000,0.26645327,13.7,0
1670572800000,0.26691672,13.86,0
1670587200000,0.26368567,13.87,0
1670601600000,0.29668406,13.62,0
1670616000000,0.27317557,13.59,0
1670630400000,0.29057664,13.62,0
1670644800000,0.29894522,13.62,0
1670659200000,0.29715952,13.59,0
1670673600000,0.28031385,13.64,0
1670688000000,0.28815088,13.64,0
1670702400000,0.29589516,13.58,0
1670716800000,0.29011872,13.64,0
1670731200000,0.30376297,13.64,0
1670745600000,0.29735088,13.63,0
1670760000000,0.30320093,13.66,0
1670774400000,0.2864818,13.73,0
1670788800000,0.28801632,13.42,-1
1670803200000,0.27587283,12.96,0
1670817600000,0.28204054,12.98,0
1670832000000,0.27737933,13.17,-1
1670846400000,0.26729524,13.1,-1
1670860800000,0.2561408,13.23,-1
1670875200000,0.25992742,13.31,0
1670889600000,0.27206576,13.09,0
1670904000000,0.26844183,12.96,0
1670918400000,0.24850999,13.35,0
1670932800000,0.27346092,13.72,0
1670947200000,0.26775113,13.79,0
1670961600000,0.2830087,13.89,0
1670976000000,0.27325076,13.96,0
1670990400000,0.27816665,13.9,0
1671004800000,0.26905313,13.97,0
1671019200000,0.27896294,14.48,0
1671033600000,0.2789884,14.3,0
1671048000000,0.2728778,14.12,0
1671062400000,0.2549981,14.38,0
1671076800000,0.27359402,14.14,0
1671091200000,0.26553813,14.1,0
1671105600000,0.24979366,14.0,0
1671120000000,0.24232854,14.11,0
1671134400000,0.24478061,14.04,0
1671148800000,0.266171,14.04,0
1671163200000,0.2656009,14.09,0
1671177600000,0.2699452,13.5,0
1671192000000,0.2496941,13.01,0
1671206400000,0.23326102,13.01,0
1671220800000,0.24092802,12.25,0
1671235200000,0.23630585,12.26,0
1671249600000,0.23331173,12.46,0
1671264000000,0.2561622,12.31,0
1671278400000,0.24503884,12.31,0
1671292800000,0.273721,12.26,0
1671307200000,0.23782945,12.51,0
1671321600000,0.29966846,12.49,0
1671336000000,0.24358231,12.43,0
1671350400000,0.23771895,12.39,0
1671364800000,0.25033826,12.31,0
1671379200000,0.24271746,12.44,0
1671393600000,0.24438795,12.38,0
1671408000000,0.2591401,12.23,0
1671422400000,0.27854243,12.24,0
1671436800000,0.24721168,12.28,0
1671451200000,0.24901578,12.17,0
1671465600000,0.23715217,12.02,0
1671480000000,0.23441114,11.94,0
1671494400000,0.21654707,12.19,0
1671508800000,0.24662893,12.34,0
1671523200000,0.23268239,12.38,0
1671537600000,0.24061741,12.35,0
1671552000000,0.2659121,12.24,0
1671566400000,0.2635029,12.26,0
1671580800000,0.280921,12.08,0
1671595200000,0.2533174,12.03,0
1671609600000,0.2455793,12.11,0
1671624000000,0.24651286,12.07,0
1671638400000,0.2753174,11.96,0
1671652800000,0.261495,12.14,0
1671667200000,0.28281102,12.12,0
1671681600000,0.28084168,12.07,0
1671696000000,0.25909284,12.12,0
1671710400000,0.2593735,11.77,0
1671724800000,0.24814615,11.84,0
1671739200000,0.2438107,11.82,-1
1671753600000,0.25821477,12.02,0
1671768000000,0.28833035,11.89,0
1671782400000,0.25418258,11.89,0
1671796800000,0.23892081,11.85,-1
1671811200000,0.2834563,11.86,0
1671825600000,0.30104867,11.78,0
1671840000000,0.2805057,11.78,0
1671854400000,0.32820672,11.37,0
1671868800000,0.26918715,11.33,0
1671883200000,0.2812281,11.37,0
1671897600000,0.25171238,11.56,0
1671912000000,0.3277705,11.45,0
1671926400000,0.2779004,11.47,0
1671940800000,0.26639813,11.48,0
1671955200000,0.3041273,11.4,0
1671969600000,0.24192698,11.34,0
1671984000000,0.24118942,11.39,0
1671998400000,0.2361226,11.38,0
1672012800000,0.26488534,11.43,0
1672027200000,0.32184508,11.32,0
1672041600000,0.27006546,11.35,0
1672056000000,0.27838,11.19,0
1672070400000,0.28222734,11.19,0
1672084800000,0.24036585,11.32,0
1672099200000,0.24360247,11.28,0
1672113600000,0.27227277,11.23,0
1672128000000,0.25683323,11.14,0
1672142400000,0.24498414,10.77,0
1672156800000,0.23342018,11.02,-1
1672171200000,0.25629303,11.09,-1
1672185600000,0.25138345,10.78,0
1672200000000,0.2606257,10.14,0
1672214400000,0.27544054,10.03,0
1672228800000,0.24687697,9.95,0
1672243200000,0.2587838,9.79,0
1672257600000,0.24675894,9.76,0
1672272000000,0.24378352,9.76,0
1672286400000,0.3074687,9.62,0
1672300800000,0.26314738,9.46,0
1672315200000,0.24845116,9.39,0
1672329600000,0.26672545,8.79,0
1672344000000,0.25378478,9.64,0
1672358400000,0.30956265,9.52,0
1672372800000,0.24407664,9.12,0
1672387200000,0.26570833,9.12,0
1672401600000,0.23844883,9.58,0
1672416000000,0.26261264,9.85,0
1672430400000,0.24930151,9.9,0
1672444800000,0.33191645,9.74,0
1672459200000,0.2893188,9.83,0
1672473600000,0.27557954,9.85,0
1672488000000,0.2473673,10.15,0
1672502400000,0.31134167,10.07,0
1672516800000,0.33693454,9.97,0
1672531200000,0.26871505,9.97,0
1672545600000,0.32847732,9.8,0
1672560000000,0.27543485,9.93,0
1672574400000,0.27062345,9.87,0
1672588800000,0.23936589,9.97,0
1672603200000,0.27116263,9.99,0
1672617600000,0.25260788,9.99,0
1672632000000,0.24391718,11.09,0
1672646400000,0.25122982,11.01,0
1672660800000,0.24550678,11.11,0
1672675200000,0.2738689,11.26,0
1672689600000,0.25695342,11.28,0
1672704000000,0.29222196,11.22,0
1672718400000,0.2717656,11.95,0
1672732800000,0.30432478,11.84,0
1672747200000,0.23848255,13.09,0
1672761600000,0.2739929,12.94,0
1672776000000,0.24694216,13.37,0
1672790400000,0.23893234,13.57,0
1672804800000,0.25993645,14.16,0
1672819200000,0.27742603,13.65,0
1672833600000,0.27563575,13.36,0
1672848000000,0.25931615,13.2,0
1672862400000,0.2626106,13.43,0
1672876800000,0.2736481,13.21,0
1672891200000,0.26206455,13.25,0
1672905600000,0.26027867,13.26,0
1672920000000,0.2584938,13.29,0
1672934400000,0.27354768,13.4,0
1672948800000,0.26031017,13.43,0
1672963200000,0.28195113,13.19,0
1672977600000,0.27093628,13.12,0
1672992000000,0.27792424,13.0,0
1673006400000,0.25089544,13.19,0
1673020800000,0.2634869,13.37,0
1673035200000,0.26266018,13.5,0
1673049600000,0.34256503,13.32,0
1673064000000,0.2864659,13.29,0
1673078400000,0.34319106,13.15,0
1673092800000,0.27887,13.27,0
1673107200000,0.29873696,13.22,0
1673121600000,0.26971802,13.1,0
1673136000000,0.2599902,13.37,0
1673150400000,0.28676036,13.33,0
1673164800000,0.26146826,13.51,0
1673179200000,0.26579693,13.88,0
1673193600000,0.28390145,13.55,0
1673208000000,0.2730045,14.45,0
1673222400000,0.2870414,16.05,0
1673236800000,0.28601143,16.35,0
1673251200000,0.2820358,16.38,0
1673265600000,0.29885644,17.13,0
1673280000000,0.29506275,16.28,0
1673294400000,0.30011287,16.25,0
1673308800000,0.3162389,15.97,0
1673323200000,0.31107435,15.89,0
1673337600000,0.30195385,16.03,0
1673352000000,0.29449576,16.25,0
1673366400000,0.28164685,16.39,0
1673380800000,0.28823116,16.2,0
1673395200000,0.28823116,16.01,0
1673409600000,0.29022172,16.1,0
1673424000000,0.31279665,16.03,0
1673438400000,0.2790471,15.41,0
1673452800000,0.29121143,16.0,0
1673467200000,0.29355177,16.36,0
1673481600000,0.2912464,16.42,0
1673496000000,0.3013194,16.25,0
1673510400000,0.30481276,16.07,0
1673524800000,0.2777297,15.96,0
1673539200000,0.3021693,16.54,0
1673553600000,0.28632104,16.59,0
1673568000000,0.2983978,16.7,0
1673582400000,0.29488543,16.9,0
1673596800000,0.2843854,16.67,0
1673611200000,0.28043255,16.81,0
1673625600000,0.28149953,17.18,0
1673640000000,0.2847617,18.29,0
1673654400000,0.28378537,21.92,0
1673668800000,0.28060722,23.57,0
1673683200000,0.2819847,22.36,0
1673697600000,0.28305414,22.33,0
1673712000000,0.28696445,23.06,0
1673726400000,0.28382412,24.24,0
1673740800000,0.2834921,23.06,0
1673755200000,0.3270626,22.62,0
1673769600000,0.29295892,22.9,0
1673784000000,0.28752235,23.69,0
1673798400000,0.29422513,23.36,0
1673812800000,0.29986626,22.89,0
1673827200000,0.2771259,23.22,0
1673841600000,0.27965167,24.25,0
1673856000000,0.27084044,23.38,0
1673870400000,0.29492524,23.08,0
1673884800000,0.2758791,23.55,0
1673899200000,0.28435764,23.58,0
1673913600000,0.2911116,23.19,0
1673928000000,0.28598043,23.41,0
1673942400000,0.2801118,23.74,0
1673956800000,0.28385773,23.27,0
1673971200000,0.29036796,23.43,0
1673985600000,0.28734857,22.86,0
1674000000000,0.26613736,23.04,0
1674014400000,0.2622712,22.98,0
1674028800000,0.27031446,22.52,0
1674043200000,0.2753477,21.79,0
1674057600000,0.26632294,21.77,0
1674072000000,0.26531398,20.79,0
1674086400000,0.26022732,21.35,0
1674100800000,0.28923008,21.3,0
1674115200000,0.27381104,20.93,0
1674129600000,0.24249044,21.07,0
1674144000000,0.2547132,21.65,0
1674158400000,0.2727608,21.4,0
1674172800000,0.26311523,21.33,0
1674187200000,0.26979995,21.07,0
1674201600000,0.26594707,21.14,0
1674216000000,0.26187629,21.42,0
1674230400000,0.25024563,23.29,0
1674244800000,0.2560886,25.51,0
1674259200000,0.27569038,24.83,0
1674273600000,0.27612573,25.54,0
1674288000000,0.26425457,25.2,0
1674302400000,0.26381922,25.23,0
1674316800000,0.2652188,25.63,0
1674331200000,0.27969298,24.57,0
1674345600000,0.25434992,25.0,0
1674360000000,0.26185155,25.13,0
1674374400000,0.2647399,24.9,0
1674388800000,0.26842353,24.97,0
1674403200000,0.27744496,24.9,0
1674417600000,0.2797702,24.21,0
1674432000000,0.26580453,24.53,0
1674446400000,0.2824004,24.46,0
1674460800000,0.27936792,24.62,0
1674475200000,0.27065346,24.17,0
1674489600000,0.250536,24.18,0
1674504000000,0.26150844,24.33,0
1674518400000,0.24297856,24.99,0
1674532800000,0.27220085,24.78,0
1674547200000,0.26362318,24.46,0
1674561600000,0.2547376,24.48,0
1674576000000,0.25194257,24.46,0
1674590400000,0.26937085,22.78,0
1674604800000,0.24316774,22.93,0
1674619200000,0.25302,23.27,0
1674633600000,0.24768649,23.13,0
1674648000000,0.24280879,23.32,0
1674662400000,0.24793,23.73,0
1674676800000,0.24656712,24.52,0
1674691200000,0.25107375,24.8,0
1674705600000,0.26400042,24.34,0
1674720000000,0.25660667,24.32,0
1674734400000,0.2537564,24.26,0
1674748800000,0.25785407,24.46,0
1674763200000,0.26252672,24.33,0
1674777600000,0.27289683,23.73,0
1674792000000,0.2578941,24.03,0
1674806400000,0.26120305,23.7,0
1674820800000,0.25232634,23.83,0
1674835200000,0.25042754,24.48,0
1674849600000,0.2532756,24.43,0
1674864000000,0.26432666,24.5,0
1674878400000,0.2602509,24.35,0
1674892800000,0.26211518,24.3,0
1674907200000,0.26178446,24.17,0
1674921600000,0.26642478,24.12,0
1674936000000,0.26241848,24.0,0
1674950400000,0.24795572,24.13,0
1674964800000,0.2650211,24.14,0
1674979200000,0.24394931,24.36,0
1674993600000,0.2451175,24.69,0
1675008000000,0.2628123,26.32,0
1675022400000,0.26320294,26.07,0
1675036800000,0.27428395,25.45,0
1675051200000,0.26820108,25.38,0
1675065600000,0.29457265,24.02,-1
1675080000000,0.25181606,24.38,0
1675094400000,0.26611972,23.6,0
1675108800000,0.25543723,23.96,0
1675123200000,0.2613919,24.01,0
1675137600000,0.26318905,24.11,0
1675152000000,0.2765429,23.75,0
1675166400000,0.24702303,24.09,0
1675180800000,0.25868136,24.21,0
1675195200000,0.26195547,23.92,0
1675209600000,0.25504637,23.87,0
1675224000000,0.27611503,23.56,0
1675238400000,0.25812,23.54,0
1675252800000,0.25742945,22.81,0
1675267200000,0.2560253,24.24,0
1675281600000,0.24650839,25.0,0
1675296000000,0.26704168,25.28,0
1675310400000,0.27650952,24.87,0
1675324800000,0.26065567,25.0,0
1675339200000,0.25942078,25.02,0
1675353600000,0.24640603,25.07,0
1675368000000,0.2709696,24.32,0
1675382400000,0.26295057,24.34,0
1675396800000,0.26737607,24.32,0
1675411200000,0.27580494,24.49,0
1675425600000,0.26240978,24.86,0
1675440000000,0.28884324,24.38,0
1675454400000,0.2840139,24.69,0
1675468800000,0.29265746,24.46,0
1675483200000,0.27460834,24.5,0
1675497600000,0.29221126,24.58,0
1675512000000,0.2681986,24.71,0
1675526400000,0.26702684,24.66,0
1675540800000,0.28056023,24.34,0
1675555200000,0.2741037,24.3,0
1675569600000,0.27838185,24.35,0
1675584000000,0.2785018,24.19,0
1675598400000,0.27662015,23.64,-1
1675612800000,0.2628296,23.37,0
1675627200000,0.25755632,23.47,0
1675641600000,0.26138207,23.37,0
1675656000000,0.25786138,23.35,0
1675670400000,0.25889736,23.32,0
1675684800000,0.254114,23.47,0
1675699200000,0.26088282,23.37,0
1675713600000,0.2810036,22.66,0
1675728000000,0.2770807,23.06,0
1675742400000,0.25953767,23.22,0
1675756800000,0.25502697,23.35,0
1675771200000,0.26340947,23.03,0
1675785600000,0.25291228,23.27,-1
1675800000000,0.25571415,23.82,0
1675814400000,0.25857174,23.89,0
1675828800000,0.2627484,23.77,0
1675843200000,0.25895587,23.72,0
1675857600000,0.25602296,23.28,-1
1675872000000,0.25328726,23.09,-1
1675886400000,0.26928708,23.22,0
1675900800000,0.2742627,22.35,0
1675915200000,0.25623152,22.76,0
1675929600000,0.2591585,22.79,0
1675944000000,0.25651863,22.65,0
1675958400000,0.2738462,21.8,0
1675972800000,0.2651107,20.48,0
1675987200000,0.2419634,20.79,0
1676001600000,0.24269037,21.1,0
1676016000000,0.23875436,20.69,0
1676030400000,0.23914745,20.73,0
1676044800000,0.24406506,20.89,0
1676059200000,0.24360801,20.11,0
1676073600000,0.24397375,20.41,0
1676088000000,0.2754046,20.34,0
1676102400000,0.2452604,20.32,0
1676116800000,0.24308129,20.52,0
1676131200000,0.2486802,20.37,0
1676145600000,0.24990092,20.81,0
1676160000000,0.27112442,20.67,0
1676174400000,0.2753487,20.85,0
1676188800000,0.24761458,21.06,0
1676203200000,0.24527003,21.43,0
1676217600000,0.24878305,22.04,0
1676232000000,0.2520097,21.49,0
1676246400000,0.25213286,20.91,-1
1676260800000,0.24459669,21.17,0
1676275200000,0.2599549,20.45,0
1676289600000,0.23645298,20.37,0
1676304000000,0.24631594,20.43,0
1676318400000,0.25335425,20.77,0
1676332800000,0.2581541,20.83,0
1676347200000,0.2584029,21.06,0
1676361600000,0.25232378,21.37,0
1676376000000,0.2515362,21.89,0
1676390400000,0.25566375,22.02,0
1676404800000,0.27651477,21.84,0
1676419200000,0.27248955,21.6,0
1676433600000,0.27492756,21.53,0
1676448000000,0.26065984,22.11,0
1676462400000,0.2634152,22.43,0
1676476800000,0.28176445,23.0,0
1676491200000,0.25870612,23.86,0
1676505600000,0.2415712,23.81,0
1676520000000,0.24950442,23.73,0
1676534400000,0.25602597,23.56,0
1676548800000,0.26034543,23.86,0
1676563200000,0.2555065,23.59,0
1676577600000,0.2973248,22.24,0
1676592000000,0.26497322,22.68,0
1676606400000,0.2858556,22.54,0
1676620800000,0.28879714,22.6,0
1676635200000,0.28152636,22.79,0
1676649600000,0.2669567,23.46,0
1676664000000,0.26412573,23.14,0
1676678400000,0.2558406,23.34,0
1676692800000,0.2591992,23.22,0
1676707200000,0.26081887,23.06,0
1676721600000,0.24263152,23.42,0
1676736000000,0.24725968,23.48,0
1676750400000,0.26607415,23.45,0
1676764800000,0.2590962,23.3,0
1676779200000,0.2475093,23.53,0
1676793600000,0.24620843,23.69,0
1676808000000,0.23998109,25.26,0
1676822400000,0.25855762,24.65,0
1676836800000,0.2450417,24.84,0
1676851200000,0.24798268,26.16,0
1676865600000,0.24425179,26.49,0
1676880000000,0.239011,26.38,0
1676894400000,0.24118543,26.54,0
1676908800000,0.25240326,26.34,0
1676923200000,0.25660044,26.26,0
1676937600000,0.24333493,26.12,0
1676952000000,0.25121284,26.02,0
1676966400000,0.2645189,25.06,0
1676980800000,0.25002405,25.06,0
1676995200000,0.2463521,25.25,0
1677009600000,0.25362003,24.98,0
1677024000000,0.24903278,24.44,0
1677038400000,0.24901177,23.82,0
1677052800000,0.2517719,23.56,0
1677067200000,0.25664726,23.65,0
1677081600000,0.2431074,23.78,0
1677096000000,0.2539018,24.16,0
1677110400000,0.24214603,24.44,0
1677124800000,0.25072563,24.5,0
1677139200000,0.25342053,23.76,0
1677153600000,0.25949252,23.88,0
1677168000000,0.24075206,24.04,0
1677182400000,0.25431266,23.91,0
1677196800000,0.2492078,23.78,0
1677211200000,0.2559666,23.96,0
1677225600000,0.25320137,23.78,0
1677240000000,0.2725559,23.05,0
1677254400000,0.2379986,23.04,0
1677268800000,0.24799013,23.07,0
1677283200000,0.2586298,22.95,0
1677297600000,0.25100392,22.94,0
1677312000000,0.2496353,22.77,0
1677326400000,0.2599385,22.34,0
1677340800000,0.2575555,21.92,0
1677355200000,0.25186536,22.37,0
1677369600000,0.26122007,22.65,0
1677384000000,0.27974665,22.79,0
1677398400000,0.25460142,22.85,0
1677412800000,0.25935498,22.93,0
1677427200000,0.25132617,23.37,0
1677441600000,0.25076297,23.25,0
1677456000000,0.26212206,23.03,0
1677470400000,0.25956213,22.89,0
1677484800000,0.25423,22.77,0
1677499200000,0.25130975,23.06,0
1677513600000,0.2567267,22.54,0
1677528000000,0.24855582,22.68,0
1677542400000,0.2525939,22.61,0
1677556800000,0.26583982,22.08,0
1677571200000,0.24622728,22.2,0
1677585600000,0.2587742,22.54,0
1677600000000,0.28590783,22.2,0
1677614400000,0.26175553,21.89,0
1677628800000,0.27084666,22.32,0
1677643200000,0.25240934,22.58,0
1677657600000,0.28524557,22.68,0
1677672000000,0.2742385,22.66,0
1677686400000,0.28000194,22.15,0
1677700800000,0.27277648,22.51,0
1677715200000,0.2914531,22.04,0
1677729600000,0.2951986,21.98,0
1677744000000,0.2909069,22.08,0
1677758400000,0.2883482,21.85,0
1677772800000,0.27300343,22.09,0
1677787200000,0.27812544,22.0,0
1677801600000,0.28250727,20.86,0
1677816000000,0.25298306,21.06,0
1677830400000,0.2559042,21.14,0
1677844800000,0.24932633,21.26,0
1677859200000,0.25696287,21.44,0
1677873600000,0.24753526,21.42,0
1677888000000,0.24740295,21.33,0
1677902400000,0.28642517,21.17,0
1677916800000,0.28507483,21.16,0
1677931200000,0.26084128,20.96,0
1677945600000,0.25993472,20.67,0
1677960000000,0.25229824,20.98,-1
1677974400000,0.25129944,21.33,0
1677988800000,0.2803602,21.31,0
1678003200000,0.25114596,21.2,0
1678017600000,0.2535843,21.27,0
1678032000000,0.25578678,21.1,0
1678046400000,0.25453493,20.97,0
1678060800000,0.25198662,20.92,0
1678075200000,0.26215366,20.76,-1
1678089600000,0.2508405,20.7,0
1678104000000,0.25583994,21.06,0
1678118400000,0.2491665,20.76,0
1678132800000,0.25358316,20.63,0
1678147200000,0.25870234,20.79,0
1678161600000,0.28981847,20.71,0
1678176000000,0.27735314,20.31,0
1678190400000,0.25531948,20.42,-1
1678204800000,0.25160366,20.02,0
1678219200000,0.26510245,20.25,-1
1678233600000,0.27662104,20.0,0
1678248000000,0.25777784,19.19,0
1678262400000,0.26622134,19.34,0
1678276800000,0.27060658,19.24,0
1678291200000,0.27184343,18.68,0
1678305600000,0.2567617,18.41,0
1678320000000,0.2563109,18.58,0
1678334400000,0.25627312,18.5,0
1678348800000,0.25039533,18.54,0
1678363200000,0.25708738,18.35,0
1678377600000,0.2831121,17.74,0
1678392000000,0.2799802,17.33,0
1678406400000,0.26146877,17.16,0
1678420800000,0.25603658,16.98,0
1678435200000,0.2679463,16.71,0
1678449600000,0.25497195,17.67,0
1678464000000,0.25393164,17.78,0
1678478400000,0.25308493,18.17,0
1678492800000,0.2544414,18.18,0
1678507200000,0.283173,17.07,0
1678521600000,0.25342774,17.4,0
1678536000000,0.25896412,17.14,0
1678550400000,0.26375243,17.95,0
1678564800000,0.2632731,18.07,0
1678579200000,0.25619146,17.92,0
1678593600000,0.25598174,17.83,0
1678608000000,0.2528758,18.13,0
1678622400000,0.25603658,17.84,0
1678636800000,0.25780088,18.38,0
1678651200000,0.28078067,20.2,0
1678665600000,0.26966485,19.54,0
1678680000000,0.27491388,19.75,0
1678694400000,0.27256063,19.21,0
1678708800000,0.27962467,20.71,0
1678723200000,0.28476104,20.52,0
1678737600000,0.26936665,20.4,0
1678752000000,0.25859436,20.42,0
1678766400000,0.2701762,20.0,0
1678780800000,0.2850359,20.12,0
1678795200000,0.2559641,21.91,0
1678809600000,0.28342772,20.91,0
1678824000000,0.2657773,20.86,0
1678838400000,0.26489022,21.04,0
1678852800000,0.26117495,21.24,0
1678867200000,0.28799793,20.58,0
1678881600000,0.28893322,19.24,0
1678896000000,0.2880335,19.09,0
1678910400000,0.28868452,19.24,0
1678924800000,0.2909162,19.32,0
1678939200000,0.26940796,19.51,0
1678953600000,0.2785343,19.67,0
1678968000000,0.28924227,19.58,0
1678982400000,0.28082174,19.75,0
1678996800000,0.28458548,19.67,0
1679011200000,0.26571026,19.99,0
1679025600000,0.25149557,20.01,0
1679040000000,0.26771122,20.68,0
1679054400000,0.2803566,20.04,0
1679068800000,0.25209868,20.54,0
1679083200000,0.2548478,21.6,0
1679097600000,0.26791924,22.64,0
1679112000000,0.29129782,22.18,0
1679126400000,0.27709144,22.49,0
1679140800000,0.2716506,21.84,0
1679155200000,0.27738696,21.93,0
1679169600000,0.2846963,21.2,0
1679184000000,0.26094466,21.82,0
1679198400000,0.29218173,21.56,0
1679212800000,0.2685885,21.7,0
1679227200000,0.25239533,22.01,0
1679241600000,0.24449544,22.19,0
1679256000000,0.27015248,21.86,0
1679270400000,0.27268732,21.69,0
1679284800000,0.2599178,23.09,0
1679299200000,0.24523917,23.32,0
1679313600000,0.25588417,23.17,0
1679328000000,0.26225883,22.13,0
1679342400000,0.2664584,22.13,0
1679356800000,0.2705746,22.45,0
1679371200000,0.27515447,21.93,0
1679385600000,0.23976934,22.44,0
1679400000000,0.28345004,22.92,0
1679414400000,0.26619208,22.52,0
1679428800000,0.2716802,22.53,0
1679443200000,0.29079977,22.3,0
1679457600000,0.28463972,22.31,0
1679472000000,0.27586544,22.48,0
1679486400000,0.24912702,22.63,0
1679500800000,0.29390395,21.1,0
1679515200000,0.23887564,21.42,0
1679529600000,0.26565054,21.26,0
1679544000000,0.26457635,21.7,0
1679558400000,0.28293344,21.76,0
1679572800000,0.25422534,22.4,0
1679587200000,0.28931662,22.09,0
1679601600000,0.28223175,22.16,0
1679616000000,0.28749657,22.09,0
1679630400000,0.28087154,21.99,0
1679644800000,0.2871668,21.73,0
1679659200000,0.282793,21.2,0
1679673600000,0.26956278,20.75,0
1679688000000,0.27387306,20.66,0
1679702400000,0.27603585,20.72,0
1679716800000,0.28468657,20.62,0
1679731200000,0.2911386,20.66,0
1679745600000,0.29382703,20.87,0
1679760000000,0.30602446,20.14,0
1679774400000,0.27191132,20.41,0
1679788800000,0.26600486,20.67,0
1679803200000,0.31831968,20.76,0
1679817600000,0.28628325,20.83,0
1679832000000,0.28912166,20.82,0
1679846400000,0.26092708,20.92,0
1679860800000,0.2755399,20.94,0
1679875200000,0.28635493,20.72,0
1679889600000,0.29048368,20.45,0
1679904000000,0.2663879,20.61,0
1679918400000,0.30003756,19.78,0
1679932800000,0.25959587,19.68,0
1679947200000,0.25581267,19.91,0
1679961600000,0.28124002,19.71,0
1679976000000,0.26084128,19.88,0
1679990400000,0.25771028,20.09,0
1680004800000,0.26032743,20.24,0
1680019200000,0.26605263,20.7,0
1680033600000,0.27805158,20.45,0
1680048000000,0.2619493,20.66,0
1680062400000,0.24975032,21.2,0
1680076800000,0.2547183,21.2,0
1680091200000,0.26294458,21.24,0
1680105600000,0.2620857,21.17,0
1680120000000,0.2633494,21.1,0
1680134400000,0.26733026,21.06,0
1680148800000,0.25219887,21.03,0
1680163200000,0.27385163,20.68,0
1680177600000,0.27093616,20.53,0
1680192000000,0.27310342,20.49,0
1680206400000,0.26245075,20.55,0
1680220800000,0.25891703,20.53,0
1680235200000,0.2800084,20.29,0
1680249600000,0.26204464,20.32,0
1680264000000,0.26704237,20.87,0
1680278400000,0.27742198,20.97,0
1680292800000,0.2655817,21.16,0
1680307200000,0.2831468,21.03,0
1680321600000,0.2685911,21.02,0
1680336000000,0.26164353,21.03,0
1680350400000,0.26850176,20.96,0
1680364800000,0.2616405,20.94,0
1680379200000,0.23955995,21.08,0
1680393600000,0.2526629,21.02,0
1680408000000,0.24091814,21.18,0
1680422400000,0.26510257,20.99,0
1680436800000,0.27387795,20.58,-1
1680451200000,0.27300104,20.34,0
1680465600000,0.2583687,20.52,0
1680480000000,0.28818658,20.04,0
1680494400000,0.25685638,20.26,0
1680508800000,0.26412272,20.41,-1
1680523200000,0.2694219,20.32,-1
1680537600000,0.25713655,20.9,0
1680552000000,0.28393543,20.45,-1
1680566400000,0.27268907,20.42,0
1680580800000,0.26014516,20.52,0
1680595200000,0.2562204,20.97,0
1680609600000,0.29451463,20.86,0
1680624000000,0.2657363,20.94,0
1680638400000,0.27536356,20.92,0
1680652800000,0.26258257,21.14,0
1680667200000,0.26614484,21.19,0
1680681600000,0.2647689,21.18,0
1680696000000,0.30008367,20.8,0
1680710400000,0.2643892,20.92,0
1680724800000,0.26411057,20.97,0
1680739200000,0.2820315,20.83,0
1680753600000,0.27910748,20.64,0
1680768000000,0.28215978,20.69,0
1680782400000,0.27061933,20.74,0
1680796800000,0.27068114,20.72,0
1680811200000,0.27819967,20.62,0
1680825600000,0.2832881,20.55,0
1680840000000,0.26816693,20.28,0
1680854400000,0.27536356,20.31,0
1680868800000,0.26499718,20.54,0
1680883200000,0.29842144,20.49,0
1680897600000,0.269984,20.44,0
1680912000000,0.26366195,20.48,0
1680926400000,0.25421545,20.6,0
1680940800000,0.2923095,20.57,0
1680955200000,0.27450782,20.45,0
1680969600000,0.26901516,20.2,-1
1680984000000,0.31853122,20.04,0
1680998400000,0.27995938,20.11,0
1681012800000,0.26335487,20.01,0
1681027200000,0.27749047,20.19,0
1681041600000,0.2632845,20.13,0
1681056000000,0.26717836,20.27,0
1681070400000,0.26721525,20.28,0
1681084800000,0.26534387,20.26,0
1681099200000,0.2592964,20.23,0
1681113600000,0.26526767,20.29,0
1681128000000,0.26383203,20.22,-1
1681142400000,0.24475393,20.69,0
1681156800000,0.24063689,20.89,0
1681171200000,0.25860125,21.27,0
1681185600000,0.2822641,22.47,0
1681200000000,0.28751403,22.21,0
1681214400000,0.27556556,23.32,0
1681228800000,0.26306248,23.42,0
1681243200000,0.2628947,22.98,0
1681257600000,0.25457558,22.56,0
1681272000000,0.24039973,23.69,0
1681286400000,0.25173455,23.5,0
1681300800000,0.2568097,23.61,0
1681315200000,0.25118476,23.89,0
1681329600000,0.2561058,23.8,0
1681344000000,0.24478872,24.0,0
1681358400000,0.2461874,24.13,0
1681372800000,0.2567382,24.31,0
1681387200000,0.25807768,24.63,0
1681401600000,0.25788668,24.73,0
1681416000000,0.26694742,24.43,0
1681430400000,0.26493812,25.08,0
1681444800000,0.27568382,24.9,0
1681459200000,0.26706314,25.02,0
1681473600000,0.28384805,23.83,0
1681488000000,0.26386452,24.52,0
1681502400000,0.26174405,24.71,0
1681516800000,0.27193013,24.26,0
1681531200000,0.25960246,24.41,0
1681545600000,0.27485543,24.35,0
1681560000000,0.2704716,24.34,0
1681574400000,0.27535567,24.04,0
1681588800000,0.27870727,24.05,0
1681603200000,0.2702925,24.32,0
1681617600000,0.2883669,24.25,0
1681632000000,0.27897882,24.05,0
1681646400000,0.26551482,24.32,0
1681660800000,0.26451525,24.53,0
1681675200000,0.2635494,25.34,0
1681689600000,0.2709735,25.81,0
1681704000000,0.27450898,25.12,0
1681718400000,0.2897542,24.92,0
1681732800000,0.28306866,24.53,0
1681747200000,0.2753139,24.73,0
1681761600000,0.28638962,24.58,0
1681776000000,0.27915552,24.42,0
1681790400000,0.26894462,25.1,0
1681804800000,0.26233566,25.34,0
1681819200000,0.26942635,24.92,0
1681833600000,0.27847415,24.68,0
1681848000000,0.26194882,24.82,0
1681862400000,0.27747592,24.61,0
1681876800000,0.27510285,24.36,0
1681891200000,0.2806078,23.21,-1
1681905600000,0.27854654,23.33,0
1681920000000,0.2857784,22.99,0
1681934400000,0.28677034,22.66,0
1681948800000,0.29842353,22.86,0
1681963200000,0.32273433,22.61,0
1681977600000,0.3172623,22.33,0
1681992000000,0.29971224,22.13,0
1682006400000,0.28828067,21.79,0
1682020800000,0.29134136,22.2,0
1682035200000,0.28469503,22.31,0
1682049600000,0.3043563,22.26,0
1682064000000,0.31532547,22.03,0
1682078400000,0.31388667,21.88,0
1682092800000,0.3144114,21.21,0
1682107200000,0.29382548,21.25,0
1682121600000,0.28787783,21.37,0
1682136000000,0.28571132,21.27,0
1682150400000,0.3078861,21.37,0
1682164800000,0.30991235,21.74,0
1682179200000,0.32108024,21.77,0
1682193600000,0.31882852,21.79,0
1682208000000,0.3104505,21.72,0
1682222400000,0.3142366,22.07,0
1682236800000,0.29900292,22.13,0
1682251200000,0.3034622,21.66,0
1682265600000,0.3142935,21.19,0
1682280000000,0.300107,21.47,0
1682294400000,0.29740575,21.72,0
1682308800000,0.3002096,21.29,0
1682323200000,0.29757917,21.74,0
1682337600000,0.31058306,21.35,0
1682352000000,0.30155224,21.32,0
1682366400000,0.30504245,21.38,0
1682380800000,0.30910107,20.87,0
1682395200000,0.2967892,20.89,0
1682409600000,0.292311,21.0,0
1682424000000,0.29836264,20.88,0
1682438400000,0.26567042,21.17,0
1682452800000,0.25249463,21.93,0
1682467200000,0.27725583,21.8,0
1682481600000,0.26206133,21.92,0
1682496000000,0.27462104,22.46,0
1682510400000,0.27436164,22.68,0
1682524800000,0.30827793,21.09,-1
1682539200000,0.2475876,21.28,-1
1682553600000,0.25891924,21.63,0
1682568000000,0.26211995,21.68,0
1682582400000,0.26976165,21.65,0
1682596800000,0.26556468,22.25,0
1682611200000,0.2754862,22.33,0
1682625600000,0.28745046,22.33,0
1682640000000,0.28115845,22.31,0
1682654400000,0.28354385,22.61,0
1682668800000,0.28355628,22.49,0
1682683200000,0.2795642,22.38,0
1682697600000,0.2559307,23.31,0
1682712000000,0.26747027,23.34,0
1682726400000,0.28420913,23.3,0
1682740800000,0.2855427,23.26,0
1682755200000,0.26728246,23.29,0
1682769600000,0.25137797,23.35,0
1682784000000,0.25509614,23.31,0
1682798400000,0.2684405,23.19,0
1682812800000,0.27614558,23.15,0
1682827200000,0.24963045,23.42,0
1682841600000,0.25413418,23.49,0
1682856000000,0.2535634,23.67,0
1682870400000,0.27512243,23.18,0
1682884800000,0.2721335,22.74,0
1682899200000,0.30328673,22.18,-1
1682913600000,0.2917049,22.33,0
1682928000000,0.299558,22.21,0
1682942400000,0.31000352,21.89,0
1682956800000,0.3073495,21.74,0
1682971200000,0.2919131,21.96,0
1682985600000,0.29900292,21.87,0
1683000000000,0.30226254,21.91,0
1683014400000,0.29442424,21.98,0
1683028800000,0.2766735,22.19,-1
1683043200000,0.30124846,22.29,0
1683057600000,0.30248195,22.25,0
1683072000000,0.29812813,21.89,0
1683086400000,0.30186722,21.75,0
1683100800000,0.27931136,21.41,0
1683115200000,0.2727355,21.33,0
1683129600000,0.2983243,21.4,0
1683144000000,0.279979,22.24,-1
1683158400000,0.2835656,22.24,0
1683172800000,0.29169834,22.12,0
1683187200000,0.28025186,22.24,0
1683201600000,0.30336186,21.82,0
1683216000000,0.30086875,21.75,0
1683230400000,0.31435436,21.74,0
1683244800000,0.26861438,21.9,0
1683259200000,0.28881583,21.79,0
1683273600000,0.28052235,22.01,0
1683288000000,0.28239748,22.32,0
1683302400000,0.28540197,22.87,0
1683316800000,0.27200183,22.82,0
1683331200000,0.300707,22.72,0
1683345600000,0.29687575,22.64,0
1683360000000,0.28712043,22.67,0
1683374400000,0.31879658,21.79,-1
1683388800000,0.24863999,21.98,0
1683403200000,0.26138747,21.91,0
1683417600000,0.2637065,21.88,0
1683432000000,0.25527066,22.05,0
1683446400000,0.28443596,22.1,0
1683460800000,0.27692208,22.46,0
1683475200000,0.285275,22.44,0
1683489600000,0.29015383,21.66,-1
1683504000000,0.2800012,21.3,-1
1683518400000,0.26613805,21.22,0
1683532800000,0.2814824,21.26,0
1683547200000,0.2821593,21.16,0
1683561600000,0.28176886,20.39,0
1683576000000,0.25639498,20.62,0
1683590400000,0.26704043,20.62,0
1683604800000,0.2675865,20.69,0
1683619200000,0.26300332,20.81,0
1683633600000,0.27492285,20.55,0
1683648000000,0.27927688,20.62,0
1683662400000,0.29537657,20.65,0
1683676800000,0.2710108,20.7,0
1683691200000,0.2710731,20.54,0
1683705600000,0.2613924,20.75,0
1683720000000,0.26327565,21.09,-1
1683734400000,0.26446855,20.96,0
1683748800000,0.26697025,20.91,0
1683763200000,0.2671073,20.55,0
1683777600000,0.26677668,20.6,0
1683792000000,0.26238266,20.49,0
1683806400000,0.2724753,20.17,0
1683820800000,0.27482316,20.0,0
1683835200000,0.25606206,20.17,0
1683849600000,0.2651781,19.98,0
1683864000000,0.2606197,20.09,0
1683878400000,0.25599182,20.28,0
1683892800000,0.25918132,20.3,0
1683907200000,0.25614655,20.49,0
1683921600000,0.25635502,20.9,0
1683936000000,0.2599311,21.15,0
1683950400000,0.28501758,21.22,0
1683964800000,0.2900269,21.08,0
1683979200000,0.2619542,20.87,0
1683993600000,0.26241255,20.94,0
1684008000000,0.29871053,20.84,0
1684022400000,0.2588662,20.94,0
1684036800000,0.28362235,21.09,0
1684051200000,0.2891713,20.97,0
1684065600000,0.2596097,21.18,0
1684080000000,0.2600142,20.93,0
1684094400000,0.27997184,20.93,0
1684108800000,0.25914338,21.22,0
1684123200000,0.25680164,21.39,0
1684137600000,0.26379886,21.28,0
1684152000000,0.25999275,21.37,0
1684166400000,0.27156046,21.16,0
1684180800000,0.25860026,20.99,0
1684195200000,0.2721525,20.86,0
1684209600000,0.24945301,21.04,0
1684224000000,0.25718194,20.88,0
1684238400000,0.257039,20.78,0
1684252800000,0.26378202,20.5,-1
1684267200000,0.25967386,20.67,-1
1684281600000,0.2559468,20.96,0
1684296000000,0.26473552,20.56,0
1684310400000,0.26514643,20.52,0
1684324800000,0.25491673,20.59,0
1684339200000,0.24286562,21.03,0
1684353600000,0.26577824,21.06,0
1684368000000,0.26934034,21.03,0
1684382400000,0.2698261,20.92,0
1684396800000,0.2767973,20.84,0
1684411200000,0.27502248,20.53,-1
1684425600000,0.2791679,20.34,-1
1684440000000,0.25847593,20.34,0
1684454400000,0.26759008,20.34,0
1684468800000,0.25871983,20.44,0
1684483200000,0.25745082,20.45,0
1684497600000,0.27087638,20.4,0
1684512000000,0.25581935,20.37,0
1684526400000,0.30856735,20.36,0
1684540800000,0.29928562,20.27,0
1684555200000,0.29009542,20.16,0
1684569600000,0.28544387,20.22,0
1684584000000,0.28018105,20.28,0
1684598400000,0.25253266,20.29,0
1684612800000,0.26575387,20.28,0
1684627200000,0.27433184,20.24,0
1684641600000,0.28011125,20.28,0
1684656000000,0.26679903,20.15,0
1684670400000,0.25859275,19.94,0
1684684800000,0.30463028,19.98,0
1684699200000,0.26458678,19.61,0
1684713600000,0.26349744,19.54,0
1684728000000,0.26735958,19.69,0
1684742400000,0.26483405,19.87,-1
1684756800000,0.27105436,19.67,0
1684771200000,0.26944226,19.68,0
1684785600000,0.31559333,19.53,0
1684800000000,0.26757994,20.04,0
1684814400000,0.2738921,19.84,0
1684828800000,0.25652525,19.92,0
1684843200000,0.26514515,20.0,0
1684857600000,0.26649314,20.02,0
1684872000000,0.28367028,20.02,0
1684886400000,0.26906103,19.56,-1
1684900800000,0.2719911,19.42,-1
1684915200000,0.26346365,19.42,0
1684929600000,0.2723106,19.17,0
1684944000000,0.2621725,19.19,0
1684958400000,0.25792336,19.22,0
1684972800000,0.26000372,19.37,0
1684987200000,0.26171455,19.27,0
1685001600000,0.2577937,19.38,0
1685016000000,0.2728196,19.24,0
1685030400000,0.27234334,19.31,0
1685044800000,0.30236804,19.25,0
1685059200000,0.26955897,19.29,0
1685073600000,0.26747152,19.3,0
1685088000000,0.2721811,19.29,0
1685102400000,0.26318306,19.43,0
1685116800000,0.28009045,19.46,0
1685131200000,0.29926956,19.35,0
1685145600000,0.3103396,19.48,0
1685160000000,0.29299584,19.53,0
1685174400000,0.30658242,19.48,0
1685188800000,0.30583864,19.61,0
1685203200000,0.31947353,19.67,0
1685217600000,0.29255682,20.43,0
1685232000000,0.25723508,20.48,0
1685246400000,0.2606508,20.49,0
1685260800000,0.28658983,20.52,0
1685275200000,0.2555383,20.5,0
1685289600000,0.24583928,20.77,0
1685304000000,0.26548922,20.81,0
1685318400000,0.27269843,20.7,0
1685332800000,0.2652712,20.73,0
1685347200000,0.26741135,20.74,0
1685361600000,0.27175024,20.48,0
1685376000000,0.2645019,20.51,0
1685390400000,0.26743832,20.57,0
1685404800000,0.25719404,20.86,0
1685419200000,0.2690229,20.74,0
1685433600000,0.2642295,21.28,0
1685448000000,0.27242935,20.96,0
1685462400000,0.24782157,21.36,0
1685476800000,0.26785025,21.25,0
1685491200000,0.25858063,21.1,0
1685505600000,0.27222112,20.72,0
1685520000000,0.269609,20.61,0
1685534400000,0.2720719,20.48,0
1685548800000,0.24951757,20.64,0
1685563200000,0.25158668,20.81,0
1685577600000,0.28635195,20.7,-1
1685592000000,0.29662195,20.61,0
1685606400000,0.27262795,20.72,0
1685620800000,0.27602416,20.69,0
1685635200000,0.2824823,20.68,0
1685649600000,0.26395908,20.49,0
1685664000000,0.25508922,20.76,0
1685678400000,0.26200733,20.98,0
1685692800000,0.27750686,21.25,0
1685707200000,0.28096277,21.19,0
1685721600000,0.26826996,21.29,0
1685736000000,0.30790114,21.26,0
1685750400000,0.30590963,21.12,0
1685764800000,0.2991069,21.17,0
1685779200000,0.2915109,21.18,0
1685793600000,0.28299016,21.25,0
1685808000000,0.26477915,21.06,0
1685822400000,0.29458377,21.19,0
1685836800000,0.30324534,21.25,0
1685851200000,0.26672336,21.6,0
1685865600000,0.28929955,21.7,0
1685880000000,0.2569497,22.05,0
1685894400000,0.2696807,22.21,0
1685908800000,0.26689842,21.82,0
1685923200000,0.26919112,21.54,0
1685937600000,0.2698492,21.66,0
1685952000000,0.27079937,21.6,0
1685966400000,0.28961524,19.93,0
1685980800000,0.2673958,20.03,0
1685995200000,0.26152694,20.0,0
1686009600000,0.25929528,20.0,0
1686024000000,0.27450493,20.11,0
1686038400000,0.27008072,19.88,0
1686052800000,0.26083308,19.94,0
1686067200000,0.26506495,20.59,0
1686081600000,0.2670943,20.38,0
1686096000000,0.273748,20.15,0
1686110400000,0.26272032,20.01,0
1686124800000,0.26652867,19.95,0
1686139200000,0.2770599,19.32,0
1686153600000,0.27089953,18.97,0
1686168000000,0.27225515,18.64,0
1686182400000,0.31396672,18.47,0
1686196800000,0.2918008,18.64,0
1686211200000,0.30618873,18.79,0
1686225600000,0.27254322,18.92,0
1686240000000,0.3032743,18.86,0
1686254400000,0.31963792,18.89,0
1686268800000,0.26995224,18.76,0
1686283200000,0.31418338,18.59,0
1686297600000,0.27029458,19.27,0
1686312000000,0.26256448,18.7,0
1686326400000,0.26462004,17.39,0
1686340800000,0.26949996,17.4,0
1686355200000,0.2560965,16.29,0
1686369600000,0.25622037,14.42,0
1686384000000,0.2241295,14.92,0
1686398400000,0.27735296,14.77,0
1686412800000,0.25077143,15.32,0
1686427200000,0.31252736,15.61,0
1686441600000,0.26844078,15.57,0
1686456000000,0.3293812,15.4,0
1686470400000,0.30872124,15.53,0
1686484800000,0.27331355,15.22,0
1686499200000,0.24558206,16.0,0
1686513600000,0.264868,15.55,0
1686528000000,0.26442295,15.1,0
1686542400000,0.268638,15.09,0
1686556800000,0.24328482,15.4,0
1686571200000,0.27009374,15.2,0
1686585600000,0.2609534,14.96,0
1686600000000,0.31489205,15.19,0
1686614400000,0.24954481,15.34,0
1686628800000,0.29365477,15.43,0
1686643200000,0.24694383,15.64,0
1686657600000,0.26587728,14.8,0
1686672000000,0.25698373,14.97,0
1686686400000,0.3225321,15.04,0
1686700800000,0.27604654,15.25,0
1686715200000,0.3185335,15.05,0
1686729600000,0.2469977,15.2,0
1686744000000,0.2512623,15.11,0
1686758400000,0.24379902,15.09,0
1686772800000,0.25943214,14.48,0
1686787200000,0.26884428,14.92,0
1686801600000,0.27761772,14.81,0
1686816000000,0.2752652,14.65,0
1686830400000,0.28169298,14.48,0
1686844800000,0.25148866,14.77,0
1686859200000,0.26558116,14.77,0
1686873600000,0.28435555,14.8,0
1686888000000,0.25713634,14.85,0
1686902400000,0.27091858,14.56,0
1686916800000,0.23581105,15.0,0
1686931200000,0.22210285,15.28,0
1686945600000,0.28312707,15.31,0
1686960000000,0.27823165,15.42,0
1686974400000,0.22165202,15.85,0
1686988800000,0.27934894,15.77,0
1687003200000,0.25754285,15.65,0
1687017600000,0.2660346,15.65,0
1687032000000,0.2937004,15.64,0
1687046400000,0.28722534,15.59,0
1687060800000,0.26432508,15.59,0
1687075200000,0.26241368,15.72,0
1687089600000,0.25959206,15.72,0
1687104000000,0.2423573,15.81,0
1687118400000,0.2544087,15.45,0
1687132800000,0.2755296,15.49,0
1687147200000,0.28676313,15.48,0
1687161600000,0.26279274,15.56,0
1687176000000,0.25544503,15.56,0
1687190400000,0.22442187,15.85,0
1687204800000,0.24739286,16.1,0
1687219200000,0.2548447,16.02,0
1687233600000,0.27200192,15.98,0
1687248000000,0.2751486,15.93,0
1687262400000,0.24319454,15.95,0
1687276800000,0.22656175,16.36,0
1687291200000,0.23041782,16.64,0
1687305600000,0.23425168,16.76,0
1687320000000,0.25008848,16.83,0
1687334400000,0.24790739,16.79,0
1687348800000,0.23646118,16.89,0
1687363200000,0.24030119,17.12,0
1687377600000,0.24513318,17.23,0
1687392000000,0.24248716,17.53,0
1687406400000,0.25114396,17.37,0
1687420800000,0.25949025,16.86,0
1687435200000,0.23930463,16.9,0
1687449600000,0.23079337,16.93,0
1687464000000,0.2519489,16.62,0
1687478400000,0.23433088,16.78,0
1687492800000,0.2618523,16.78,0
1687507200000,0.24449587,16.59,0
1687521600000,0.23300585,16.98,0
1687536000000,0.23737325,17.13,0
1687550400000,0.24059376,17.13,0
1687564800000,0.23613203,17.37,0
1687579200000,0.30688107,17.07,0
1687593600000,0.24746925,17.21,0
1687608000000,0.24235596,16.62,0
1687622400000,0.2459352,16.69,0
1687636800000,0.26351535,16.64,0
1687651200000,0.24992679,16.98,0
1687665600000,0.25112572,17.28,0
1687680000000,0.255458,17.24,0
1687694400000,0.25381264,17.12,0
1687708800000,0.25689742,16.99,0
1687723200000,0.25793263,16.96,0
1687737600000,0.25684488,16.75,0
1687752000000,0.24379636,16.93,0
1687766400000,0.24177666,16.92,0
1687780800000,0.24746455,16.82,0
1687795200000,0.25457048,16.31,-1
1687809600000,0.25642082,16.27,0
1687824000000,0.2405903,16.5,0
1687838400000,0.235462,16.73,0
1687852800000,0.23824003,16.69,0
1687867200000,0.26665038,16.39,0
1687881600000,0.24662824,16.72,0
1687896000000,0.26529926,16.63,0
1687910400000,0.2590545,16.39,-1
1687924800000,0.2601051,15.98,0
1687939200000,0.26411286,16.21,0
1687953600000,0.2520311,16.33,0
1687968000000,0.2619309,15.9,-1
1687982400000,0.26473585,15.97,0
1687996800000,0.33724135,16.03,0
1688011200000,0.27285513,16.26,0
1688025600000,0.23806365,18.06,0
1688040000000,0.26101777,17.68,0
1688054400000,0.26107267,17.73,0
1688068800000,0.27820036,17.99,0
1688083200000,0.23101948,18.95,0
1688097600000,0.2538084,18.8,0
1688112000000,0.23794378,18.88,0
1688126400000,0.27205956,18.28,0
1688140800000,0.22418891,19.1,0
1688155200000,0.26699182,18.86,0
1688169600000,0.259023,18.3,0
1688184000000,0.26253778,18.45,0
1688198400000,0.28877512,18.33,0
1688212800000,0.25173578,18.44,0
1688227200000,0.2864579,18.33,0
1688241600000,0.3048811,18.7,0
1688256000000,0.2685154,18.76,0
1688270400000,0.2751095,19.22,0
1688284800000,0.330838,19.04,0
1688299200000,0.25307631,19.29,0
1688313600000,0.26288858,19.36,0
1688328000000,0.26362014,19.45,0
1688342400000,0.25746077,19.58,0
1688356800000,0.2669944,19.43,0
1688371200000,0.26828396,19.47,0
1688385600000,0.25932947,19.29,0
1688400000000,0.2570391,19.28,0
1688414400000,0.26418436,19.26,0
1688428800000,0.260332,19.29,0
1688443200000,0.26993647,19.1,0
1688457600000,0.25176352,19.23,0
1688472000000,0.26873702,19.84,0
1688486400000,0.24820004,19.5,0
1688500800000,0.32089657,19.13,0
1688515200000,0.2697907,19.28,0
1688529600000,0.2822182,19.32,0
1688544000000,0.26737666,18.71,-1
1688558400000,0.26062682,18.59,0
1688572800000,0.2681059,18.6,0
1688587200000,0.26280817,19.0,0
1688601600000,0.2564139,19.46,0
1688616000000,0.23298576,19.59,0
1688630400000,0.23866488,19.9,0
1688644800000,0.2584198,19.71,0
1688659200000,0.2545968,20.91,0
1688673600000,0.2739509,19.61,0
1688688000000,0.24819255,20.21,0
1688702400000,0.2853279,19.46,0
1688716800000,0.30272514,20.17,0
1688731200000,0.24644026,21.23,0
1688745600000,0.31319174,21.43,0
1688760000000,0.32214412,21.5,0
1688774400000,0.3183497,21.7,0
1688788800000,0.31052208,21.99,0
1688803200000,0.33182192,21.94,0
1688817600000,0.3548581,21.52,0
1688832000000,0.33923656,21.62,0
1688846400000,0.30391705,21.81,0
1688860800000,0.33665037,21.66,0
1688875200000,0.32319695,21.56,0
1688889600000,0.3075483,21.62,0
1688904000000,0.2626339,21.25,0
1688918400000,0.3159832,21.29,0
1688932800000,0.31486118,21.32,0
1688947200000,0.26510745,21.25,0
1688961600000,0.3641358,20.74,0
1688976000000,0.26749825,20.8,0
1688990400000,0.24491467,21.15,0
1689004800000,0.22384053,21.58,0
1689019200000,0.2587553,21.3,0
1689033600000,0.2679998,21.74,0
1689048000000,0.25639763,22.11,0
1689062400000,0.25100648,22.05,0
1689076800000,0.24004729,22.13,0
1689091200000,0.30652523,21.97,0
1689105600000,0.29229113,22.07,0
1689120000000,0.26519006,21.91,0
1689134400000,0.23532915,22.03,0
1689148800000,0.2779662,22.13,0
1689163200000,0.2427372,22.42,0
1689177600000,0.26284838,21.84,0
1689192000000,0.27818844,21.94,0
1689206400000,0.31833664,21.65,0
1689220800000,0.25760168,21.76,0
1689235200000,0.24805109,22.41,0
1689249600000,0.24638233,24.06,0
1689264000000,0.22182904,26.2,0
1689278400000,0.25044513,26.01,0
1689292800000,0.22752494,28.54,0
1689307200000,0.24225502,28.71,0
1689321600000,0.24546406,28.05,0
1689336000000,0.24201001,28.17,0
1689350400000,0.28186125,26.07,0
1689364800000,0.2254633,26.67,0
1689379200000,0.24446994,27.15,0
1689393600000,0.25830522,28.73,0
1689408000000,0.2559139,28.93,0
1689422400000,0.32661358,27.56,0
1689436800000,0.28041297,27.9,0
1689451200000,0.31833193,27.46,0
1689465600000,0.2512254,27.03,0
1689480000000,0.27087602,27.7,0
1689494400000,0.27435747,28.06,0
1689508800000,0.26678476,28.1,0
1689523200000,0.30849624,27.37,0
1689537600000,0.26446384,27.42,0
1689552000000,0.24955662,28.02,0
1689566400000,0.2943184,27.64,0
1689580800000,0.23183475,27.13,0
1689595200000,0.24666683,27.01,0
1689609600000,0.24180862,26.18,0
1689624000000,0.2436104,26.8,0
1689638400000,0.32373258,26.56,0
1689652800000,0.25785244,25.71,0
1689667200000,0.25675887,25.02,0
1689681600000,0.23211744,25.53,0
1689696000000,0.2377751,25.29,0
1689710400000,0.27532867,25.54,0
1689724800000,0.22642595,26.4,0
1689739200000,0.30223557,26.21,0
1689753600000,0.25879812,26.48,0
1689768000000,0.23924398,26.37,0
1689782400000,0.2296895,26.77,0
1689796800000,0.2511725,26.31,0
1689811200000,0.27558553,26.49,0
1689825600000,0.22017647,26.87,0
1689840000000,0.21961384,27.16,0
1689854400000,0.2513985,25.69,0
1689868800000,0.24290644,25.39,0
1689883200000,0.27745646,25.38,0
1689897600000,0.2760236,25.49,0
1689912000000,0.34158596,25.18,0
1689926400000,0.2717046,25.28,0
1689940800000,0.24434987,25.31,0
1689955200000,0.22645606,25.79,0
1689969600000,0.31650868,25.5,0
1689984000000,0.25602716,25.84,0
1689998400000,0.27202982,25.77,0
1690012800000,0.25550225,25.6,0
1690027200000,0.28237903,25.68,0
1690041600000,0.3148719,25.29,0
1690056000000,0.23904015,24.52,0
1690070400000,0.26315466,24.71,0
1690084800000,0.28314838,24.68,0
1690099200000,0.29512513,24.67,0
1690113600000,0.29423466,24.69,0
1690128000000,0.22494267,24.9,-1
1690142400000,0.25699317,24.76,0
1690156800000,0.25142273,24.35,0
1690171200000,0.25930658,24.58,0
1690185600000,0.25253707,23.63,0
1690200000000,0.24894942,23.21,0
1690214400000,0.25031567,23.31,0
1690228800000,0.3076621,23.37,0
1690243200000,0.3039384,23.37,0
1690257600000,0.35268623,23.09,0
1690272000000,0.31046537,23.17,0
1690286400000,0.24766557,23.22,0
1690300800000,0.30028507,23.17,0
1690315200000,0.29356536,23.27,0
1690329600000,0.2765969,23.52,0
1690344000000,0.28949842,23.48,0
1690358400000,0.2807723,23.82,0
1690372800000,0.22879261,24.91,0
1690387200000,0.22778198,25.37,0
1690401600000,0.24771501,25.17,0
1690416000000,0.30965143,24.93,0
1690430400000,0.28737956,25.02,0
1690444800000,0.24371053,25.39,0
1690459200000,0.25859737,25.16,0
1690473600000,0.2986656,24.94,0
1690488000000,0.28383052,25.1,0
1690502400000,0.2972423,24.94,0
1690516800000,0.3223841,24.63,0
1690531200000,0.2574843,24.63,0
1690545600000,0.22080992,25.23,0
1690560000000,0.28729865,25.05,0
1690574400000,0.3142018,24.82,0
1690588800000,0.24973698,25.13,0
1690603200000,0.27106124,25.07,0
1690617600000,0.27461058,24.97,0
1690632000000,0.2755285,25.08,0
1690646400000,0.2583871,25.22,0
1690660800000,0.263444,25.17,0
1690675200000,0.2557435,25.02,0
1690689600000,0.28159028,24.93,0
1690704000000,0.2599875,24.97,0
1690718400000,0.25902745,24.9,0
1690732800000,0.2437546,24.24,-1
1690747200000,0.22993414,24.25,-1
1690761600000,0.22988568,24.64,0
1690776000000,0.25769928,24.49,0
1690790400000,0.26686865,24.46,0
1690804800000,0.2452615,23.92,-1
1690819200000,0.24459411,23.68,0
1690833600000,0.25631216,23.73,0
1690848000000,0.23786739,23.4,0
1690862400000,0.23448956,23.48,0
1690876800000,0.26561567,23.33,0
1690891200000,0.23313732,23.27,0
1690905600000,0.21028031,23.62,-1
1690920000000,0.2120951,24.05,0
1690934400000,0.22879149,23.67,-1
1690948800000,0.25720912,23.64,0
1690963200000,0.24282876,23.68,0
1690977600000,0.22443263,23.26,-1
1690992000000,0.22833541,23.18,-1
1691006400000,0.28958037,23.15,0
1691020800000,0.26971528,23.24,0
1691035200000,0.31831533,22.71,0
1691049600000,0.3095237,22.75,0
1691064000000,0.26160792,22.79,0
1691078400000,0.23679332,22.89,0
1691092800000,0.2573904,22.65,0
1691107200000,0.29833293,22.74,0
1691121600000,0.2897139,22.97,0
1691136000000,0.28283104,22.91,0
1691150400000,0.22330074,23.35,0
1691164800000,0.24324633,22.94,-1
1691179200000,0.24550126,22.8,0
1691193600000,0.2654873,22.73,0
1691208000000,0.2799272,22.77,0
1691222400000,0.27950716,22.79,0
1691236800000,0.29288396,22.59,0
1691251200000,0.28670335,22.59,0
1691265600000,0.32240614,22.65,0
1691280000000,0.3202833,22.84,0
1691294400000,0.31476012,23.02,0
1691308800000,0.27083534,23.21,0
1691323200000,0.33763218,23.03,0
1691337600000,0.27480683,23.21,0
1691352000000,0.2825021,23.2,0
1691366400000,0.23890752,23.31,0
1691380800000,0.27682793,23.15,0
1691395200000,0.2656524,23.09,0
1691409600000,0.23648122,22.77,-1
1691424000000,0.21897832,22.97,0
1691438400000,0.24380964,23.12,0
1691452800000,0.25753358,23.15,0
1691467200000,0.25771505,23.23,0
1691481600000,0.2299059,23.38,0
1691496000000,0.22580999,23.73,0
1691510400000,0.20341623,24.59,0
1691524800000,0.23205122,24.22,0
1691539200000,0.23954962,24.31,0
1691553600000,0.22265546,24.57,0
1691568000000,0.23094177,24.85,0
1691582400000,0.22755696,24.56,0
1691596800000,0.24435516,24.3,0
1691611200000,0.2739946,24.38,0
1691625600000,0.2643168,24.23,0
1691640000000,0.25575614,24.32,0
1691654400000,0.2639627,24.4,0
1691668800000,0.22022653,24.56,0
1691683200000,0.25591165,24.6,0
1691697600000,0.27734044,24.62,0
1691712000000,0.24927795,24.68,0
1691726400000,0.29256937,24.49,0
1691740800000,0.27081743,24.53,0
1691755200000,0.23855545,24.55,0
1691769600000,0.2539791,24.45,0
1691784000000,0.25826314,24.62,0
1691798400000,0.27147448,24.48,0
1691812800000,0.27337813,24.54,0
1691827200000,0.26723593,24.55,0
1691841600000,0.28675607,24.66,0
1691856000000,0.27541623,24.75,0
1691870400000,0.2817269,24.91,0
1691884800000,0.28283748,24.9,0
1691899200000,0.2844782,24.77,0
1691913600000,0.29016513,24.69,0
1691928000000,0.2912807,24.59,0
1691942400000,0.2517624,24.66,0
1691956800000,0.23208538,24.23,0
1691971200000,0.22758916,24.4,-1
1691985600000,0.2601235,24.41,0
1692000000000,0.24942276,24.51,0
1692014400000,0.23625593,24.82,0
1692028800000,0.2645669,24.83,0
1692043200000,0.25081474,25.18,0
1692057600000,0.28558198,25.0,0
1692072000000,0.25976828,24.89,0
1692086400000,0.25976828,24.83,0
1692100800000,0.2551967,24.72,0
1692115200000,0.22902778,24.05,-1
1692129600000,0.2699384,23.9,-1
1692144000000,0.30417722,23.69,0
1692158400000,0.24389523,23.45,0
1692172800000,0.2645173,23.51,0
1692187200000,0.2526237,23.09,0
1692201600000,0.23914336,23.34,0
1692216000000,0.2468417,22.82,0
1692230400000,0.24706933,23.31,-1
1692244800000,0.27916443,23.25,0
1692259200000,0.2537883,23.08,0
1692273600000,0.2319711,22.87,0
1692288000000,0.24823843,23.09,-1
1692302400000,0.22947335,21.66,0
1692316800000,0.25337,21.56,0
1692331200000,0.24952248,22.08,0
1692345600000,0.26729307,22.02,0
1692360000000,0.26623437,21.6,0
1692374400000,0.24751851,21.29,0
1692388800000,0.2673416,21.34,0
1692403200000,0.26607165,21.43,0
1692417600000,0.30856764,21.83,0
1692432000000,0.32036102,21.65,0
1692446400000,0.25065365,21.97,0
1692460800000,0.2628605,21.88,0
1692475200000,0.30511057,21.9,0
1692489600000,0.35351893,21.81,0
1692504000000,0.34181857,21.74,0
1692518400000,0.28496554,21.97,0
1692532800000,0.27210045,21.8,0
1692547200000,0.34539342,21.79,0
1692561600000,0.28860897,21.77,0
1692576000000,0.30569196,21.4,0
1692590400000,0.2696508,21.35,0
1692604800000,0.25923976,21.23,0
1692619200000,0.25523105,20.71,0
1692633600000,0.25551578,21.28,0
1692648000000,0.30312538,21.2,0
1692662400000,0.28202033,21.11,0
1692676800000,0.28959268,21.18,0
1692691200000,0.3367694,20.94,0
1692705600000,0.23476647,20.69,0
1692720000000,0.24766889,20.07,0
1692734400000,0.21508323,20.59,0
1692748800000,0.25242892,20.59,0
1692763200000,0.22520484,20.75,0
1692777600000,0.27211347,20.63,0
1692792000000,0.22515231,20.92,0
1692806400000,0.20967618,21.5,0
1692820800000,0.21620063,21.74,0
1692835200000,0.25205472,21.76,0
1692849600000,0.2599873,21.74,0
1692864000000,0.24936616,21.78,0
1692878400000,0.2517413,21.03,0
1692892800000,0.25044885,20.93,0
1692907200000,0.24944006,21.06,0
1692921600000,0.26553366,20.74,0
1692936000000,0.31520066,20.56,0
1692950400000,0.26907274,20.68,0
1692964800000,0.23724377,20.34,-1
1692979200000,0.25003302,20.24,0
1692993600000,0.26138413,20.42,0
1693008000000,0.29173446,20.41,0
1693022400000,0.2908874,20.31,0
1693036800000,0.28297004,20.3,0
1693051200000,0.29380423,20.37,0
1693065600000,0.30185333,20.35,0
1693080000000,0.29727808,20.29,0
1693094400000,0.30056497,20.3,0
1693108800000,0.29970035,20.38,0
1693123200000,0.2717464,20.57,0
1693137600000,0.25251046,20.75,0
1693152000000,0.31562638,20.77,0
1693166400000,0.30136925,20.79,0
1693180800000,0.34471646,20.49,0
1693195200000,0.2753087,20.39,0
1693209600000,0.2773614,20.37,0
1693224000000,0.23373249,20.54,0
1693238400000,0.2473488,20.47,0
1693252800000,0.28392294,20.56,0
1693267200000,0.26861778,20.51,0
1693281600000,0.253057,20.27,0
1693296000000,0.27096105,20.15,0
1693310400000,0.21748005,21.32,0
1693324800000,0.21434222,21.58,0
1693339200000,0.23534891,21.79,0
1693353600000,0.24155387,21.64,0
1693368000000,0.25010154,21.64,0
1693382400000,0.28155285,21.42,0
1693396800000,0.23069516,20.84,0
1693411200000,0.2658492,20.68,0
1693425600000,0.2423147,20.82,0
1693440000000,0.29541022,20.64,0
1693454400000,0.25263885,20.78,0
1693468800000,0.23189571,20.89,0
1693483200000,0.22673665,20.33,-1
1693497600000,0.24954927,19.83,-1
1693512000000,0.23641069,19.74,0
1693526400000,0.25080964,19.89,0
1693540800000,0.27242804,19.8,0
1693555200000,0.2704106,19.84,0
1693569600000,0.24675618,19.39,0
1693584000000,0.23500621,19.27,0
1693598400000,0.23813947,19.33,0
1693612800000,0.2851277,19.57,0
1693627200000,0.29358846,19.58,0
1693641600000,0.28445616,19.57,0
1693656000000,0.2959097,19.56,0
1693670400000,0.3530173,19.41,0
1693684800000,0.33319333,19.5,0
1693699200000,0.3171138,19.63,0
1693713600000,0.31002605,19.52,0
1693728000000,0.32232127,19.42,0
1693742400000,0.28613248,19.34,0
1693756800000,0.26042408,19.48,0
1693771200000,0.3249439,19.57,0
1693785600000,0.30744505,19.76,-1
1693800000000,0.3102253,19.78,-1
1693814400000,0.3494212,19.58,0
1693828800000,0.25343767,19.41,-1
1693843200000,0.29641995,19.43,0
1693857600000,0.23177288,19.52,0
1693872000000,0.2780217,19.21,-1
1693886400000,0.2531416,19.4,0
1693900800000,0.25040856,19.55,0
1693915200000,0.21722017,20.41,0
1693929600000,0.29109764,20.23,0
1693944000000,0.2575124,20.26,0
1693958400000,0.25368086,20.14,0
1693972800000,0.3025712,19.74,0
1693987200000,0.26705188,19.76,0
1694001600000,0.24412943,19.38,-1
1694016000000,0.2321128,19.47,-1
1694030400000,0.2613797,19.64,0
1694044800000,0.24554425,19.75,0
1694059200000,0.3404402,19.55,0
1694073600000,0.31692737,19.4,0
1694088000000,0.22222574,19.52,0
1694102400000,0.23488629,19.67,0
1694116800000,0.21604408,19.92,0
1694131200000,0.26686528,20.01,0
1694145600000,0.23501009,19.9,0
1694160000000,0.24614622,19.56,0
1694174400000,0.25830945,19.52,0
1694188800000,0.24461426,19.57,0
1694203200000,0.2705756,19.61,0
1694217600000,0.27436933,19.54,0
1694232000000,0.26954353,19.46,0
1694246400000,0.26608256,19.56,0
1694260800000,0.266237,19.53,0
1694275200000,0.26915005,19.43,0
1694289600000,0.269398,19.44,0
1694304000000,0.31280902,19.2,0
1694318400000,0.2800931,18.53,0
1694332800000,0.31857863,18.33,0
1694347200000,0.248392,18.22,0
1694361600000,0.23445365,18.19,0
1694376000000,0.24580754,18.24,0
1694390400000,0.2797033,18.36,0
1694404800000,0.316874,18.19,0
1694419200000,0.23971555,17.67,0
1694433600000,0.22297467,17.84,0
1694448000000,0.25497633,17.52,0
1694462400000,0.24301067,17.72,0
1694476800000,0.2341991,18.19,-1
1694491200000,0.25313315,17.98,0
1694505600000,0.21560155,18.3,0
1694520000000,0.24946676,18.0,-1
1694534400000,0.24075632,17.93,0
1694548800000,0.27143115,17.92,0
1694563200000,0.26407966,17.83,0
1694577600000,0.24559239,17.89,0
1694592000000,0.23076491,18.18,0
1694606400000,0.22988062,18.36,0
1694620800000,0.25482836,18.36,0
1694635200000,0.30756503,18.4,0
1694649600000,0.22388105,18.94,0
1694664000000,0.30257094,18.79,0
1694678400000,0.25530756,18.85,0
1694692800000,0.21461403,18.97,0
1694707200000,0.23718943,19.04,0
1694721600000,0.32067406,18.85,0
1694736000000,0.2418998,19.14,0
1694750400000,0.26214015,19.08,0
1694764800000,0.26391786,19.01,0
1694779200000,0.23513107,18.88,0
1694793600000,0.2923167,18.73,0
1694808000000,0.23116839,19.14,0
1694822400000,0.28400803,19.21,0
1694836800000,0.29205924,19.11,0
1694851200000,0.27840772,19.15,0
1694865600000,0.3311087,18.97,0
1694880000000,0.29114142,18.97,0
1694894400000,0.27268156,19.12,0
1694908800000,0.2685534,19.03,0
1694923200000,0.3017052,18.9,0
1694937600000,0.27340782,19.04,0
1694952000000,0.27877632,18.98,0
1694966400000,0.28282893,18.9,0
1694980800000,0.28138673,18.81,0
1694995200000,0.21967277,19.2,0
1695009600000,0.2650417,19.13,0
1695024000000,0.21932556,19.58,0
1695038400000,0.23212218,19.95,0
1695052800000,0.24411972,19.78,0
1695067200000,0.32181892,19.64,0
1695081600000,0.24867536,19.96,0
1695096000000,0.31312305,19.79,0
1695110400000,0.2223521,20.21,0
1695124800000,0.23946293,20.13,0
1695139200000,0.29300097,19.94,0
1695153600000,0.27246293,20.03,0
1695168000000,0.27020824,19.91,0
1695182400000,0.2449736,19.95,0
1695196800000,0.22962062,20.06,0
1695211200000,0.227591,20.19,0
1695225600000,0.22297393,20.12,0
1695240000000,0.23013522,20.29,0
1695254400000,0.2526159,20.18,0
1695268800000,0.3160931,19.92,0
1695283200000,0.23563696,19.59,0
1695297600000,0.2436384,19.6,0
1695312000000,0.25578424,19.62,0
1695326400000,0.32639772,19.46,0
1695340800000,0.27919757,19.66,0
1695355200000,0.27975065,19.63,0
1695369600000,0.30696627,19.69,0
1695384000000,0.33122295,19.47,0
1695398400000,0.29250738,19.35,0
1695412800000,0.3180245,19.43,0
1695427200000,0.3218682,19.38,0
1695441600000,0.32996082,19.52,0
1695456000000,0.31184685,19.52,0
1695470400000,0.35761338,19.32,0
1695484800000,0.3195056,19.46,0
1695499200000,0.30132666,19.49,0
1695513600000,0.31398854,19.57,0
1695528000000,0.31405255,19.62,0
1695542400000,0.31565502,19.6,0
1695556800000,0.3053232,19.53,0
1695571200000,0.24343619,19.46,0
1695585600000,0.25607848,19.36,0
1695600000000,0.25401515,19.47,-1
1695614400000,0.32008883,19.48,0
1695628800000,0.30637327,19.55,0
1695643200000,0.23234627,19.57,0
1695657600000,0.24466014,19.52,0
1695672000000,0.28744906,19.39,0
1695686400000,0.30149254,19.44,0
1695700800000,0.28960645,19.33,-1
1695715200000,0.27342248,19.39,0
1695729600000,0.25549695,19.17,-1
1695744000000,0.288497,19.24,0
1695758400000,0.3235633,19.03,-1
1695772800000,0.27788505,19.03,0
1695787200000,0.27490154,18.95,0
1695801600000,0.22564153,19.39,0
1695816000000,0.23890118,18.95,-1
1695830400000,0.2394123,18.98,-1
1695844800000,0.27308157,19.14,0
1695859200000,0.23631854,19.21,0
1695873600000,0.26170528,19.22,0
1695888000000,0.24077551,19.17,0
1695902400000,0.22753629,19.59,0
1695916800000,0.2562732,19.71,0
1695931200000,0.26416996,19.96,0
1695945600000,0.25204504,20.2,0
1695960000000,0.2343889,20.27,0
1695974400000,0.2484339,20.09,0
1695988800000,0.252255,20.34,0
1696003200000,0.27057645,20.24,0
1696017600000,0.27864847,20.28,0
1696032000000,0.272328,20.21,0
1696046400000,0.2835135,20.31,0
1696060800000,0.2604257,20.28,0
1696075200000,0.24860573,21.43,0
1696089600000,0.26807588,21.41,0
1696104000000,0.27334532,21.37,0
1696118400000,0.31059554,21.21,0
1696132800000,0.2561689,21.37,0
1696147200000,0.25223875,22.97,0
1696161600000,0.23943682,23.1,0
1696176000000,0.28920966,22.72,0
1696190400000,0.21741378,23.87,0
1696204800000,0.21427636,24.1,0
1696219200000,0.21704601,24.33,0
1696233600000,0.23346752,23.82,0
1696248000000,0.20871122,24.06,0
1696262400000,0.22414535,23.83,0
1696276800000,0.23370136,23.37,0
1696291200000,0.22547579,23.66,0
1696305600000,0.24881388,23.82,0
1696320000000,0.22869287,23.92,0
1696334400000,0.22358602,23.99,0
1696348800000,0.2438028,23.52,0
1696363200000,0.25353852,23.6,0
1696377600000,0.22630474,23.12,0
1696392000000,0.26363432,23.17,0
1696406400000,0.24154371,23.58,0
1696420800000,0.24248949,22.69,0
1696435200000,0.23314834,22.92,0
1696449600000,0.250946,23.13,0
1696464000000,0.26481828,23.24,0
1696478400000,0.3118455,23.01,0
1696492800000,0.2609681,23.22,0
1696507200000,0.22981691,22.8,0
1696521600000,0.24122085,22.8,0
1696536000000,0.30117956,22.7,0
1696550400000,0.3082823,23.19,0
1696564800000,0.3001821,23.34,0
1696579200000,0.25109917,23.18,0
1696593600000,0.2159622,23.51,0
1696608000000,0.23262374,23.42,0
1696622400000,0.25868806,23.41,0
1696636800000,0.26719037,23.67,0
1696651200000,0.2945022,23.53,0
1696665600000,0.2574945,23.48,0
1696680000000,0.2512262,23.34,0
1696694400000,0.29018292,23.13,0
1696708800000,0.2783044,23.3,0
1696723200000,0.23358297,23.52,0
1696737600000,0.30240762,23.33,0
1696752000000,0.24586718,23.22,0
1696766400000,0.21878944,23.48,0
1696780800000,0.26029533,23.33,0
1696795200000,0.262096,23.22,0
1696809600000,0.2505682,23.25,0
1696824000000,0.30386922,22.99,0
1696838400000,0.2334318,22.17,0
1696852800000,0.24433231,22.2,0
1696867200000,0.23375288,22.2,0
1696881600000,0.27480608,22.1,0
1696896000000,0.25989538,22.14,0
1696910400000,0.25927344,22.33,0
1696924800000,0.27120742,22.13,0
1696939200000,0.24588877,21.98,0
1696953600000,0.25318542,22.03,-1
1696968000000,0.28705382,22.11,0
1696982400000,0.25076222,21.98,0
1696996800000,0.26665294,22.02,0
1697011200000,0.2510788,22.14,-1
1697025600000,0.24926017,21.99,-1
1697040000000,0.24642724,21.91,-1
1697054400000,0.30473444,22.01,0
1697068800000,0.32560894,21.71,0
1697083200000,0.28670478,21.64,0
1697097600000,0.24466553,21.5,0
1697112000000,0.25562724,21.27,0
1697126400000,0.24555677,21.22,0
1697140800000,0.29881892,21.28,0
1697155200000,0.30504692,21.13,0
1697169600000,0.2637528,21.39,0
1697184000000,0.2818931,21.48,0
1697198400000,0.2659527,21.43,0
1697212800000,0.28306484,21.58,0
1697227200000,0.23331733,21.84,0
1697241600000,0.27857524,22.03,0
1697256000000,0.3011203,22.05,0
1697270400000,0.29263324,21.98,0
1697284800000,0.28426927,22.08,0
1697299200000,0.2826607,22.04,0
1697313600000,0.28406063,22.0,0
1697328000000,0.2622128,21.93,0
1697342400000,0.27700076,21.94,0
1697356800000,0.27649784,21.87,0
1697371200000,0.24146146,21.73,0
1697385600000,0.2349254,21.91,0
1697400000000,0.23852639,21.93,0
1697414400000,0.24559374,22.11,0
1697428800000,0.20478849,22.82,0
1697443200000,0.22437377,23.16,0
1697457600000,0.18683016,23.15,0
1697472000000,0.2053646,23.86,0
1697486400000,0.21927372,23.95,0
1697500800000,0.25156364,24.0,0
1697515200000,0.23057383,24.09,0
1697529600000,0.23574033,24.08,0
1697544000000,0.21862902,23.89,0
1697558400000,0.20046023,24.17,0
1697572800000,0.2661851,23.93,0
1697587200000,0.23006207,24.04,0
1697601600000,0.21705613,23.89,0
1697616000000,0.21732871,23.81,0
1697630400000,0.21041976,23.68,0
1697644800000,0.22721188,23.7,0
1697659200000,0.25809178,23.42,0
1697673600000,0.20597026,23.46,0
1697688000000,0.20822848,23.86,0
1697702400000,0.2128784,24.28,0
1697716800000,0.19630414,24.77,0
1697731200000,0.20076324,25.16,0
1697745600000,0.26174733,24.93,0
1697760000000,0.20116003,25.67,0
1697774400000,0.20382565,26.24,0
1697788800000,0.20036577,26.88,0
1697803200000,0.21020268,26.88,0
1697817600000,0.21618316,26.88,0
1697832000000,0.21583295,27.03,0
1697846400000,0.26355883,26.81,0
1697860800000,0.21158431,28.08,0
1697875200000,0.21534763,29.52,0
1697889600000,0.23637156,29.04,0
1697904000000,0.21363369,29.5,0
1697918400000,0.25972155,29.32,0
1697932800000,0.23681386,29.73,0
1697947200000,0.23092063,28.8,0
1697961600000,0.27490872,28.34,0
1697976000000,0.2557847,28.43,0
1697990400000,0.24066024,28.69,0
1698004800000,0.22348495,29.05,0
1698019200000,0.2168728,30.66,0
1698033600000,0.22074416,30.1,0
1698048000000,0.23956956,29.71,0
1698062400000,0.234105,28.98,0
1698076800000,0.21255864,29.91,0
1698091200000,0.21600282,31.88,0
1698105600000,0.23351368,31.4,0
1698120000000,0.22031207,31.25,0
1698134400000,0.2188084,31.84,0
1698148800000,0.22961938,30.89,0
1698163200000,0.2239452,30.5,0
1698177600000,0.24280554,30.17,0
1698192000000,0.21558413,31.04,0
1698206400000,0.2180568,30.96,0
1698220800000,0.21473078,32.23,0
1698235200000,0.20326893,33.41,0
1698249600000,0.22268707,32.77,0
1698264000000,0.23586261,32.44,0
1698278400000,0.21733451,32.75,0
1698292800000,0.22460736,32.82,0
1698307200000,0.21879995,31.82,0
1698321600000,0.2168271,31.32,0
1698336000000,0.22618377,31.55,0
1698350400000,0.23501027,32.77,0
1698364800000,0.24419245,32.39,0
1698379200000,0.23222369,32.34,0
1698393600000,0.2203418,32.58,0
1698408000000,0.22286966,32.21,0
1698422400000,0.21577111,31.93,0
1698436800000,0.27241427,31.73,0
1698451200000,0.2692635,32.34,0
1698465600000,0.2884676,32.28,0
1698480000000,0.26611152,32.2,0
1698494400000,0.27363577,32.03,0
1698508800000,0.3225786,31.58,0
1698523200000,0.28048137,31.63,0
1698537600000,0.27632403,31.57,0
1698552000000,0.2816875,32.29,0
1698566400000,0.2777018,32.25,0
1698580800000,0.24634673,32.63,0
1698595200000,0.23532994,33.0,0
1698609600000,0.27639028,32.83,0
1698624000000,0.2478123,32.74,0
1698638400000,0.29458523,32.56,0
1698652800000,0.21068524,34.94,0
1698667200000,0.24339345,35.04,0
1698681600000,0.24407105,34.88,0
1698696000000,0.29651576,34.94,0
1698710400000,0.22781864,35.79,0
1698724800000,0.2525724,35.72,0
1698739200000,0.23866698,36.58,0
1698753600000,0.23323086,36.1,0
1698768000000,0.24013522,36.28,0
1698782400000,0.24914534,38.4,0
1698796800000,0.22191086,38.27,0
1698811200000,0.2277875,38.46,0
1698825600000,0.21501832,39.28,0
1698840000000,0.19353186,40.66,0
1698854400000,0.1919593,42.0,0
1698868800000,0.18866156,41.15,0
1698883200000,0.17947401,42.59,0
1698897600000,0.18807574,43.12,0
1698912000000,0.19402163,44.47,0
1698926400000,0.20737608,40.03,0
1698940800000,0.19435555,41.42,0
1698955200000,0.29554167,40.23,0
1698969600000,0.21775274,38.94,0
1698984000000,0.23102094,39.02,0
1698998400000,0.20780832,39.15,0
1699012800000,0.1957947,39.79,0
1699027200000,0.21169005,39.17,0
1699041600000,0.22710185,39.45,0
1699056000000,0.24243477,41.12,0
1699070400000,0.21400543,41.72,0
1699084800000,0.22590683,41.53,0
1699099200000,0.24997509,41.28,0
1699113600000,0.29508308,41.38,0
1699128000000,0.19826296,42.41,0
1699142400000,0.19400544,42.52,0
1699156800000,0.19822702,41.57,0
1699171200000,0.2006505,41.64,0
1699185600000,0.19882995,40.72,0
1699200000000,0.21445884,40.74,0
1699214400000,0.20617534,41.15,0
1699228800000,0.2154572,41.11,0
1699243200000,0.22477448,39.93,0
1699257600000,0.20892102,40.32,0
1699272000000,0.2213286,40.23,0
1699286400000,0.21278204,40.48,0
1699300800000,0.21844397,42.16,0
1699315200000,0.22718751,40.81,0
1699329600000,0.23738065,41.55,0
1699344000000,0.21360472,41.1,0
1699358400000,0.20190184,41.21,0
1699372800000,0.18201378,43.86,0
1699387200000,0.21738635,42.93,0
1699401600000,0.23613366,43.37,0
1699416000000,0.24940209,43.49,0
1699430400000,0.21180706,43.31,0
1699444800000,0.21192308,42.77,0
1699459200000,0.18184188,43.1,0
1699473600000,0.20584369,43.13,0
1699488000000,0.18126583,44.09,0
1699502400000,0.20030782,43.9,0
1699516800000,0.19054836,47.13,0
1699531200000,0.19639736,46.4,0
1699545600000,0.21618265,44.42,0
1699560000000,0.18525681,45.29,0
1699574400000,0.2098555,47.4,0
1699588800000,0.21859057,47.55,0
1699603200000,0.19076559,50.7,0
1699617600000,0.20014098,50.87,0
1699632000000,0.19504,54.11,0
1699646400000,0.1987436,56.67,0
1699660800000,0.20757188,55.84,0
1699675200000,0.21000114,54.26,0
1699689600000,0.19254231,55.25,0
1699704000000,0.20111404,60.89,0
1699718400000,0.20442913,60.53,0
1699732800000,0.21648352,56.34,0
1699747200000,0.19582613,57.39,0
1699761600000,0.19678798,61.08,0
1699776000000,0.20252936,59.97,0
1699790400000,0.1984809,58.62,0
1699804800000,0.23129845,56.03,0
1699819200000,0.19825605,56.28,0
1699833600000,0.19045413,56.99,0
1699848000000,0.19133988,58.24,0
1699862400000,0.20292747,57.04,0
1699876800000,0.20387976,55.64,0
1699891200000,0.19126184,54.64,0
1699905600000,0.21077156,51.6,0
1699920000000,0.19725616,54.03,0
1699934400000,0.20946287,55.16,0
1699948800000,0.21450728,52.65,0
1699963200000,0.20066817,56.23,0
1699977600000,0.205013,55.1,0
1699992000000,0.19928834,56.81,0
1700006400000,0.20075865,56.24,0
1700020800000,0.21239656,59.16,0
1700035200000,0.19157828,62.99,0
1700049600000,0.21800575,62.42,0
1700064000000,0.20801531,65.33,0
1700078400000,0.20499243,65.43,0
1700092800000,0.22072604,65.88,0
1700107200000,0.23232967,65.68,0
1700121600000,0.23415416,64.03,0
1700136000000,0.2464011,61.6,0
1700150400000,0.20662445,62.34,0
1700164800000,0.20593593,57.8,0
1700179200000,0.19534166,58.95,0
1700193600000,0.21070229,58.16,0
1700208000000,0.20203699,58.15,0
1700222400000,0.21700075,55.04,0
1700236800000,0.19936316,57.58,0
1700251200000,0.20426366,58.51,0
1700265600000,0.25864705,56.68,0
1700280000000,0.21048434,56.36,0
1700294400000,0.24469002,56.96,0
1700308800000,0.20205389,58.01,0
1700323200000,0.18486826,59.06,0
1700337600000,0.26411828,58.56,0
1700352000000,0.27039233,58.25,0
1700366400000,0.26677185,60.44,0
1700380800000,0.28025308,59.87,0
1700395200000,0.22179705,59.97,0
1700409600000,0.20222904,61.19,0
1700424000000,0.18883213,61.1,0
1700438400000,0.20981432,59.92,0
1700452800000,0.2255059,59.88,0
1700467200000,0.1996507,60.08,0
1700481600000,0.19511886,59.01,0
1700496000000,0.21387465,57.54,0
1700510400000,0.22612396,56.57,0
1700524800000,0.23739117,56.0,0
1700539200000,0.24161644,55.39,0
1700553600000,0.22180079,56.27,0
1700568000000,0.254977,55.11,0
1700582400000,0.22927953,54.81,0
1700596800000,0.21592544,51.65,0
1700611200000,0.18448946,54.37,0
1700625600000,0.19295453,54.67,0
1700640000000,0.20105687,54.53,0
1700654400000,0.1924569,54.94,0
1700668800000,0.18192072,57.34,0
1700683200000,0.19654517,57.56,0
1700697600000,0.20933476,57.64,0
1700712000000,0.23073964,57.8,0
1700726400000,0.19918332,57.97,0
1700740800000,0.20638625,56.6,0
1700755200000,0.22649246,56.35,0
1700769600000,0.254715,56.51,0
1700784000000,0.20320933,57.28,0
1700798400000,0.21285026,57.34,0
1700812800000,0.1889599,58.03,0
1700827200000,0.18823335,58.13,0
1700841600000,0.20490535,57.14,0
1700856000000,0.2078601,56.86,0
1700870400000,0.21763511,58.83,0
1700884800000,0.28578636,58.6,0
1700899200000,0.2511446,57.81,0
1700913600000,0.24880214,58.55,0
1700928000000,0.23897505,59.03,0
1700942400000,0.2731117,58.82,0
1700956800000,0.31771302,58.31,0
1700971200000,0.23546237,58.41,0
1700985600000,0.32484326,57.86,0
1701000000000,0.20108944,57.1,0
1701014400000,0.20058686,57.2,0
1701028800000,0.20080988,57.57,0
1701043200000,0.21029395,56.6,0
1701057600000,0.21303731,55.93,0
1701072000000,0.20128283,55.02,-1
1701086400000,0.1961877,53.94,0
1701100800000,0.1979405,54.13,0
1701115200000,0.19976449,55.06,0
1701129600000,0.253451,54.96,0
1701144000000,0.20553604,55.09,0
1701158400000,0.2104086,56.19,0
1701172800000,0.20143512,56.05,0
1701187200000,0.18430704,58.04,0
1701201600000,0.21143006,58.18,0
1701216000000,0.21242748,58.53,0
1701230400000,0.21148589,59.36,0
1701244800000,0.20676404,60.64,0
1701259200000,0.20249638,60.06,0
1701273600000,0.22091636,60.06,0
1701288000000,0.27005914,59.31,0
1701302400000,0.23661293,60.42,0
1701316800000,0.2047235,60.0,0
1701331200000,0.21196255,60.78,0
1701345600000,0.20042196,59.59,0
1701360000000,0.22553426,59.99,0
1701374400000,0.247596,59.3,0
1701388800000,0.18394612,60.75,0
1701403200000,0.20273747,60.86,0
1701417600000,0.18774268,61.04,0
1701432000000,0.1967718,60.12,0
1701446400000,0.18465309,60.51,0
1701460800000,0.24769096,59.75,0
1701475200000,0.22019644,61.01,0
1701489600000,0.2050256,62.01,0
1701504000000,0.2433359,62.15,0
1701518400000,0.21540147,61.89,0
1701532800000,0.18487604,62.98,0
1701547200000,0.19056174,63.66,0
1701561600000,0.19384767,64.09,0
1701576000000,0.24424723,63.96,0
1701590400000,0.28273392,63.52,0
1701604800000,0.20236713,62.98,0
1701619200000,0.21894693,62.94,0
1701633600000,0.18710966,62.98,0
1701648000000,0.18075919,64.23,0
1701662400000,0.18601896,63.69,0
1701676800000,0.19371614,62.11,0
1701691200000,0.1898596,60.53,-1
1701705600000,0.17848298,61.04,0
1701720000000,0.18689728,61.64,0
1701734400000,0.1950446,60.62,0
1701748800000,0.18625166,59.69,0
1701763200000,0.18630348,60.16,0
1701777600000,0.1776248,60.96,0
1701792000000,0.16641913,61.37,-1
1701806400000,0.17743039,61.03,0
1701820800000,0.17369018,64.36,0
1701835200000,0.18105045,63.36,0
1701849600000,0.18046972,63.05,0
1701864000000,0.18426651,62.61,0
1701878400000,0.17577793,64.42,0
1701892800000,0.18856293,61.85,0
1701907200000,0.18106115,62.92,0
1701921600000,0.18073815,63.37,0
1701936000000,0.1719418,64.18,0
1701950400000,0.16331725,65.81,0
1701964800000,0.17937848,64.77,0
1701979200000,0.17773525,67.74,0
1701993600000,0.17698576,71.47,0
1702008000000,0.18240976,71.39,0
1702022400000,0.17075534,72.95,0
1702036800000,0.18860471,72.02,0
1702051200000,0.17932862,72.28,0
1702065600000,0.1841572,74.94,0
1702080000000,0.22653627,74.16,0
1702094400000,0.18126176,76.96,0
1702108800000,0.17843351,77.1,0
1702123200000,0.18085796,75.57,0
1702137600000,0.20819555,74.08,0
1702152000000,0.21625741,72.3,0
1702166400000,0.20995127,73.0,0
1702180800000,0.2505545,72.47,0
1702195200000,0.1938706,71.42,0
1702209600000,0.18258117,73.73,0
1702224000000,0.22616372,73.47,0
1702238400000,0.18630303,74.87,0
1702252800000,0.20483299,70.88,0
1702267200000,0.20522353,68.49,0
1702281600000,0.19451526,69.66,0
1702296000000,0.1892113,69.26,0
1702310400000,0.19358245,69.33,0
1702324800000,0.19490817,70.25,0
1702339200000,0.20767069,71.18,0
1702353600000,0.20931275,71.77,0
1702368000000,0.21404731,70.61,0
1702382400000,0.22362168,68.46,0
1702396800000,0.21944037,67.62,0
1702411200000,0.22057381,68.6,0
1702425600000,0.22191745,65.48,0
1702440000000,0.19328824,64.89,0
1702454400000,0.21320894,65.38,0
1702468800000,0.20167716,67.56,0
1702483200000,0.20612031,70.35,0
1702497600000,0.2006715,70.62,0
1702512000000,0.20830336,70.08,0
1702526400000,0.19305371,71.52,0
1702540800000,0.19264372,73.53,0
1702555200000,0.20324053,71.65,0
1702569600000,0.18656471,73.28,0
1702584000000,0.19979082,75.68,0
1702598400000,0.22054435,74.38,0
1702612800000,0.20401989,76.62,0
1702627200000,0.2019836,79.14,0
1702641600000,0.20102926,76.06,0
1702656000000,0.19251822,76.94,0
1702670400000,0.21296939,72.51,0
1702684800000,0.1910974,74.21,0
1702699200000,0.20864378,74.38,0
1702713600000,0.22365959,75.15,0
1702728000000,0.19507968,77.15,0
1702742400000,0.20747513,74.16,0
1702756800000,0.24653867,73.72,0
1702771200000,0.20206852,73.51,0
1702785600000,0.21060932,72.38,0
1702800000000,0.2189803,73.08,0
1702814400000,0.21379945,72.68,0
1702828800000,0.1980464,73.54,0
1702843200000,0.21379004,70.87,0
1702857600000,0.2064152,69.94,0
1702872000000,0.21748476,68.94,0
1702886400000,0.20371398,69.01,0
1702900800000,0.20374244,70.73,0
1702915200000,0.20218453,72.34,0
1702929600000,0.1956019,74.42,0
1702944000000,0.17919037,75.27,0
1702958400000,0.19321705,75.71,0
1702972800000,0.19665636,74.63,0
1702987200000,0.20590566,73.67,0
1703001600000,0.20148262,74.26,0
1703016000000,0.2188843,73.0,0
1703030400000,0.21200337,74.92,0
1703044800000,0.2043886,76.07,0
1703059200000,0.22105023,77.07,0
1703073600000,0.19504268,80.68,0
1703088000000,0.21842723,81.07,0
1703102400000,0.20758525,82.21,0
1703116800000,0.1912229,83.38,0
1703131200000,0.19160646,86.83,0
1703145600000,0.20716706,87.01,0
1703160000000,0.21388233,87.5,0
1703174400000,0.21826166,92.89,0
1703188800000,0.2157356,93.84,0
1703203200000,0.21590848,97.77,0
1703217600000,0.21322125,93.78,0
1703232000000,0.22234988,93.78,0
1703246400000,0.21432182,96.31,0
1703260800000,0.20834792,96.91,0
1703275200000,0.2206325,97.9,0
1703289600000,0.24320146,93.73,0
1703304000000,0.2385283,95.36,0
1703318400000,0.26297167,95.87,0
1703332800000,0.22200054,96.77,0
1703347200000,0.22429103,102.88,0
1703361600000,0.21485096,107.88,0
1703376000000,0.2161281,116.22,0
1703390400000,0.25095597,114.51,0
1703404800000,0.24991113,110.34,0
1703419200000,0.22426774,113.55,0
1703433600000,0.2134979,115.16,0
1703448000000,0.22871278,112.45,0
1703462400000,0.23121142,112.03,0
1703476800000,0.22458771,112.93,0
1703491200000,0.23424207,111.75,0
1703505600000,0.22018541,123.15,0
1703520000000,0.22859873,121.26,0
1703534400000,0.23066817,120.91,0
1703548800000,0.23275343,119.37,0
1703563200000,0.23051937,113.4,0
1703577600000,0.22350357,114.8,0
1703592000000,0.22285299,110.51,0
1703606400000,0.23358338,106.65,0
1703620800000,0.2362866,112.49,0
1703635200000,0.22815152,108.53,0
1703649600000,0.2427745,111.36,0
1703664000000,0.22114179,112.78,0
1703678400000,0.23050338,107.8,0
1703692800000,0.22153372,109.02,0
1703707200000,0.23189756,106.91,0
1703721600000,0.23243706,104.49,0
1703736000000,0.21721084,105.85,0
1703750400000,0.23617667,104.86,0
1703764800000,0.23217663,99.71,0
1703779200000,0.22677399,101.1,0
1703793600000,0.22863582,101.8,0
1703808000000,0.22099751,104.89,0
1703822400000,0.22127107,105.12,0
1703836800000,0.21207318,107.56,0
1703851200000,0.21643631,105.98,0
1703865600000,0.23929048,105.84,0
1703880000000,0.2311867,106.17,0
1703894400000,0.28977105,103.55,0
1703908800000,0.26107758,103.44,0
1703923200000,0.23647566,102.16,0
1703937600000,0.21830563,104.26,0
1703952000000,0.21573567,103.26,0
1703966400000,0.27986026,101.9,0
1703980800000,0.27052,100.65,0
1703995200000,0.2327233,103.98,0
1704009600000,0.22677086,104.26,0
1704024000000,0.2250156,102.49,0
1704038400000,0.22157349,103.77,0
1704052800000,0.21074621,101.72,0
1704067200000,0.22524716,103.07,0
1704081600000,0.26063168,102.51,0
1704096000000,0.24865802,104.32,0
1704110400000,0.22123812,105.98,0
1704124800000,0.22865818,108.81,0
1704139200000,0.20004119,109.91,0
1704153600000,0.20477457,111.41,0
1704168000000,0.20729426,114.47,0
1704182400000,0.21314366,113.86,0
1704196800000,0.22315042,109.61,0
1704211200000,0.21862745,107.67,0
1704225600000,0.20848335,106.73,0
1704240000000,0.20943408,108.11,0
1704254400000,0.21744013,107.81,0
1704268800000,0.22128537,103.42,0
1704283200000,0.2511268,102.06,0
1704297600000,0.21915635,97.38,0
1704312000000,0.23905785,98.52,0
1704326400000,0.23158716,101.1,0
1704340800000,0.21711302,98.88,0
1704355200000,0.23418838,98.51,0
1704369600000,0.20756882,103.66,0
1704384000000,0.21850519,105.16,0
1704398400000,0.20583916,104.91,0
1704412800000,0.22975905,100.95,0
1704427200000,0.23295352,101.15,0
1704441600000,0.23339815,99.62,0
1704456000000,0.2380617,98.03,0
1704470400000,0.22799921,97.95,0
1704484800000,0.22530538,99.94,0
1704499200000,0.2651443,98.66,0
1704513600000,0.23215705,94.5,0
1704528000000,0.27544478,94.45,0
1704542400000,0.2294547,95.18,0
1704556800000,0.26124087,95.05,0
1704571200000,0.28986382,93.77,0
1704585600000,0.26593712,92.9,0
1704600000000,0.25142926,95.25,0
1704614400000,0.2640195,94.53,0
1704628800000,0.23202766,93.96,0
1704643200000,0.20139417,94.75,0
1704657600000,0.24750258,89.44,0
1704672000000,0.23357917,87.25,0
1704686400000,0.22934966,89.68,0
1704700800000,0.23058249,92.23,0
1704715200000,0.23493005,94.67,0
1704729600000,0.22294214,99.26,0
1704744000000,0.2105373,97.88,0
1704758400000,0.21608339,99.79,0
1704772800000,0.21682546,101.87,0
1704787200000,0.2204863,101.88,0
1704801600000,0.21983957,99.8,0
1704816000000,0.22214296,99.29,0
1704830400000,0.22071357,99.36,0
1704844800000,0.21715689,99.65,0
1704859200000,0.21175736,98.12,0
1704873600000,0.22862098,97.31,0
1704888000000,0.22473693,94.78,0
1704902400000,0.2175529,96.31,0
1704916800000,0.22916776,102.0,0
1704931200000,0.22608626,100.32,0
1704945600000,0.20609918,99.72,0
1704960000000,0.21275014,104.43,0
1704974400000,0.22968934,100.79,0
1704988800000,0.22029807,101.36,0
1705003200000,0.2041404,99.9,0
1705017600000,0.20276883,97.73,0
1705032000000,0.20356818,98.83,0
1705046400000,0.222758,98.22,0
1705060800000,0.23488435,95.32,0
1705075200000,0.22974679,95.21,0
1705089600000,0.23592801,92.12,0
1705104000000,0.23648615,91.08,0
1705118400000,0.21588822,92.56,0
1705132800000,0.23379982,92.24,0
1705147200000,0.21953355,92.89,0
1705161600000,0.21358421,94.8,0
1705176000000,0.22161369,95.85,0
1705190400000,0.22325045,96.93,0
1705204800000,0.2233813,98.28,0
1705219200000,0.21797168,96.74,0
1705233600000,0.21238232,99.49,0
1705248000000,0.2333093,96.14,0
1705262400000,0.23043647,93.81,0
1705276800000,0.23170133,95.9,0
1705291200000,0.22246474,95.59,0
1705305600000,0.22760624,95.52,0
1705320000000,0.22830237,93.51,0
1705334400000,0.21917683,96.01,0
1705348800000,0.22767356,94.36,0
1705363200000,0.22468787,96.19,0
1705377600000,0.22007333,97.73,0
1705392000000,0.2278984,96.7,0
1705406400000,0.21349157,97.25,0
1705420800000,0.22664313,96.78,0
1705435200000,0.21634549,97.61,0
1705449600000,0.22265613,99.96,0
1705464000000,0.2278068,97.32,0
1705478400000,0.2266144,102.02,0
1705492800000,0.23276742,99.38,0
1705507200000,0.2186332,100.79,0
1705521600000,0.21867812,102.1,0
1705536000000,0.2277749,99.91,0
1705550400000,0.21858752,100.76,0
1705564800000,0.22015719,98.96,0
1705579200000,0.228949,98.25,0
1705593600000,0.2439369,92.36,-1
1705608000000,0.23521844,94.4,0
1705622400000,0.22804964,93.09,0
1705636800000,0.22236493,94.48,0
1705651200000,0.23287942,94.78,0
1705665600000,0.24774738,91.2,0
1705680000000,0.23089148,94.12,0
1705694400000,0.23130168,93.62,0
1705708800000,0.2618272,93.58,0
1705723200000,0.30236563,91.9,0
1705737600000,0.27681518,91.98,0
1705752000000,0.3115678,90.84,0
1705766400000,0.27465406,92.01,0
1705780800000,0.2752439,92.88,0
1705795200000,0.27959222,92.92,0
1705809600000,0.2835586,92.35,0
1705824000000,0.26498306,93.16,0
1705838400000,0.24639404,92.5,0
1705852800000,0.28395957,92.46,0
1705867200000,0.32915223,91.09,0
1705881600000,0.22344777,89.34,0
1705896000000,0.23337224,89.22,0
1705910400000,0.2518482,88.36,0
1705924800000,0.2506862,87.26,0
1705939200000,0.27251333,83.64,0
1705953600000,0.26983413,83.84,0
1705968000000,0.2645754,85.18,0
1705982400000,0.26893687,82.83,0
1705996800000,0.2758485,80.22,0
1706011200000,0.2530711,82.71,0
1706025600000,0.25445235,80.92,0
1706040000000,0.25433123,84.35,0
1706054400000,0.24830166,83.55,0
1706068800000,0.24759676,86.16,0
1706083200000,0.23974861,87.21,0
1706097600000,0.23691954,86.99,0
1706112000000,0.24869016,86.37,0
1706126400000,0.2466691,88.77,0
1706140800000,0.24624024,88.35,0
1706155200000,0.2772361,88.2,0
1706169600000,0.23937628,89.03,0
1706184000000,0.24038313,86.41,0
1706198400000,0.2452057,87.75,0
1706212800000,0.24381645,86.91,0
1706227200000,0.25406256,87.96,0
1706241600000,0.25574854,87.02,0
1706256000000,0.26092044,91.95,0
1706270400000,0.26101115,92.42,0
1706284800000,0.22736026,92.84,0
1706299200000,0.2292051,92.28,0
1706313600000,0.2514766,92.69,0
1706328000000,0.28049558,91.2,0
1706342400000,0.23762172,92.02,0
1706356800000,0.23308662,92.83,0
1706371200000,0.23776788,93.1,0
1706385600000,0.2278518,94.28,0
1706400000000,0.21541058,96.65,0
1706414400000,0.2318688,95.76,0
1706428800000,0.21491343,98.4,0
1706443200000,0.22437347,97.07,0
1706457600000,0.23643093,94.49,0
1706472000000,0.21665625,95.98,0
1706486400000,0.21640825,97.85,0
1706500800000,0.29053167,96.72,0
1706515200000,0.2212934,97.44,0
1706529600000,0.21482842,99.92,0
1706544000000,0.20670341,100.54,0
1706558400000,0.20837191,101.68,0
1706572800000,0.20678057,102.12,0
1706587200000,0.2082383,102.89,0
1706601600000,0.20780735,106.07,0
1706616000000,0.21020767,104.78,0
1706630400000,0.21564677,105.27,0
1706644800000,0.22609633,101.4,0
1706659200000,0.22932702,101.13,0
1706673600000,0.21314307,101.66,0
1706688000000,0.23751588,99.15,0
1706702400000,0.21713868,101.55,0
1706716800000,0.22183816,100.99,0
1706731200000,0.23581435,96.96,0
1706745600000,0.24770021,93.6,0
1706760000000,0.2374299,94.94,0
1706774400000,0.22852717,95.46,0
1706788800000,0.2375629,96.0,0
1706803200000,0.22333823,97.87,0
1706817600000,0.25633726,97.81,0
1706832000000,0.24731207,98.97,0
1706846400000,0.23825447,101.21,0
1706860800000,0.22845927,101.97,0
1706875200000,0.24544938,101.3,0
1706889600000,0.22945905,99.46,0
1706904000000,0.24078338,100.58,0
1706918400000,0.2427528,99.23,0
1706932800000,0.28452197,99.11,0
1706947200000,0.2769947,98.66,0
1706961600000,0.25545403,98.0,0
1706976000000,0.25750428,98.16,0
1706990400000,0.28544083,97.96,0
1707004800000,0.2884636,98.35,0
1707019200000,0.2904788,96.51,0
1707033600000,0.23960777,97.91,0
1707048000000,0.2571924,97.62,0
1707062400000,0.221299,96.35,0
1707076800000,0.23054506,95.49,0
1707091200000,0.23175268,96.04,0
1707105600000,0.23747145,97.62,0
1707120000000,0.22967188,97.88,0
1707134400000,0.23373377,95.6,-1
1707148800000,0.22811821,95.94,0
1707163200000,0.22966671,95.66,0
1707177600000,0.24426003,96.01,0
1707192000000,0.23680368,95.77,0
1707206400000,0.22915362,94.29,-1
1707220800000,0.22724418,95.76,-1
1707235200000,0.220633,97.58,0
1707249600000,0.2316658,96.88,0
1707264000000,0.23338608,95.5,0
1707278400000,0.23921978,95.57,0
1707292800000,0.22365254,95.14,0
1707307200000,0.21815383,96.26,0
1707321600000,0.22363879,97.08,0
1707336000000,0.21018475,101.14,0
1707350400000,0.21404044,101.77,0
1707364800000,0.21003693,100.83,0
1707379200000,0.19970815,101.24,0
1707393600000,0.21018781,104.83,0
1707408000000,0.2227392,102.31,0
1707422400000,0.20343019,102.76,0
1707436800000,0.20645353,104.35,0
1707451200000,0.20495902,105.28,0
1707465600000,0.21178268,105.89,0
1707480000000,0.22267193,105.64,0
1707494400000,0.20828226,104.99,0
1707508800000,0.19942187,106.94,0
1707523200000,0.2114992,110.67,0
1707537600000,0.27729586,108.87,0
1707552000000,0.2132516,108.14,0
1707566400000,0.21860766,108.53,0
1707580800000,0.21085109,109.19,0
1707595200000,0.20769045,109.01,0
1707609600000,0.2133145,109.43,0
1707624000000,0.22176735,109.22,0
1707638400000,0.21448025,109.72,0
1707652800000,0.21243569,108.82,0
1707667200000,0.2131263,108.19,0
1707681600000,0.23620656,107.46,0
1707696000000,0.2110575,106.27,0
1707710400000,0.22218764,105.93,0
1707724800000,0.20844084,104.21,0
1707739200000,0.20425153,108.86,0
1707753600000,0.21093193,109.79,0
1707768000000,0.21064097,111.64,0
1707782400000,0.2067563,113.02,0
1707796800000,0.2137164,114.02,0
1707811200000,0.22058347,114.14,0
1707825600000,0.23670165,110.31,0
1707840000000,0.20611258,111.51,0
1707854400000,0.21413028,112.48,0
1707868800000,0.21872482,111.86,0
1707883200000,0.20914316,113.06,0
1707897600000,0.22185858,115.66,0
1707912000000,0.20930067,116.88,0
1707926400000,0.22071561,116.06,0
1707940800000,0.21854119,116.97,0
1707955200000,0.21892902,117.23,0
1707969600000,0.21095298,115.01,0
1707984000000,0.20948511,116.07,0
1707998400000,0.21346642,114.05,0
1708012800000,0.2159881,114.02,0
1708027200000,0.21174586,113.5,0
1708041600000,0.21463661,113.84,0
1708056000000,0.2072485,111.48,0
1708070400000,0.20643911,112.11,0
1708084800000,0.21112055,109.67,-1
1708099200000,0.21321446,108.65,0
1708113600000,0.20947762,110.33,0
1708128000000,0.29992858,109.89,0
1708142400000,0.24385774,110.34,0
1708156800000,0.21510716,109.38,0
1708171200000,0.2112297,107.2,-1
1708185600000,0.2001799,108.01,0
1708200000000,0.20246786,108.92,0
1708214400000,0.20755762,108.38,0
1708228800000,0.21531092,109.23,0
1708243200000,0.21606886,111.78,0
1708257600000,0.21883416,112.32,0
1708272000000,0.22567669,112.73,0
1708286400000,0.21484807,112.24,0
1708300800000,0.22770232,111.68,0
1708315200000,0.21468954,113.22,0
1708329600000,0.22167917,112.67,0
1708344000000,0.2138189,113.69,0
1708358400000,0.21964332,111.94,0
1708372800000,0.21983138,111.53,0
1708387200000,0.22268595,109.48,0
1708401600000,0.22318003,109.42,0
1708416000000,0.21123862,110.42,0
1708430400000,0.22374696,106.62,-1
1708444800000,0.22392234,107.33,-1
1708459200000,0.20679495,108.31,0
1708473600000,0.21393278,106.63,0
1708488000000,0.21564022,104.85,0
1708502400000,0.2221246,102.73,0
1708516800000,0.22189304,103.86,-1
1708531200000,0.22565639,102.04,0
1708545600000,0.22496217,105.03,0
1708560000000,0.22708231,103.58,0
1708574400000,0.22329551,105.07,0
1708588800000,0.214328,105.84,0
1708603200000,0.22328575,105.39,0
1708617600000,0.21313192,103.54,0
1708632000000,0.2244379,101.76,0
1708646400000,0.232093,101.83,0
1708660800000,0.23070471,101.98,0
1708675200000,0.23635809,102.67,0
1708689600000,0.23487271,100.29,0
1708704000000,0.22803625,101.39,0
1708718400000,0.23564474,99.9,0
1708732800000,0.24145283,100.23,0
1708747200000,0.2509698,102.24,0
1708761600000,0.271236,102.13,0
1708776000000,0.2956128,101.95,0
1708790400000,0.22218247,104.05,0
1708804800000,0.2524804,104.01,0
1708819200000,0.23528397,103.38,0
1708833600000,0.2578185,103.03,0
1708848000000,0.24973543,102.8,0
1708862400000,0.22088787,102.78,0
1708876800000,0.20515051,103.36,0
1708891200000,0.21257253,103.47,0
1708905600000,0.22076483,103.49,0
1708920000000,0.23975836,103.3,0
1708934400000,0.2215391,100.95,-1
1708948800000,0.20111221,104.97,0
1708963200000,0.19837862,109.69,0
1708977600000,0.20054817,109.9,0
1708992000000,0.19509965,110.17,0
1709006400000,0.19411725,110.41,0
1709020800000,0.18989918,111.5,0
1709035200000,0.21009752,106.81,0
1709049600000,0.18804881,108.41,0
1709064000000,0.20061657,108.36,0
1709078400000,0.21222639,107.56,0
1709092800000,0.1858311,110.08,0
1709107200000,0.18666397,111.39,0
1709121600000,0.19561042,113.07,0
1709136000000,0.20641793,111.34,0
1709150400000,0.19469862,119.03,0
1709164800000,0.19663055,123.52,0
1709179200000,0.19195576,125.49,0
1709193600000,0.1948047,129.18,0
1709208000000,0.19621639,132.32,0
1709222400000,0.19880055,130.19,0
1709236800000,0.19051795,125.68,0
1709251200000,0.19690825,133.94,0
1709265600000,0.19899027,131.92,0
1709280000000,0.190526,135.37,0
1709294400000,0.19271688,131.18,0
1709308800000,0.19421205,130.93,0
1709323200000,0.20642947,129.43,0
1709337600000,0.20791097,130.06,0
1709352000000,0.21687028,129.16,0
1709366400000,0.21535991,128.69,0
1709380800000,0.2161427,127.91,0
1709395200000,0.20517269,130.63,0
1709409600000,0.21900661,130.02,0
1709424000000,0.21785608,130.15,0
1709438400000,0.20830144,126.76,0
1709452800000,0.19721696,128.71,0
1709467200000,0.21374407,129.36,0
1709481600000,0.19188426,130.17,0
1709496000000,0.22559597,130.16,0
1709510400000,0.20774215,128.98,0
1709524800000,0.20521566,129.6,0
1709539200000,0.18706197,132.58,0
1709553600000,0.20165448,131.77,0
1709568000000,0.20736314,129.53,0
1709582400000,0.19125238,133.27,0
1709596800000,0.20933445,130.13,0
1709611200000,0.20578583,129.48,0
1709625600000,0.18772356,130.68,0
1709640000000,0.1942875,139.18,0
1709654400000,0.2428647,119.24,0
1709668800000,0.20401947,125.31,0
1709683200000,0.20899412,122.38,0
1709697600000,0.1907239,133.2,0
1709712000000,0.19390647,131.93,0
1709726400000,0.18468922,128.22,0
1709740800000,0.1883309,130.81,0
1709755200000,0.18749392,130.79,0
1709769600000,0.19147946,138.19,0
1709784000000,0.18575382,138.24,0
1709798400000,0.1846889,140.28,0
1709812800000,0.18718952,145.91,0
1709827200000,0.18138227,148.75,0
1709841600000,0.17726822,143.82,0
1709856000000,0.18487847,144.29,0
1709870400000,0.18907359,144.48,0
1709884800000,0.1849574,148.98,0
1709899200000,0.21634217,145.35,0
1709913600000,0.19838414,147.8,0
1709928000000,0.21746632,144.79,0
1709942400000,0.2088185,145.76,0
1709956800000,0.20046113,148.33,0
1709971200000,0.21671295,146.82,0
1709985600000,0.22563156,147.0,0
1710000000000,0.22141773,145.34,0
1710014400000,0.26572418,144.29,0
1710028800000,0.18150815,146.71,0
1710043200000,0.18496181,148.27,0
1710057600000,0.20351987,145.42,0
1710072000000,0.19331738,142.91,0
1710086400000,0.19367516,145.11,0
1710100800000,0.1947467,144.39,0
1710115200000,0.19277027,141.17,0
1710129600000,0.19867735,147.85,0
1710144000000,0.19639465,148.26,0
1710158400000,0.19964401,147.06,0
1710172800000,0.20041385,146.67,0
1710187200000,0.19335087,148.83,0
1710201600000,0.19251816,150.9,0
1710216000000,0.18949749,151.86,0
1710230400000,0.1994642,150.45,0
1710244800000,0.20060004,150.22,0
1710259200000,0.19203606,149.88,0
1710273600000,0.18684873,151.05,0
1710288000000,0.1973311,149.28,0
1710302400000,0.18678728,150.74,0
1710316800000,0.19076727,153.73,0
1710331200000,0.19900827,157.25,0
1710345600000,0.18932046,161.44,0
1710360000000,0.18762685,163.9,0
1710374400000,0.18913683,167.45,0
1710388800000,0.18957482,168.31,0
1710403200000,0.1801843,173.09,0
1710417600000,0.21504067,167.64,0
1710432000000,0.21381259,162.42,0
1710446400000,0.19285686,176.65,0
1710460800000,0.21774952,176.02,0
1710475200000,0.21039008,176.07,0
1710489600000,0.20210938,170.0,0
1710504000000,0.20622046,181.84,0
1710518400000,0.19265015,183.32,0
1710532800000,0.2014084,183.95,0
1710547200000,0.20556521,187.62,0
1710561600000,0.21479833,192.94,0
1710576000000,0.20741093,192.68,0
1710590400000,0.20433277,195.08,0
1710604800000,0.20802413,180.08,0
1710619200000,0.21557195,182.05,0
1710633600000,0.20180918,186.5,0
1710648000000,0.21129622,181.86,0
1710662400000,0.20741582,191.94,0
1710676800000,0.19328928,195.6,0
1710691200000,0.19650997,195.7,0
1710705600000,0.20434906,201.86,0
1710720000000,0.20751713,203.93,0
1710734400000,0.19919787,203.22,0
1710748800000,0.19573961,208.08,0
1710763200000,0.2084137,203.81,0
1710777600000,0.20901956,198.35,0
1710792000000,0.2053018,195.92,0
1710806400000,0.22746126,184.21,0
1710820800000,0.2038717,186.14,0
1710835200000,0.19996509,177.84,0
1710849600000,0.19958553,182.98,0
1710864000000,0.2078006,181.47,0
1710878400000,0.20702805,169.82,0
1710892800000,0.20812891,169.84,0
1710907200000,0.1996699,173.36,0
1710921600000,0.21079572,172.06,0
1710936000000,0.20465888,170.53,0
1710950400000,0.21626689,182.54,0
1710964800000,0.19136731,191.77,0
1710979200000,0.21729375,190.28,0
1710993600000,0.2179613,188.55,0
1711008000000,0.20970204,189.13,0
1711022400000,0.21274298,185.32,0
1711036800000,0.21353483,177.91,0
1711051200000,0.21228431,179.46,0
1711065600000,0.20984338,179.06,0
1711080000000,0.21840465,179.08,0
1711094400000,0.22388783,172.05,0
1711108800000,0.20675021,171.66,0
1711123200000,0.21556494,172.81,0
1711137600000,0.20926537,175.21,0
1711152000000,0.21543527,171.9,0
1711166400000,0.21343614,175.98,0
1711180800000,0.2219634,175.85,0
1711195200000,0.21070758,175.16,0
1711209600000,0.22071841,174.79,0
1711224000000,0.20583588,172.65,0
1711238400000,0.21804765,171.7,0
1711252800000,0.2091969,173.54,0
1711267200000,0.1942557,174.84,0
1711281600000,0.19107772,176.21,0
1711296000000,0.21987931,176.09,0
1711310400000,0.2179654,183.88,0
1711324800000,0.21622913,184.81,0
1711339200000,0.20842779,185.76,0
1711353600000,0.21791069,187.94,0
1711368000000,0.19156042,192.78,0
1711382400000,0.20421481,192.24,0
1711396800000,0.19588934,188.99,0
1711411200000,0.2029789,191.64,0
1711425600000,0.19299951,193.99,0
1711440000000,0.19639544,194.8,0
1711454400000,0.19927256,190.35,0
1711468800000,0.19404562,188.29,0
1711483200000,0.19857293,190.46,0
1711497600000,0.21279491,189.99,0
1711512000000,0.2094752,186.79,0
1711526400000,0.19140616,188.53,0
1711540800000,0.20362654,181.11,-1
1711555200000,0.19646555,182.68,0
1711569600000,0.20216872,186.33,0
1711584000000,0.20749229,182.17,0
1711598400000,0.20174234,187.33,0
1711612800000,0.19781165,185.39,0
1711627200000,0.19075419,187.36,0
1711641600000,0.20371398,186.27,0
1711656000000,0.21789736,189.63,0
1711670400000,0.22701502,188.34,0
1711684800000,0.19231519,183.63,0
1711699200000,0.19954458,185.83,0
1711713600000,0.2132116,184.91,0
1711728000000,0.21877436,187.69,0
1711742400000,0.24031119,192.01,0
1711756800000,0.2513771,192.77,0
1711771200000,0.25123107,195.76,0
1711785600000,0.25671285,197.76,0
1711800000000,0.32417378,196.29,0
1711814400000,0.26039538,195.45,0
1711828800000,0.29616484,194.2,0
1711843200000,0.26188427,194.29,0
1711857600000,0.2216467,196.74,0
1711872000000,0.2918228,195.83,0
1711886400000,0.22392087,195.69,0
1711900800000,0.19607042,200.13,0
1711915200000,0.20598406,202.45,0
1711929600000,0.22464985,202.58,0
1711944000000,0.21950278,197.96,0
1711958400000,0.22100823,195.14,0
1711972800000,0.21928573,188.08,-1
1711987200000,0.20669535,193.33,0
1712001600000,0.22656344,192.24,0
1712016000000,0.22353202,183.59,-1
1712030400000,0.21373382,183.17,0
1712044800000,0.20804672,179.87,0
1712059200000,0.21706122,177.43,0
1712073600000,0.20560725,185.69,-1
1712088000000,0.20466325,181.53,0
1712102400000,0.21009557,188.47,0
1712116800000,0.21880314,189.54,0
1712131200000,0.20886189,187.75,0
1712145600000,0.20926537,189.06,0
1712160000000,0.21156049,185.65,0
1712174400000,0.21138352,185.05,0
1712188800000,0.21776246,181.52,0
1712203200000,0.21351892,184.96,0
1712217600000,0.22729681,185.62,0
1712232000000,0.20807418,186.99,0
1712246400000,0.20762393,185.66,0
1712260800000,0.21228439,184.0,0
1712275200000,0.21040866,179.42,0
1712289600000,0.21543372,175.04,0
1712304000000,0.21023056,169.76,0
1712318400000,0.21463887,175.89,0
1712332800000,0.21892595,175.4,0
1712347200000,0.29213428,174.37,0
1712361600000,0.24493346,175.93,0
1712376000000,0.24608837,177.27,0
1712390400000,0.27797726,175.69,0
1712404800000,0.19176617,177.17,0
1712419200000,0.2491153,177.37,0
1712433600000,0.19826873,178.68,0
1712448000000,0.19764045,180.65,0
1712462400000,0.24465431,179.75,0
1712476800000,0.24449559,180.73,0
1712491200000,0.21972093,179.64,0
1712505600000,0.20570229,178.27,0
1712520000000,0.24814828,179.52,0
1712534400000,0.23216479,176.41,0
1712548800000,0.19002879,180.15,0
1712563200000,0.19340786,182.74,0
1712577600000,0.18708609,181.46,0
1712592000000,0.19505025,179.38,0
1712606400000,0.20395802,180.68,0
1712620800000,0.19484878,177.5,0
1712635200000,0.18399934,175.62,0
1712649600000,0.18618569,176.21,0
1712664000000,0.21408877,172.47,-1
1712678400000,0.20340134,174.33,-1
1712692800000,0.2357907,172.42,0
1712707200000,0.21636608,171.39,-1
1712721600000,0.21923703,172.76,0
1712736000000,0.21483721,170.21,0
1712750400000,0.20903204,167.92,0
1712764800000,0.18814334,171.31,0
1712779200000,0.19646153,173.31,0
1712793600000,0.21739809,172.76,0
1712808000000,0.21022671,174.46,0
1712822400000,0.20557642,170.52,0
1712836800000,0.20682597,173.39,0
1712851200000,0.21155366,174.63,0
1712865600000,0.26670462,172.37,0
1712880000000,0.19883212,174.06,0
1712894400000,0.21741092,173.25,0
1712908800000,0.21776704,172.67,0
1712923200000,0.22372751,167.36,-1
1712937600000,0.19771704,149.26,0
1712952000000,0.20099065,153.16,0
1712966400000,0.2046766,151.77,0
1712980800000,0.20547786,151.02,0
1712995200000,0.22042271,151.23,0
1713009600000,0.22278242,148.99,0
1713024000000,0.22452036,133.73,0
1713038400000,0.19741446,138.47,0
1713052800000,0.2081282,134.91,0
1713067200000,0.20930722,144.06,0
1713081600000,0.20242876,138.84,0
1713096000000,0.20723028,137.99,0
1713110400000,0.20979246,141.78,0
1713124800000,0.20656647,151.25,0
1713139200000,0.20057482,148.11,0
1713153600000,0.20685036,153.75,0
1713168000000,0.20726061,150.95,0
1713182400000,0.2076908,143.31,0
1713196800000,0.22552046,137.89,0
1713211200000,0.2084532,138.51,0
1713225600000,0.19285406,134.6,0
1713240000000,0.20714778,137.87,0
1713254400000,0.19689593,136.18,0
1713268800000,0.20533285,127.62,0
1713283200000,0.2071106,132.14,0
1713297600000,0.21677949,136.22,0
1713312000000,0.22127624,137.41,0
1713326400000,0.21378386,139.46,0
1713340800000,0.2287864,134.29,0
1713355200000,0.21919706,128.71,0
1713369600000,0.20529695,134.62,0
1713384000000,0.22374544,131.84,0
1713398400000,0.2048105,135.58,0
1713412800000,0.20673056,129.43,0
1713427200000,0.21339056,135.81,0
1713441600000,0.20192222,138.99,0
1713456000000,0.20927379,140.29,0
1713470400000,0.2539273,142.07,0
1713484800000,0.22324978,136.54,0
1713499200000,0.22024147,143.32,0
1713513600000,0.21789882,144.44,0
1713528000000,0.2119809,146.19,0
1713542400000,0.21356305,145.49,0
1713556800000,0.20298737,142.5,0
1713571200000,0.22334795,142.4,0
1713585600000,0.26205364,143.51,0
1713600000000,0.23604104,141.55,0
1713614400000,0.20017764,147.19,0
1713628800000,0.19597125,151.2,0
1713643200000,0.24854328,151.22,0
1713657600000,0.22968574,150.63,0
1713672000000,0.23286714,151.12,0
1713686400000,0.2036315,151.46,0
1713700800000,0.24148035,150.14,0
1713715200000,0.20415892,148.0,0
1713729600000,0.2266384,148.8,0
1713744000000,0.19057974,150.35,0
1713758400000,0.18878947,153.62,0
1713772800000,0.21554223,153.28,0
1713787200000,0.18839741,153.45,0
1713801600000,0.19339797,154.55,0
1713816000000,0.20652288,156.95,0
1713830400000,0.21874353,155.51,0
1713844800000,0.22231878,153.62,0
1713859200000,0.22261797,154.08,0
1713873600000,0.19308746,157.92,0
1713888000000,0.22749856,157.48,0
1713902400000,0.24962749,154.75,0
1713916800000,0.19642177,156.73,0
1713931200000,0.19888608,157.84,0
1713945600000,0.19449936,159.33,0
1713960000000,0.23819287,151.51,-1
1713974400000,0.21736126,149.83,-1
1713988800000,0.2142673,147.78,0
1714003200000,0.22162312,146.03,0
1714017600000,0.24131195,146.3,0
1714032000000,0.21392645,144.8,0
1714046400000,0.20982912,147.81,0
1714060800000,0.2135814,146.86,0
1714075200000,0.2592534,144.84,0
1714089600000,0.22615837,143.25,0
1714104000000,0.22412398,143.45,0
1714118400000,0.22804897,143.15,0
1714132800000,0.21623957,142.7,0
1714147200000,0.23026867,142.65,0
1714161600000,0.33717802,139.23,0
1714176000000,0.20868942,136.3,0
1714190400000,0.2754468,136.15,0
1714204800000,0.27950963,135.89,0
1714219200000,0.2202671,137.72,0
1714233600000,0.225465,142.3,0
1714248000000,0.3044819,141.31,0
1714262400000,0.22917442,143.83,0
1714276800000,0.25334728,143.54,0
1714291200000,0.24279204,141.2,0
1714305600000,0.23978804,141.98,0
1714320000000,0.2821848,142.06,0
1714334400000,0.22934306,137.99,0
1714348800000,0.23696579,134.93,0
1714363200000,0.22175622,134.96,0
1714377600000,0.22903903,134.68,0
1714392000000,0.20658346,136.49,-1
1714406400000,0.23114833,134.98,-1
1714420800000,0.21470636,137.77,0
1714435200000,0.21881539,136.51,0
1714449600000,0.23416476,135.1,0
1714464000000,0.23701534,128.78,0
1714478400000,0.21764098,127.76,0
1714492800000,0.22567193,123.04,0
1714507200000,0.21129589,126.77,0
1714521600000,0.20761675,126.23,0
1714536000000,0.23309124,120.58,0
1714550400000,0.22116852,123.06,0
1714564800000,0.21636708,123.4,0
1714579200000,0.21698625,129.73,0
1714593600000,0.2134887,134.64,0
1714608000000,0.21655717,130.06,0
1714622400000,0.22793275,131.39,0
1714636800000,0.21214166,138.74,0
1714651200000,0.20417087,139.09,0
1714665600000,0.22035493,138.05,0
1714680000000,0.22362371,137.58,0
1714694400000,0.22224455,141.01,0
1714708800000,0.2308329,137.23,0
1714723200000,0.22535457,136.88,0
1714737600000,0.21443917,142.09,0
1714752000000,0.23458523,142.77,0
1714766400000,0.21345402,143.69,0
1714780800000,0.23052117,144.22,0
1714795200000,0.26883745,143.96,0
1714809600000,0.18552819,146.49,0
1714824000000,0.20614175,146.18,0
1714838400000,0.21646784,147.4,0
1714852800000,0.29973224,146.05,0
1714867200000,0.20200504,144.62,0
1714881600000,0.23901454,145.64,0
1714896000000,0.2298335,146.63,0
1714910400000,0.18462278,147.49,0
1714924800000,0.27679798,146.07,0
1714939200000,0.28835902,145.73,0
1714953600000,0.24644884,146.28,0
1714968000000,0.20341463,148.73,0
1714982400000,0.19963273,153.99,0
1714996800000,0.19273888,153.82,0
1715011200000,0.22120395,153.48,0
1715025600000,0.26444054,152.82,0
1715040000000,0.21278265,153.89,0
1715054400000,0.21036513,155.13,0
1715068800000,0.20635122,154.97,0
1715083200000,0.20051283,154.71,0
1715097600000,0.22971965,151.19,0
1715112000000,0.21897891,148.03,0
1715126400000,0.22809732,149.5,0
1715140800000,0.21897891,146.42,-1
1715155200000,0.22282758,145.39,0
1715169600000,0.21111341,145.86,0
1715184000000,0.2564263,145.48,0
1715198400000,0.21525845,142.18,0
1715212800000,0.2572128,144.14,0
1715227200000,0.22552933,143.27,0
1715241600000,0.21645862,142.8,0
1715256000000,0.20791483,146.47,0
1715270400000,0.21243306,150.86,0
1715284800000,0.22109099,152.57,0
1715299200000,0.22810178,153.93,0
1715313600000,0.2248856,154.34,0
1715328000000,0.24597488,155.01,0
1715342400000,0.22400633,146.94,-1
1715356800000,0.21396743,147.17,0
1715371200000,0.2932773,146.01,0
1715385600000,0.28522685,143.64,0
1715400000000,0.28526253,145.78,0
1715414400000,0.31532833,144.25,0
1715428800000,0.2374494,145.65,0
1715443200000,0.26773992,146.44,0
1715457600000,0.32455766,145.42,0
1715472000000,0.29404435,146.4,0
1715486400000,0.3389082,144.22,0
1715500800000,0.27170762,145.07,0
1715515200000,0.26362556,145.2,0
1715529600000,0.23668525,144.96,0
1715544000000,0.31040484,143.43,0
1715558400000,0.2104897,140.13,-1
1715572800000,0.2115441,143.56,-1
1715587200000,0.1944575,145.62,0
1715601600000,0.20613518,147.26,0
1715616000000,0.20777835,148.81,0
1715630400000,0.28444332,147.54,0
1715644800000,0.25415692,146.34,0
1715659200000,0.20948139,146.54,0
1715673600000,0.2574516,146.59,0
1715688000000,0.22078353,142.92,-1
1715702400000,0.21112964,143.8,0
1715716800000,0.32198623,142.03,0
1715731200000,0.2545504,143.96,0
1715745600000,0.24391958,144.29,0
1715760000000,0.1996383,144.19,0
1715774400000,0.20448495,151.61,0
1715788800000,0.19091281,154.92,0
1715803200000,0.19765367,158.52,0
1715817600000,0.19557157,163.11,0
1715832000000,0.21587661,162.78,0
1715846400000,0.19804479,163.73,0
1715860800000,0.1856402,160.45,0
1715875200000,0.19110066,159.08,0
1715889600000,0.23440494,159.37,0
1715904000000,0.21379152,162.19,0
1715918400000,0.20218112,169.2,0
1715932800000,0.21074246,167.46,0
1715947200000,0.19728087,169.69,0
1715961600000,0.2146029,168.89,0
1715976000000,0.2658916,169.44,0
1715990400000,0.23067038,173.2,0
1716004800000,0.27391452,172.31,0
1716019200000,0.20774141,174.4,0
1716033600000,0.22171833,172.42,0
1716048000000,0.26590958,172.25,0
1716062400000,0.27657077,172.4,0
1716076800000,0.22749776,174.32,0
1716091200000,0.28446507,174.17,0
1716105600000,0.2148896,171.76,0
1716120000000,0.22061677,168.29,0
1716134400000,0.2510393,169.3,0
1716148800000,0.2708986,169.93,0
1716163200000,0.22823425,172.15,0
1716177600000,0.21521929,178.03,0
1716192000000,0.22320044,177.7,0
1716206400000,0.20162705,179.01,0
1716220800000,0.19402519,187.25,0
1716235200000,0.19386609,186.7,0
1716249600000,0.19323492,184.27,0
1716264000000,0.18727735,181.28,0
1716278400000,0.19228454,180.4,0
1716292800000,0.19945623,176.75,0
1716307200000,0.19747812,175.3,0
1716321600000,0.20547867,178.15,0
1716336000000,0.20060048,177.95,0
1716350400000,0.19812872,179.89,0
1716364800000,0.20731916,178.06,0
1716379200000,0.19272453,181.39,0
1716393600000,0.1874605,178.36,0
1716408000000,0.20404415,176.95,0
1716422400000,0.22525615,178.79,0
1716436800000,0.23730896,177.44,0
1716451200000,0.21046934,175.67,0
1716465600000,0.19598691,172.7,-1
1716480000000,0.21403424,170.92,0
1716494400000,0.19071929,176.16,0
1716508800000,0.21893547,172.01,0
1716523200000,0.22387916,166.16,0
1716537600000,0.21943955,166.34,0
1716552000000,0.2068485,167.29,0
1716566400000,0.20401438,168.33,0
1716580800000,0.31276116,167.7,0
1716595200000,0.30922964,169.66,0
1716609600000,0.30042118,168.99,0
1716624000000,0.23646337,168.61,0
1716638400000,0.22795217,167.83,0
1716652800000,0.3072875,167.23,0
1716667200000,0.27337125,168.35,0
1716681600000,0.28932437,166.28,0
1716696000000,0.3040568,165.33,0
1716710400000,0.24908155,164.02,0
1716724800000,0.25398546,162.85,0
1716739200000,0.2934412,162.71,0
1716753600000,0.27935976,163.41,0
1716768000000,0.23162672,165.38,0
1716782400000,0.24301827,165.52,0
1716796800000,0.22186752,167.74,0
1716811200000,0.19002172,171.04,0
1716825600000,0.20616843,168.65,0
1716840000000,0.23021862,170.15,0
1716854400000,0.22370064,167.4,0
1716868800000,0.2172955,166.09,0
1716883200000,0.19969593,169.81,0
1716897600000,0.21345328,168.28,0
1716912000000,0.21725889,170.39,0
1716926400000,0.26238096,168.68,0
1716940800000,0.22514538,172.35,0
1716955200000,0.23735829,170.8,0
1716969600000,0.22478294,168.28,0
1716984000000,0.21673661,168.6,0
1716998400000,0.22833997,169.41,0
1717012800000,0.266367,168.32,0
1717027200000,0.23371182,169.99,0
1717041600000,0.22329298,165.0,-1
1717056000000,0.22242203,166.2,0
1717070400000,0.21933295,168.48,0
1717084800000,0.21423373,168.42,0
1717099200000,0.24873392,166.88,0
1717113600000,0.27447745,167.24,0
1717128000000,0.2802123,166.62,0
1717142400000,0.23798376,168.75,0
1717156800000,0.2188133,164.81,-1
1717171200000,0.22351114,166.33,0
1717185600000,0.24735402,165.65,0
1717200000000,0.29285115,167.02,0
1717214400000,0.26324576,166.85,0
1717228800000,0.2880204,166.88,0
1717243200000,0.30263638,167.31,0
1717257600000,0.26827604,167.45,0
1717272000000,0.31333274,166.14,0
1717286400000,0.27043843,166.2,0
1717300800000,0.28281853,165.02,0
1717315200000,0.2286763,166.05,0
1717329600000,0.25562486,165.16,0
1717344000000,0.231449,163.12,-1
1717358400000,0.2923552,163.15,0
1717372800000,0.22255671,163.59,0
1717387200000,0.20229141,165.35,0
1717401600000,0.22746964,164.83,0
1717416000000,0.21392708,164.83,-1
1717430400000,0.21696721,166.93,0
1717444800000,0.29175568,164.89,0
1717459200000,0.22956176,166.47,0
1717473600000,0.303056,165.24,0
1717488000000,0.24205369,165.51,0
1717502400000,0.18657316,167.91,0
1717516800000,0.18587047,169.47,0
1717531200000,0.22633085,171.78,0
1717545600000,0.18553244,172.97,0
1717560000000,0.2048276,173.43,0
1717574400000,0.2028354,172.85,0
1717588800000,0.18635522,174.74,0
1717603200000,0.20026757,172.97,0
1717617600000,0.22804154,173.54,0
1717632000000,0.271064,173.85,0
1717646400000,0.23929456,172.6,0
1717660800000,0.2466719,173.08,0
1717675200000,0.19378532,172.99,0
1717689600000,0.18319489,169.12,0
1717704000000,0.2009451,170.15,0
1717718400000,0.24991105,170.57,0
1717732800000,0.20819983,172.01,0
1717747200000,0.2233565,172.2,0
1717761600000,0.20501988,170.15,0
1717776000000,0.22199874,162.01,0
1717790400000,0.2477191,162.5,0
1717804800000,0.29192248,162.7,0
1717819200000,0.30080956,163.6,0
1717833600000,0.2985003,160.48,0
1717848000000,0.26724783,160.15,0
1717862400000,0.2721648,159.85,0
1717876800000,0.30522946,157.83,0
1717891200000,0.27337116,157.78,0
1717905600000,0.28565544,159.01,0
1717920000000,0.28536364,159.44,0
1717934400000,0.25400499,161.63,0
1717948800000,0.28489736,162.13,0
1717963200000,0.27121142,162.12,0
1717977600000,0.31360936,159.87,0
1717992000000,0.32103392,157.62,0
1718006400000,0.2786416,159.46,0
1718020800000,0.21900311,162.38,0
1718035200000,0.28639224,160.44,0
1718049600000,0.28777432,159.05,0
1718064000000,0.21676283,156.07,-1
1718078400000,0.2125499,153.39,0
1718092800000,0.20666316,153.89,0
1718107200000,0.21696788,147.67,0
1718121600000,0.20650728,149.23,0
1718136000000,0.27728605,149.31,0
1718150400000,0.2344867,149.65,0
1718164800000,0.2748705,151.79,0
1718179200000,0.23105851,151.74,0
1718193600000,0.22218284,158.84,0
1718208000000,0.23528214,153.33,0
1718222400000,0.2614291,155.22,0
1718236800000,0.21714532,151.55,0
1718251200000,0.2392667,152.09,0
1718265600000,0.22656344,149.63,0
1718280000000,0.21711192,146.87,0
1718294400000,0.23002246,147.73,0
1718308800000,0.3164395,147.29,0
1718323200000,0.24720833,147.5,0
1718337600000,0.23347677,147.62,0
1718352000000,0.25465146,148.1,0
1718366400000,0.21919292,143.78,0
1718380800000,0.21677025,141.8,0
1718395200000,0.23692703,143.05,0
1718409600000,0.3004144,144.94,0
1718424000000,0.22987352,143.78,0
1718438400000,0.29445574,144.5,0
1718452800000,0.26865157,145.19,0
1718467200000,0.29759675,144.66,0
1718481600000,0.29983827,145.52,0
1718496000000,0.340334,144.01,0
1718510400000,0.29273152,144.49,0
1718524800000,0.27179733,145.0,0
1718539200000,0.27382645,148.53,0
1718553600000,0.26602525,148.78,0
1718568000000,0.25309837,151.3,0
1718582400000,0.23808713,147.36,0
1718596800000,0.24227904,146.61,0
1718611200000,0.2241503,143.94,-1
1718625600000,0.22105587,141.23,-1
1718640000000,0.21030234,144.57,0
1718654400000,0.27383283,143.27,0
1718668800000,0.22231792,135.62,0
1718683200000,0.22862247,136.71,0
1718697600000,0.22353764,137.16,0
1718712000000,0.21314405,136.01,0
1718726400000,0.22010091,133.14,0
1718740800000,0.22194232,137.41,0
1718755200000,0.22241826,140.15,0
1718769600000,0.22779635,139.98,0
1718784000000,0.22108616,137.96,0
1718798400000,0.22728239,136.92,0
1718812800000,0.25125578,136.67,0
1718827200000,0.32166246,135.62,0
1718841600000,0.23807853,133.06,0
1718856000000,0.23029064,137.18,0
1718870400000,0.21796851,139.34,0
1718884800000,0.22917095,133.27,0
1718899200000,0.2130866,134.25,0
1718913600000,0.2955091,133.55,0
1718928000000,0.23319505,132.68,0
1718942400000,0.2334302,131.43,0
1718956800000,0.20965922,132.08,0
1718971200000,0.21643336,131.4,0
1718985600000,0.21793659,132.64,0
1719000000000,0.30667296,134.6,0
1719014400000,0.31866327,135.07,0
1719028800000,0.28780296,134.86,0
1719043200000,0.31045964,134.52,0
1719057600000,0.29870617,134.25,0
1719072000000,0.29653093,134.47,0
1719086400000,0.2778763,133.69,0
1719100800000,0.30751795,134.77,0
1719115200000,0.27735856,134.72,0
1719129600000,0.28132004,134.03,0
1719144000000,0.345256,131.58,0
1719158400000,0.2887767,131.46,0
1719172800000,0.255377,128.69,0
1719187200000,0.23147336,126.23,0
1719201600000,0.21606034,125.2,0
1719216000000,0.22554727,127.07,0
1719230400000,0.2121279,126.31,0
1719244800000,0.21526365,127.49,-1
1719259200000,0.2143803,132.33,0
1719273600000,0.22123754,135.79,0
1719288000000,0.2322959,134.82,0
1719302400000,0.2318517,137.8,0
1719316800000,0.21811219,139.43,0
1719331200000,0.22469813,138.75,0
1719345600000,0.30607843,136.58,0
1719360000000,0.26173398,138.46,0
1719374400000,0.27392063,137.94,0
1719388800000,0.23251307,137.32,0
1719403200000,0.23165749,136.88,0
1719417600000,0.22508776,137.76,0
1719432000000,0.30762875,136.81,0
1719446400000,0.26464355,137.52,0
1719460800000,0.31239256,135.91,0
1719475200000,0.25108233,139.05,0
1719489600000,0.21107097,147.77,0
1719504000000,0.27465078,148.46,0
1719518400000,0.2921164,149.71,0
1719532800000,0.23515877,147.54,0
1719547200000,0.3159135,145.37,0
1719561600000,0.23433991,145.5,0
1719576000000,0.2150146,143.23,0
1719590400000,0.23316976,140.98,0
1719604800000,0.2957861,140.03,0
1719619200000,0.24711946,141.77,0
1719633600000,0.29346558,142.0,0
1719648000000,0.27469042,142.66,0
1719662400000,0.27736393,142.68,0
1719676800000,0.2830483,141.72,0
1719691200000,0.3008159,140.28,0
1719705600000,0.32959282,138.3,0
1719720000000,0.22888,140.64,0
1719734400000,0.26920828,141.18,0
1719748800000,0.24995469,143.83,0
1719763200000,0.25843185,144.82,0
1719777600000,0.19330326,146.61,0
1719792000000,0.18639287,147.61,0
1719806400000,0.25220552,148.3,0
1719820800000,0.22964881,146.14,0
1719835200000,0.21339133,148.5,0
1719849600000,0.20898025,147.32,0
1719864000000,0.32094258,146.67,0
1719878400000,0.25623232,149.16,0
1719892800000,0.30502063,147.43,0
1719907200000,0.23612192,149.68,0
1719921600000,0.22803733,148.39,0
1719936000000,0.22455955,152.79,0
1719950400000,0.2638788,154.03,0
1719964800000,0.22173996,150.56,0
1719979200000,0.2947588,146.4,0
1719993600000,0.21810798,144.07,-1
1720008000000,0.2147677,141.68,-1
1720022400000,0.23036538,140.43,-1
1720036800000,0.24295478,140.84,0
1720051200000,0.21855624,137.08,-1
1720065600000,0.22212026,134.38,0
1720080000000,0.20888984,132.73,0
1720094400000,0.21179004,135.4,-1
1720108800000,0.23028733,134.0,0
1720123200000,0.22294012,127.86,0
1720137600000,0.18873869,123.67,0
1720152000000,0.18151873,126.72,0
1720166400000,0.19082253,130.13,0
1720180800000,0.20815384,134.93,0
1720195200000,0.20468198,134.97,0
1720209600000,0.28193164,134.32,0
1720224000000,0.22138518,134.44,0
1720238400000,0.24231096,136.94,0
1720252800000,0.2440006,138.75,0
1720267200000,0.22107221,141.88,0
1720281600000,0.2275141,142.82,0
1720296000000,0.29373696,143.05,0
1720310400000,0.2791572,142.12,0
1720324800000,0.22934885,139.09,0
1720339200000,0.27767625,139.89,0
1720353600000,0.21849263,137.07,0
1720368000000,0.29206726,137.33,0
1720382400000,0.23802467,131.64,0
1720396800000,0.20809747,130.71,0
1720411200000,0.21507882,132.59,0
1720425600000,0.21123257,140.61,0
1720440000000,0.23413727,137.43,0
1720454400000,0.23491973,138.29,0
1720468800000,0.24669774,139.81,0
1720483200000,0.20160483,140.44,0
1720497600000,0.20658761,142.12,0
1720512000000,0.21830219,141.92,0
1720526400000,0.21999611,140.52,0
1720540800000,0.21718366,142.12,0
1720555200000,0.25821227,141.42,0
1720569600000,0.23519611,141.73,0
1720584000000,0.18617581,144.17,0
1720598400000,0.23802055,142.79,0
1720612800000,0.21887808,141.18,0
1720627200000,0.23008403,141.07,0
1720641600000,0.2438108,141.98,0
1720656000000,0.24086428,140.3,0
1720670400000,0.23121367,142.1,0
1720684800000,0.21731229,143.52,0
1720699200000,0.22008699,138.45,0
1720713600000,0.22599117,136.57,0
1720728000000,0.23386614,135.73,0
1720742400000,0.20262688,136.53,0
1720756800000,0.27345788,135.41,0
1720771200000,0.23576206,135.65,0
1720785600000,0.19209038,138.85,0
1720800000000,0.22114176,138.49,0
1720814400000,0.24113162,139.46,0
1720828800000,0.34143853,138.75,0
1720843200000,0.30810475,139.38,0
1720857600000,0.24000268,140.12,0
1720872000000,0.2408148,140.37,0
1720886400000,0.32718652,139.82,0
1720900800000,0.2215185,141.9,0
1720915200000,0.23116542,143.96,0
1720929600000,0.21858832,144.77,0
1720944000000,0.23292537,144.88,0
1720958400000,0.2268604,145.9,0
1720972800000,0.27435184,145.22,0
1720987200000,0.20631139,147.66,0
1721001600000,0.19159178,151.39,0
1721016000000,0.19474244,153.23,0
1721030400000,0.21667115,151.64,0
1721044800000,0.18641701,152.94,0
1721059200000,0.19099931,155.33,0
1721073600000,0.1955721,159.38,0
1721088000000,0.20738094,157.88,0
1721102400000,0.19923511,154.49,0
1721116800000,0.1875001,157.32,0
1721131200000,0.18802665,160.98,0
1721145600000,0.18843624,161.94,0
1721160000000,0.2081584,160.62,0
1721174400000,0.19286436,160.92,0
1721188800000,0.20641983,160.6,0
1721203200000,0.20747949,160.84,0
1721217600000,0.19934358,158.08,0
1721232000000,0.20185807,156.83,0
1721246400000,0.29613808,155.5,0
1721260800000,0.20197064,158.93,0
1721275200000,0.22194427,158.66,0
1721289600000,0.22166853,159.45,0
1721304000000,0.19423121,156.37,0
1721318400000,0.21501116,156.98,0
1721332800000,0.23341534,159.22,0
1721347200000,0.20498082,161.83,0
1721361600000,0.22836296,161.42,0
1721376000000,0.21373586,162.65,0
1721390400000,0.18699554,168.8,0
1721404800000,0.19056362,170.46,0
1721419200000,0.21275978,169.13,0
1721433600000,0.2509986,169.57,0
1721448000000,0.29620215,168.57,0
1721462400000,0.27640247,168.03,0
1721476800000,0.2733227,169.28,0
1721491200000,0.20957372,172.42,0
1721505600000,0.23748599,173.6,0
1721520000000,0.30113146,173.14,0
1721534400000,0.33258915,171.33,0
1721548800000,0.24664555,172.88,0
1721563200000,0.21444057,175.4,0
1721577600000,0.19103003,177.98,0
1721592000000,0.19673924,184.49,0
1721606400000,0.21895473,180.94,0
1721620800000,0.21572436,178.39,0
1721635200000,0.22049695,180.59,0
1721649600000,0.20739646,179.88,0
1721664000000,0.2187995,182.86,0
1721678400000,0.208657,178.9,0
1721692800000,0.22332509,179.1,0
1721707200000,0.19460194,176.06,0
1721721600000,0.1960527,175.62,0
1721736000000,0.21458194,176.49,0
1721750400000,0.22335586,171.98,-1
1721764800000,0.21880014,173.03,0
1721779200000,0.25853202,173.65,0
1721793600000,0.26349813,174.25,0
1721808000000,0.22914861,177.76,0
1721822400000,0.22238545,177.76,0
1721836800000,0.21987884,178.2,0
1721851200000,0.22897914,178.06,0
1721865600000,0.2167272,170.53,-1
1721880000000,0.22504233,169.4,0
1721894400000,0.22400963,168.81,0
1721908800000,0.2150913,170.43,0
1721923200000,0.21175021,168.13,0
1721937600000,0.22489554,171.85,0
1721952000000,0.2239821,175.75,0
1721966400000,0.23175171,176.75,0
1721980800000,0.23154888,178.81,0
1721995200000,0.22507855,181.53,0
1722009600000,0.28309634,182.21,0
1722024000000,0.275364,183.06,0
1722038400000,0.33884436,182.66,0
1722052800000,0.28187564,185.84,0
1722067200000,0.2821197,185.4,0
1722081600000,0.20332128,182.52,0
1722096000000,0.19022107,181.48,0
1722110400000,0.20059237,183.92,0
1722124800000,0.26187554,184.31,0
1722139200000,0.28058618,183.84,0
1722153600000,0.29668802,185.26,0
1722168000000,0.2884245,184.11,0
1722182400000,0.25396466,184.78,0
1722196800000,0.2415586,184.9,0
1722211200000,0.20186594,192.25,0
1722225600000,0.2164056,192.35,0
1722240000000,0.23288696,190.84,0
1722254400000,0.20216082,186.95,0
1722268800000,0.19335134,186.84,0
1722283200000,0.21843526,182.57,0
1722297600000,0.22243999,182.58,-1
1722312000000,0.26825106,182.39,0
1722326400000,0.2915839,181.02,0
1722340800000,0.22302146,181.01,-1
1722355200000,0.23173998,177.97,0
1722369600000,0.25110644,179.16,0
1722384000000,0.288988,180.91,0
1722398400000,0.22670648,183.13,0
1722412800000,0.32538432,181.72,0
1722427200000,0.23240161,180.08,0
1722441600000,0.21971293,176.59,-1
1722456000000,0.23251586,171.71,0
1722470400000,0.21069138,168.62,0
1722484800000,0.22682297,168.23,0
1722499200000,0.2809911,169.69,0
1722513600000,0.2288998,162.67,0
1722528000000,0.21159561,162.4,0
1722542400000,0.2154411,167.37,0
1722556800000,0.23344651,164.32,0
1722571200000,0.238006,161.44,0
1722585600000,0.26197636,164.37,0
1722600000000,0.23080605,156.76,0
1722614400000,0.22358808,151.3,0
1722628800000,0.2097283,152.77,0
1722643200000,0.20368233,153.56,0
1722657600000,0.2857945,151.64,0
1722672000000,0.25725356,152.38,0
1722686400000,0.231014,146.2,0
1722700800000,0.21880415,140.42,0
1722715200000,0.22828415,142.52,0
1722729600000,0.24726333,144.32,0
1722744000000,0.33788306,140.82,0
1722758400000,0.2805834,143.51,0
1722772800000,0.214193,135.19,0
1722787200000,0.21040295,142.0,0
1722801600000,0.22552569,138.33,0
1722816000000,0.20059107,126.14,0
1722830400000,0.20198147,122.9,0
1722844800000,0.19970849,115.96,0
1722859200000,0.19107743,130.44,0
1722873600000,0.19551367,128.76,0
1722888000000,0.1812839,129.78,0
1722902400000,0.19232391,138.62,0
1722916800000,0.18439586,141.98,0
1722931200000,0.19378623,139.47,0
1722945600000,0.20319897,145.9,0
1722960000000,0.21352792,146.33,0
1722974400000,0.21112694,144.4,0
1722988800000,0.20855379,151.62,0
1723003200000,0.20582233,152.46,0
1723017600000,0.20442502,151.61,0
1723032000000,0.22032025,148.46,0
1723046400000,0.2254015,143.16,0
1723060800000,0.21219227,144.77,0
1723075200000,0.20924458,153.09,0
1723089600000,0.22425723,153.65,0
1723104000000,0.21356432,154.12,0
1723118400000,0.22591777,160.6,0
1723132800000,0.22127824,155.81,0
1723147200000,0.19299729,163.13,0
1723161600000,0.19820783,158.94,0
1723176000000,0.20115542,157.92,0
1723190400000,0.20803456,156.62,0
1723204800000,0.20884627,151.13,0
1723219200000,0.19958936,153.6,0
1723233600000,0.20535576,156.28,0
1723248000000,0.22307193,154.17,0
1723262400000,0.24423736,155.43,0
1723276800000,0.29188335,154.85,0
1723291200000,0.33832878,153.96,0
1723305600000,0.26239765,154.51,0
1723320000000,0.2699671,154.01,0
1723334400000,0.25972652,155.69,0
1723348800000,0.24281178,156.69,0
1723363200000,0.20942938,153.66,0
1723377600000,0.20095225,148.73,0
1723392000000,0.22734682,145.78,0
1723406400000,0.19534579,141.57,0
1723420800000,0.20838177,143.92,0
1723435200000,0.19937511,145.94,0
1723449600000,0.19146067,150.25,0
1723464000000,0.21726367,147.58,-1
1723478400000,0.23337437,143.75,0
1723492800000,0.22610664,146.29,0
1723507200000,0.23275521,143.66,0
1723521600000,0.23573622,145.99,0
1723536000000,0.23278943,145.88,0
1723550400000,0.20431845,146.08,0
1723564800000,0.2083745,146.55,0
1723579200000,0.23145945,146.65,0
1723593600000,0.26248285,145.14,0
1723608000000,0.29329693,145.73,0
1723622400000,0.2154489,148.01,0
1723636800000,0.23913328,146.7,-1
1723651200000,0.22744875,144.24,0
1723665600000,0.28448993,143.71,0
1723680000000,0.21932037,144.7,0
1723694400000,0.22623342,142.51,0
1723708800000,0.23727766,143.13,0
1723723200000,0.21148454,145.95,0
1723737600000,0.23162675,139.99,-1
1723752000000,0.21298952,142.58,0
1723766400000,0.22993214,141.99,0
1723780800000,0.22078396,144.53,0
1723795200000,0.30730343,141.97,0
1723809600000,0.21928073,137.91,-1
1723824000000,0.22132559,140.94,0
1723838400000,0.30523625,139.04,0
1723852800000,0.27265227,138.89,0
1723867200000,0.2847204,139.45,0
1723881600000,0.28088033,139.12,0
1723896000000,0.28296635,140.18,0
1723910400000,0.29454228,141.11,0
1723924800000,0.29013383,141.93,0
1723939200000,0.26744565,141.17,0
1723953600000,0.28772178,141.55,0
1723968000000,0.24986139,144.62,0
1723982400000,0.22935723,145.8,0
1723996800000,0.28969625,146.44,0
1724011200000,0.29245612,142.42,0
1724025600000,0.22126257,143.23,0
1724040000000,0.314666,142.3,0
1724054400000,0.23043497,142.33,0
1724068800000,0.22069164,143.86,0
1724083200000,0.21481554,142.95,0
1724097600000,0.20758301,144.29,0
1724112000000,0.18899696,145.58,0
1724126400000,0.19437855,147.47,0
1724140800000,0.25479913,145.4,0
1724155200000,0.22106408,142.16,0
1724169600000,0.21131234,144.02,0
1724184000000,0.2942158,142.27,0
1724198400000,0.24829929,142.53,0
1724212800000,0.26780307,143.18,0
1724227200000,0.28330812,141.31,0
1724241600000,0.21448655,140.36,-1
1724256000000,0.1955443,143.43,0
1724270400000,0.2004158,142.79,0
1724284800000,0.23006828,141.73,0
1724299200000,0.23514281,143.33,0
1724313600000,0.20819633,144.53,0
1724328000000,0.20806488,142.63,0
1724342400000,0.2672509,142.74,0
1724356800000,0.2646309,143.22,0
1724371200000,0.22543734,144.48,0
1724385600000,0.2084548,145.15,0
1724400000000,0.2346121,143.49,0
1724414400000,0.19202009,144.4,0
1724428800000,0.20165999,149.7,0
1724443200000,0.19502589,153.26,0
1724457600000,0.2135247,153.25,0
1724472000000,0.1982294,154.61,0
1724486400000,0.23588134,157.34,0
1724500800000,0.2201658,159.46,0
1724515200000,0.2017248,160.57,0
1724529600000,0.23436008,160.67,0
1724544000000,0.23416586,158.3,0
1724558400000,0.34996623,156.12,0
1724572800000,0.25704947,157.28,0
1724587200000,0.26375246,159.35,0
1724601600000,0.24491519,159.1,0
1724616000000,0.21753487,158.92,0
1724630400000,0.2332379,160.11,0
1724644800000,0.22455277,159.11,0
1724659200000,0.20847234,160.38,0
1724673600000,0.20440058,157.64,0
1724688000000,0.21427593,158.0,0
1724702400000,0.22189677,157.12,0
1724716800000,0.20623116,158.53,0
1724731200000,0.21737245,157.72,0
1724745600000,0.20042948,154.26,0
1724760000000,0.21461266,153.75,0
1724774400000,0.23081107,154.98,0
1724788800000,0.24063157,146.79,0
1724803200000,0.21288878,148.17,0
1724817600000,0.23002683,143.97,0
1724832000000,0.20444979,147.16,-1
1724846400000,0.21635754,144.11,0
1724860800000,0.21118896,144.26,-1
1724875200000,0.2235002,143.95,0
1724889600000,0.2983918,143.32,0
1724904000000,0.23730999,144.66,0
1724918400000,0.22605841,145.63,0
1724932800000,0.21250929,146.06,0
1724947200000,0.22766434,140.28,0
1724961600000,0.28718674,140.0,0
1724976000000,0.28062555,138.75,0
1724990400000,0.22892092,139.02,0
1725004800000,0.26938683,138.66,0
1725019200000,0.22922783,133.32,0
1725033600000,0.22611356,135.98,0
1725048000000,0.2997782,137.99,0
1725062400000,0.30492163,138.29,0
1725076800000,0.30068323,137.59,0
1725091200000,0.3005045,137.01,0
1725105600000,0.29096764,136.63,0
1725120000000,0.3403568,134.97,0
1725134400000,0.28534183,135.35,0
1725148800000,0.30507457,134.07,0
1725163200000,0.27029446,132.81,0
1725177600000,0.28462481,131.91,0
1725192000000,0.2123841,134.29,0
1725206400000,0.23422682,135.23,0
1725220800000,0.23499666,128.5,0
1725235200000,0.22778602,130.21,0
1725249600000,0.2445878,127.66,0
1725264000000,0.20765468,131.83,-1
1725278400000,0.22845994,132.54,0
1725292800000,0.2449005,133.05,0
1725307200000,0.21838988,134.94,0
1725321600000,0.24579217,135.51,0
1725336000000,0.2688217,134.6,0
1725350400000,0.25346145,134.36,0
1725364800000,0.23301603,129.8,-1
1725379200000,0.22612211,130.95,0
1725393600000,0.25318876,127.54,0
1725408000000,0.22359857,127.7,-1
1725422400000,0.22722012,130.3,0
1725436800000,0.22669527,128.43,0
1725451200000,0.21296516,133.83,0
1725465600000,0.21534663,133.19,0
1725480000000,0.27504545,133.64,0
1725494400000,0.22173731,131.6,0
1725508800000,0.23323663,133.1,0
1725523200000,0.26060018,132.83,0
1725537600000,0.22012234,130.61,0
1725552000000,0.23075466,128.44,0
1725566400000,0.26592815,129.41,0
1725580800000,0.2357949,130.7,0
1725595200000,0.21857165,128.09,0
1725609600000,0.23841438,130.24,0
1725624000000,0.23517033,128.09,-1
1725638400000,0.22874784,125.14,-1
1725652800000,0.21632262,125.05,-1
1725667200000,0.24525249,125.17,0
1725681600000,0.23359512,127.62,0
1725696000000,0.28484678,126.99,0
1725710400000,0.24294104,128.84,0
1725724800000,0.22233355,128.31,0
1725739200000,0.300399,127.71,0
1725753600000,0.28134528,128.28,0
1725768000000,0.30739063,129.59,0
1725782400000,0.2994917,130.08,0
1725796800000,0.24114785,126.74,0
1725811200000,0.28140086,128.71,0
1725825600000,0.22508366,130.15,0
1725840000000,0.23235312,128.59,0
1725854400000,0.23305075,129.31,0
1725868800000,0.22780216,129.44,0
1725883200000,0.22484325,128.41,0
1725897600000,0.21004938,134.98,0
1725912000000,0.22258784,135.08,0
1725926400000,0.28508893,132.91,0
1725940800000,0.21861231,134.96,0
1725955200000,0.23408446,135.23,0
1725969600000,0.19881988,134.14,0
1725984000000,0.2068152,136.65,0
1725998400000,0.23809592,135.63,0
1726012800000,0.20880112,133.65,0
1726027200000,0.20372312,132.45,0
1726041600000,0.22068232,132.0,0
1726056000000,0.20393677,131.17,0
1726070400000,0.1919374,132.7,0
1726084800000,0.28459322,132.42,0
1726099200000,0.198711,135.62,0
1726113600000,0.23716594,134.9,0
1726128000000,0.24077077,134.79,0
1726142400000,0.19824627,133.56,0
1726156800000,0.20188169,135.74,0
1726171200000,0.23499805,136.05,0
1726185600000,0.27277806,134.44,0
1726200000000,0.2525951,134.58,0
1726214400000,0.2640457,132.58,0
1726228800000,0.19491294,136.59,0
1726243200000,0.19111733,138.04,0
1726257600000,0.20508415,139.02,0
1726272000000,0.25180513,139.43,0
1726286400000,0.29869065,137.51,0
1726300800000,0.2438992,136.79,0
1726315200000,0.2605553,137.39,0
1726329600000,0.25615904,136.58,0
1726344000000,0.25121748,137.14,0
1726358400000,0.26747155,137.45,0
1726372800000,0.27981952,137.16,0
1726387200000,0.33770832,135.61,0
1726401600000,0.2514859,135.76,0
1726416000000,0.20184445,133.46,-1
1726430400000,0.20335113,131.37,-1
1726444800000,0.20646462,130.62,-1
1726459200000,0.2329545,131.25,0
1726473600000,0.2299089,131.89,0
1726488000000,0.21449424,131.46,-1
1726502400000,0.21775863,131.13,-1
1726516800000,0.24640238,131.47,0
1726531200000,0.2598427,131.12,0
1726545600000,0.26445898,132.25,0
1726560000000,0.22664501,131.95,0
1726574400000,0.20253365,134.67,0
1726588800000,0.22159435,132.23,-1
1726603200000,0.2503247,131.54,0
1726617600000,0.22548255,131.68,0
1726632000000,0.30130213,131.35,0
1726646400000,0.22822085,129.42,-1
1726660800000,0.21981229,127.67,0
1726675200000,0.21053614,129.49,-1
1726689600000,0.21752855,134.34,0
1726704000000,0.19948037,138.01,0
1726718400000,0.21303673,138.56,0
1726732800000,0.19588771,139.48,0
1726747200000,0.18737793,142.96,0
1726761600000,0.20232308,143.04,0
1726776000000,0.2304988,142.89,0
1726790400000,0.19855636,144.66,0
1726804800000,0.19197443,151.04,0
1726819200000,0.2009669,150.58,0
1726833600000,0.19490501,147.88,0
1726848000000,0.21196085,146.67,0
1726862400000,0.26633,146.66,0
1726876800000,0.28994995,145.97,0
1726891200000,0.23754908,147.45,0
1726905600000,0.26571566,147.21,0
1726920000000,0.2647825,147.64,0
1726934400000,0.25979018,147.38,0
1726948800000,0.22880295,149.41,0
1726963200000,0.29090986,148.09,0
1726977600000,0.276577,147.17,0
1726992000000,0.31607276,144.87,0
1727006400000,0.23090896,143.13,0
1727020800000,0.20634115,144.68,0
1727035200000,0.20074381,144.63,0
1727049600000,0.1908382,147.73,0
1727064000000,0.22203562,145.52,0
1727078400000,0.2255542,143.57,-1
1727092800000,0.20465478,144.21,-1
1727107200000,0.21714482,143.31,0
1727121600000,0.27493614,144.79,0
1727136000000,0.2055553,146.63,0
1727150400000,0.26619303,147.19,0
1727164800000,0.2281186,146.46,0
1727179200000,0.21342991,145.52,0
1727193600000,0.2109394,148.24,0
1727208000000,0.20771626,152.73,0
1727222400000,0.22155672,152.0,0
1727236800000,0.25016847,149.77,0
1727251200000,0.24651454,150.98,0
1727265600000,0.23100883,150.42,0
1727280000000,0.2269099,149.99,0
1727294400000,0.27265218,147.98,0
1727308800000,0.2140162,149.22,0
1727323200000,0.25171822,151.81,0
1727337600000,0.198105,152.91,0
1727352000000,0.18565041,157.11,0
1727366400000,0.20052291,155.51,0
1727380800000,0.23803748,155.55,0
1727395200000,0.28946188,155.72,0
1727409600000,0.19880883,157.47,0
1727424000000,0.2061586,156.08,0
1727438400000,0.18385221,159.03,0
1727452800000,0.20057629,157.59,0
1727467200000,0.26794395,157.64,0
1727481600000,0.24757014,158.65,0
1727496000000,0.3200236,156.39,0
1727510400000,0.24394171,157.17,0
1727524800000,0.2731133,156.87,0
1727539200000,0.28335944,156.88,0
1727553600000,0.26452422,156.75,0
1727568000000,0.26870516,157.83,0
1727582400000,0.2840795,155.48,0
1727596800000,0.25945756,156.75,0
1727611200000,0.27148977,157.28,0
1727625600000,0.22177671,159.42,0
1727640000000,0.2957765,158.46,0
1727654400000,0.21519817,156.19,0
1727668800000,0.24778455,156.86,0
1727683200000,0.21370618,155.6,0
1727697600000,0.22702335,154.16,0
1727712000000,0.21277851,155.06,0
1727726400000,0.22997585,152.49,0
1727740800000,0.22073787,155.09,0
1727755200000,0.22044428,156.79,0
1727769600000,0.25327933,156.46,0
1727784000000,0.23043545,149.61,-1
1727798400000,0.22503377,145.42,0
1727812800000,0.21510978,145.13,0
1727827200000,0.22681709,147.21,0
1727841600000,0.233041,147.75,0
1727856000000,0.23302782,146.14,0
1727870400000,0.2033449,147.46,-1
1727884800000,0.22997777,139.98,0
1727899200000,0.21278699,140.18,0
1727913600000,0.23068368,142.88,0
1727928000000,0.22844668,139.9,0
1727942400000,0.22040889,136.85,0
1727956800000,0.21073973,135.58,0
1727971200000,0.23721662,137.31,0
1727985600000,0.30537376,136.82,0
1728000000000,0.24432383,137.33,0
1728014400000,0.2673631,139.56,0
1728028800000,0.2863161,140.1,0
1728043200000,0.21061544,142.43,-1
1728057600000,0.22616924,143.89,0
1728072000000,0.3227687,143.24,0
1728086400000,0.33456513,141.83,0
1728100800000,0.3065831,143.8,0
1728115200000,0.31068537,143.45,0
1728129600000,0.27939147,142.9,0
1728144000000,0.31270364,142.16,0
1728158400000,0.2824197,142.59,0
1728172800000,0.27264237,142.69,0
1728187200000,0.27057192,142.97,0
1728201600000,0.29870677,144.02,0
1728216000000,0.22367647,146.0,0
1728230400000,0.2769182,145.42,0
1728244800000,0.26196977,146.48,0
1728259200000,0.20196962,149.94,0
1728273600000,0.29342705,148.02,0
1728288000000,0.19747443,147.43,0
1728302400000,0.18658312,148.71,0
1728316800000,0.20440888,147.09,0
1728331200000,0.22578774,143.96,0
1728345600000,0.22766878,144.71,0
1728360000000,0.2498843,143.08,0
1728374400000,0.24624349,144.49,0
1728388800000,0.20977424,142.8,-1
1728403200000,0.22004585,143.74,0
1728417600000,0.29678518,143.49,0
1728432000000,0.24718489,143.94,0
1728446400000,0.29217705,143.17,0
1728460800000,0.29445818,143.2,0
1728475200000,0.21360019,142.83,-1
1728489600000,0.22834098,141.12,0
1728504000000,0.21918133,139.33,0
1728518400000,0.24691565,139.89,0
1728532800000,0.2791539,139.69,0
1728547200000,0.24259725,140.44,0
1728561600000,0.21493353,138.67,-1
1728576000000,0.2152192,138.11,0
1728590400000,0.2692882,139.03,0
1728604800000,0.25224456,140.83,0
1728619200000,0.2913322,141.17,0
1728633600000,0.26776358,141.97,0
1728648000000,0.2133895,144.41,0
1728662400000,0.21405587,145.45,0
1728676800000,0.27124614,145.53,0
1728691200000,0.26610398,145.14,0
1728705600000,0.2781672,145.58,0
1728720000000,0.27271882,146.26,0
1728734400000,0.24675862,146.09,0
1728748800000,0.29517642,146.79,0
1728763200000,0.29461646,146.4,0
1728777600000,0.31846926,145.3,0
1728792000000,0.28039524,146.42,0
1728806400000,0.2857889,146.47,0
1728820800000,0.29212305,145.34,0
1728835200000,0.24160175,146.03,0
1728849600000,0.24741852,147.74,0
1728864000000,0.20833452,152.51,0
1728878400000,0.20027694,153.04,0
1728892800000,0.20672567,153.16,0
1728907200000,0.19956213,156.71,0
1728921600000,0.19876987,155.66,0
1728936000000,0.19835474,157.59,0
1728950400000,0.21145913,155.46,0
1728964800000,0.21222575,155.13,0
1728979200000,0.20934582,152.41,0
1728993600000,0.19437015,153.29,0
1729008000000,0.19653735,155.16,0
1729022400000,0.21058185,154.76,0
1729036800000,0.21215066,154.23,0
1729051200000,0.22502284,153.67,0
1729065600000,0.18735144,155.88,0
1729080000000,0.20004357,155.71,0
1729094400000,0.23067118,154.35,0
1729108800000,0.27247947,154.28,0
1729123200000,0.23231494,154.62,0
1729137600000,0.21413735,152.61,0
1729152000000,0.21302138,151.31,0
1729166400000,0.18874143,152.89,0
1729180800000,0.2060904,149.38,-1
1729195200000,0.22771013,150.5,0
1729209600000,0.20413558,151.88,0
1729224000000,0.20235163,153.89,0
1729238400000,0.2053918,153.0,0
1729252800000,0.18550037,154.72,0
1729267200000,0.1912373,154.84,0
1729281600000,0.27762896,154.94,0
1729296000000,0.27304053,154.56,0
1729310400000,0.23745824,154.56,0
1729324800000,0.27301317,153.83,0
1729339200000,0.25457618,156.51,0
1729353600000,0.28948236,156.37,0
1729368000000,0.28316453,159.79,0
1729382400000,0.308006,159.03,0
1729396800000,0.27807203,158.78,0
1729411200000,0.282721,159.2,0
1729425600000,0.22543839,160.01,0
1729440000000,0.26648262,160.38,0
1729454400000,0.21280614,167.4,0
1729468800000,0.2130845,169.51,0
1729483200000,0.24889798,168.64,0
1729497600000,0.21345277,166.42,0
1729512000000,0.21608122,165.27,0
1729526400000,0.2136066,167.81,0
1729540800000,0.33265394,166.17,0
1729555200000,0.22549501,166.45,0
1729569600000,0.2582888,167.11,0
1729584000000,0.21269442,167.88,0
1729598400000,0.20972222,167.78,0
1729612800000,0.2196486,168.48,0
1729627200000,0.26555866,167.59,0
1729641600000,0.26711753,165.51,0
1729656000000,0.2796564,165.74,0
1729670400000,0.22081646,166.41,0
1729684800000,0.21001938,168.13,0
1729699200000,0.21649817,173.02,0
1729713600000,0.25080168,170.85,0
1729728000000,0.22813155,174.14,0
1729742400000,0.24146959,173.56,0
1729756800000,0.22841309,173.85,0
1729771200000,0.21604276,175.43,0
1729785600000,0.22779277,177.4,0
1729800000000,0.21738414,177.19,0
1729814400000,0.30861712,174.68,0
1729828800000,0.21734732,171.9,0
1729843200000,0.23237184,173.65,0
1729857600000,0.21693242,172.45,0
1729872000000,0.21474575,167.95,-1
1729886400000,0.21490034,164.9,-1
1729900800000,0.21942613,165.64,0
1729915200000,0.28164464,167.35,0
1729929600000,0.27760252,168.65,0
1729944000000,0.24158248,168.63,0
1729958400000,0.2662982,171.52,0
1729972800000,0.29422137,170.88,0
1729987200000,0.28766418,172.14,0
1730001600000,0.28604898,173.27,0
1730016000000,0.2755019,174.02,0
1730030400000,0.23760265,175.77,0
1730044800000,0.26666713,177.21,0
1730059200000,0.2601607,176.63,0
1730073600000,0.31533265,175.74,0
1730088000000,0.2212634,175.69,0
1730102400000,0.23783436,176.95,0
1730116800000,0.21859127,173.39,0
1730131200000,0.21153916,176.42,0
1730145600000,0.19658294,178.29,0
1730160000000,0.18615918,181.81,0
1730174400000,0.204163,180.16,0
1730188800000,0.19588219,180.8,0
1730203200000,0.19760074,180.61,0
1730217600000,0.20103532,178.17,0
1730232000000,0.19875239,179.42,0
1730246400000,0.20738858,180.09,0
1730260800000,0.21274963,178.69,0
1730275200000,0.21044098,175.71,0
1730289600000,0.1994422,173.93,-1
1730304000000,0.21518804,174.29,0
1730318400000,0.20145395,174.87,0
1730332800000,0.21556579,174.35,0
1730347200000,0.2310309,174.5,0
1730361600000,0.20989789,175.0,0
1730376000000,0.20537144,170.65,-1
1730390400000,0.188143,168.7,0
1730404800000,0.20219062,168.69,0
1730419200000,0.21011645,167.15,0
1730433600000,0.21884367,165.96,0
1730448000000,0.21032311,167.88,0
1730462400000,0.21160428,164.09,0
1730476800000,0.20992526,166.6,0
1730491200000,0.23811671,166.1,0
1730505600000,0.28588092,167.0,0
1730520000000,0.27177262,167.64,0
1730534400000,0.29903835,166.04,0
1730548800000,0.21965642,163.82,0
1730563200000,0.29382673,165.15,0
1730577600000,0.28254893,166.17,0
1730592000000,0.216333,161.94,0
1730606400000,0.28839788,163.53,0
1730620800000,0.23230432,163.62,0
1730635200000,0.20469975,159.99,0
1730649600000,0.22404858,161.06,0
1730664000000,0.22056352,162.53,0
1730678400000,0.23202936,162.82,0
1730692800000,0.2953427,161.41,0
1730707200000,0.2753064,164.08,0
1730721600000,0.21289527,163.03,-1
1730736000000,0.21385399,159.59,-1
1730750400000,0.21416073,157.95,0
1730764800000,0.2258654,159.66,-1
1730779200000,0.2313974,162.04,0
1730793600000,0.22498785,162.39,0
1730808000000,0.20310278,165.94,0
1730822400000,0.2147434,164.09,0
1730836800000,0.2265967,166.62,0
1730851200000,0.20412865,184.94,0
1730865600000,0.19500704,183.83,0
1730880000000,0.18958147,186.72,0
1730894400000,0.20616277,185.51,0
1730908800000,0.19844024,188.36,0
1730923200000,0.19456947,186.59,0
1730937600000,0.19356209,189.08,0
1730952000000,0.19342975,188.01,0
1730966400000,0.20515117,186.04,0
1730980800000,0.19306706,192.66,0
1730995200000,0.19363147,197.0,0
1731009600000,0.18291967,196.35,0
1731024000000,0.19520521,198.15,0
1731038400000,0.19994456,200.38,0
1731052800000,0.19779956,203.06,0
1731067200000,0.19610578,200.99,0
1731081600000,0.18847066,199.55,0
1731096000000,0.19344154,199.85,0
1731110400000,0.24629983,198.97,0
1731124800000,0.21806885,200.26,0
1731139200000,0.23147273,202.18,0
1731153600000,0.23396829,198.4,0
1731168000000,0.19833511,197.75,0
1731182400000,0.19873452,199.89,0
1731196800000,0.18662195,201.42,0
1731211200000,0.18312486,205.06,0
1731225600000,0.17953031,206.59,0
1731240000000,0.18367848,212.23,0
1731254400000,0.19633101,208.47,0
1731268800000,0.18552464,210.07,0
1731283200000,0.18712367,210.0,0
1731297600000,0.1877373,208.01,0
1731312000000,0.18521002,217.62,0
1731326400000,0.18898775,219.0,0
1731340800000,0.19765212,217.82,0
1731355200000,0.19089559,222.13,0
1731369600000,0.1976533,220.64,0
1731384000000,0.19313055,221.84,0
1731398400000,0.18221694,211.13,0
1731412800000,0.19489364,210.53,0
1731427200000,0.18064421,213.17,0
1731441600000,0.19187357,211.64,0
1731456000000,0.18934909,203.18,0
1731470400000,0.19504443,205.22,0
1731484800000,0.19042052,207.71,0
1731499200000,0.18782577,216.4,0
1731513600000,0.20474096,210.87,0
1731528000000,0.19401167,215.13,0
1731542400000,0.19458166,219.44,0
1731556800000,0.19718008,218.12,0
1731571200000,0.1996823,216.04,0
1731585600000,0.20506088,210.84,0
1731600000000,0.18666826,215.62,0
1731614400000,0.1939534,209.57,0
1731628800000,0.19131826,209.02,0
1731643200000,0.19540673,209.18,0
1731657600000,0.19520965,213.58,0
1731672000000,0.19498402,208.32,0
1731686400000,0.18804343,212.38,0
1731700800000,0.20248273,218.45,0
1731715200000,0.2024201,221.35,0
1731729600000,0.22372305,218.91,0
1731744000000,0.19525069,218.9,0
1731758400000,0.18166073,215.03,0
1731772800000,0.20402223,216.27,0
1731787200000,0.24016467,215.71,0
1731801600000,0.19913341,221.37,0
1731816000000,0.192074,237.23,0
1731830400000,0.20237406,234.81,0
1731844800000,0.21421967,233.96,0
1731859200000,0.21583287,235.4,0
1731873600000,0.21926038,237.47,0
1731888000000,0.21408084,244.18,0
1731902400000,0.21093717,242.05,0
1731916800000,0.2265654,242.5,0
1731931200000,0.20332891,243.33,0
1731945600000,0.22407833,236.28,0
1731960000000,0.20002751,239.79,0
1731974400000,0.20486973,240.61,0
1731988800000,0.19319333,243.32,0
1732003200000,0.21228309,246.07,0
1732017600000,0.19138235,240.58,0
1732032000000,0.18950318,243.54,0
1732046400000,0.21505012,237.63,0
1732060800000,0.21538752,233.81,0
1732075200000,0.21165672,235.94,0
1732089600000,0.20502973,237.55,0
1732104000000,0.18896739,238.37,0
1732118400000,0.19256073,233.0,0
1732132800000,0.19049521,235.48,0
1732147200000,0.19081241,235.82,0
1732161600000,0.18174618,241.47,0
1732176000000,0.1950249,239.97,0
1732190400000,0.19067846,248.86,0
1732204800000,0.19643342,253.93,0
1732219200000,0.1858744,256.37,0
1732233600000,0.18862745,262.48,0
1732248000000,0.19038503,259.22,0
1732262400000,0.19112551,259.26,0
1732276800000,0.20758142,256.38,0
1732291200000,0.20404565,254.04,0
1732305600000,0.19621164,256.9,0
1732320000000,0.20475009,257.2,0
1732334400000,0.20680828,258.26,0
1732348800000,0.20638305,256.14,0
1732363200000,0.1995816,259.71,0
1732377600000,0.18749712,254.39,0
1732392000000,0.22447203,254.89,0
1732406400000,0.1877397,258.57,0
1732420800000,0.19902202,256.63,0
1732435200000,0.19913849,248.39,0
1732449600000,0.20568025,244.17,0
1732464000000,0.19786839,248.58,0
1732478400000,0.19053693,252.73,0
1732492800000,0.21067671,252.46,0
1732507200000,0.2029297,253.28,0
1732521600000,0.21008702,252.17,0
1732536000000,0.20620318,244.97,-1
1732550400000,0.22664876,239.65,0
1732564800000,0.21623154,234.18,0
1732579200000,0.20464996,237.45,0
1732593600000,0.21436127,235.73,0
1732608000000,0.21368791,227.73,0
1732622400000,0.2081899,227.36,0
1732636800000,0.22042152,229.03,0
1732651200000,0.2047745,230.69,0
1732665600000,0.21201438,231.51,0
1732680000000,0.21532574,234.34,0
1732694400000,0.21070075,235.0,0
1732708800000,0.20953763,240.59,0
1732723200000,0.20744957,239.07,0
1732737600000,0.1993249,241.96,0
1732752000000,0.20366922,240.01,0
1732766400000,0.21001992,238.02,0
1732780800000,0.21191907,236.9,0
1732795200000,0.21437281,233.06,0
1732809600000,0.20660861,235.47,0
1732824000000,0.21019663,237.59,0
1732838400000,0.21096337,241.98,0
1732852800000,0.21605675,237.65,0
1732867200000,0.20913202,245.22,0
1732881600000,0.21078017,243.5,0
1732896000000,0.19678305,241.14,0
1732910400000,0.19901699,243.33,0
1732924800000,0.21206853,242.88,0
1732939200000,0.20300837,244.23,0
1732953600000,0.24023269,241.46,0
1732968000000,0.25785977,239.87,0
1732982400000,0.27440935,239.92,0
1732996800000,0.2837023,237.6,0
1733011200000,0.19209892,235.67,0
1733025600000,0.24804561,235.46,0
1733040000000,0.21375483,237.09,0
1733054400000,0.20721415,238.5,0
1733068800000,0.2265436,236.29,0
1733083200000,0.22168036,236.8,0
1733097600000,0.20507388,228.47,0
1733112000000,0.2138611,228.62,-1
1733126400000,0.21393998,224.77,0
1733140800000,0.19769107,229.21,-1
1733155200000,0.21860315,223.98,0
1733169600000,0.20965236,225.72,0
1733184000000,0.20835762,227.95,-1
1733198400000,0.2183572,226.92,-1
1733212800000,0.21724148,225.59,0
1733227200000,0.20677835,223.22,-1
1733241600000,0.19691703,228.16,0
1733256000000,0.20211902,233.92,0
1733270400000,0.20679946,237.7,0
1733284800000,0.21799456,236.58,0
1733299200000,0.21104002,235.98,0
1733313600000,0.20928754,233.72,0
1733328000000,0.20295623,232.67,0
1733342400000,0.19787903,229.15,0
1733356800000,0.1846335,232.93,0
1733371200000,0.19214974,233.89,0
1733385600000,0.20170934,241.79,0
1733400000000,0.19797295,239.06,0
1733414400000,0.20507625,233.07,0
1733428800000,0.20668975,235.84,0
1733443200000,0.2041119,241.98,0
1733457600000,0.2126528,239.3,0
1733472000000,0.19288619,234.13,0
1733486400000,0.20241703,238.02,0
1733500800000,0.18703769,239.7,0
1733515200000,0.18640237,236.87,0
1733529600000,0.22494408,234.86,0
1733544000000,0.19280621,236.21,0
1733558400000,0.20907708,238.15,0
1733572800000,0.20634972,240.84,0
1733587200000,0.21802923,241.67,0
1733601600000,0.2671264,238.14,0
1733616000000,0.25861728,240.66,0
1733630400000,0.28254122,237.6,0
1733644800000,0.23859544,235.96,0
1733659200000,0.1907784,237.35,0
1733673600000,0.2242119,236.51,0
1733688000000,0.21144852,237.02,0
1733702400000,0.21843465,231.83,0
1733716800000,0.21728157,231.59,0
1733731200000,0.20938662,225.99,0
1733745600000,0.21746676,224.29,0
1733760000000,0.20760758,221.95,0
1733774400000,0.20175639,216.63,0
1733788800000,0.21092327,215.8,0
1733803200000,0.21785194,217.34,0
1733817600000,0.21233702,216.21,0
1733832000000,0.19391936,206.55,0
1733846400000,0.1933871,212.1,0
1733860800000,0.20179082,213.6,0
1733875200000,0.20052752,219.39,0
1733889600000,0.22274874,218.44,0
1733904000000,0.22117284,224.79,0
1733918400000,0.21932273,228.38,0
1733932800000,0.21327461,229.77,0
1733947200000,0.2172563,227.29,0
1733961600000,0.21594568,230.36,0
1733976000000,0.2220556,230.01,0
1733990400000,0.25145894,229.59,0
1734004800000,0.21227466,231.3,0
1734019200000,0.22044131,227.24,0
1734033600000,0.21720277,226.96,0
1734048000000,0.22191168,227.17,0
1734062400000,0.2584098,224.81,0
1734076800000,0.24645013,225.61,0
1734091200000,0.21699035,221.13,0
1734105600000,0.1818908,223.28,0
1734120000000,0.19195616,224.79,0
1734134400000,0.20062794,226.23,0
1734148800000,0.22044425,225.97,0
1734163200000,0.26977503,224.36,0
1734177600000,0.2343934,222.56,0
1734192000000,0.2486406,218.03,0
1734206400000,0.24809521,219.93,0
1734220800000,0.23367135,219.44,0
1734235200000,0.20425531,217.27,0
1734249600000,0.25880444,218.41,0
1734264000000,0.20938581,220.88,0
1734278400000,0.24574299,221.24,0
1734292800000,0.18284608,224.27,0
1734307200000,0.20710245,221.25,-1
1734321600000,0.20032984,223.13,0
1734336000000,0.20605986,214.1,-1
1734350400000,0.18230559,216.98,-1
1734364800000,0.20879012,218.33,-1
1734379200000,0.21944992,216.19,0
1734393600000,0.2110736,215.45,-1
1734408000000,0.22494237,215.57,0
1734422400000,0.20670605,221.59,0
1734436800000,0.2071584,220.53,0
1734451200000,0.1875754,227.45,0
1734465600000,0.19551693,223.15,0
1734480000000,0.20252511,217.5,0
1734494400000,0.206058,215.91,0
1734508800000,0.20141742,217.85,0
1734523200000,0.19688737,217.73,0
1734537600000,0.21945418,211.69,0
1734552000000,0.19930609,206.53,0
1734566400000,0.20821097,208.84,-1
1734580800000,0.21941209,211.81,0
1734595200000,0.21408576,210.48,0
1734609600000,0.22907764,205.44,0
1734624000000,0.19307789,191.88,0
1734638400000,0.2004619,193.81,0
1734652800000,0.20306233,196.36,0
1734667200000,0.20487083,191.37,0
1734681600000,0.19555248,176.01,0
1734696000000,0.204652,189.89,0
1734710400000,0.21280766,191.63,0
1734724800000,0.21640943,194.48,0
1734739200000,0.21806328,194.28,0
1734753600000,0.19575496,198.81,0
1734768000000,0.22310871,192.94,0
1734782400000,0.19183098,186.65,0
1734796800000,0.22423257,181.52,0
1734811200000,0.22028938,181.45,0
1734825600000,0.27548808,182.56,0
1734840000000,0.21895154,184.32,0
1734854400000,0.24617715,186.69,0
1734868800000,0.22300923,181.87,0
1734883200000,0.21469611,178.49,0
1734897600000,0.20856948,180.52,0
1734912000000,0.20530297,186.24,0
1734926400000,0.21284862,182.25,0
1734940800000,0.21313064,183.59,0
1734955200000,0.20536718,180.87,0
1734969600000,0.20884636,187.43,0
1734984000000,0.20630127,190.11,0
1734998400000,0.21466337,189.97,0
1735012800000,0.22572364,191.51,0
1735027200000,0.24548614,192.95,0
1735041600000,0.20647173,197.79,0
1735056000000,0.20568128,195.25,0
1735070400000,0.21300739,197.09,0
1735084800000,0.22838505,199.87,0
1735099200000,0.30904958,198.13,0
1735113600000,0.22818407,195.79,0
1735128000000,0.21726124,198.27,0
1735142400000,0.24686179,199.25,0
1735156800000,0.25537324,197.44,0
1735171200000,0.2280603,196.62,0
1735185600000,0.25208467,193.43,0
1735200000000,0.21157902,189.8,0
1735214400000,0.22177416,188.7,0
1735228800000,0.23051183,189.17,0
1735243200000,0.25813797,188.46,0
1735257600000,0.22088486,189.44,0
1735272000000,0.22153832,186.67,0
1735286400000,0.21231085,191.32,0
1735300800000,0.22437537,184.13,0
1735315200000,0.21044102,186.9,0
1735329600000,0.23444983,184.22,0
1735344000000,0.28781155,185.03,0
1735358400000,0.28462973,185.13,0
1735372800000,0.29322577,187.19,0
1735387200000,0.23252773,190.18,0
1735401600000,0.26295647,193.76,0
1735416000000,0.28829,195.5,0
1735430400000,0.2944952,194.78,0
1735444800000,0.288412,196.04,0
1735459200000,0.27377865,196.09,0
1735473600000,0.23521164,195.14,0
1735488000000,0.27533495,192.71,0
1735502400000,0.21708663,189.94,0
1735516800000,0.21445443,191.38,0
1735531200000,0.23419756,192.36,0
1735545600000,0.273714,193.51,0
1735560000000,0.22640347,187.32,-1
1735574400000,0.2159228,196.21,0
1735588800000,0.2235349,191.38,0
1735603200000,0.251654,189.96,0
1735617600000,0.30423948,190.07,0
1735632000000,0.21246472,193.79,0
1735646400000,0.20205301,198.44,0
1735660800000,0.22238053,193.81,0
1735675200000,0.2858687,189.31,0
1735689600000,0.2823281,190.43,0
1735704000000,0.2544523,190.06,0
1735718400000,0.24926504,191.36,0
1735732800000,0.25896943,191.91,0
1735747200000,0.2645798,193.1,0
1735761600000,0.23724969,194.28,0
1735776000000,0.20875226,198.54,0
1735790400000,0.23872456,205.91,0
1735804800000,0.21043794,208.51,0
1735819200000,0.21102642,206.77,0
1735833600000,0.19493738,206.69,0
1735848000000,0.23005846,208.31,0
1735862400000,0.25776803,208.05,0
1735876800000,0.29664534,207.95,0
1735891200000,0.23664446,214.51,0
1735905600000,0.20497695,217.36,0
1735920000000,0.20157364,217.1,0
1735934400000,0.24473402,217.99,0
1735948800000,0.30024362,216.97,0
1735963200000,0.26236233,216.71,0
1735977600000,0.26024476,216.45,0
1735992000000,0.2981271,214.32,0
1736006400000,0.24360238,215.58,0
1736020800000,0.24792606,216.67,0
1736035200000,0.2712418,217.96,0
1736049600000,0.27769667,216.47,0
1736064000000,0.31973037,213.93,0
1736078400000,0.2581359,213.59,0
1736092800000,0.2856224,212.79,0
1736107200000,0.23825605,213.41,0
1736121600000,0.20050713,215.61,0
1736136000000,0.21470323,215.22,0
1736150400000,0.22060011,216.26,0
1736164800000,0.18592301,221.62,0
1736179200000,0.19037329,220.0,0
1736193600000,0.22167833,218.22,0
1736208000000,0.23628226,217.34,0
1736222400000,0.30332655,216.04,0
1736236800000,0.19577824,214.06,-1
1736251200000,0.21275355,207.76,-1
1736265600000,0.22106792,204.56,-1
1736280000000,0.21533477,202.17,0
1736294400000,0.21684554,198.67,0
1736308800000,0.21399957,195.71,0
1736323200000,0.21483932,195.5,0
1736337600000,0.20779376,197.8,0
1736352000000,0.2128512,194.32,0
1736366400000,0.22353677,197.48,0
1736380800000,0.20847715,194.35,0
1736395200000,0.21701226,190.11,0
1736409600000,0.21385548,191.18,0
1736424000000,0.20553453,192.22,0
1736438400000,0.21081464,185.89,0
1736452800000,0.2063751,184.95,0
1736467200000,0.23138437,189.14,0
1736481600000,0.22300343,191.78,0
1736496000000,0.22603959,191.97,0
1736510400000,0.21079113,187.28,0
1736524800000,0.19422986,190.22,0
1736539200000,0.32141596,187.68,0
1736553600000,0.32594702,186.37,0
1736568000000,0.2851452,186.24,0
1736582400000,0.24710543,186.69,0
1736596800000,0.2731449,186.95,0
1736611200000,0.26311362,187.75,0
1736625600000,0.28906733,188.09,0
1736640000000,0.27495345,187.31,0
1736654400000,0.2820909,186.57,0
1736668800000,0.2690533,186.68,0
1736683200000,0.24389061,190.45,0
1736697600000,0.3048582,188.9,0
1736712000000,0.26653665,188.51,0
1736726400000,0.22844994,185.03,-1
1736740800000,0.25017545,182.46,0
1736755200000,0.23316677,175.41,0
1736769600000,0.2000727,178.8,0
1736784000000,0.22138868,177.6,0
1736798400000,0.22069648,182.87,0
1736812800000,0.2302915,184.19,0
1736827200000,0.24659291,185.61,0
1736841600000,0.21517326,187.06,0
1736856000000,0.21384148,186.85,0
1736870400000,0.21603838,187.08,0
1736884800000,0.24044676,187.57,0
1736899200000,0.20109215,189.73,0
1736913600000,0.21535578,190.0,0
1736928000000,0.24803239,186.98,0
1736942400000,0.20049828,196.52,0
1736956800000,0.2090726,201.9,0
1736971200000,0.20037273,205.86,0
1736985600000,0.21172354,201.99,0
1737000000000,0.22716716,203.14,0
1737014400000,0.20581307,212.78,0
1737028800000,0.20288056,209.07,0
1737043200000,0.19994748,214.19,0
1737057600000,0.22070162,211.14,0
1737072000000,0.19774349,211.1,0
1737086400000,0.21009576,213.27,0
1737100800000,0.18446349,218.77,0
1737115200000,0.19167721,218.6,0
1737129600000,0.19891188,217.16,0
1737144000000,0.18938924,219.51,0
1737158400000,0.22102189,220.47,0
1737172800000,0.20530255,232.89,0
1737187200000,0.20691687,238.95,0
1737201600000,0.20233709,257.75,0
1737216000000,0.2070434,255.35,0
1737230400000,0.2294398,261.97,0
1737244800000,0.22044918,255.6,0
1737259200000,0.20530106,271.53,0
1737273600000,0.18504854,286.24,0
1737288000000,0.20656212,270.58,0
1737302400000,0.21208891,269.5,0
1737316800000,0.20235142,252.42,0
1737331200000,0.20782113,241.38,0
1737345600000,0.19432732,261.9,0
1737360000000,0.20122844,260.6,0
1737374400000,0.20464621,254.06,0
1737388800000,0.19693184,246.26,0
1737403200000,0.20370862,242.19,0
1737417600000,0.22418636,237.86,0
1737432000000,0.20752104,236.84,0
1737446400000,0.21403307,239.44,0
1737460800000,0.21806343,240.92,0
1737475200000,0.21992595,253.41,0
1737489600000,0.22291403,250.33,0
1737504000000,0.22423935,254.11,0
1737518400000,0.21383527,258.51,0
1737532800000,0.23081966,257.76,0
1737547200000,0.21353166,257.3,0
1737561600000,0.22124839,265.29,0
1737576000000,0.2273572,257.36,0
1737590400000,0.22871134,248.85,0
1737604800000,0.21607254,249.53,0
1737619200000,0.21602046,244.19,0
1737633600000,0.21608013,249.39,0
1737648000000,0.21344686,246.84,0
1737662400000,0.20783661,253.11,0
1737676800000,0.22073138,252.23,0
1737691200000,0.21685326,259.7,0
1737705600000,0.22628573,266.82,0
1737720000000,0.2248685,262.28,0
1737734400000,0.22664951,262.06,0
1737748800000,0.22000405,253.37,0
1737763200000,0.2575793,252.74,0
1737777600000,0.30289668,247.28,0
1737792000000,0.2702535,249.97,0
1737806400000,0.27085823,253.68,0
1737820800000,0.2644858,258.5,0
1737835200000,0.32483694,256.41,0
1737849600000,0.25064138,258.42,0
1737864000000,0.25339293,258.95,0
1737878400000,0.28065938,255.59,0
1737892800000,0.28174168,254.58,0
1737907200000,0.260706,256.28,0
1737921600000,0.22735953,240.5,0
1737936000000,0.22405152,235.8,-1
1737950400000,0.22380808,227.53,0
1737964800000,0.20983815,225.85,0
1737979200000,0.2126827,233.66,0
1737993600000,0.21661958,226.53,0
1738008000000,0.2222769,234.89,0
1738022400000,0.22024448,236.69,0
1738036800000,0.23523128,238.74,0
1738051200000,0.29427457,238.25,0
1738065600000,0.21138495,237.49,0
1738080000000,0.22505982,232.19,0
1738094400000,0.22347112,227.06,0
1738108800000,0.27461812,231.2,0
1738123200000,0.27309856,234.41,0
1738137600000,0.24960248,231.99,0
1738152000000,0.22005744,228.4,0
1738166400000,0.21708794,231.68,0
1738180800000,0.21425064,228.16,0
1738195200000,0.2381267,240.24,0
1738209600000,0.23894373,238.9,0
1738224000000,0.27241242,241.77,0
1738238400000,0.21869975,241.09,0
1738252800000,0.2225689,241.13,0
1738267200000,0.24409597,238.31,0
1738281600000,0.24116853,235.95,0
1738296000000,0.24469915,235.73,0
1738310400000,0.23776825,238.76,0
1738324800000,0.209591,240.09,0
1738339200000,0.22104721,230.52,0
1738353600000,0.21465291,231.77,0
1738368000000,0.29622784,231.46,0
1738382400000,0.28137493,230.68,0
1738396800000,0.28567782,228.11,0
1738411200000,0.29657733,226.38,0
1738425600000,0.31233826,221.75,0
1738440000000,0.22870862,213.03,0
1738454400000,0.22331421,207.11,0
1738468800000,0.22820473,211.78,0
1738483200000,0.22358038,208.68,0
1738497600000,0.20391394,212.07,0
1738512000000,0.20625953,203.54,0
1738526400000,0.2077538,203.51,0
1738540800000,0.20394728,197.92,0
1738555200000,0.20935331,199.09,0
1738569600000,0.20427829,198.74,0
1738584000000,0.20704162,207.02,0
1738598400000,0.2105703,215.2,0
1738612800000,0.20895512,216.28,0
1738627200000,0.21984415,215.48,0
1738641600000,0.20822363,204.23,0
1738656000000,0.2220671,207.67,0
1738670400000,0.20316839,215.65,0
1738684800000,0.21415238,208.29,0
1738699200000,0.20128402,206.64,0
1738713600000,0.215953,207.38,0
1738728000000,0.21353632,205.07,0
1738742400000,0.2187943,206.33,0
1738756800000,0.21087176,201.77,0
1738771200000,0.21499257,199.56,0
1738785600000,0.20295472,196.12,0
1738800000000,0.240346,200.71,0
1738814400000,0.26100728,202.0,0
1738828800000,0.24967545,200.26,0
1738843200000,0.21507718,191.23,0
1738857600000,0.21261753,189.9,0
1738872000000,0.2132425,189.54,0
1738886400000,0.19754532,193.31,0
1738900800000,0.24382631,192.54,0
1738915200000,0.22403888,198.47,0
1738929600000,0.20975609,198.07,0
1738944000000,0.2220624,195.44,0
1738958400000,0.22719,191.99,0
1738972800000,0.24835575,192.98,0
1738987200000,0.26930922,192.79,0
1739001600000,0.26036543,194.39,0
1739016000000,0.2510838,193.41,0
1739030400000,0.27554825,196.9,0
1739044800000,0.26188648,199.32,0
1739059200000,0.25566846,206.95,0
1739073600000,0.2745185,203.96,0
1739088000000,0.2903945,201.44,0
1739102400000,0.2134931,200.7,0
1739116800000,0.2892119,199.08,0
1739131200000,0.22245842,200.47,0
1739145600000,0.21519136,201.97,0
1739160000000,0.21755308,202.77,0
1739174400000,0.22179408,204.5,0
1739188800000,0.20853385,203.07,0
1739203200000,0.2352347,201.37,0
1739217600000,0.27957112,200.47,0
1739232000000,0.25251496,201.11,0
1739246400000,0.23011792,204.39,0
1739260800000,0.2723137,203.4,0
1739275200000,0.21035272,199.47,0
1739289600000,0.21855019,195.65,0
1739304000000,0.20918219,197.96,0
1739318400000,0.24540709,194.33,0
1739332800000,0.2588558,195.19,0
1739347200000,0.23042639,197.37,0
1739361600000,0.21010743,192.0,-1
1739376000000,0.21102832,193.7,-1
1739390400000,0.21537271,196.78,0
1739404800000,0.24441238,198.19,0
1739419200000,0.23595783,193.07,0
1739433600000,0.21170935,191.91,0
1739448000000,0.20621309,191.94,0
1739462400000,0.20673862,192.68,0
1739476800000,0.23427884,194.25,0
1739491200000,0.27718067,197.0,0
1739505600000,0.3016428,196.59,0
1739520000000,0.28462785,199.59,0
1739534400000,0.20639223,200.86,0
1739548800000,0.20766075,201.56,0
1739563200000,0.23351154,199.39,0
1739577600000,0.2938227,198.36,0
1739592000000,0.31691653,195.9,0
1739606400000,0.2672671,194.85,0
1739620800000,0.26885247,194.66,0
1739635200000,0.2500401,194.17,0
1739649600000,0.28654242,194.48,0
1739664000000,0.25461286,194.73,0
1739678400000,0.27905133,192.89,0
1739692800000,0.26483414,193.73,0
1739707200000,0.29797393,190.32,-1
1739721600000,0.27962586,189.23,0
1739736000000,0.24328764,188.27,0
1739750400000,0.28176323,186.34,0
1739764800000,0.24668479,181.35,0
1739779200000,0.23546,184.25,0
1739793600000,0.21288653,180.36,0
1739808000000,0.2189599,177.09,0
1739822400000,0.27539808,177.53,0
1739836800000,0.27369463,177.98,0
1739851200000,0.2351916,165.72,0
1739865600000,0.23420961,168.72,0
1739880000000,0.22081603,165.95,0
1739894400000,0.23069602,165.31,0
1739908800000,0.22549975,169.32,0
1739923200000,0.25915578,167.48,0
1739937600000,0.22010536,168.95,0
1739952000000,0.23592055,173.92,0
1739966400000,0.22724038,169.74,0
1739980800000,0.24774304,168.7,0
1739995200000,0.26172817,168.93,0
1740009600000,0.24055535,172.44,0
1740024000000,0.26204723,171.77,0
1740038400000,0.27233177,173.99,0
1740052800000,0.22553118,171.61,0
1740067200000,0.22509687,174.98,0
1740081600000,0.23663063,176.0,0
1740096000000,0.25033253,173.28,0
1740110400000,0.2387829,175.86,0
1740124800000,0.19833818,177.21,0
1740139200000,0.22626173,173.17,0
1740153600000,0.23223191,168.42,0
1740168000000,0.22106916,168.94,0
1740182400000,0.24724029,170.35,0
1740196800000,0.26872608,171.74,0
1740211200000,0.24389581,173.56,0
1740225600000,0.23709427,174.23,0
1740240000000,0.2398707,172.64,0
1740254400000,0.2803215,172.07,0
1740268800000,0.30342433,170.61,0
1740283200000,0.26255843,172.85,0
1740297600000,0.31656122,169.59,0
1740312000000,0.24620749,166.76,0
1740326400000,0.24830411,167.71,0
1740340800000,0.2774738,167.94,0
1740355200000,0.26377678,161.01,0
1740369600000,0.22903773,160.99,0
1740384000000,0.22536084,159.28,0
1740398400000,0.2343942,152.66,0
1740412800000,0.2143955,150.12,0
1740427200000,0.22901629,141.81,0
1740441600000,0.22420941,138.95,0
1740456000000,0.21149474,136.25,0
1740470400000,0.22071119,141.28,0
1740484800000,0.2045654,138.89,0
1740499200000,0.23974304,145.43,0
1740513600000,0.2225114,144.33,0
1740528000000,0.2223865,143.32,0
1740542400000,0.21866652,140.19,0
1740556800000,0.21784513,138.14,0
1740571200000,0.2236233,139.27,0
1740585600000,0.2085268,131.93,0
1740600000000,0.19277418,135.32,0
1740614400000,0.19108957,138.57,0
1740628800000,0.20576471,140.99,0
1740643200000,0.21869051,140.48,0
1740657600000,0.21243915,139.63,0
1740672000000,0.19980878,136.29,0
1740686400000,0.1983766,137.68,0
1740700800000,0.2011297,127.62,0
1740715200000,0.19223137,128.55,0
1740729600000,0.19839017,133.52,0
1740744000000,0.2177726,145.68,0
1740758400000,0.21881561,146.36,0
1740772800000,0.22093405,148.18,0
1740787200000,0.21313332,145.67,0
1740801600000,0.21767673,142.49,0
1740816000000,0.21141493,140.35,0
1740830400000,0.2204747,140.39,0
1740844800000,0.22081962,140.53,0
1740859200000,0.23965803,143.66,0
1740873600000,0.23522635,143.85,0
1740888000000,0.22941232,143.79,0
1740902400000,0.24586044,143.49,0
1740916800000,0.219292,157.46,0
1740931200000,0.20013563,172.18,0
1740945600000,0.19869103,178.71,0
1740960000000,0.1988576,169.88,0
1740974400000,0.21929026,162.26,0
1740988800000,0.20981026,161.09,0
1741003200000,0.20558739,157.78,0
1741017600000,0.22139478,141.87,0
1741032000000,0.22957413,142.16,0
1741046400000,0.21312355,136.38,0
1741060800000,0.20635213,136.02,0
1741075200000,0.19234532,136.98,0
1741089600000,0.22267707,138.59,0
1741104000000,0.21014526,143.16,0
1741118400000,0.21625035,144.79,0
1741132800000,0.224107,141.82,0
1741147200000,0.21940137,142.88,0
1741161600000,0.20012353,147.13,0
1741176000000,0.21656494,141.66,0
1741190400000,0.20726414,144.77,0
1741204800000,0.20953016,146.28,0
1741219200000,0.20806983,148.73,0
1741233600000,0.20035885,148.62,0
1741248000000,0.20432684,151.71,0
1741262400000,0.21391982,149.03,0
1741276800000,0.23501012,143.58,0
1741291200000,0.21564882,143.31,0
1741305600000,0.21935727,140.79,0
1741320000000,0.221741,144.34,0
1741334400000,0.2235281,143.58,0
1741348800000,0.21964075,144.89,0
1741363200000,0.21217322,146.36,0
1741377600000,0.23821025,139.39,0
1741392000000,0.22241172,139.68,0
1741406400000,0.2780707,138.78,0
1741420800000,0.2932327,137.58,0
1741435200000,0.22841795,137.21,0
1741449600000,0.24745968,138.45,0
1741464000000,0.3061606,137.01,0
1741478400000,0.28189647,137.92,0
1741492800000,0.28174174,139.63,0
1741507200000,0.23734875,136.32,0
1741521600000,0.23524834,130.16,0
1741536000000,0.22705768,129.19,0
1741550400000,0.208826,126.51,0
1741564800000,0.21090724,126.59,0
1741579200000,0.23151347,128.11,0
1741593600000,0.23675635,129.94,0
1741608000000,0.21786278,121.96,0
1741622400000,0.21428019,119.71,0
1741636800000,0.2023115,118.32,0
1741651200000,0.21955493,119.96,0
1741665600000,0.2228006,123.07,0
1741680000000,0.20904426,124.71,0
1741694400000,0.2280229,125.02,0
1741708800000,0.23127474,128.15,0
1741723200000,0.23065315,125.35,0
1741737600000,0.22806974,122.53,0
1741752000000,0.22540864,123.19,0
1741766400000,0.23381309,126.76,0
1741780800000,0.21041799,124.57,0
1741795200000,0.2205813,125.05,0
1741809600000,0.24841376,126.62,0
1741824000000,0.2199484,124.97,0
1741838400000,0.21420798,124.24,0
1741852800000,0.22138853,126.88,0
1741867200000,0.22149456,124.34,0
1741881600000,0.21392699,121.46,0
1741896000000,0.24603033,123.37,0
1741910400000,0.23756331,124.48,0
1741924800000,0.2593013,124.68,0
1741939200000,0.23115444,126.17,0
1741953600000,0.21803862,132.12,0
1741968000000,0.20218432,134.28,0
1741982400000,0.24288861,133.54,0
1741996800000,0.25608864,135.02,0
1742011200000,0.24434762,132.91,0
1742025600000,0.23699138,133.37,0
1742040000000,0.1978871,135.12,0
1742054400000,0.26724908,134.49,0
1742068800000,0.25839671,135.86,0
1742083200000,0.27066404,135.5,0
1742097600000,0.27863666,134.64,0
1742112000000,0.24166453,129.91,0
1742126400000,0.22640243,128.78,0
1742140800000,0.22130279,126.94,0
1742155200000,0.2381071,126.13,0
1742169600000,0.24682808,128.96,0
1742184000000,0.25408068,129.26,0
1742198400000,0.26853937,129.18,0
1742212800000,0.20297353,127.51,0
1742227200000,0.2077791,129.84,0
1742241600000,0.3056569,128.01,0
1742256000000,0.26581272,124.15,-1
1742270400000,0.21707085,125.2,0
1742284800000,0.30648032,123.54,0
1742299200000,0.22150517,122.57,-1
1742313600000,0.22519791,124.22,0
1742328000000,0.29294217,125.33,0
1742342400000,0.23783305,126.47,0
1742356800000,0.30247447,125.73,0
1742371200000,0.22836517,128.69,0
1742385600000,0.21760191,132.32,0
1742400000000,0.20891145,133.03,0
1742414400000,0.20307732,135.33,0
1742428800000,0.20282392,133.91,0
1742443200000,0.2364434,134.01,0
1742457600000,0.21519272,130.65,0
1742472000000,0.21270771,128.91,0
1742486400000,0.21587394,127.94,0
