feature,importance
Dependants,0.3981373198129132
Credit Score,0.12392050126936247
Monthly Income,0.10293158680128785
Unemployment Rate,0.07935879470676552
Government Bonds Return,0.0769042969468562
Stock Market,0.07667771942343843
Education Level,0.04463799736640168
Gender,0.03155670877750727
Desease,0.02528229904378189
Marital Status,0.021928852223509866
Employee/Employer,0.01866392362817552
